,config_hash,uid,generated_answer,extracted_keywords,hit@10_triples,hit@10_entities,map@10_triples,map@10_entities,mrr@10_triples,mrr@10_entities,precision@10_triples,recall@10_triples,f1@10_triples,f2@10_triples,precision@10_entities,recall@10_entities,f1@10_entities,f2@10_entities,precision_triples,recall_triples,f1_triples,f2_triples,precision_entities,recall_entities,f1_entities,f2_entities,exact_match@10_triples,exact_match@10_entities,exact_match_triples,exact_match_entities,bleu_score,rouge_1_f1,rouge_1_precision,rouge_1_recall,rouge_2_f1,rouge_2_precision,rouge_2_recall,rouge_L_f1,rouge_L_precision,rouge_L_recall,bertscore_precision,bertscore_recall,bertscore_f1,instruction_following,runtime,llm_cost,llm_tokens,cpu_count,cpu_energy_consumption,cpu_model,gpu_count,gpu_energy_consumption,gpu_model,os,ram_energy_consumption,total_energy_consumption,timestamp,tracking_duration,emissions,weave_url,pipe_0_name,pipe_0_additional_params_use_topic_if_given,pipe_0_additional_params_embedding_config_endpoint,pipe_0_additional_params_embedding_config_name_model,pipe_0_additional_params_top_paths_to_keep,pipe_0_additional_params_number_of_hubs,pipe_0_additional_params_extract_question_components,pipe_0_additional_params_distance_metric,pipe_0_additional_params_filter_output_context,pipe_0_additional_params_use_source_documents,pipe_0_additional_params_number_of_source_chunks,pipe_0_additional_params_hub_edges,pipe_0_additional_params_max_workers,pipe_0_additional_params_compare_hubs_with_same_hop_amount,pipe_0_additional_params_check_updates_during_retrieval,pipe_0_additional_params_max_level,pipe_0_additional_params_force_index_update,pipe_0_additional_params_max_indexing_depth,pipe_0_additional_params_max_hub_path_length,pipe_0_additional_params_return_source_data_as_context,pipe_0_additional_params_indexing_root_entity_types,pipe_0_additional_params_indexing_root_entity_ids,pipe_0_additional_params_hub_types,pipe_0_additional_params_use_bm25_hybrid_search,pipe_0_additional_params_use_splade_hybrid_search,pipe_0_additional_params_use_cross_encoder,pipe_0_type,pipe_0_retriever_type,pipe_0_index_llm_config_name,pipe_0_index_llm_config_endpoint,pipe_0_index_llm_config_name_model,pipe_0_index_llm_config_temperature,pipe_0_index_llm_config_max_tokens,pipe_0_index_llm_config_reasoning_effort,pipe_0_query_llm_config_name,pipe_0_query_llm_config_endpoint,pipe_0_query_llm_config_name_model,pipe_0_query_llm_config_temperature,pipe_0_query_llm_config_max_tokens,pipe_0_query_llm_config_reasoning_effort,pipe_0_knowledge_graph_config_name,pipe_0_knowledge_graph_config_additional_params_contribution_building_blocks_Paper Class 2,pipe_0_knowledge_graph_config_additional_params_contribution_building_blocks_Research Level 2,pipe_0_knowledge_graph_config_additional_params_contribution_building_blocks_First Research Object 2,pipe_0_knowledge_graph_config_additional_params_contribution_building_blocks_Second Research Object 2,pipe_0_knowledge_graph_config_additional_params_contribution_building_blocks_Validity 2,pipe_0_knowledge_graph_config_additional_params_contribution_building_blocks_Evidence 2,pipe_0_knowledge_graph_config_additional_params_force_cache_update,pipe_0_knowledge_graph_config_additional_params_force_publication_update,pipe_0_knowledge_graph_config_additional_params_subgraph_root_entity_id,pipe_0_knowledge_graph_config_additional_params_orkg_base_url,pipe_0_knowledge_graph_config_additional_params_limit_publications,pipe_0_knowledge_graph_config_graph_type,pipe_0_knowledge_graph_config_dataset_config_name,pipe_0_knowledge_graph_config_dataset_config_file_name,pipe_0_knowledge_graph_config_dataset_config_loader,pipe_0_knowledge_graph_config_dataset_config_loader_limit,pipe_0_knowledge_graph_config_extraction_llm,pipe_0_knowledge_graph_config_extraction_context_size,pipe_0_knowledge_graph_config_extraction_chunk_repetitions,pipe_1_name,pipe_1_type,pipe_1_llm_config_name,pipe_1_llm_config_endpoint,pipe_1_llm_config_name_model,pipe_1_llm_config_temperature,pipe_1_llm_config_max_tokens,pipe_1_llm_config_reasoning_effort,retrieved_context,question,golden_answer,source_ids,golden_doc_chunks,golden_triples,is_generated_with,topic_entity_id,topic_entity_value,hops,based_on_template
0,c75b3cf0921537bf3249b9a498522306,b64e49ec-3abc-42b5-9012-60966bcadb3d,"

The source does not specify the venue in which the paper was published [1].

[1] Source: Availability-Driven Architectural Change Propagation Through Bidirectional Model Transformations Between UML and Petri Net Models, 10.1109/ICSA.2018.00022
",['Availability-Driven Architectural Change Propagation Through Bidirectional Model Transformations Between UML and Petri Net Models'],0.0,0.0,0.0,0.0,0.0,0.0,0.0,0.0,0.0,0.0,0.0,0.0,0.0,0.0,0.0,0.0,0.0,0.0,0.0,0.0,0.0,0.0,0.0,0.0,0.0,0.0,0.02,0.19,0.29,0.14,0.05,0.08,0.04,0.14,0.21,0.11,0.528,0.508,0.518,0.0,95.86869478225708,0.0,37213,0,0.0,,0,0.0,,,0.0,0.0,,0.0,0.0,https://wandb.ai/kastel-sdq-meta-research/experiment_cross_encoder/r/call/01a05de4-d12c-76f5-9ecf-5e0b0294d480,retrieval_config,False,KitToolbox,kit.qwen3-embedding-8b,10,10,True,cosine,True,False,10,-1,8,False,False,1,False,-1,-1,False,,['R659055'],['Paper'],False,True,False,kg_retrieval,hublink,kittoolbox_kit.minimax-m2.7-229b_tmpNone_maxt-1_reasoningNone,KitToolbox,kit.minimax-m2.7-229b,,-1,,kittoolbox_kit.minimax-m2.7-229b_tmpNone_maxt-1_reasoningNone,KitToolbox,kit.minimax-m2.7-229b,,-1,,orkg_merged_ecsa_icsa.json_jsonpublicationloader_limit-1,['paper_class'],['research_level'],['first_research_object'],['second_research_object'],['validity'],['evidence'],False,False,R659055,https://sandbox.orkg.org,-1,orkg,merged_ecsa_icsa.json_jsonpublicationloader_limit-1,merged_ecsa_icsa.json,JsonPublicationLoader,-1,,4000,2,generation_kittoolbox_kit.minimax-m2.7-229b_tmpNone_maxt-1_reasoningNone,generation,kittoolbox_kit.minimax-m2.7-229b_tmpNone_maxt-1_reasoningNone,KitToolbox,kit.minimax-m2.7-229b,,-1,,,In which venue has the paper with the title 'Availability-Driven Architectural Change Propagation Through Bidirectional Model Transformations Between UML and Petri Net Models' been published?,The paper 'Availability-Driven Architectural Change Propagation Through Bidirectional Model Transformations Between UML and Petri Net Models' has been published at the International Conference on Software Architecture (ICSA).,['10.1109/ICSA.2018.00022'],,"['(R872741:Availability-Driven Architectural Change Propagation Through Bidirectional Model Transformations Between UML and Petri Net Models, venue, R820814:International Conference on Software Architecture (ICSA))']",publication_subgraph_strategy,R659055,Software Architecture and Design,2,In which venue has the paper '[Metadata: paper title]' been published?
1,c75b3cf0921537bf3249b9a498522306,84cbf530-3718-49de-83b5-d00037cd1e22,"

The paper was presented at the **International Conference on Software Architecture (ICSA)**【1】.

",['Reducing Development Overheads with a Generic and Model-Centric Architecture for Online Games'],1.0,1.0,1.0,0.5,1.0,1.0,1.0,1.0,1.0,1.0,1.0,1.0,1.0,1.0,1.0,1.0,1.0,1.0,1.0,1.0,1.0,1.0,1.0,1.0,1.0,1.0,0.27,0.46,0.69,0.35,0.38,0.58,0.28,0.46,0.69,0.35,0.754,0.703,0.727,1.0,175.52425599098206,0.0,87438,0,0.0,,0,0.0,,,0.0,0.0,,0.0,0.0,https://wandb.ai/kastel-sdq-meta-research/experiment_cross_encoder/r/call/01a05de4-d12e-7820-b1e8-a114d7509d5a,retrieval_config,False,KitToolbox,kit.qwen3-embedding-8b,10,10,True,cosine,True,False,10,-1,8,False,False,1,False,-1,-1,False,,['R659055'],['Paper'],False,True,False,kg_retrieval,hublink,kittoolbox_kit.minimax-m2.7-229b_tmpNone_maxt-1_reasoningNone,KitToolbox,kit.minimax-m2.7-229b,,-1,,kittoolbox_kit.minimax-m2.7-229b_tmpNone_maxt-1_reasoningNone,KitToolbox,kit.minimax-m2.7-229b,,-1,,orkg_merged_ecsa_icsa.json_jsonpublicationloader_limit-1,['paper_class'],['research_level'],['first_research_object'],['second_research_object'],['validity'],['evidence'],False,False,R659055,https://sandbox.orkg.org,-1,orkg,merged_ecsa_icsa.json_jsonpublicationloader_limit-1,merged_ecsa_icsa.json,JsonPublicationLoader,-1,,4000,2,generation_kittoolbox_kit.minimax-m2.7-229b_tmpNone_maxt-1_reasoningNone,generation,kittoolbox_kit.minimax-m2.7-229b_tmpNone_maxt-1_reasoningNone,KitToolbox,kit.minimax-m2.7-229b,,-1,,"['(R873993:Reducing Development Overheads with a Generic and Model-Centric Architecture for Online Games, venue, R820814:International Conference on Software Architecture (ICSA))']",In which venue has 'Reducing Development Overheads with a Generic and Model-Centric Architecture for Online Games' been published?,The paper 'Reducing Development Overheads with a Generic and Model-Centric Architecture for Online Games' has been published in the International Conference on Software Architecture (ICSA).,['10.1109/ICSA.2018.00011'],,"['(R873993:Reducing Development Overheads with a Generic and Model-Centric Architecture for Online Games, venue, R820814:International Conference on Software Architecture (ICSA))']",publication_subgraph_strategy,R873993,Reducing Development Overheads with a Generic and Model-Centric Architecture for Online Games,1,Where has the paper [Metadata: paper title] been published?
2,c75b3cf0921537bf3249b9a498522306,8d3634d4-0fb9-4095-bd2a-11128ad8c2ae,"

The replication package link for the paper ""A Quantitative Approach for the Assessment of Microservice Architecture Deployment Alternatives by Automated Performance Testing"" is available at: https://doi.org/10.5281/zenodo.1256467 [1].

[1] Source: A Quantitative Approach for the Assessment of Microservice Architecture Deployment Alternatives by Automated Performance Testing, 10.1007/978-3-030-00761-4_11
",['A Quantitative Approach for the Assessment of Microservice Architecture Deployment Alternatives by Automated Performance Testing'],1.0,1.0,1.0,0.5,1.0,1.0,1.0,1.0,1.0,1.0,1.0,1.0,1.0,1.0,1.0,1.0,1.0,1.0,1.0,1.0,1.0,1.0,1.0,1.0,1.0,1.0,0.61,0.92,0.88,0.97,0.85,0.81,0.9,0.92,0.88,0.97,0.945,0.986,0.965,1.0,208.02881693840027,0.0,1851,0,0.0,,0,0.0,,,0.0,0.0,,0.0,0.0,https://wandb.ai/kastel-sdq-meta-research/experiment_cross_encoder/r/call/01a05de4-d12f-7b26-8850-b5fb0c759dde,retrieval_config,False,KitToolbox,kit.qwen3-embedding-8b,10,10,True,cosine,True,False,10,-1,8,False,False,1,False,-1,-1,False,,['R659055'],['Paper'],False,True,False,kg_retrieval,hublink,kittoolbox_kit.minimax-m2.7-229b_tmpNone_maxt-1_reasoningNone,KitToolbox,kit.minimax-m2.7-229b,,-1,,kittoolbox_kit.minimax-m2.7-229b_tmpNone_maxt-1_reasoningNone,KitToolbox,kit.minimax-m2.7-229b,,-1,,orkg_merged_ecsa_icsa.json_jsonpublicationloader_limit-1,['paper_class'],['research_level'],['first_research_object'],['second_research_object'],['validity'],['evidence'],False,False,R659055,https://sandbox.orkg.org,-1,orkg,merged_ecsa_icsa.json_jsonpublicationloader_limit-1,merged_ecsa_icsa.json,JsonPublicationLoader,-1,,4000,2,generation_kittoolbox_kit.minimax-m2.7-229b_tmpNone_maxt-1_reasoningNone,generation,kittoolbox_kit.minimax-m2.7-229b_tmpNone_maxt-1_reasoningNone,KitToolbox,kit.minimax-m2.7-229b,,-1,,"['(R872379:Evidence 2, Replication Package Link, L1528397:https://doi.org/10.5281/zenodo.1256467)']",What is the replication package link of the paper with the title 'A Quantitative Approach for the Assessment of Microservice Architecture Deployment Alternatives by Automated Performance Testing'?,The replication package link of the paper 'A Quantitative Approach for the Assessment of Microservice Architecture Deployment Alternatives by Automated Performance Testing' is https://doi.org/10.5281/zenodo.1256467.,['10.1007/978-3-030-00761-4_11'],,"['(R872379:Evidence 2, Replication Package Link, L1528397:https://doi.org/10.5281/zenodo.1256467)']",clustering_strategy,R659055,Software Architecture and Design,3,What is the replication package link from the paper '[Metadata: paper title]'?
3,c75b3cf0921537bf3249b9a498522306,a3aff0f4-e20a-4287-ae4e-27822591bfbc,"

The replication package for **“Trace Link Recovery for Software Architecture Documentation”** is available at:

**https://doi.org/10.5281/zenodo.4730621** [1]

[1] Source: Trace Link Recovery for Software Architecture Documentation, 10.1007/978-3-030-86044-8_7
",['Trace Link Recovery for Software Architecture Documentation'],1.0,1.0,0.5,1.0,0.5,1.0,0.33,1.0,0.5,0.71,0.5,1.0,0.67,0.83,0.33,1.0,0.5,0.71,0.5,1.0,0.67,0.83,0.333,0.5,0.333,0.5,0.44,0.82,0.82,0.82,0.71,0.71,0.71,0.82,0.82,0.82,0.645,0.869,0.741,1.0,207.82549500465393,0.0,2648,0,0.0,,0,0.0,,,0.0,0.0,,0.0,0.0,https://wandb.ai/kastel-sdq-meta-research/experiment_cross_encoder/r/call/01a05de4-d131-768c-907d-9dcfcaf42aaf,retrieval_config,False,KitToolbox,kit.qwen3-embedding-8b,10,10,True,cosine,True,False,10,-1,8,False,False,1,False,-1,-1,False,,['R659055'],['Paper'],False,True,False,kg_retrieval,hublink,kittoolbox_kit.minimax-m2.7-229b_tmpNone_maxt-1_reasoningNone,KitToolbox,kit.minimax-m2.7-229b,,-1,,kittoolbox_kit.minimax-m2.7-229b_tmpNone_maxt-1_reasoningNone,KitToolbox,kit.minimax-m2.7-229b,,-1,,orkg_merged_ecsa_icsa.json_jsonpublicationloader_limit-1,['paper_class'],['research_level'],['first_research_object'],['second_research_object'],['validity'],['evidence'],False,False,R659055,https://sandbox.orkg.org,-1,orkg,merged_ecsa_icsa.json_jsonpublicationloader_limit-1,merged_ecsa_icsa.json,JsonPublicationLoader,-1,,4000,2,generation_kittoolbox_kit.minimax-m2.7-229b_tmpNone_maxt-1_reasoningNone,generation,kittoolbox_kit.minimax-m2.7-229b_tmpNone_maxt-1_reasoningNone,KitToolbox,kit.minimax-m2.7-229b,,-1,,"['(R870141:Trace Link Recovery for Software Architecture Documentation, contribution, R870178:Evidence 2)', '(R870178:Evidence 2, Replication Package Link, L1523819:https://doi.org/10.5281/zenodo.4730621)', '(R870178:Evidence 2, Provides Replication Package, L1523812:True)']",What is the replication package link of 'Trace Link Recovery for Software Architecture Documentation'?,The replication package link of the paper 'Trace Link Recovery for Software Architecture Documentation' is https://doi.org/10.5281/zenodo.4730621.,['10.1007/978-3-030-86044-8_7'],,"['(R870178:Evidence 2, Replication Package Link, L1523819:https://doi.org/10.5281/zenodo.4730621)']",publication_subgraph_strategy,R870141,Trace Link Recovery for Software Architecture Documentation,2,What is the replication package link from the paper '[Metadata: paper title]'?
4,c75b3cf0921537bf3249b9a498522306,f0a73775-fd47-493d-a885-2c6a2cb271a5,"

The authors of the paper “A Taxonomy of Blockchain‑Based Systems for Architecture Design” are **Paul Rimba, Ingo Weber, Len Bass, Cesare Pautasso, Xiwei Xu, Jan Bosch,** and **Liming Zhu** [1].

[1] Source: A Taxonomy of Blockchain-Based Systems for Architecture Design, 10.1109/ICSA.2017.33
",['A Taxonomy of Blockchain-Based Systems for Architecture Design'],0.875,0.889,0.66,0.889,0.5,1.0,0.88,0.88,0.88,0.88,0.89,0.89,0.89,0.89,0.88,0.88,0.88,0.88,0.89,0.89,0.89,0.89,0.875,0.889,0.875,0.889,0.37,0.95,0.97,0.94,0.69,0.7,0.68,0.57,0.58,0.56,0.723,0.885,0.796,1.0,205.63684701919556,0.0,13580,0,0.0,,0,0.0,,,0.0,0.0,,0.0,0.0,https://wandb.ai/kastel-sdq-meta-research/experiment_cross_encoder/r/call/01a05de4-d134-7745-909b-cab3849f28ad,retrieval_config,False,KitToolbox,kit.qwen3-embedding-8b,10,10,True,cosine,True,False,10,-1,8,False,False,1,False,-1,-1,False,,['R659055'],['Paper'],False,True,False,kg_retrieval,hublink,kittoolbox_kit.minimax-m2.7-229b_tmpNone_maxt-1_reasoningNone,KitToolbox,kit.minimax-m2.7-229b,,-1,,kittoolbox_kit.minimax-m2.7-229b_tmpNone_maxt-1_reasoningNone,KitToolbox,kit.minimax-m2.7-229b,,-1,,orkg_merged_ecsa_icsa.json_jsonpublicationloader_limit-1,['paper_class'],['research_level'],['first_research_object'],['second_research_object'],['validity'],['evidence'],False,False,R659055,https://sandbox.orkg.org,-1,orkg,merged_ecsa_icsa.json_jsonpublicationloader_limit-1,merged_ecsa_icsa.json,JsonPublicationLoader,-1,,4000,2,generation_kittoolbox_kit.minimax-m2.7-229b_tmpNone_maxt-1_reasoningNone,generation,kittoolbox_kit.minimax-m2.7-229b_tmpNone_maxt-1_reasoningNone,KitToolbox,kit.minimax-m2.7-229b,,-1,,"['(R873701:A Taxonomy of Blockchain-Based Systems for Architecture Design, authors, R873702:authors list)', '(R873702:authors list, has list element, L1531059:Paul Rimba)', '(R873702:authors list, has list element, L1531053:Ingo Weber)', '(R873702:authors list, has list element, L1531057:Len Bass)', '(R873702:authors list, has list element, L1531058:Cesare Pautasso)', '(R873702:authors list, has list element, L1531052:Xiwei Xu)', '(R873702:authors list, has list element, L1531056:Jan Bosch)', '(R873702:authors list, has list element, L1531055:Liming Zhu)']",Who are the authors of the paper with the title 'A Taxonomy of Blockchain-Based Systems for Architecture Design'?,"The authors of the paper 'A Taxonomy of Blockchain-Based Systems for Architecture Design' are Liming Zhu, Jan Bosch, Xiwei Xu, Cesare Pautasso, Len Bass, Ingo Weber, Mark Staples, and Paul Rimba.","['10.1109/ICSA.2017.33', '10.1109/ICSA.2017.33', '10.1109/ICSA.2017.33', '10.1109/ICSA.2017.33', '10.1109/ICSA.2017.33', '10.1109/ICSA.2017.33', '10.1109/ICSA.2017.33', '10.1109/ICSA.2017.33']",,"['(R873702:authors list, has list element, L1531055:Liming Zhu)', '(R873702:authors list, has list element, L1531056:Jan Bosch)', '(R873702:authors list, has list element, L1531052:Xiwei Xu)', '(R873702:authors list, has list element, L1531058:Cesare Pautasso)', '(R873702:authors list, has list element, L1531057:Len Bass)', '(R873702:authors list, has list element, L1531053:Ingo Weber)', '(R873702:authors list, has list element, L1531054:Mark Staples)', '(R873702:authors list, has list element, L1531059:Paul Rimba)']",publication_subgraph_strategy,R873701,A Taxonomy of Blockchain-Based Systems for Architecture Design,2,Who are the authors of the paper '[Metadata: paper title]'?
5,c75b3cf0921537bf3249b9a498522306,c33791e7-d9e6-41ae-88c2-65201b5f80e3,"

The authors of the paper **“Butterfly Space: An Architectural Approach for Investigating Performance Issues”** are Yang Liu, Xiao Wang, Zhifei Chen, Yutong Zhao, and Bihuan Chen【1】.

",['Butterfly Space: An Architectural Approach for Investigating Performance Issues'],0.833,0.857,0.833,0.714,1.0,1.0,1.0,0.83,0.91,0.86,1.0,0.86,0.92,0.88,1.0,0.83,0.91,0.86,1.0,0.86,0.92,0.88,1.0,1.0,1.0,1.0,0.55,0.95,0.96,0.93,0.79,0.81,0.78,0.8,0.81,0.79,0.796,0.922,0.854,1.0,108.37569904327393,0.0033715499999999996,14101,0,0.0,,0,0.0,,,0.0,0.0,,0.0,0.0,https://wandb.ai/kastel-sdq-meta-research/experiment_cross_encoder/r/call/01a05de6-7a5f-71e5-9618-92b747089552,retrieval_config,False,KitToolbox,kit.qwen3-embedding-8b,10,10,True,cosine,True,False,10,-1,8,False,False,1,False,-1,-1,False,,['R659055'],['Paper'],False,True,False,kg_retrieval,hublink,kittoolbox_kit.minimax-m2.7-229b_tmpNone_maxt-1_reasoningNone,KitToolbox,kit.minimax-m2.7-229b,,-1,,kittoolbox_kit.minimax-m2.7-229b_tmpNone_maxt-1_reasoningNone,KitToolbox,kit.minimax-m2.7-229b,,-1,,orkg_merged_ecsa_icsa.json_jsonpublicationloader_limit-1,['paper_class'],['research_level'],['first_research_object'],['second_research_object'],['validity'],['evidence'],False,False,R659055,https://sandbox.orkg.org,-1,orkg,merged_ecsa_icsa.json_jsonpublicationloader_limit-1,merged_ecsa_icsa.json,JsonPublicationLoader,-1,,4000,2,generation_kittoolbox_kit.minimax-m2.7-229b_tmpNone_maxt-1_reasoningNone,generation,kittoolbox_kit.minimax-m2.7-229b_tmpNone_maxt-1_reasoningNone,KitToolbox,kit.minimax-m2.7-229b,,-1,,"['(R873172:authors list, has list element, L1529967:Yang Liu)', '(R873172:authors list, has list element, L1529964:Xiao Wang)', '(R873172:authors list, has list element, L1529965:Zhifei Chen)', '(R873172:authors list, has list element, L1529962:Yutong Zhao)', '(R873172:authors list, has list element, L1529966:Bihuan Chen)']",Who are the authors of 'Butterfly Space: An Architectural Approach for Investigating Performance Issues'?,"The authors of the paper 'Butterfly Space: An Architectural Approach for Investigating Performance Issues' are Yutong Zhao, Lu Xiao, Zhifei Chen, Yang Liu, Xiao Wang, and Bihuan Chen.","['10.1109/ICSA47634.2020.00027', '10.1109/ICSA47634.2020.00027', '10.1109/ICSA47634.2020.00027', '10.1109/ICSA47634.2020.00027', '10.1109/ICSA47634.2020.00027', '10.1109/ICSA47634.2020.00027']",,"['(R873172:authors list, has list element, L1529962:Yutong Zhao)', '(R873172:authors list, has list element, L1529963:Lu Xiao)', '(R873172:authors list, has list element, L1529965:Zhifei Chen)', '(R873172:authors list, has list element, L1529967:Yang Liu)', '(R873172:authors list, has list element, L1529964:Xiao Wang)', '(R873172:authors list, has list element, L1529966:Bihuan Chen)']",publication_subgraph_strategy,R659055,Software Architecture and Design,3,Who are the authors of the paper '[Metadata: paper title]'?
6,c75b3cf0921537bf3249b9a498522306,d76be764-526c-4b59-a8fa-a0239ca9923f,"

The papers that are explicitly identified as **Research Level 2** works employing **secondary research** are:

| Paper (title) | Source |
|---------------|--------|
| **“Migrating Towards Microservice Architectures: An Industrial Survey”** | [1] |
| **“Anatomy, Concept, and Design Space of Blockchain Networks”** | [2] |
| **“Understanding Architecture Decisions in Context”** | [3] |
| **“A Platform Architecture for Multi‑Tenant Blockchain‑Based Systems”** | [7] |

All of the other papers discussed in the provided sources are classified at Research Level 2, but their secondary‑research attributes are marked **false** (e.g., “A Decision Model for Choosing Patterns in Blockchain‑Based Applications” [4], “Quality Evaluation of PaaS Cloud Application Design Using Generated Prototypes” [5], “Enabling Continuous Software Engineering for Embedded Systems Architectures with Virtual Prototypes” [6], “Continuous Analysis of Collaborative Design” [8], “Recovering Architectural Design Decisions” [9], and “A DSL for MAPE Patterns Representation in Self‑adapting Systems” [10]). Therefore, the four papers listed above are the only ones in the given texts that have a research‑level secondary‑research classification.

[1] Source: Migrating Towards Microservice Architectures: An Industrial Survey, 10.1109/ICSA.2018.00012
[2] Source: Anatomy, Concept, and Design Space of Blockchain Networks, 10.1109/ICSA47634.2020.00020
[3] Source: Understanding Architecture Decisions in Context, 10.1007/978-3-030-00761-4_19
[4] Source: A Decision Model for Choosing Patterns in Blockchain-Based Applications, 10.1109/ICSA51549.2021.00013
[5] Source: Quality Evaluation of PaaS Cloud Application Design Using Generated Prototypes, 10.1109/ICSA.2017.43
[6] Source: Enabling Continuous Software Engineering for Embedded Systems Architectures with Virtual Prototypes, 10.1007/978-3-030-00761-4_8
[7] Source: A Platform Architecture for Multi-Tenant Blockchain-Based Systems, 10.1109/ICSA.2019.00019
[8] Source: Continuous Analysis of Collaborative Design, 10.1109/ICSA.2017.45
[9] Source: Recovering Architectural Design Decisions, 10.1109/ICSA.2018.00019
[10] Source: A DSL for MAPE Patterns Representation in Self-adapting Systems, 10.1007/978-3-030-00761-4_1
",[],0.0,0.0,0.0,0.0,0.0,0.0,0.0,0.0,0.0,0.0,0.0,0.0,0.0,0.0,0.0,0.0,0.0,0.0,0.0,0.0,0.0,0.0,0.0,0.0,0.0,0.0,0.01,0.18,0.12,0.43,0.03,0.02,0.07,0.12,0.08,0.29,0.49,0.643,0.556,1.0,247.6772038936615,0.00180855,12209,0,0.0,,0,0.0,,,0.0,0.0,,0.0,0.0,https://wandb.ai/kastel-sdq-meta-research/experiment_cross_encoder/r/call/01a05de7-a9e8-74fc-a979-2f1f71da73cb,retrieval_config,False,KitToolbox,kit.qwen3-embedding-8b,10,10,True,cosine,True,False,10,-1,8,False,False,1,False,-1,-1,False,,['R659055'],['Paper'],False,True,False,kg_retrieval,hublink,kittoolbox_kit.minimax-m2.7-229b_tmpNone_maxt-1_reasoningNone,KitToolbox,kit.minimax-m2.7-229b,,-1,,kittoolbox_kit.minimax-m2.7-229b_tmpNone_maxt-1_reasoningNone,KitToolbox,kit.minimax-m2.7-229b,,-1,,orkg_merged_ecsa_icsa.json_jsonpublicationloader_limit-1,['paper_class'],['research_level'],['first_research_object'],['second_research_object'],['validity'],['evidence'],False,False,R659055,https://sandbox.orkg.org,-1,orkg,merged_ecsa_icsa.json_jsonpublicationloader_limit-1,merged_ecsa_icsa.json,JsonPublicationLoader,-1,,4000,2,generation_kittoolbox_kit.minimax-m2.7-229b_tmpNone_maxt-1_reasoningNone,generation,kittoolbox_kit.minimax-m2.7-229b_tmpNone_maxt-1_reasoningNone,KitToolbox,kit.minimax-m2.7-229b,,-1,,"['(R870989:Migrating Towards Microservice Architectures: An Industrial Survey, contribution, R2156153:Research Level 2)', '(R2156153:Research Level 2, secondary research, L2809506:False)', '(R869182:Anatomy, Concept, and Design Space of Blockchain Networks, contribution, R869204:Research Level 2)', '(R868608:Understanding Architecture Decisions in Context, contribution, R868630:Research Level 2)', '(R868630:Research Level 2, secondary research, L1520516:False)', '(R869312:A Decision Model for Choosing Patterns in Blockchain-Based Applications, contribution, R869333:Research Level 2)', '(R869333:Research Level 2, secondary research, L1522027:False)', '(R871104:Quality Evaluation of PaaS Cloud Application Design Using Generated Prototypes, contribution, R2156170:Research Level 2)', '(R2156170:Research Level 2, secondary research, L2809520:False)', '(R870603:Enabling Continuous Software Engineering for Embedded Systems Architectures with Virtual Prototypes, contribution, R2156165:Research Level 2)', '(R2156165:Research Level 2, secondary research, L2809521:False)', '(R871726:A Platform Architecture for Multi-Tenant Blockchain-Based Systems, contribution, R871756:Research Level 2)', '(R871756:Research Level 2, secondary research, L1527084:False)', '(R872819:Continuous Analysis of Collaborative Design, contribution, R872849:Research Level 2)', '(R872849:Research Level 2, secondary research, L1529333:False)', '(R872069:Recovering Architectural Design Decisions, contribution, R872093:Research Level 2)', '(R872093:Research Level 2, secondary research, L1527774:False)', '(R871034:A DSL for MAPE Patterns Representation in Self-adapting Systems, contribution, R2156157:Research Level 2)', '(R2156157:Research Level 2, secondary research, L2809512:False)', '(R869312:A Decision Model for Choosing Patterns in Blockchain-Based Applications, contribution, R869332:Paper Class 2)']",Which papers have the research level secondary research?,"The papers at the secondary research level are: 'Assessing Architecture Conformance to Coupling-Related Patterns and Practices in Microservices', 'Guidelines for Architecting Android Apps: A Mixed-Method Empirical Study', and 'On Interfaces to Support Agile Architecting in Automotive: An Exploratory Case Study'.","['10.1007/978-3-030-58923-3_1', '10.1109/ICSA.2019.00023', '10.1109/ICSA.2019.00025']",,"['(R869586:Research Level 2, secondary research, L1522566:True)', '(R874190:Research Level 2, secondary research, L1532085:True)', '(R868843:Research Level 2, secondary research, L1520979:True)']",clustering_strategy,R659055,Software Architecture and Design,3,Which papers have the research level [Metadata: research level]?
7,c75b3cf0921537bf3249b9a498522306,dc7ccc00-4d74-45c7-84fe-34edce2173b7,"

In 2017, Georg Buchgeher co‑authored the following paper:

- **“Decision Models for Microservices: Design Areas, Stakeholders, Use Cases, and Requirements”** (2017) – [1].

The other provided source notes a different publication by Buchgeher from 2018, but does not list any additional 2017 papers [2].

[1] Source: Decision Models for Microservices: Design Areas, Stakeholders, Use Cases, and Requirements, 10.1007/978-3-319-65831-5_11
[2] Source: A Platform for the Automated Provisioning of Architecture Information for Large-Scale Service-Oriented Software Systems, 10.1007/978-3-030-00761-4_14
","['Georg Buchgeher', '2017']",1.0,1.0,0.583,0.75,0.5,1.0,0.67,1.0,0.8,0.91,1.0,1.0,1.0,1.0,0.67,1.0,0.8,0.91,1.0,1.0,1.0,1.0,0.667,1.0,0.667,1.0,0.21,0.62,0.47,0.91,0.35,0.26,0.52,0.43,0.33,0.64,0.55,0.82,0.658,1.0,190.05498838424683,0.0,125705,0,0.0,,0,0.0,,,0.0,0.0,,0.0,0.0,https://wandb.ai/kastel-sdq-meta-research/experiment_cross_encoder/r/call/01a05de8-2b2f-7a5b-81bd-2348a62c3cd2,retrieval_config,False,KitToolbox,kit.qwen3-embedding-8b,10,10,True,cosine,True,False,10,-1,8,False,False,1,False,-1,-1,False,,['R659055'],['Paper'],False,True,False,kg_retrieval,hublink,kittoolbox_kit.minimax-m2.7-229b_tmpNone_maxt-1_reasoningNone,KitToolbox,kit.minimax-m2.7-229b,,-1,,kittoolbox_kit.minimax-m2.7-229b_tmpNone_maxt-1_reasoningNone,KitToolbox,kit.minimax-m2.7-229b,,-1,,orkg_merged_ecsa_icsa.json_jsonpublicationloader_limit-1,['paper_class'],['research_level'],['first_research_object'],['second_research_object'],['validity'],['evidence'],False,False,R659055,https://sandbox.orkg.org,-1,orkg,merged_ecsa_icsa.json_jsonpublicationloader_limit-1,merged_ecsa_icsa.json,JsonPublicationLoader,-1,,4000,2,generation_kittoolbox_kit.minimax-m2.7-229b_tmpNone_maxt-1_reasoningNone,generation,kittoolbox_kit.minimax-m2.7-229b_tmpNone_maxt-1_reasoningNone,KitToolbox,kit.minimax-m2.7-229b,,-1,,"['(R869392:Decision Models for Microservices: Design Areas, Stakeholders, Use Cases, and Requirements, authors, R869393:authors list)', '(R869393:authors list, has list element, L1522147:Georg Buchgeher)', '(R869392:Decision Models for Microservices: Design Areas, Stakeholders, Use Cases, and Requirements, publication year, L1522148:2017)']",Which papers did Georg Buchgeher publish in 2017?,"The publication authored by Georg Buchgeher in the year 2017 is 'Decision Models for Microservices: Design Areas, Stakeholders, Use Cases, and Requirements'.","['10.1007/978-3-319-65831-5_11', '10.1007/978-3-319-65831-5_11']",,"['(R869393:authors list, has list element, L1522147:Georg Buchgeher)', '(R869392:Decision Models for Microservices: Design Areas, Stakeholders, Use Cases, and Requirements, publication year, L1522148:2017)']",clustering_strategy,R659055,Software Architecture and Design,3,Which publications have been published by the author [Metadata: author name] in the year [publication year]?
8,c75b3cf0921537bf3249b9a498522306,4bbdeb87-29d5-4ea2-9703-9f91b27ee413,"

Johannes Grohmann is credited as an author on two different papers:  

- “Incremental Calibration of Architectural Performance Models with Parametric Dependencies” [1]  
- “Integrating Statistical Response Time Models in Architectural Performance Models” [2]

These are the only publications by him that appear in the provided texts, so at least two papers are confirmed. The available information does not give the total number of his overall publications, so the exact count cannot be determined from the given sources.

[1] Source: Incremental Calibration of Architectural Performance Models with Parametric Dependencies, 10.1109/ICSA47634.2020.00011
[2] Source: Integrating Statistical Response Time Models in Architectural Performance Models, 10.1109/ICSA.2019.00016
",['Johannes Grohmann'],1.0,1.0,0.5,1.0,0.5,1.0,0.5,1.0,0.67,0.83,0.67,1.0,0.8,0.91,0.5,1.0,0.67,0.83,0.67,1.0,0.8,0.91,0.5,0.667,0.5,0.667,0.01,0.1,0.05,0.67,0.05,0.03,0.4,0.1,0.05,0.67,0.391,0.749,0.514,1.0,181.31407523155212,0.0015165,11728,0,0.0,,0,0.0,,,0.0,0.0,,0.0,0.0,https://wandb.ai/kastel-sdq-meta-research/experiment_cross_encoder/r/call/01a05de8-736f-7cf9-b552-1a673e8b62d1,retrieval_config,False,KitToolbox,kit.qwen3-embedding-8b,10,10,True,cosine,True,False,10,-1,8,False,False,1,False,-1,-1,False,,['R659055'],['Paper'],False,True,False,kg_retrieval,hublink,kittoolbox_kit.minimax-m2.7-229b_tmpNone_maxt-1_reasoningNone,KitToolbox,kit.minimax-m2.7-229b,,-1,,kittoolbox_kit.minimax-m2.7-229b_tmpNone_maxt-1_reasoningNone,KitToolbox,kit.minimax-m2.7-229b,,-1,,orkg_merged_ecsa_icsa.json_jsonpublicationloader_limit-1,['paper_class'],['research_level'],['first_research_object'],['second_research_object'],['validity'],['evidence'],False,False,R659055,https://sandbox.orkg.org,-1,orkg,merged_ecsa_icsa.json_jsonpublicationloader_limit-1,merged_ecsa_icsa.json,JsonPublicationLoader,-1,,4000,2,generation_kittoolbox_kit.minimax-m2.7-229b_tmpNone_maxt-1_reasoningNone,generation,kittoolbox_kit.minimax-m2.7-229b_tmpNone_maxt-1_reasoningNone,KitToolbox,kit.minimax-m2.7-229b,,-1,,"['(R872194:Integrating Statistical Response Time Models in Architectural Performance Models, authors, R872195:authors list)', '(R872195:authors list, has list element, L1527978:Johannes Grohmann)', '(R870059:Incremental Calibration of Architectural Performance Models with Parametric Dependencies, authors, R870060:authors list)', '(R870060:authors list, has list element, L1523562:Johannes Grohmann)']",How many papers have been published by the author Johannes Grohmann?,Johannes Grohmann has published two papers.,"['10.1109/ICSA.2019.00016', '10.1109/ICSA47634.2020.00011']",,"['(R872195:authors list, has list element, L1527978:Johannes Grohmann)', '(R870060:authors list, has list element, L1523562:Johannes Grohmann)']",clustering_strategy,R659055,Software Architecture and Design,3,How many papers have been published by the author [Metadata: author name]?
9,c75b3cf0921537bf3249b9a498522306,07c6aa20-9557-4a85-99e2-1948b88b54b5,"

The sources indicate that Manar Mazkatli co‑authored at least two papers. One paper is **“Incremental Calibration of Architectural Performance Models with Parametric Dependencies”**【1】, and another is **“Enabling Consistency between Software Artefacts for Software Adaption and Evolution”**【2】. These two references provide direct evidence of two published works by Manar Mazkatli.

",['Manar Mazkatli'],1.0,1.0,0.5,1.0,0.5,1.0,0.5,1.0,0.67,0.83,0.67,1.0,0.8,0.91,0.5,1.0,0.67,0.83,0.67,1.0,0.8,0.91,0.5,0.667,0.5,0.667,0.03,0.17,0.1,0.83,0.07,0.04,0.4,0.14,0.08,0.67,0.431,0.702,0.534,1.0,182.1843683719635,0.0011822999999999998,12762,0,0.0,,0,0.0,,,0.0,0.0,,0.0,0.0,https://wandb.ai/kastel-sdq-meta-research/experiment_cross_encoder/r/call/01a05de8-9bcb-7c7c-94a5-714bd2c53d50,retrieval_config,False,KitToolbox,kit.qwen3-embedding-8b,10,10,True,cosine,True,False,10,-1,8,False,False,1,False,-1,-1,False,,['R659055'],['Paper'],False,True,False,kg_retrieval,hublink,kittoolbox_kit.minimax-m2.7-229b_tmpNone_maxt-1_reasoningNone,KitToolbox,kit.minimax-m2.7-229b,,-1,,kittoolbox_kit.minimax-m2.7-229b_tmpNone_maxt-1_reasoningNone,KitToolbox,kit.minimax-m2.7-229b,,-1,,orkg_merged_ecsa_icsa.json_jsonpublicationloader_limit-1,['paper_class'],['research_level'],['first_research_object'],['second_research_object'],['validity'],['evidence'],False,False,R659055,https://sandbox.orkg.org,-1,orkg,merged_ecsa_icsa.json_jsonpublicationloader_limit-1,merged_ecsa_icsa.json,JsonPublicationLoader,-1,,4000,2,generation_kittoolbox_kit.minimax-m2.7-229b_tmpNone_maxt-1_reasoningNone,generation,kittoolbox_kit.minimax-m2.7-229b_tmpNone_maxt-1_reasoningNone,KitToolbox,kit.minimax-m2.7-229b,,-1,,"['(R868698:Enabling Consistency between Software Artefacts for Software Adaption and Evolution, authors, R868699:authors list)', '(R868699:authors list, has list element, L1520651:Manar Mazkatli)', '(R870059:Incremental Calibration of Architectural Performance Models with Parametric Dependencies, authors, R870060:authors list)', '(R870060:authors list, has list element, L1523560:Manar Mazkatli)']",How many papers did Manar Mazkatli publish?,Manar Mazkatli has published two papers.,"['10.1109/ICSA47634.2020.00011', '10.1109/ICSA51549.2021.00009']",,"['(R870060:authors list, has list element, L1523560:Manar Mazkatli)', '(R868699:authors list, has list element, L1520651:Manar Mazkatli)']",clustering_strategy,R659055,Software Architecture and Design,3,How many publications have been published by the author [Metadata: author name]?
10,c75b3cf0921537bf3249b9a498522306,16d1d446-15d3-41b8-8f40-d5da51288aaf,"

The texts show that Ivano Malavolta is an author of at least two papers:

* “Guidelines for Architecting Android Apps: A Mixed‑Method Empirical Study” – cited in [1].  
* “Migrating Towards Microservice Architectures: An Industrial Survey” (published in 2018) – cited in [2].

No additional information about the total number of his publications is provided in the given texts, so the exact count cannot be determined from the sources examined.

[1] Source: Guidelines for Architecting Android Apps: A Mixed-Method Empirical Study, 10.1109/ICSA.2019.00023
[2] Source: Migrating Towards Microservice Architectures: An Industrial Survey, 10.1109/ICSA.2018.00012
",['Ivano Malavolta'],1.0,1.0,0.583,0.75,0.5,1.0,0.67,1.0,0.8,0.91,0.8,1.0,0.89,0.95,0.67,1.0,0.8,0.91,0.8,1.0,0.89,0.95,0.667,0.8,0.667,0.8,0.01,0.14,0.07,0.83,0.06,0.03,0.4,0.11,0.06,0.67,0.421,0.802,0.553,0.0,193.9037549495697,0.00065745,8409,0,0.0,,0,0.0,,,0.0,0.0,,0.0,0.0,https://wandb.ai/kastel-sdq-meta-research/experiment_cross_encoder/r/call/01a05de8-9dc9-70e4-8931-a3ebcbe7e224,retrieval_config,False,KitToolbox,kit.qwen3-embedding-8b,10,10,True,cosine,True,False,10,-1,8,False,False,1,False,-1,-1,False,,['R659055'],['Paper'],False,True,False,kg_retrieval,hublink,kittoolbox_kit.minimax-m2.7-229b_tmpNone_maxt-1_reasoningNone,KitToolbox,kit.minimax-m2.7-229b,,-1,,kittoolbox_kit.minimax-m2.7-229b_tmpNone_maxt-1_reasoningNone,KitToolbox,kit.minimax-m2.7-229b,,-1,,orkg_merged_ecsa_icsa.json_jsonpublicationloader_limit-1,['paper_class'],['research_level'],['first_research_object'],['second_research_object'],['validity'],['evidence'],False,False,R659055,https://sandbox.orkg.org,-1,orkg,merged_ecsa_icsa.json_jsonpublicationloader_limit-1,merged_ecsa_icsa.json,JsonPublicationLoader,-1,,4000,2,generation_kittoolbox_kit.minimax-m2.7-229b_tmpNone_maxt-1_reasoningNone,generation,kittoolbox_kit.minimax-m2.7-229b_tmpNone_maxt-1_reasoningNone,KitToolbox,kit.minimax-m2.7-229b,,-1,,"['(R874174:Guidelines for Architecting Android Apps: A Mixed-Method Empirical Study, authors, R874175:authors list)', '(R874175:authors list, has list element, L1532033:Ivano Malavolta)', '(R870990:authors list, has list element, L1525509:Ivano Malavolta)']",How many papers have been published by Ivano Malavolta?,Ivano Malavolta has published two papers.,"['10.1109/ICSA.2019.00023', '10.1109/ICSA.2018.00012']",,"['(R874175:authors list, has list element, L1532033:Ivano Malavolta)', '(R870990:authors list, has list element, L1525509:Ivano Malavolta)']",clustering_strategy,R659055,Software Architecture and Design,3,How many publications have been published by the author [Metadata: author name]?
11,c75b3cf0921537bf3249b9a498522306,981cc6ea-8a59-4bbd-97ee-aed4e114b747,"

The information from all of the cited sources indicates that none of the papers discussed are classified as a “personal‑experience paper.” Therefore, the number of papers that have the paper‑class “personal‑experience paper” is **0**. Citations: [1] [2] [3] [4] [5] [6] [7] [8] [9].

[1] Source: Determining Microservice Boundaries: A Case Study Using Static and Dynamic Software Analysis, 10.1007/978-3-030-58923-3_21
[2] Source: Semantic Differencing for Message-Driven Component & Connector Architectures, 10.1109/ICSA.2017.34
[3] Source: Microservice Architecture in Reality: An Industrial Inquiry, 10.1109/ICSA.2019.00014
[4] Source: Determination and Enforcement of Least-Privilege Architecture in Android, 10.1109/ICSA.2017.18
[5] Source: Improving the Search for Architecture Knowledge in Online Developer Communities, 10.1109/ICSA.2018.00028
[6] Source: Predicting the Performance of Privacy-Preserving Data Analytics Using Architecture Modelling and Simulation, 10.1109/ICSA.2018.00026
[7] Source: Quantum Computing Platforms: Assessing the Impact on Quality Attributes and SDLC Activities, 10.1109/ICSA51549.2021.00016
[8] Source: A Taxonomy of Blockchain-Based Systems for Architecture Design, 10.1109/ICSA.2017.33
[9] Source: Mapping Features to Source Code through Product Line Architecture: Traceability and Conformance, 10.1109/ICSA.2017.13
",[],0.0,0.0,0.0,0.0,0.0,0.0,0.0,0.0,0.0,0.0,0.0,0.0,0.0,0.0,0.0,0.0,0.0,0.0,0.0,0.0,0.0,0.0,0.0,0.0,0.0,0.0,0.02,0.31,0.19,0.75,0.25,0.15,0.64,0.31,0.19,0.75,0.368,0.588,0.453,1.0,293.7383096218109,0.0018166499999999997,18317,0,0.0,,0,0.0,,,0.0,0.0,,0.0,0.0,https://wandb.ai/kastel-sdq-meta-research/experiment_cross_encoder/r/call/01a05deb-46ac-7a92-a48a-8ac5736bb7db,retrieval_config,False,KitToolbox,kit.qwen3-embedding-8b,10,10,True,cosine,True,False,10,-1,8,False,False,1,False,-1,-1,False,,['R659055'],['Paper'],False,True,False,kg_retrieval,hublink,kittoolbox_kit.minimax-m2.7-229b_tmpNone_maxt-1_reasoningNone,KitToolbox,kit.minimax-m2.7-229b,,-1,,kittoolbox_kit.minimax-m2.7-229b_tmpNone_maxt-1_reasoningNone,KitToolbox,kit.minimax-m2.7-229b,,-1,,orkg_merged_ecsa_icsa.json_jsonpublicationloader_limit-1,['paper_class'],['research_level'],['first_research_object'],['second_research_object'],['validity'],['evidence'],False,False,R659055,https://sandbox.orkg.org,-1,orkg,merged_ecsa_icsa.json_jsonpublicationloader_limit-1,merged_ecsa_icsa.json,JsonPublicationLoader,-1,,4000,2,generation_kittoolbox_kit.minimax-m2.7-229b_tmpNone_maxt-1_reasoningNone,generation,kittoolbox_kit.minimax-m2.7-229b_tmpNone_maxt-1_reasoningNone,KitToolbox,kit.minimax-m2.7-229b,,-1,,"['(R872319:Quantum Computing Platforms: Assessing the Impact on Quality Attributes and SDLC Activities, contribution, R872334:Paper Class 2)', '(R872334:Paper Class 2, personal experience paper, L1528291:False)', '(R870188:Microservice Architecture in Reality: An Industrial Inquiry, contribution, R870207:Paper Class 2)', '(R870207:Paper Class 2, personal experience paper, L1523895:False)', '(R871284:Paper Class 2, personal experience paper, L1526126:False)', '(R873379:Predicting the Performance of Privacy-Preserving Data Analytics Using Architecture Modelling and Simulation, contribution, R873398:Paper Class 2)', '(R870188:Microservice Architecture in Reality: An Industrial Inquiry, contribution, R2156156:Paper Class 2)', '(R873398:Paper Class 2, personal experience paper, L1530433:False)', '(R874417:Paper Class 2, personal experience paper, L1532565:False)', '(R873143:Paper Class 2, personal experience paper, L1529915:False)', '(R873715:Paper Class 2, personal experience paper, L1531082:False)', '(R870456:Paper Class 2, personal experience paper, L1524393:False)', '(R2156156:Paper Class 2, personal experience paper, L2809515:False)']",How many papers have the paper class personal experience paper?,There are two publications that have the paper class personal experience paper.,"['10.1109/ICSA.2018.00016', '10.1109/ICSA.2017.42']",,"['(R872668:Paper Class 2, personal experience paper, L1528957:True)', '(R872566:Paper Class 2, personal experience paper, L1528770:True)']",clustering_strategy,R659055,Software Architecture and Design,3,How many publications have the paper class with the name [Metadata: paper class name]?
12,c75b3cf0921537bf3249b9a498522306,992b0b42-af08-47fc-98d7-0e77a41e5b21,"

The source texts do not identify any paper whose class is labelled **“personal‑experience paper.”** All of the publications mentioned in the eight partial answers are classified as **Paper Class 2** (evaluation research) and none are described as personal‑experience papers. Consequently, there are no papers that satisfy the requested criterion, and a ranking limited to “personal‑experience papers” cannot be produced.

For completeness, the papers that are mentioned in the provided sources are listed below (each citation refers to its source ID):

| # | Title (as given) | Publication Year | Paper Class |
|---|-------------------|------------------|-------------|
| 1 | Tool Support for the Migration to Microservice Architecture: An Industrial Case Study | 2019 | Paper Class 2【1】 |
| 2 | Automated Microservice Identification in Legacy Systems with Functional and Non‑Functional Metrics | 2020 | Paper Class 2【2】 |
| 3 | A Four‑Layer Architecture Pattern for Constructing and Managing Digital Twins | 2019 | Paper Class 2【3】 |
| 4 | Using Informal Knowledge for Improving Software Quality Trade‑Off Decisions | 2018 | Paper Class 2【4】 |
| 5 | Unlimited Rulebook: a Reference Architecture for Economy Mechanics in Digital Games | – (year not supplied) | Paper Class 2【5】 |
| 6 | Abstraction Layered Architecture: Writing Maintainable Embedded Code | 2018 | Paper Class 2【6】 |
| 7 | Semantic Differencing for Message‑Driven Component & Connector Architectures | 2017 | Paper Class 2【7】 |
| 8 | Architectural Assumptions and Their Management in Industry – An Exploratory Study | 2017 | Paper Class 2【8】 |

*If one were to order the papers that have a known publication year by descending year, the sequence would be:*  
2020 → 2019 → 2019 → 2018 → 2018 → 2017 → 2017.  

However, because none of these papers belong to the “personal‑experience paper” class, the answer to the specific question is **“No papers have the personal‑experience paper class”** in the given context.

",[],0.0,0.0,0.0,0.0,0.0,0.0,0.0,0.0,0.0,0.0,0.0,0.0,0.0,0.0,0.0,0.0,0.0,0.0,0.0,0.0,0.0,0.0,0.0,0.0,0.0,0.0,0.01,0.18,0.1,0.67,0.05,0.03,0.19,0.14,0.08,0.53,0.451,0.662,0.536,1.0,312.4414441585541,0.0011080500000000002,13548,0,0.0,,0,0.0,,,0.0,0.0,,0.0,0.0,https://wandb.ai/kastel-sdq-meta-research/experiment_cross_encoder/r/call/01a05deb-7e9a-7282-a571-0f9bb47f7199,retrieval_config,False,KitToolbox,kit.qwen3-embedding-8b,10,10,True,cosine,True,False,10,-1,8,False,False,1,False,-1,-1,False,,['R659055'],['Paper'],False,True,False,kg_retrieval,hublink,kittoolbox_kit.minimax-m2.7-229b_tmpNone_maxt-1_reasoningNone,KitToolbox,kit.minimax-m2.7-229b,,-1,,kittoolbox_kit.minimax-m2.7-229b_tmpNone_maxt-1_reasoningNone,KitToolbox,kit.minimax-m2.7-229b,,-1,,orkg_merged_ecsa_icsa.json_jsonpublicationloader_limit-1,['paper_class'],['research_level'],['first_research_object'],['second_research_object'],['validity'],['evidence'],False,False,R659055,https://sandbox.orkg.org,-1,orkg,merged_ecsa_icsa.json_jsonpublicationloader_limit-1,merged_ecsa_icsa.json,JsonPublicationLoader,-1,,4000,2,generation_kittoolbox_kit.minimax-m2.7-229b_tmpNone_maxt-1_reasoningNone,generation,kittoolbox_kit.minimax-m2.7-229b_tmpNone_maxt-1_reasoningNone,KitToolbox,kit.minimax-m2.7-229b,,-1,,"['(R868446:Automated Microservice Identification in Legacy Systems with Functional and Non-Functional Metrics, contribution, R868465:Paper Class 2)', '(R873116:Semantic Differencing for Message-Driven Component & Connector Architectures, contribution, R873143:Paper Class 2)', '(R868446:Automated Microservice Identification in Legacy Systems with Functional and Non-Functional Metrics, publication year, L1520119:2020)', '(R873116:Semantic Differencing for Message-Driven Component & Connector Architectures, publication year, L1529866:2017)']",Which papers have the paper class personal experience paper? Rank the papers in descending order of their publication year.,"The publications with the paper class personal experience, ranked in descending order by publication year, are: 1. Data-Centric Communication and Containerization for Future Automotive Software Architectures (2018); 2. Towards a Reference Architecture for Cloud-Based Plant Genotyping and Phenotyping Analysis Frameworks (2017).","['10.1109/ICSA.2017.42', '10.1109/ICSA.2017.42', '10.1109/ICSA.2018.00016', '10.1109/ICSA.2018.00016']",,"['(R872566:Paper Class 2, personal experience paper, L1528770:True)', '(R872527:Towards a Reference Architecture for Cloud-Based Plant Genotyping and Phenotyping Analysis Frameworks, publication year, L1528701:2017)', '(R872668:Paper Class 2, personal experience paper, L1528957:True)', '(R872636:Data-Centric Communication and Containerization for Future Automotive Software Architectures, publication year, L1528895:2018)']",clustering_strategy,R659055,Software Architecture and Design,3,Which publications have the paper class [Metadata: paper class name] ranked by their publication year?
13,c75b3cf0921537bf3249b9a498522306,3cbd7dfe-eb26-4f55-8954-50f3eff9c7cd,"

- “A Comparison of MQTT Brokers for Distributed IoT Edge Computing” – 2020 [1]  
- “A Four‑Layer Architecture Pattern for Constructing and Managing Digital Twins” – 2019 [2]

[1] Source: A Comparison of MQTT Brokers for Distributed IoT Edge Computing, 10.1007/978-3-030-58923-3_23
[2] Source: A Four-Layer Architecture Pattern for Constructing and Managing Digital Twins, 10.1007/978-3-030-29983-5_16
",['Sten Grüner'],1.0,1.0,0.567,0.75,0.5,1.0,0.67,1.0,0.8,0.91,1.0,1.0,1.0,1.0,0.67,1.0,0.8,0.91,1.0,1.0,1.0,1.0,0.667,1.0,0.667,1.0,0.24,0.77,1.0,0.62,0.7,0.92,0.56,0.71,0.92,0.57,0.772,0.748,0.76,1.0,295.26094341278076,0.0,9935,0,0.0,,0,0.0,,,0.0,0.0,,0.0,0.0,https://wandb.ai/kastel-sdq-meta-research/experiment_cross_encoder/r/call/01a05deb-a5c0-7ea5-8763-b2f709960cdf,retrieval_config,False,KitToolbox,kit.qwen3-embedding-8b,10,10,True,cosine,True,False,10,-1,8,False,False,1,False,-1,-1,False,,['R659055'],['Paper'],False,True,False,kg_retrieval,hublink,kittoolbox_kit.minimax-m2.7-229b_tmpNone_maxt-1_reasoningNone,KitToolbox,kit.minimax-m2.7-229b,,-1,,kittoolbox_kit.minimax-m2.7-229b_tmpNone_maxt-1_reasoningNone,KitToolbox,kit.minimax-m2.7-229b,,-1,,orkg_merged_ecsa_icsa.json_jsonpublicationloader_limit-1,['paper_class'],['research_level'],['first_research_object'],['second_research_object'],['validity'],['evidence'],False,False,R659055,https://sandbox.orkg.org,-1,orkg,merged_ecsa_icsa.json_jsonpublicationloader_limit-1,merged_ecsa_icsa.json,JsonPublicationLoader,-1,,4000,2,generation_kittoolbox_kit.minimax-m2.7-229b_tmpNone_maxt-1_reasoningNone,generation,kittoolbox_kit.minimax-m2.7-229b_tmpNone_maxt-1_reasoningNone,KitToolbox,kit.minimax-m2.7-229b,,-1,,"['(R873728:A Comparison of MQTT Brokers for Distributed IoT Edge Computing, authors, R873729:authors list)', '(R873729:authors list, has list element, L1531103:Sten Grüner)', '(R870309:A Four-Layer Architecture Pattern for Constructing and Managing Digital Twins, authors, R870310:authors list)', '(R870310:authors list, has list element, L1524116:Sten Grüner)', '(R870309:A Four-Layer Architecture Pattern for Constructing and Managing Digital Twins, publication year, L1524119:2019)', '(R873728:A Comparison of MQTT Brokers for Distributed IoT Edge Computing, publication year, L1531105:2020)']",Which papers have been published by the author Sten Grüner ranked in descending order by their publication year?,"The publications by Sten Grüner, ranked in descending order of their publication year, are: 1. A Comparison of MQTT Brokers for Distributed IoT Edge Computing (2020), 2. A Four-Layer Architecture Pattern for Constructing and Managing Digital Twins (2019).","['10.1007/978-3-030-58923-3_23', '10.1007/978-3-030-58923-3_23', '10.1007/978-3-030-29983-5_16', '10.1007/978-3-030-29983-5_16']",,"['(R873729:authors list, has list element, L1531103:Sten Grüner)', '(R873728:A Comparison of MQTT Brokers for Distributed IoT Edge Computing, publication year, L1531105:2020)', '(R870310:authors list, has list element, L1524116:Sten Grüner)', '(R870309:A Four-Layer Architecture Pattern for Constructing and Managing Digital Twins, publication year, L1524119:2019)']",clustering_strategy,R659055,Software Architecture and Design,3,Which publications have been published by the author [Metadata: author name] ranked by their publication year?
14,c75b3cf0921537bf3249b9a498522306,01fe69ac-72b2-4a52-84ea-17d03982a4d6,"

Rogardt Heldal has authored the following papers (listed from the most recent year to the earliest, as indicated by the provided sources):

| Year | Paper | Source |
|------|-------|--------|
| 2019 | *Improving the Consistency and Usefulness of Architecture Descriptions: Guidelines for Architects* | [1] |
| 2019 | *On Interfaces to Support Agile Architecting in Automotive: An Exploratory Case Study* | [3] |
| 2017 | *Architectural Assumptions and Their Management in Industry – An Exploratory Study* | [2] |

These three publications are the only works by Rogardt Heldal mentioned in the supplied texts; therefore, the descending‑order ranking by year places the two 2019 papers first, followed by the 2017 paper.

[1] Source: Improving the Consistency and Usefulness of Architecture Descriptions: Guidelines for Architects, 10.1109/ICSA.2019.00024
[2] Source: Architectural Assumptions and Their Management in Industry – An Exploratory Study, 10.1007/978-3-319-65831-5_14
[3] Source: On Interfaces to Support Agile Architecting in Automotive: An Exploratory Case Study, 10.1109/ICSA.2019.00025
",['Rogardt Heldal'],1.0,0.833,0.561,0.9,0.5,1.0,0.67,1.0,0.8,0.91,1.0,1.0,1.0,1.0,0.67,1.0,0.8,0.91,1.0,1.0,1.0,1.0,0.667,1.0,0.667,1.0,0.23,0.67,0.52,0.94,0.43,0.33,0.62,0.39,0.3,0.55,0.597,0.763,0.67,1.0,301.2680938243866,0.0023878499999999995,16561,0,0.0,,0,0.0,,,0.0,0.0,,0.0,0.0,https://wandb.ai/kastel-sdq-meta-research/experiment_cross_encoder/r/call/01a05deb-f553-7707-b877-b0e99c1a8688,retrieval_config,False,KitToolbox,kit.qwen3-embedding-8b,10,10,True,cosine,True,False,10,-1,8,False,False,1,False,-1,-1,False,,['R659055'],['Paper'],False,True,False,kg_retrieval,hublink,kittoolbox_kit.minimax-m2.7-229b_tmpNone_maxt-1_reasoningNone,KitToolbox,kit.minimax-m2.7-229b,,-1,,kittoolbox_kit.minimax-m2.7-229b_tmpNone_maxt-1_reasoningNone,KitToolbox,kit.minimax-m2.7-229b,,-1,,orkg_merged_ecsa_icsa.json_jsonpublicationloader_limit-1,['paper_class'],['research_level'],['first_research_object'],['second_research_object'],['validity'],['evidence'],False,False,R659055,https://sandbox.orkg.org,-1,orkg,merged_ecsa_icsa.json_jsonpublicationloader_limit-1,merged_ecsa_icsa.json,JsonPublicationLoader,-1,,4000,2,generation_kittoolbox_kit.minimax-m2.7-229b_tmpNone_maxt-1_reasoningNone,generation,kittoolbox_kit.minimax-m2.7-229b_tmpNone_maxt-1_reasoningNone,KitToolbox,kit.minimax-m2.7-229b,,-1,,"['(R868651:Architectural Assumptions and Their Management in Industry – An Exploratory Study, authors, R868652:authors list)', '(R868652:authors list, has list element, L1520560:Rogardt Heldal)', '(R868823:On Interfaces to Support Agile Architecting in Automotive: An Exploratory Case Study, authors, R868824:authors list)', '(R868824:authors list, has list element, L1520928:Rogardt Heldal)', '(R873599:Improving the Consistency and Usefulness of Architecture Descriptions: Guidelines for Architects, authors, R873600:authors list)', '(R873600:authors list, has list element, L1530832:Rogardt Heldal)', '(R868823:On Interfaces to Support Agile Architecting in Automotive: An Exploratory Case Study, publication year, L1520929:2019)', '(R873599:Improving the Consistency and Usefulness of Architecture Descriptions: Guidelines for Architects, publication year, L1530833:2019)', '(R868651:Architectural Assumptions and Their Management in Industry – An Exploratory Study, publication year, L1520562:2017)']",Which papers did Rogardt Heldal publish? Rank them in descending order by their year of publication.,"The papers that Rogardt Heldal published, ranked in descending order of publication year, are: 1. On Interfaces to Support Agile Architecting in Automotive: An Exploratory Case Study (2019), 2. Improving the Consistency and Usefulness of Architecture Descriptions: Guidelines for Architects (2019), 3. Architectural Assumptions and Their Management in Industry - An Exploratory Study (2017)","['10.1109/ICSA.2019.00025', '10.1109/ICSA.2019.00025', '10.1109/ICSA.2019.00024', '10.1109/ICSA.2019.00024', '10.1007/978-3-319-65831-5_14', '10.1007/978-3-319-65831-5_14']",,"['(R868824:authors list, has list element, L1520928:Rogardt Heldal)', '(R868823:On Interfaces to Support Agile Architecting in Automotive: An Exploratory Case Study, publication year, L1520929:2019)', '(R873600:authors list, has list element, L1530832:Rogardt Heldal)', '(R873599:Improving the Consistency and Usefulness of Architecture Descriptions: Guidelines for Architects, publication year, L1530833:2019)', '(R868652:authors list, has list element, L1520560:Rogardt Heldal)', '(R868651:Architectural Assumptions and Their Management in Industry – An Exploratory Study, publication year, L1520562:2017)']",clustering_strategy,R659055,Software Architecture and Design,3,Which publications have been published by the author [Metadata: author name] ranked by their publication year?
15,c75b3cf0921537bf3249b9a498522306,87b16758-5838-4e37-8b9a-67357acaff0b,"

1. **2017** – *Design Criteria to Architect Continuous Experimentation for Self‑Driving Vehicles*【1】

",['Federico Giaimo'],0.5,0.5,0.292,0.375,0.5,1.0,0.67,0.5,0.57,0.53,1.0,0.5,0.67,0.56,0.67,0.5,0.57,0.53,1.0,0.5,0.67,0.56,0.667,1.0,0.667,1.0,0.05,0.41,0.92,0.26,0.32,0.75,0.2,0.37,0.85,0.24,0.67,0.582,0.623,0.0,229.73228454589844,0.0,135188,0,0.0,,0,0.0,,,0.0,0.0,,0.0,0.0,https://wandb.ai/kastel-sdq-meta-research/experiment_cross_encoder/r/call/01a05dec-2399-7f6e-bf82-6d5893ffa0b5,retrieval_config,False,KitToolbox,kit.qwen3-embedding-8b,10,10,True,cosine,True,False,10,-1,8,False,False,1,False,-1,-1,False,,['R659055'],['Paper'],False,True,False,kg_retrieval,hublink,kittoolbox_kit.minimax-m2.7-229b_tmpNone_maxt-1_reasoningNone,KitToolbox,kit.minimax-m2.7-229b,,-1,,kittoolbox_kit.minimax-m2.7-229b_tmpNone_maxt-1_reasoningNone,KitToolbox,kit.minimax-m2.7-229b,,-1,,orkg_merged_ecsa_icsa.json_jsonpublicationloader_limit-1,['paper_class'],['research_level'],['first_research_object'],['second_research_object'],['validity'],['evidence'],False,False,R659055,https://sandbox.orkg.org,-1,orkg,merged_ecsa_icsa.json_jsonpublicationloader_limit-1,merged_ecsa_icsa.json,JsonPublicationLoader,-1,,4000,2,generation_kittoolbox_kit.minimax-m2.7-229b_tmpNone_maxt-1_reasoningNone,generation,kittoolbox_kit.minimax-m2.7-229b_tmpNone_maxt-1_reasoningNone,KitToolbox,kit.minimax-m2.7-229b,,-1,,"['(R870270:Design Criteria to Architect Continuous Experimentation for Self-Driving Vehicles, authors, R870271:authors list)', '(R870271:authors list, has list element, L1524033:Federico Giaimo)', '(R870270:Design Criteria to Architect Continuous Experimentation for Self-Driving Vehicles, publication year, L1524035:2017)']",Rank the papers that have been published by Federico Giaimo in descending order of their publishing year.,"The papers that Federico Giaimo published, ranked in descending order of their publication year, are: 1. 'Continuous Experimentation for Automotive Software on the Example of a Heavy Commercial Vehicle in Daily Operation' (2020), and 2. 'Design Criteria to Architect Continuous Experimentation for Self-Driving Vehicles' (2017).","['10.1109/ICSA.2017.36', '10.1109/ICSA.2017.36', '10.1007/978-3-030-58923-3_5', '10.1007/978-3-030-58923-3_5']",,"['(R870271:authors list, has list element, L1524033:Federico Giaimo)', '(R870270:Design Criteria to Architect Continuous Experimentation for Self-Driving Vehicles, publication year, L1524035:2017)', '(R873022:authors list, has list element, L1529682:Federico Giaimo)', '(R873021:Continuous Experimentation for Automotive Software on the Example of a Heavy Commercial Vehicle in Daily Operation, publication year, L1529684:2020)']",clustering_strategy,R659055,Software Architecture and Design,3,Which publications have been published by the author [Metadata: author name] ranked by their publication year?
16,c75b3cf0921537bf3249b9a498522306,ce7c8800-8719-4a5d-ad70-0750c6497852,"

The paper **“Continuous Architecture: Towards the Goldilocks Zone and Away from Vicious Circles”** was published in **2019** [1], while the paper **“Designing Robust Software Systems through Parametric Markov Chain Synthesis”** was published in **2017** [2]. Therefore, the “Continuous Architecture” paper appeared **two years later** than the “Designing Robust Software Systems” paper.

[1] Source: Continuous Architecture: Towards the Goldilocks Zone and Away from Vicious Circles, 10.1109/ICSA.2019.00022
[2] Source: Designing Robust Software Systems through Parametric Markov Chain Synthesis, 10.1109/ICSA.2017.16
","['Continuous Architecture: Towards the Goldilocks Zone and Away from Vicious Circles', 'Designing Robust Software Systems through Parametric Markov Chain Synthesis']",1.0,1.0,1.0,0.5,1.0,1.0,1.0,1.0,1.0,1.0,1.0,1.0,1.0,1.0,1.0,1.0,1.0,1.0,1.0,1.0,1.0,1.0,1.0,1.0,1.0,1.0,0.21,0.63,0.61,0.66,0.46,0.44,0.48,0.53,0.51,0.55,0.686,0.801,0.739,1.0,216.00098848342896,0.00208845,17595,0,0.0,,0,0.0,,,0.0,0.0,,0.0,0.0,https://wandb.ai/kastel-sdq-meta-research/experiment_cross_encoder/r/call/01a05def-de4a-77ed-a087-39584c17d051,retrieval_config,False,KitToolbox,kit.qwen3-embedding-8b,10,10,True,cosine,True,False,10,-1,8,False,False,1,False,-1,-1,False,,['R659055'],['Paper'],False,True,False,kg_retrieval,hublink,kittoolbox_kit.minimax-m2.7-229b_tmpNone_maxt-1_reasoningNone,KitToolbox,kit.minimax-m2.7-229b,,-1,,kittoolbox_kit.minimax-m2.7-229b_tmpNone_maxt-1_reasoningNone,KitToolbox,kit.minimax-m2.7-229b,,-1,,orkg_merged_ecsa_icsa.json_jsonpublicationloader_limit-1,['paper_class'],['research_level'],['first_research_object'],['second_research_object'],['validity'],['evidence'],False,False,R659055,https://sandbox.orkg.org,-1,orkg,merged_ecsa_icsa.json_jsonpublicationloader_limit-1,merged_ecsa_icsa.json,JsonPublicationLoader,-1,,4000,2,generation_kittoolbox_kit.minimax-m2.7-229b_tmpNone_maxt-1_reasoningNone,generation,kittoolbox_kit.minimax-m2.7-229b_tmpNone_maxt-1_reasoningNone,KitToolbox,kit.minimax-m2.7-229b,,-1,,"['(R873775:Continuous Architecture: Towards the Goldilocks Zone and Away from Vicious Circles, publication year, L1531203:2019)', '(R868403:Designing Robust Software Systems through Parametric Markov Chain Synthesis, publication year, L1520024:2017)']",In which publication year was the paper with the title 'Continuous Architecture: Towards the Goldilocks Zone and Away from Vicious Circles' published in comparison to the publication year of the paper with the title 'Designing Robust Software Systems through Parametric Markov Chain Synthesis'?,"The publication year of the paper with the title 'Continuous Architecture: Towards the Goldilocks Zone and Away from Vicious Circles' is 2019, which is later than the publication year of the paper with the title 'Designing Robust Software Systems through Parametric Markov Chain Synthesis', which is 2017.","['10.1109/ICSA.2019.00022', '10.1109/ICSA.2017.16']",,"['(R873775:Continuous Architecture: Towards the Goldilocks Zone and Away from Vicious Circles, publication year, L1531203:2019)', '(R868403:Designing Robust Software Systems through Parametric Markov Chain Synthesis, publication year, L1520024:2017)']",publication_subgraph_strategy,R659055,Software Architecture and Design,2,"In which publication year has the paper with the title '[paper title 1]' been published, in comparison to the publication year of the paper with the title '[paper title 2]'?"
17,c75b3cf0921537bf3249b9a498522306,219afd37-7947-4be8-8bf7-df981548c15d,"

The paper **“Determination and Enforcement of Least‑Privilege Architecture in Android”** was published in **2017** [2], while **“Automated Microservice Identification in Legacy Systems with Functional and Non‑Functional Metrics”** was published in **2020** [1]. Hence, the Android‑focused work appeared three years earlier than the microservice‑identification study.

[1] Source: Automated Microservice Identification in Legacy Systems with Functional and Non-Functional Metrics, 10.1109/ICSA47634.2020.00021
[2] Source: Determination and Enforcement of Least-Privilege Architecture in Android, 10.1109/ICSA.2017.18
","['Determination and Enforcement of Least-Privilege Architecture in Android', 'Automated Microservice Identification in Legacy Systems with Functional and Non-Functional Metrics']",1.0,1.0,1.0,0.5,1.0,1.0,1.0,1.0,1.0,1.0,1.0,1.0,1.0,1.0,1.0,1.0,1.0,1.0,1.0,1.0,1.0,1.0,1.0,1.0,1.0,1.0,0.17,0.78,0.65,0.97,0.72,0.6,0.9,0.78,0.65,0.97,0.653,0.824,0.729,1.0,135.23898196220398,0.0,26216,0,0.0,,0,0.0,,,0.0,0.0,,0.0,0.0,https://wandb.ai/kastel-sdq-meta-research/experiment_cross_encoder/r/call/01a05def-f874-7d25-9913-0c6486e2c7d5,retrieval_config,False,KitToolbox,kit.qwen3-embedding-8b,10,10,True,cosine,True,False,10,-1,8,False,False,1,False,-1,-1,False,,['R659055'],['Paper'],False,True,False,kg_retrieval,hublink,kittoolbox_kit.minimax-m2.7-229b_tmpNone_maxt-1_reasoningNone,KitToolbox,kit.minimax-m2.7-229b,,-1,,kittoolbox_kit.minimax-m2.7-229b_tmpNone_maxt-1_reasoningNone,KitToolbox,kit.minimax-m2.7-229b,,-1,,orkg_merged_ecsa_icsa.json_jsonpublicationloader_limit-1,['paper_class'],['research_level'],['first_research_object'],['second_research_object'],['validity'],['evidence'],False,False,R659055,https://sandbox.orkg.org,-1,orkg,merged_ecsa_icsa.json_jsonpublicationloader_limit-1,merged_ecsa_icsa.json,JsonPublicationLoader,-1,,4000,2,generation_kittoolbox_kit.minimax-m2.7-229b_tmpNone_maxt-1_reasoningNone,generation,kittoolbox_kit.minimax-m2.7-229b_tmpNone_maxt-1_reasoningNone,KitToolbox,kit.minimax-m2.7-229b,,-1,,"['(R871264:Determination and Enforcement of Least-Privilege Architecture in Android, publication year, L1526084:2017)', '(R868446:Automated Microservice Identification in Legacy Systems with Functional and Non-Functional Metrics, publication year, L1520119:2020)']",In which year was 'Determination and Enforcement of Least-Privilege Architecture in Android' published in comparison to 'Automated Microservice Identification in Legacy Systems with Functional and Non-Functional Metrics'?,"The publication 'Determination and Enforcement of Least-Privilege Architecture in Android' was published in 2017, while 'Automated Microservice Identification in Legacy Systems with Functional and Non-Functional Metrics' was published in 2020.","['10.1109/ICSA.2017.18', '10.1109/ICSA47634.2020.00021']",,"['(R871264:Determination and Enforcement of Least-Privilege Architecture in Android, publication year, L1526084:2017)', '(R868446:Automated Microservice Identification in Legacy Systems with Functional and Non-Functional Metrics, publication year, L1520119:2020)']",publication_subgraph_strategy,R659055,Software Architecture and Design,2,In what publication year has the publication '[paper title 1]' been published in comparison to the publication '[paper title 2]'?
18,c75b3cf0921537bf3249b9a498522306,19c70b51-0afb-419b-aec8-08f8358f5e89,"

The paper **“Continuous Integration Impediments in Large‑Scale Industry Projects”** is classified as **Paper Class 2**【2】.  
The paper **“An Architecture Framework for Modelling and Simulation of Situational‑Aware Cyber‑Physical Systems”** is also classified as **Paper Class 2**【1】【3】.  Hence, both papers belong to the same paper class.

","['Continuous Integration Impediments in Large-Scale Industry Projects', 'An Architecture Framework for Modelling and Simulation of Situational-Aware Cyber-Physical Systems']",0.0,0.5,0.0,0.5,0.0,1.0,0.0,0.0,0.0,0.0,0.33,0.5,0.4,0.45,0.0,0.0,0.0,0.0,0.33,0.5,0.4,0.45,0.0,0.333,0.0,0.333,0.16,0.67,0.7,0.64,0.52,0.55,0.5,0.55,0.58,0.53,0.638,0.747,0.688,1.0,178.34421372413635,0.0,45436,0,0.0,,0,0.0,,,0.0,0.0,,0.0,0.0,https://wandb.ai/kastel-sdq-meta-research/experiment_cross_encoder/r/call/01a05df0-4aad-72f0-82c4-8d85f29df2d6,retrieval_config,False,KitToolbox,kit.qwen3-embedding-8b,10,10,True,cosine,True,False,10,-1,8,False,False,1,False,-1,-1,False,,['R659055'],['Paper'],False,True,False,kg_retrieval,hublink,kittoolbox_kit.minimax-m2.7-229b_tmpNone_maxt-1_reasoningNone,KitToolbox,kit.minimax-m2.7-229b,,-1,,kittoolbox_kit.minimax-m2.7-229b_tmpNone_maxt-1_reasoningNone,KitToolbox,kit.minimax-m2.7-229b,,-1,,orkg_merged_ecsa_icsa.json_jsonpublicationloader_limit-1,['paper_class'],['research_level'],['first_research_object'],['second_research_object'],['validity'],['evidence'],False,False,R659055,https://sandbox.orkg.org,-1,orkg,merged_ecsa_icsa.json_jsonpublicationloader_limit-1,merged_ecsa_icsa.json,JsonPublicationLoader,-1,,4000,2,generation_kittoolbox_kit.minimax-m2.7-229b_tmpNone_maxt-1_reasoningNone,generation,kittoolbox_kit.minimax-m2.7-229b_tmpNone_maxt-1_reasoningNone,KitToolbox,kit.minimax-m2.7-229b,,-1,,"['(R868889:An Architecture Framework for Modelling and Simulation of Situational-Aware Cyber-Physical Systems, contribution, R868908:Paper Class 2)', '(R868569:Continuous Integration Impediments in Large-Scale Industry Projects, contribution, R868588:Paper Class 2)', '(R874483:CAPS: Architecture Description of Situational Aware Cyber Physical Systems, contribution, R874500:Paper Class 2)']",What is the paper class of the paper with the title 'Continuous Integration Impediments in Large-Scale Industry Projects' in comparison to the paper with the title 'An Architecture Framework for Modelling and Simulation of Situational-Aware Cyber-Physical Systems'?,"The paper class of the paper with the title 'Continuous Integration Impediments in Large-Scale Industry Projects' in comparison to the paper with the title 'An Architecture Framework for Modelling and Simulation of Situational-Aware Cyber-Physical Systems' is that the former is classified as evaluation research, while the latter is classified as validation research.","['10.1109/ICSA.2017.11', '10.1007/978-3-319-65831-5_7']",,"['(R868588:Paper Class 2, evaluation research, L1520426:True)', '(R868908:Paper Class 2, validation research, L1521107:True)']",publication_subgraph_strategy,R659055,Software Architecture and Design,3,What is the paper class of the paper '[paper title 1]' in comparison to the publication '[paper title 2]'?
19,c75b3cf0921537bf3249b9a498522306,e2fb3908-3e84-4eb2-9ee4-2e9863c8aceb,"

Both “Supporting Architectural Decision Making on Data Management in Microservice Architectures” and “An Architecture for Decentralized, Collaborative, and Autonomous Robots” are classified as **Paper Class 2**【1】【2】.

","['Supporting Architectural Decision Making on Data Management in Microservice Architectures', 'An Architecture for Decentralized, Collaborative, and Autonomous Robots']",0.0,0.5,0.0,0.5,0.0,1.0,0.0,0.0,0.0,0.0,0.5,0.5,0.5,0.5,0.0,0.0,0.0,0.0,0.5,0.5,0.5,0.5,0.0,0.5,0.0,0.5,0.39,0.7,0.75,0.66,0.59,0.63,0.55,0.63,0.68,0.59,0.726,0.802,0.762,0.0,189.57724928855896,0.0,2015,0,0.0,,0,0.0,,,0.0,0.0,,0.0,0.0,https://wandb.ai/kastel-sdq-meta-research/experiment_cross_encoder/r/call/01a05df0-9f7e-7e52-8a9e-3dae5e329a1a,retrieval_config,False,KitToolbox,kit.qwen3-embedding-8b,10,10,True,cosine,True,False,10,-1,8,False,False,1,False,-1,-1,False,,['R659055'],['Paper'],False,True,False,kg_retrieval,hublink,kittoolbox_kit.minimax-m2.7-229b_tmpNone_maxt-1_reasoningNone,KitToolbox,kit.minimax-m2.7-229b,,-1,,kittoolbox_kit.minimax-m2.7-229b_tmpNone_maxt-1_reasoningNone,KitToolbox,kit.minimax-m2.7-229b,,-1,,orkg_merged_ecsa_icsa.json_jsonpublicationloader_limit-1,['paper_class'],['research_level'],['first_research_object'],['second_research_object'],['validity'],['evidence'],False,False,R659055,https://sandbox.orkg.org,-1,orkg,merged_ecsa_icsa.json_jsonpublicationloader_limit-1,merged_ecsa_icsa.json,JsonPublicationLoader,-1,,4000,2,generation_kittoolbox_kit.minimax-m2.7-229b_tmpNone_maxt-1_reasoningNone,generation,kittoolbox_kit.minimax-m2.7-229b_tmpNone_maxt-1_reasoningNone,KitToolbox,kit.minimax-m2.7-229b,,-1,,"['(R872980:Supporting Architectural Decision Making on Data Management in Microservice Architectures, contribution, R873000:Paper Class 2)', '(R871523:An Architecture for Decentralized, Collaborative, and Autonomous Robots, contribution, R871552:Paper Class 2)']","Which paper class does 'Supporting Architectural Decision Making on Data Management in Microservice Architectures' belong to compared to 'An Architecture for Decentralized, Collaborative, and Autonomous Robots'?","The paper class that 'Supporting Architectural Decision Making on Data Management in Microservice Architectures' belongs to compared to 'An Architecture for Decentralized, Collaborative, and Autonomous Robots' is evaluation research for both papers.","['10.1007/978-3-030-29983-5_2', '10.1109/ICSA.2018.00017']",,"['(R871552:Paper Class 2, evaluation research, L1526664:True)', '(R873000:Paper Class 2, evaluation research, L1529644:True)']",publication_subgraph_strategy,R659055,Software Architecture and Design,3,What is the paper class of the paper '[paper title 1]' in comparison to the publication '[paper title 2]'?
20,c75b3cf0921537bf3249b9a498522306,f8065845-5047-47df-8dd4-ccebdf902dee,"

Konstantinos Plakidas appears as an author on three different papers in the supplied texts:

* **“Semi‑automatic Feedback for Improving Architecture Conformance to Microservice Patterns and Practices.”** – no publication year is given in the source [1].  
* **“Supporting Architectural Decision Making on Data Management in Microservice Architectures.”** – this paper is dated **2019** [2].  
* **“Assessing Architecture Conformance to Coupling‑Related Patterns and Practices in Microservices.”** – also without a reported publication year [3].

Only the second paper has a clear publication year (2019). The other two entries provide no year information, so a complete per‑year publication count cannot be derived from the available sources. Consequently, the data allow us to confirm **at least one paper in 2019** and **three distinct papers overall** authored by Konstantinos Plakidas, but they do not enable a full breakdown by year.

[1] Source: Semi-automatic Feedback for Improving Architecture Conformance to Microservice Patterns and Practices, 10.1109/ICSA51549.2021.00012
[2] Source: Supporting Architectural Decision Making on Data Management in Microservice Architectures, 10.1007/978-3-030-29983-5_2
[3] Source: Assessing Architecture Conformance to Coupling-Related Patterns and Practices in Microservices, 10.1007/978-3-030-58923-3_1
",['Konstantinos Plakidas'],0.5,0.583,0.267,0.5,0.5,1.0,0.6,0.5,0.55,0.52,1.0,0.58,0.74,0.64,0.6,0.5,0.55,0.52,1.0,0.58,0.74,0.64,0.6,1.0,0.6,1.0,0.02,0.25,0.15,0.69,0.09,0.05,0.25,0.16,0.1,0.45,0.411,0.587,0.484,0.0,258.92769145965576,0.0,53586,0,0.0,,0,0.0,,,0.0,0.0,,0.0,0.0,https://wandb.ai/kastel-sdq-meta-research/experiment_cross_encoder/r/call/01a05df0-cdee-7113-8ea9-cdea2dbb1f09,retrieval_config,False,KitToolbox,kit.qwen3-embedding-8b,10,10,True,cosine,True,False,10,-1,8,False,False,1,False,-1,-1,False,,['R659055'],['Paper'],False,True,False,kg_retrieval,hublink,kittoolbox_kit.minimax-m2.7-229b_tmpNone_maxt-1_reasoningNone,KitToolbox,kit.minimax-m2.7-229b,,-1,,kittoolbox_kit.minimax-m2.7-229b_tmpNone_maxt-1_reasoningNone,KitToolbox,kit.minimax-m2.7-229b,,-1,,orkg_merged_ecsa_icsa.json_jsonpublicationloader_limit-1,['paper_class'],['research_level'],['first_research_object'],['second_research_object'],['validity'],['evidence'],False,False,R659055,https://sandbox.orkg.org,-1,orkg,merged_ecsa_icsa.json_jsonpublicationloader_limit-1,merged_ecsa_icsa.json,JsonPublicationLoader,-1,,4000,2,generation_kittoolbox_kit.minimax-m2.7-229b_tmpNone_maxt-1_reasoningNone,generation,kittoolbox_kit.minimax-m2.7-229b_tmpNone_maxt-1_reasoningNone,KitToolbox,kit.minimax-m2.7-229b,,-1,,"['(R869264:Semi-automatic Feedback for Improving Architecture Conformance to Microservice Patterns and Practices, authors, R869265:authors list)', '(R869265:authors list, has list element, L1521867:Konstantinos Plakidas)', '(R872980:Supporting Architectural Decision Making on Data Management in Microservice Architectures, authors, R872981:authors list)', '(R872981:authors list, has list element, L1529592:Konstantinos Plakidas)', '(R872980:Supporting Architectural Decision Making on Data Management in Microservice Architectures, publication year, L1529596:2019)']",How many papers did the author Konstantinos Plakidas publish per publication year?,"The number of papers that the author Konstantinos Plakidas published per publication year is as follows: one paper in 2019, one paper in 2020, and one paper in 2021.","['10.1109/ICSA51549.2021.00012', '10.1109/ICSA51549.2021.00012', '10.1007/978-3-030-58923-3_1', '10.1007/978-3-030-58923-3_1', '10.1007/978-3-030-29983-5_2', '10.1007/978-3-030-29983-5_2']",,"['(R869265:authors list, has list element, L1521867:Konstantinos Plakidas)', '(R869264:Semi-automatic Feedback for Improving Architecture Conformance to Microservice Patterns and Practices, publication year, L1521869:2021)', '(R869567:authors list, has list element, L1522516:Konstantinos Plakidas)', '(R869566:Assessing Architecture Conformance to Coupling-Related Patterns and Practices in Microservices, publication year, L1522519:2020)', '(R872981:authors list, has list element, L1529592:Konstantinos Plakidas)', '(R872980:Supporting Architectural Decision Making on Data Management in Microservice Architectures, publication year, L1529596:2019)']",clustering_strategy,R659055,Software Architecture and Design,3,How many papers did the author [Metadata: author name] publish per year?
21,c75b3cf0921537bf3249b9a498522306,d224932d-81c2-4c31-a4d5-3a024699200c,"

Yutong Zhao is listed as an author on **three** papers in the provided sources:

| Paper | Year (if given) | Source |
|-------|----------------|--------|
| “Butterfly Space: An Architectural Approach for Investigating Performance Issues” | – | [1] |
| “DesignDiff: Continuously Modeling Software Design Difference from Code Revisions” | 2020 | [2] |
| “Constructing a Shared Infrastructure for Software Architecture Analysis and Maintenance” | – | [3] |

**Distribution per year**  
- **2020:** 1 paper (DesignDiff)  
- **Year unspecified:** 2 papers (Butterfly Space and Constructing a Shared Infrastructure)  

Thus, the total number of papers authored by Yutong Zhao is **3**, with only one of them assignable to a specific year (2020). The publication years for the other two papers are not provided, so their yearly distribution cannot be determined from the available information.

[1] Source: Butterfly Space: An Architectural Approach for Investigating Performance Issues, 10.1109/ICSA47634.2020.00027
[2] Source: DesignDiff: Continuously Modeling Software Design Difference from Code Revisions, 10.1109/ICSA47634.2020.00025
[3] Source: Constructing a Shared Infrastructure for Software Architecture Analysis and Maintenance, 10.1109/ICSA51549.2021.00022
",['Yutong Zhao'],0.667,0.667,0.453,0.5,0.5,1.0,0.8,0.67,0.73,0.69,1.0,0.67,0.8,0.71,0.8,0.67,0.73,0.69,1.0,0.67,0.8,0.71,0.8,1.0,0.8,1.0,0.02,0.36,0.25,0.62,0.11,0.08,0.2,0.22,0.16,0.38,0.447,0.614,0.517,1.0,195.22477436065674,0.0,9449,0,0.0,,0,0.0,,,0.0,0.0,,0.0,0.0,https://wandb.ai/kastel-sdq-meta-research/experiment_cross_encoder/r/call/01a05df2-4dee-747c-9cad-bbf134189047,retrieval_config,False,KitToolbox,kit.qwen3-embedding-8b,10,10,True,cosine,True,False,10,-1,8,False,False,1,False,-1,-1,False,,['R659055'],['Paper'],False,True,False,kg_retrieval,hublink,kittoolbox_kit.minimax-m2.7-229b_tmpNone_maxt-1_reasoningNone,KitToolbox,kit.minimax-m2.7-229b,,-1,,kittoolbox_kit.minimax-m2.7-229b_tmpNone_maxt-1_reasoningNone,KitToolbox,kit.minimax-m2.7-229b,,-1,,orkg_merged_ecsa_icsa.json_jsonpublicationloader_limit-1,['paper_class'],['research_level'],['first_research_object'],['second_research_object'],['validity'],['evidence'],False,False,R659055,https://sandbox.orkg.org,-1,orkg,merged_ecsa_icsa.json_jsonpublicationloader_limit-1,merged_ecsa_icsa.json,JsonPublicationLoader,-1,,4000,2,generation_kittoolbox_kit.minimax-m2.7-229b_tmpNone_maxt-1_reasoningNone,generation,kittoolbox_kit.minimax-m2.7-229b_tmpNone_maxt-1_reasoningNone,KitToolbox,kit.minimax-m2.7-229b,,-1,,"['(R869435:DesignDiff: Continuously Modeling Software Design Difference from Code Revisions, authors, R869436:authors list)', '(R869436:authors list, has list element, L1522242:Yutong Zhao)', '(R873172:authors list, has list element, L1529962:Yutong Zhao)', '(R871675:authors list, has list element, L1526906:Yutong Zhao)', '(R869435:DesignDiff: Continuously Modeling Software Design Difference from Code Revisions, publication year, L1522244:2020)']",What is the number of papers published by Yutong Zhao? Show me their distribution per year.,"Yutong Zhao has published three papers in the years 2020 and 2021. Specifically, in 2020, Yutong Zhao published two papers. In 2021, Yutong Zhao published one paper. Therefore, the distribution of papers published per year is as follows: two papers in 2020 and one paper in 2021.","['10.1109/ICSA47634.2020.00025', '10.1109/ICSA47634.2020.00025', '10.1109/ICSA47634.2020.00027', '10.1109/ICSA47634.2020.00027', '10.1109/ICSA51549.2021.00022', '10.1109/ICSA51549.2021.00022']",,"['(R869436:authors list, has list element, L1522242:Yutong Zhao)', '(R869435:DesignDiff: Continuously Modeling Software Design Difference from Code Revisions, publication year, L1522244:2020)', '(R873172:authors list, has list element, L1529962:Yutong Zhao)', '(R873171:Butterfly Space: An Architectural Approach for Investigating Performance Issues, publication year, L1529968:2020)', '(R871675:authors list, has list element, L1526906:Yutong Zhao)', '(R871674:Constructing a Shared Infrastructure for Software Architecture Analysis and Maintenance, publication year, L1526914:2021)']",clustering_strategy,R659055,Software Architecture and Design,3,What is the proportion of papers that have been published by the author [Metadata: author name] per year?
22,c75b3cf0921537bf3249b9a498522306,b8c1f6f6-2485-4096-afea-c09ed010c2d7,"

The texts identify three papers that were authored (or co‑authored) by Mohamed Soliman:

| Paper (year not provided) | Paper class |
|---------------------------|-------------|
| *Exploring Web Search Engines to Find Architectural Knowledge* | Paper Class 2【1】 |
| *An Exploratory Study on Architectural Knowledge in Issue Tracking Systems* | Paper Class 2【2】 |
| *Improving the Search for Architecture Knowledge in Online Developer Communities* | Paper Class 2【3】 |

All three works are classified as **Paper Class 2**. Because the source materials do not supply a publication year for any of these papers, it is not possible to determine a distribution of paper classes across different years. The only concrete information is that each of the identified papers belongs to Paper Class 2.

",['Mohamed Soliman'],0.333,0.556,0.167,0.9,0.5,1.0,0.33,0.33,0.33,0.33,1.0,0.67,0.8,0.71,0.33,0.33,0.33,0.33,1.0,0.67,0.8,0.71,0.333,1.0,0.333,1.0,0.02,0.2,0.14,0.35,0.05,0.04,0.09,0.16,0.11,0.28,0.433,0.546,0.483,0.0,394.67698979377747,0.0,7419,0,0.0,,0,0.0,,,0.0,0.0,,0.0,0.0,https://wandb.ai/kastel-sdq-meta-research/experiment_cross_encoder/r/call/01a05df3-41ed-77c1-aac8-cc24ae2de17c,retrieval_config,False,KitToolbox,kit.qwen3-embedding-8b,10,10,True,cosine,True,False,10,-1,8,False,False,1,False,-1,-1,False,,['R659055'],['Paper'],False,True,False,kg_retrieval,hublink,kittoolbox_kit.minimax-m2.7-229b_tmpNone_maxt-1_reasoningNone,KitToolbox,kit.minimax-m2.7-229b,,-1,,kittoolbox_kit.minimax-m2.7-229b_tmpNone_maxt-1_reasoningNone,KitToolbox,kit.minimax-m2.7-229b,,-1,,orkg_merged_ecsa_icsa.json_jsonpublicationloader_limit-1,['paper_class'],['research_level'],['first_research_object'],['second_research_object'],['validity'],['evidence'],False,False,R659055,https://sandbox.orkg.org,-1,orkg,merged_ecsa_icsa.json_jsonpublicationloader_limit-1,merged_ecsa_icsa.json,JsonPublicationLoader,-1,,4000,2,generation_kittoolbox_kit.minimax-m2.7-229b_tmpNone_maxt-1_reasoningNone,generation,kittoolbox_kit.minimax-m2.7-229b_tmpNone_maxt-1_reasoningNone,KitToolbox,kit.minimax-m2.7-229b,,-1,,"['(R870673:Exploring Web Search Engines to Find Architectural Knowledge, authors, R870674:authors list)', '(R870674:authors list, has list element, L1524849:Mohamed Soliman)', '(R869225:An Exploratory Study on Architectural Knowledge in Issue Tracking Systems, authors, R869226:authors list)', '(R869226:authors list, has list element, L1521780:Mohamed Soliman)', '(R874393:Improving the Search for Architecture Knowledge in Online Developer Communities, authors, R874394:authors list)', '(R874394:authors list, has list element, L1532510:Mohamed Soliman)', '(R869225:An Exploratory Study on Architectural Knowledge in Issue Tracking Systems, contribution, R869244:Paper Class 2)', '(R870673:Exploring Web Search Engines to Find Architectural Knowledge, contribution, R870692:Paper Class 2)', '(R874393:Improving the Search for Architecture Knowledge in Online Developer Communities, contribution, R874417:Paper Class 2)']","Among the papers published by the author Mohamed Soliman, what is the distribution of paper classes per publication year?","In the year 2021, Mohamed Soliman published two papers classified as evaluation research. In 2018, he published one paper classified as evaluation research. Therefore, the number of papers classified as evaluation research published by Mohamed Soliman per year is two in 2021 and one in 2018.","['10.1007/978-3-030-86044-8_8', '10.1007/978-3-030-86044-8_8', '10.1007/978-3-030-86044-8_8', '10.1109/ICSA51549.2021.00023', '10.1109/ICSA51549.2021.00023', '10.1109/ICSA51549.2021.00023', '10.1109/ICSA.2018.00028', '10.1109/ICSA.2018.00028', '10.1109/ICSA.2018.00028']",,"['(R869226:authors list, has list element, L1521780:Mohamed Soliman)', '(R869225:An Exploratory Study on Architectural Knowledge in Issue Tracking Systems, publication year, L1521783:2021)', '(R869244:Paper Class 2, evaluation research, L1521829:True)', '(R870674:authors list, has list element, L1524849:Mohamed Soliman)', '(R870673:Exploring Web Search Engines to Find Architectural Knowledge, publication year, L1524854:2021)', '(R870692:Paper Class 2, evaluation research, L1524902:True)', '(R874394:authors list, has list element, L1532510:Mohamed Soliman)', '(R874393:Improving the Search for Architecture Knowledge in Online Developer Communities, publication year, L1532515:2018)', '(R874417:Paper Class 2, evaluation research, L1532569:True)']",clustering_strategy,R659055,Software Architecture and Design,3,What is the proportion of paper classes that have been published by the author [Metadata: author name] per year?
23,c75b3cf0921537bf3249b9a498522306,99ab6724-3345-4876-8ae5-b426b14531d6,"

**Paper classes of the papers authored by Manoj Bhat**

| Year | Paper Class | Representative Title (shortened) |
|------|-------------|-----------------------------------|
| 2017 | **Paper Class 2** | *Automatic Extraction of Design Decisions from Issue Management Systems: A Machine Learning Based Approach* |

- The only work in the provided texts that lists Manoj Bhat as an author is the 2017 paper listed above, which is classified as **Paper Class 2** (a proposal‑of‑solution contribution) [2].  
- The same source notes that no other publications by Manoj Bhat appear in the texts, and another excerpt confirms that no additional paper class information is available beyond the single Paper Class 2 entry [1].  

**Distribution per year:**  
- **2017:** 1 Paper Class 2 paper.  

Thus, Manoj Bhat’s published papers in the examined texts consist of a single Paper Class 2 work in the year 2017.

[1] Source: An Expert Recommendation System for Design Decision Making: Who Should be Involved in Making a Design Decision?, 10.1109/ICSA.2018.00018
[2] Source: Automatic Extraction of Design Decisions from Issue Management Systems: A Machine Learning Based Approach, 10.1007/978-3-319-65831-5_10
",['Manoj Bhat'],0.429,0.692,0.204,0.7,0.5,1.0,0.43,0.43,0.43,0.43,1.0,0.69,0.82,0.74,0.43,0.43,0.43,0.43,1.0,0.69,0.82,0.74,0.429,1.0,0.429,1.0,0.03,0.34,0.22,0.74,0.14,0.09,0.32,0.25,0.16,0.54,0.426,0.577,0.49,1.0,332.2727267742157,0.0,14003,0,0.0,,0,0.0,,,0.0,0.0,,0.0,0.0,https://wandb.ai/kastel-sdq-meta-research/experiment_cross_encoder/r/call/01a05df3-80de-7d59-8575-55418c01973a,retrieval_config,False,KitToolbox,kit.qwen3-embedding-8b,10,10,True,cosine,True,False,10,-1,8,False,False,1,False,-1,-1,False,,['R659055'],['Paper'],False,True,False,kg_retrieval,hublink,kittoolbox_kit.minimax-m2.7-229b_tmpNone_maxt-1_reasoningNone,KitToolbox,kit.minimax-m2.7-229b,,-1,,kittoolbox_kit.minimax-m2.7-229b_tmpNone_maxt-1_reasoningNone,KitToolbox,kit.minimax-m2.7-229b,,-1,,orkg_merged_ecsa_icsa.json_jsonpublicationloader_limit-1,['paper_class'],['research_level'],['first_research_object'],['second_research_object'],['validity'],['evidence'],False,False,R659055,https://sandbox.orkg.org,-1,orkg,merged_ecsa_icsa.json_jsonpublicationloader_limit-1,merged_ecsa_icsa.json,JsonPublicationLoader,-1,,4000,2,generation_kittoolbox_kit.minimax-m2.7-229b_tmpNone_maxt-1_reasoningNone,generation,kittoolbox_kit.minimax-m2.7-229b_tmpNone_maxt-1_reasoningNone,KitToolbox,kit.minimax-m2.7-229b,,-1,,"['(R868745:Automatic Extraction of Design Decisions from Issue Management Systems: A Machine Learning Based Approach, authors, R868746:authors list)', '(R868746:authors list, has list element, L1520754:Manoj Bhat)', '(R873898:An Expert Recommendation System for Design Decision Making: Who Should be Involved in Making a Design Decision?, authors, R873899:authors list)', '(R873899:authors list, has list element, L1531467:Manoj Bhat)', '(R868745:Automatic Extraction of Design Decisions from Issue Management Systems: A Machine Learning Based Approach, contribution, R868764:Paper Class 2)', '(R873898:An Expert Recommendation System for Design Decision Making: Who Should be Involved in Making a Design Decision?, contribution, R873917:Paper Class 2)', '(R868745:Automatic Extraction of Design Decisions from Issue Management Systems: A Machine Learning Based Approach, publication year, L1520759:2017)']",What are the paper classes of the papers published by Manoj Bhat? Show me their distribution per year.,"The paper classes of the papers published by Manoj Bhat and their distribution per year are as follows: In 2017, the paper class is proposal of solution. In 2018, the paper classes are proposal of solution and validation research.","['10.1109/ICSA.2018.00018', '10.1109/ICSA.2018.00018', '10.1109/ICSA.2018.00018', '10.1109/ICSA.2018.00018', '10.1007/978-3-319-65831-5_10', '10.1007/978-3-319-65831-5_10', '10.1007/978-3-319-65831-5_10']",,"['(R873899:authors list, has list element, L1531467:Manoj Bhat)', '(R873898:An Expert Recommendation System for Design Decision Making: Who Should be Involved in Making a Design Decision?, publication year, L1531473:2018)', '(R873917:Paper Class 2, proposal of solution, L1531515:True)', '(R873917:Paper Class 2, validation research, L1531513:True)', '(R868746:authors list, has list element, L1520754:Manoj Bhat)', '(R868745:Automatic Extraction of Design Decisions from Issue Management Systems: A Machine Learning Based Approach, publication year, L1520759:2017)', '(R868764:Paper Class 2, proposal of solution, L1520801:True)']",clustering_strategy,R659055,Software Architecture and Design,3,What is the proportion of paper classes that have been published by the author [Metadata: author name] per year?
24,c75b3cf0921537bf3249b9a498522306,b90770f5-fce7-4aeb-b264-b958fec510ba,"

Based on the analysis of the available information, the paper titled ""Data-Driven Software Architecture for Analyzing Confidentiality"" provides **contradictory information** regarding the availability of its tool support.

The paper mentions tool support for its Evidence 2 contribution, but the descriptions within the source are inconsistent:

- One entry indicates that tool support is **available** (""Tool Support, available, True"") [1].
- Another entry states that tool support is **not actually used** (""Tool Support, used, False"") [1].
- A third entry characterizes the tool support as **none** (""Tool Support, None, False"") [1].

**Conclusion:** While the paper acknowledges the existence of tool support, the source material presents conflicting statements—sometimes indicating it is available and sometimes indicating it is either unused or absent. Therefore, based on the evidence provided, it is unclear whether the tool support for this paper is genuinely available.

[1] Source: Data-Driven Software Architecture for Analyzing Confidentiality, 10.1109/ICSA.2019.00009
",['Data-Driven Software Architecture for Analyzing Confidentiality'],1.0,1.0,0.25,0.75,0.25,1.0,0.25,1.0,0.4,0.62,0.4,1.0,0.57,0.77,0.25,1.0,0.4,0.62,0.4,1.0,0.57,0.77,0.25,0.4,0.25,0.4,0.02,0.19,0.11,0.79,0.14,0.08,0.61,0.18,0.1,0.74,0.384,0.723,0.501,0.0,149.1288661956787,0.0,18831,0,0.0,,0,0.0,,,0.0,0.0,,0.0,0.0,https://wandb.ai/kastel-sdq-meta-research/experiment_cross_encoder/r/call/01a05df3-ad5d-746f-b608-a47667ebd04a,retrieval_config,False,KitToolbox,kit.qwen3-embedding-8b,10,10,True,cosine,True,False,10,-1,8,False,False,1,False,-1,-1,False,,['R659055'],['Paper'],False,True,False,kg_retrieval,hublink,kittoolbox_kit.minimax-m2.7-229b_tmpNone_maxt-1_reasoningNone,KitToolbox,kit.minimax-m2.7-229b,,-1,,kittoolbox_kit.minimax-m2.7-229b_tmpNone_maxt-1_reasoningNone,KitToolbox,kit.minimax-m2.7-229b,,-1,,orkg_merged_ecsa_icsa.json_jsonpublicationloader_limit-1,['paper_class'],['research_level'],['first_research_object'],['second_research_object'],['validity'],['evidence'],False,False,R659055,https://sandbox.orkg.org,-1,orkg,merged_ecsa_icsa.json_jsonpublicationloader_limit-1,merged_ecsa_icsa.json,JsonPublicationLoader,-1,,4000,2,generation_kittoolbox_kit.minimax-m2.7-229b_tmpNone_maxt-1_reasoningNone,generation,kittoolbox_kit.minimax-m2.7-229b_tmpNone_maxt-1_reasoningNone,KitToolbox,kit.minimax-m2.7-229b,,-1,,"['(R873690:Evidence 2, Uses Tool Support, R873692:Tool Support)', '(R873692:Tool Support, None, L1531024:False)', '(R873692:Tool Support, used, L1531023:False)', '(R873692:Tool Support, available, L1531022:True)']",Does the paper with the title 'Data-Driven Software Architecture for Analyzing Confidentiality' make its tool support available?,"Yes, the paper with the title 'Data-Driven Software Architecture for Analyzing Confidentiality' does make its tool support available.",['10.1109/ICSA.2019.00009'],,"['(R873692:Tool Support, available, L1531022:True)']",publication_subgraph_strategy,R659055,Software Architecture and Design,4,Does the paper with the title '[Metadata: paper title]' make its tool support available?
25,c75b3cf0921537bf3249b9a498522306,71ed577d-bb7e-47e0-898b-f1e79a74d444,"

The supplied sources give conflicting signals about tool‑support availability for the study they describe, and they do not directly address the paper titled **“An Empirical Study of Architectural Decay in Open‑Source Software.”**  

- In some contexts the “Tool Support” attribute is recorded as **True**, indicating that tool support is available [1][2][3].  
- In other contexts the same attribute is marked **False**, suggesting that tool support is either not present or not used [1][2][3].  

Because the evidence is contradictory and the specific paper mentioned in the question is not covered in the source texts, the information needed to determine definitively whether tool support is available in “An Empirical Study of Architectural Decay in Open‑Source Software” is not provided.

[1] Source: An Empirical Study of Architectural Decay in Open-Source Software, 10.1109/ICSA.2018.00027
[2] Source: Architectural Decay as Predictor of Issue- and Change-Proneness, 10.1109/ICSA51549.2021.00017
[3] Source: Towards Micro Service Architecture Recovery: An Empirical Study, 10.1109/ICSA.2018.00014
",['An Empirical Study of Architectural Decay in Open-Source Software'],1.0,0.0,0.125,0.225,0.125,0.2,0.1,1.0,0.18,0.36,0.15,1.0,0.27,0.48,0.09,1.0,0.17,0.33,0.14,1.0,0.25,0.45,0.1,0.154,0.091,0.143,0.04,0.22,0.12,1.0,0.21,0.12,1.0,0.22,0.12,1.0,0.38,0.594,0.464,0.0,194.86838364601135,0.0,73190,0,0.0,,0,0.0,,,0.0,0.0,,0.0,0.0,https://wandb.ai/kastel-sdq-meta-research/experiment_cross_encoder/r/call/01a05df5-1254-7893-976f-277911da331a,retrieval_config,False,KitToolbox,kit.qwen3-embedding-8b,10,10,True,cosine,True,False,10,-1,8,False,False,1,False,-1,-1,False,,['R659055'],['Paper'],False,True,False,kg_retrieval,hublink,kittoolbox_kit.minimax-m2.7-229b_tmpNone_maxt-1_reasoningNone,KitToolbox,kit.minimax-m2.7-229b,,-1,,kittoolbox_kit.minimax-m2.7-229b_tmpNone_maxt-1_reasoningNone,KitToolbox,kit.minimax-m2.7-229b,,-1,,orkg_merged_ecsa_icsa.json_jsonpublicationloader_limit-1,['paper_class'],['research_level'],['first_research_object'],['second_research_object'],['validity'],['evidence'],False,False,R659055,https://sandbox.orkg.org,-1,orkg,merged_ecsa_icsa.json_jsonpublicationloader_limit-1,merged_ecsa_icsa.json,JsonPublicationLoader,-1,,4000,2,generation_kittoolbox_kit.minimax-m2.7-229b_tmpNone_maxt-1_reasoningNone,generation,kittoolbox_kit.minimax-m2.7-229b_tmpNone_maxt-1_reasoningNone,KitToolbox,kit.minimax-m2.7-229b,,-1,,"['(R873890:Tool Support, None, L1531444:False)', '(R872809:Evidence 2, Uses Tool Support, R872811:Tool Support)', '(R872811:Tool Support, None, L1529245:False)', '(R872811:Tool Support, used, L1529244:True)', '(R870131:Evidence 2, Uses Tool Support, R870133:Tool Support)', '(R870133:Tool Support, None, L1523714:False)', '(R870133:Tool Support, used, L1523713:False)', '(R870133:Tool Support, available, L1523712:True)', '(R872811:Tool Support, available, L1529243:False)', '(R873890:Tool Support, used, L1531443:False)', '(R873890:Tool Support, available, L1531442:True)']",Is tool support available in 'An Empirical Study of Architectural Decay in Open-Source Software'?,Tool support is available in 'An Empirical Study of Architectural Decay in Open-Source Software'.,['10.1109/ICSA.2018.00027'],,"['(R870133:Tool Support, available, L1523712:True)']",publication_subgraph_strategy,R870102,An Empirical Study of Architectural Decay in Open-Source Software,3,Does the paper '[Metadata: paper title]' use tool support?
26,c75b3cf0921537bf3249b9a498522306,37f302e8-a61d-4445-8155-eae8de487cfa,"

The paper ""Enforcing Architectural Security Decisions"" was evaluated using a case-study approach [1].

[1] Source: Enforcing Architectural Security Decisions, 10.1109/ICSA47634.2020.00012
",['Enforcing Architectural Security Decisions'],1.0,1.0,0.333,0.583,0.333,0.5,0.33,1.0,0.5,0.71,0.5,1.0,0.67,0.83,0.33,1.0,0.5,0.71,0.5,1.0,0.67,0.83,0.333,0.5,0.333,0.5,0.05,0.69,0.79,0.61,0.4,0.46,0.35,0.56,0.64,0.5,0.809,0.828,0.818,1.0,220.02675557136536,0.0,1725,0,0.0,,0,0.0,,,0.0,0.0,,0.0,0.0,https://wandb.ai/kastel-sdq-meta-research/experiment_cross_encoder/r/call/01a05df5-805d-741b-86dd-262169c60178,retrieval_config,False,KitToolbox,kit.qwen3-embedding-8b,10,10,True,cosine,True,False,10,-1,8,False,False,1,False,-1,-1,False,,['R659055'],['Paper'],False,True,False,kg_retrieval,hublink,kittoolbox_kit.minimax-m2.7-229b_tmpNone_maxt-1_reasoningNone,KitToolbox,kit.minimax-m2.7-229b,,-1,,kittoolbox_kit.minimax-m2.7-229b_tmpNone_maxt-1_reasoningNone,KitToolbox,kit.minimax-m2.7-229b,,-1,,orkg_merged_ecsa_icsa.json_jsonpublicationloader_limit-1,['paper_class'],['research_level'],['first_research_object'],['second_research_object'],['validity'],['evidence'],False,False,R659055,https://sandbox.orkg.org,-1,orkg,merged_ecsa_icsa.json_jsonpublicationloader_limit-1,merged_ecsa_icsa.json,JsonPublicationLoader,-1,,4000,2,generation_kittoolbox_kit.minimax-m2.7-229b_tmpNone_maxt-1_reasoningNone,generation,kittoolbox_kit.minimax-m2.7-229b_tmpNone_maxt-1_reasoningNone,KitToolbox,kit.minimax-m2.7-229b,,-1,,"['(R872902:Evaluation, Evaluation method, R872903:Evaluation Method List)', '(R872903:Evaluation Method List, Entity, R872904:Evaluation Method Entity)', '(R872904:Evaluation Method Entity, Name, L1529438:Case Study)']",What is the evaluation method used in the paper with the title 'Enforcing Architectural Security Decisions'?,The evaluation method used in the paper with the title 'Enforcing Architectural Security Decisions' is a case study.,['10.1109/ICSA47634.2020.00012'],,"['(R872904:Evaluation Method Entity, Name, L1529438:Case Study)']",publication_subgraph_strategy,R872878,Enforcing Architectural Security Decisions,5,What is the evaluation method used in the paper '[Metadata: paper title]'?
27,c75b3cf0921537bf3249b9a498522306,f4e3f510-e8e2-4e31-ba67-a6c8cbc8b7cb,"

The evaluation in the study **“REST vs GraphQL: A Controlled Experiment”** was carried out using a **Controlled Experiment** as the evaluation method [1][2][3][4].  

*Note:* One source mentions a “Technical Experiment” as the evaluation method [5], but this contradicts the explicit statements in the other sources, which consistently identify the method as a Controlled Experiment.

[1] Source: REST vs GraphQL: A Controlled Experiment, 10.1109/ICSA47634.2020.00016
[2] Source: Two Architectural Threat Analysis Techniques Compared, 10.1007/978-3-030-00761-4_23
[3] Source: Unlimited Rulebook: a Reference Architecture for Economy Mechanics in Digital Games, 10.1109/ICSA47634.2020.00014
[4] Source: Continuous Analysis of Collaborative Design, 10.1109/ICSA.2017.45
[5] Source: Data-Driven Software Architecture for Analyzing Confidentiality, 10.1109/ICSA.2019.00009
",['REST vs GraphQL: A Controlled Experiment'],1.0,0.5,0.333,0.583,0.333,0.5,0.11,1.0,0.2,0.38,0.14,1.0,0.25,0.45,0.11,1.0,0.2,0.38,0.14,1.0,0.25,0.45,0.111,0.143,0.111,0.143,0.06,0.41,0.28,0.76,0.29,0.2,0.55,0.31,0.21,0.57,0.498,0.78,0.608,1.0,269.2897186279297,0.0,44329,0,0.0,,0,0.0,,,0.0,0.0,,0.0,0.0,https://wandb.ai/kastel-sdq-meta-research/experiment_cross_encoder/r/call/01a05df6-33ba-7961-aaaa-b287b2c222d2,retrieval_config,False,KitToolbox,kit.qwen3-embedding-8b,10,10,True,cosine,True,False,10,-1,8,False,False,1,False,-1,-1,False,,['R659055'],['Paper'],False,True,False,kg_retrieval,hublink,kittoolbox_kit.minimax-m2.7-229b_tmpNone_maxt-1_reasoningNone,KitToolbox,kit.minimax-m2.7-229b,,-1,,kittoolbox_kit.minimax-m2.7-229b_tmpNone_maxt-1_reasoningNone,KitToolbox,kit.minimax-m2.7-229b,,-1,,orkg_merged_ecsa_icsa.json_jsonpublicationloader_limit-1,['paper_class'],['research_level'],['first_research_object'],['second_research_object'],['validity'],['evidence'],False,False,R659055,https://sandbox.orkg.org,-1,orkg,merged_ecsa_icsa.json_jsonpublicationloader_limit-1,merged_ecsa_icsa.json,JsonPublicationLoader,-1,,4000,2,generation_kittoolbox_kit.minimax-m2.7-229b_tmpNone_maxt-1_reasoningNone,generation,kittoolbox_kit.minimax-m2.7-229b_tmpNone_maxt-1_reasoningNone,KitToolbox,kit.minimax-m2.7-229b,,-1,,"['(R870909:Evaluation, Evaluation method, R870910:Evaluation Method List)', '(R870910:Evaluation Method List, Entity, R870911:Evaluation Method Entity)', '(R870911:Evaluation Method Entity, Name, L1525353:Controlled Experiment)', '(R872855:Evaluation Method Entity, Name, L1529336:Controlled Experiment)', '(R869082:Evaluation Method Entity, Name, L1521476:Controlled Experiment)', '(R869377:Evaluation Method Entity, Name, L1522113:Controlled Experiment)', '(R873683:Evaluation, Evaluation method, R873684:Evaluation Method List)', '(R873684:Evaluation Method List, Entity, R873685:Evaluation Method Entity)', '(R873685:Evaluation Method Entity, Name, L1531013:Technical Experiment)']",Which evaluation method has been used for the evaluation in 'REST vs GraphQL: A Controlled Experiment'?,The evaluation method that has been used for the evaluation in 'REST vs GraphQL: A Controlled Experiment' is a controlled experiment.,['10.1109/ICSA47634.2020.00016'],,"['(R870911:Evaluation Method Entity, Name, L1525353:Controlled Experiment)']",publication_subgraph_strategy,R659055,Software Architecture and Design,6,What is the evaluation method used in the paper '[Metadata: paper title]'?
28,c75b3cf0921537bf3249b9a498522306,eedac22d-3e07-4029-8bda-5c612992a5cf,"

The paper employs several distinct evaluation methods. According to the sources, it includes a **case‑study** approach [1]. In addition, the evaluation makes use of a **questionnaire** and a **technical experiment** [2]. A further method is a **motivating example** that specifically examines the properties **Functional Suitability** and **Product Quality** [3].

[1] Source: Continuous Adaptation Management in Collective Intelligence Systems, 10.1007/978-3-030-29983-5_8
[2] Source: Continuous Analysis of Collaborative Design, 10.1109/ICSA.2017.45
[3] Source: Safety Analysis Method for Cooperative Driving Systems, 10.1109/ICSA.2019.00027
",['Continuous Analysis of Collaborative Design'],0.667,0.333,0.162,0.287,0.2,0.25,0.22,0.67,0.33,0.48,0.31,0.67,0.42,0.54,0.22,0.67,0.33,0.48,0.31,0.67,0.42,0.54,0.222,0.308,0.222,0.308,0.01,0.29,0.2,0.56,0.12,0.08,0.24,0.26,0.18,0.5,0.535,0.737,0.62,0.0,201.1636824607849,0.0,6369,0,0.0,,0,0.0,,,0.0,0.0,,0.0,0.0,https://wandb.ai/kastel-sdq-meta-research/experiment_cross_encoder/r/call/01a05df8-58ba-77bf-854b-7a1dafccd732,retrieval_config,False,KitToolbox,kit.qwen3-embedding-8b,10,10,True,cosine,True,False,10,-1,8,False,False,1,False,-1,-1,False,,['R659055'],['Paper'],False,True,False,kg_retrieval,hublink,kittoolbox_kit.minimax-m2.7-229b_tmpNone_maxt-1_reasoningNone,KitToolbox,kit.minimax-m2.7-229b,,-1,,kittoolbox_kit.minimax-m2.7-229b_tmpNone_maxt-1_reasoningNone,KitToolbox,kit.minimax-m2.7-229b,,-1,,orkg_merged_ecsa_icsa.json_jsonpublicationloader_limit-1,['paper_class'],['research_level'],['first_research_object'],['second_research_object'],['validity'],['evidence'],False,False,R659055,https://sandbox.orkg.org,-1,orkg,merged_ecsa_icsa.json_jsonpublicationloader_limit-1,merged_ecsa_icsa.json,JsonPublicationLoader,-1,,4000,2,generation_kittoolbox_kit.minimax-m2.7-229b_tmpNone_maxt-1_reasoningNone,generation,kittoolbox_kit.minimax-m2.7-229b_tmpNone_maxt-1_reasoningNone,KitToolbox,kit.minimax-m2.7-229b,,-1,,"['(R872819:Continuous Analysis of Collaborative Design, contribution, R872850:First Research Object 2)', '(R872850:First Research Object 2, evaluation, R872851:Evaluation)', '(R872851:Evaluation, Evaluation method, R872852:Evaluation Method List)', '(R872852:Evaluation Method List, Entity, R872853:Evaluation Method Entity)', '(R872853:Evaluation Method Entity, Name, L1529335:Questionnaire)', '(R872861:Evaluation Method List, Entity, R872862:Evaluation Method Entity)', '(R872862:Evaluation Method Entity, Name, L1529342:Technical Experiment)', '(R869631:Evaluation Method Entity, Name, L1522660:Case Study)', '(R872726:Evaluation Method Entity, Name, L1529067:Motivating Example)']",What are the evaluation methods applied in the paper with the title 'Continuous Analysis of Collaborative Design'?,"The evaluation methods of the paper 'Continuous Analysis of Collaborative Design' are Questionnaire, Controlled Experiment, and Technical Experiment.","['10.1109/ICSA.2017.45', '10.1109/ICSA.2017.45', '10.1109/ICSA.2017.45']",,"['(R872853:Evaluation Method Entity, Name, L1529335:Questionnaire)', '(R872855:Evaluation Method Entity, Name, L1529336:Controlled Experiment)', '(R872862:Evaluation Method Entity, Name, L1529342:Technical Experiment)']",publication_subgraph_strategy,R659055,Software Architecture and Design,6,What are the names of the evaluation methods used in the paper with the title'[Metadata: paper title]'?
29,c75b3cf0921537bf3249b9a498522306,77d33680-318d-462a-820e-bc3c8a2d79ab,No context has been found for the given question.,['Assessing Adaptability of Software Architectures for Cyber Physical Production Systems'],0.0,0.0,0.0,0.0,0.0,0.0,0.0,0.0,0.0,0.0,0.0,0.0,0.0,0.0,0.0,0.0,0.0,0.0,0.0,0.0,0.0,0.0,0.0,0.0,0.0,0.0,0.01,0.11,0.22,0.08,0.0,0.0,0.0,0.06,0.11,0.04,0.602,0.491,0.541,0.0,153.24954962730408,0.0,42650,0,0.0,,0,0.0,,,0.0,0.0,,0.0,0.0,https://wandb.ai/kastel-sdq-meta-research/experiment_cross_encoder/r/call/01a05df8-cd76-7a75-8939-61d33b99f64b,retrieval_config,False,KitToolbox,kit.qwen3-embedding-8b,10,10,True,cosine,True,False,10,-1,8,False,False,1,False,-1,-1,False,,['R659055'],['Paper'],False,True,False,kg_retrieval,hublink,kittoolbox_kit.minimax-m2.7-229b_tmpNone_maxt-1_reasoningNone,KitToolbox,kit.minimax-m2.7-229b,,-1,,kittoolbox_kit.minimax-m2.7-229b_tmpNone_maxt-1_reasoningNone,KitToolbox,kit.minimax-m2.7-229b,,-1,,orkg_merged_ecsa_icsa.json_jsonpublicationloader_limit-1,['paper_class'],['research_level'],['first_research_object'],['second_research_object'],['validity'],['evidence'],False,False,R659055,https://sandbox.orkg.org,-1,orkg,merged_ecsa_icsa.json_jsonpublicationloader_limit-1,merged_ecsa_icsa.json,JsonPublicationLoader,-1,,4000,2,generation_kittoolbox_kit.minimax-m2.7-229b_tmpNone_maxt-1_reasoningNone,generation,kittoolbox_kit.minimax-m2.7-229b_tmpNone_maxt-1_reasoningNone,KitToolbox,kit.minimax-m2.7-229b,,-1,,,Which evaluation methods have been used to conduct the evaluation in 'Assessing Adaptability of Software Architectures for Cyber Physical Production Systems'?,The evaluation methods used to conduct the evaluation in the publication 'Assessing Adaptability of Software Architectures for Cyber Physical Production Systems' are Motivating Example and Argumentation.,"['10.1007/978-3-030-29983-5_10', '10.1007/978-3-030-29983-5_10']",,"['(R871370:Evaluation Method Entity, Name, L1526295:Motivating Example)', '(R871375:Evaluation Method Entity, Name, L1526299:Argumentation)']",publication_subgraph_strategy,R871346,Assessing Adaptability of Software Architectures for Cyber Physical Production Systems,5,What are the evaluation methods of the publication '[Metadata: paper title]'?
30,c75b3cf0921537bf3249b9a498522306,86aac29f-80ff-4ed4-a011-59f8cf7f311f,"

The paper explicitly identifies **internal validity** and **external validity** as threats to validity. In the “Validity 2” contribution the authors flag these two as *true* (i.e., they are treated as threats), while **construct validity** and **repeatability** are marked *false* (i.e., they are not considered threats) [1].

[1] Source: Predicting the Performance of Privacy-Preserving Data Analytics Using Architecture Modelling and Simulation, 10.1109/ICSA.2018.00026
",['Predicting the Performance of Privacy-Preserving Data Analytics Using Architecture Modelling and Simulation'],1.0,1.0,0.5,0.917,0.5,1.0,0.5,1.0,0.67,0.83,0.6,1.0,0.75,0.88,0.5,1.0,0.67,0.83,0.6,1.0,0.75,0.88,0.5,0.6,0.5,0.6,0.03,0.39,0.31,0.54,0.16,0.13,0.22,0.26,0.21,0.36,0.464,0.591,0.52,1.0,171.07202458381653,0.0,2803,0,0.0,,0,0.0,,,0.0,0.0,,0.0,0.0,https://wandb.ai/kastel-sdq-meta-research/experiment_cross_encoder/r/call/01a05df9-021b-7bbd-b180-9186bfabe27f,retrieval_config,False,KitToolbox,kit.qwen3-embedding-8b,10,10,True,cosine,True,False,10,-1,8,False,False,1,False,-1,-1,False,,['R659055'],['Paper'],False,True,False,kg_retrieval,hublink,kittoolbox_kit.minimax-m2.7-229b_tmpNone_maxt-1_reasoningNone,KitToolbox,kit.minimax-m2.7-229b,,-1,,kittoolbox_kit.minimax-m2.7-229b_tmpNone_maxt-1_reasoningNone,KitToolbox,kit.minimax-m2.7-229b,,-1,,orkg_merged_ecsa_icsa.json_jsonpublicationloader_limit-1,['paper_class'],['research_level'],['first_research_object'],['second_research_object'],['validity'],['evidence'],False,False,R659055,https://sandbox.orkg.org,-1,orkg,merged_ecsa_icsa.json_jsonpublicationloader_limit-1,merged_ecsa_icsa.json,JsonPublicationLoader,-1,,4000,2,generation_kittoolbox_kit.minimax-m2.7-229b_tmpNone_maxt-1_reasoningNone,generation,kittoolbox_kit.minimax-m2.7-229b_tmpNone_maxt-1_reasoningNone,KitToolbox,kit.minimax-m2.7-229b,,-1,,"['(R873412:Threat to Validity, construct validity, L1530452:False)', '(R873412:Threat to Validity, internal validity, L1530454:True)', '(R873412:Threat to Validity, repeatability, L1530453:False)', '(R873412:Threat to Validity, external validity, L1530455:True)']",What are the threats to validity discussed in the paper with the title 'Predicting the Performance of Privacy-Preserving Data Analytics Using Architecture Modelling and Simulation'?,The threats to validity of the paper 'Predicting the Performance of Privacy-Preserving Data Analytics Using Architecture Modelling and Simulation' are discussed as external validity and internal validity.,"['10.1109/ICSA.2018.00026', '10.1109/ICSA.2018.00026']",,"['(R873412:Threat to Validity, external validity, L1530455:True)', '(R873412:Threat to Validity, internal validity, L1530454:True)']",publication_subgraph_strategy,R659055,Software Architecture and Design,4,What are the threats to validity of the paper '[Metadata: paper title]'?
31,c75b3cf0921537bf3249b9a498522306,8593e474-e736-406c-807b-c14d8eb5679d,"

The paper “A Blockchain‑Based Micro Economy Platform for Distributed Infrastructure Initiatives” discusses several validity threats in its Validity 2 analysis. The threats identified are **construct validity**, **external validity**, **internal validity**, **confirmability**, and **repeatability**. In the authors’ assessment, construct validity and external validity are considered present threats, while internal validity, confirmability, and repeatability are judged not to be threats in this study [1].

[1] Source: A Blockchain-Based Micro Economy Platform for Distributed Infrastructure Initiatives, 10.1109/ICSA.2018.00010
",['A Blockchain-Based Micro Economy Platform for Distributed Infrastructure Initiatives'],1.0,1.0,1.0,1.0,1.0,1.0,0.4,1.0,0.57,0.77,0.5,1.0,0.67,0.83,0.4,1.0,0.57,0.77,0.5,1.0,0.67,0.83,0.4,0.5,0.4,0.5,0.07,0.5,0.33,1.0,0.32,0.21,0.65,0.4,0.27,0.81,0.529,0.786,0.633,1.0,156.37355136871338,0.0015607499999999999,12043,0,0.0,,0,0.0,,,0.0,0.0,,0.0,0.0,https://wandb.ai/kastel-sdq-meta-research/experiment_cross_encoder/r/call/01a05df9-8cbc-702b-b014-7095d4b12e00,retrieval_config,False,KitToolbox,kit.qwen3-embedding-8b,10,10,True,cosine,True,False,10,-1,8,False,False,1,False,-1,-1,False,,['R659055'],['Paper'],False,True,False,kg_retrieval,hublink,kittoolbox_kit.minimax-m2.7-229b_tmpNone_maxt-1_reasoningNone,KitToolbox,kit.minimax-m2.7-229b,,-1,,kittoolbox_kit.minimax-m2.7-229b_tmpNone_maxt-1_reasoningNone,KitToolbox,kit.minimax-m2.7-229b,,-1,,orkg_merged_ecsa_icsa.json_jsonpublicationloader_limit-1,['paper_class'],['research_level'],['first_research_object'],['second_research_object'],['validity'],['evidence'],False,False,R659055,https://sandbox.orkg.org,-1,orkg,merged_ecsa_icsa.json_jsonpublicationloader_limit-1,merged_ecsa_icsa.json,JsonPublicationLoader,-1,,4000,2,generation_kittoolbox_kit.minimax-m2.7-229b_tmpNone_maxt-1_reasoningNone,generation,kittoolbox_kit.minimax-m2.7-229b_tmpNone_maxt-1_reasoningNone,KitToolbox,kit.minimax-m2.7-229b,,-1,,"['(R874721:Threat to Validity, construct validity, L1533195:True)', '(R874721:Threat to Validity, external validity, L1533198:True)', '(R874721:Threat to Validity, internal validity, L1533197:False)', '(R874721:Threat to Validity, confirmability, L1533199:False)', '(R874721:Threat to Validity, repeatability, L1533196:False)']",Which validity threats are discussed in 'A Blockchain-Based Micro Economy Platform for Distributed Infrastructure Initiatives'?,The validity threats discussed in 'A Blockchain-Based Micro Economy Platform for Distributed Infrastructure Initiatives' are external validity and construct validity.,"['10.1109/ICSA.2018.00010', '10.1109/ICSA.2018.00010']",,"['(R874721:Threat to Validity, external validity, L1533198:True)', '(R874721:Threat to Validity, construct validity, L1533195:True)']",publication_subgraph_strategy,R874684,A Blockchain-Based Micro Economy Platform for Distributed Infrastructure Initiatives,3,What are the threats to validity of the paper '[Metadata: paper title]'?
32,c75b3cf0921537bf3249b9a498522306,01eda5c4-cd52-423f-aac8-30301a4b19e2,"

The paper **discusses four distinct threats to validity** [1]:

1. **Repeatability** – a limitation related to repeatability.  
2. **Construct validity** – examined as a potential threat.  
3. **Internal validity** – addressed as a threat.  
4. **Confirmability** – evaluated as a further threat.  

These four items constitute the total number of validity threats addressed in the paper.

[1] Source: DesignDiff: Continuously Modeling Software Design Difference from Code Revisions, 10.1109/ICSA47634.2020.00025
",['DesignDiff: Continuously Modeling Software Design Difference from Code Revisions'],1.0,1.0,0.5,0.917,0.5,1.0,0.5,1.0,0.67,0.83,0.6,1.0,0.75,0.88,0.5,1.0,0.67,0.83,0.6,1.0,0.75,0.88,0.5,0.6,0.5,0.6,0.03,0.29,0.21,0.46,0.14,0.1,0.22,0.18,0.13,0.29,0.427,0.575,0.49,0.0,84.18467092514038,0.0028713,13839,0,0.0,,0,0.0,,,0.0,0.0,,0.0,0.0,https://wandb.ai/kastel-sdq-meta-research/experiment_cross_encoder/r/call/01a05dfa-8242-7c60-a641-80727e3b0b98,retrieval_config,False,KitToolbox,kit.qwen3-embedding-8b,10,10,True,cosine,True,False,10,-1,8,False,False,1,False,-1,-1,False,,['R659055'],['Paper'],False,True,False,kg_retrieval,hublink,kittoolbox_kit.minimax-m2.7-229b_tmpNone_maxt-1_reasoningNone,KitToolbox,kit.minimax-m2.7-229b,,-1,,kittoolbox_kit.minimax-m2.7-229b_tmpNone_maxt-1_reasoningNone,KitToolbox,kit.minimax-m2.7-229b,,-1,,orkg_merged_ecsa_icsa.json_jsonpublicationloader_limit-1,['paper_class'],['research_level'],['first_research_object'],['second_research_object'],['validity'],['evidence'],False,False,R659055,https://sandbox.orkg.org,-1,orkg,merged_ecsa_icsa.json_jsonpublicationloader_limit-1,merged_ecsa_icsa.json,JsonPublicationLoader,-1,,4000,2,generation_kittoolbox_kit.minimax-m2.7-229b_tmpNone_maxt-1_reasoningNone,generation,kittoolbox_kit.minimax-m2.7-229b_tmpNone_maxt-1_reasoningNone,KitToolbox,kit.minimax-m2.7-229b,,-1,,"['(R869480:Threat to Validity, repeatability, L1522321:False)', '(R869480:Threat to Validity, construct validity, L1522320:True)', '(R869480:Threat to Validity, confirmability, L1522324:False)', '(R869480:Threat to Validity, internal validity, L1522322:True)']",How many threats to validity does the paper with the title 'DesignDiff: Continuously Modeling Software Design Difference from Code Revisions' discuss?,The number of threats to validity discussed in the paper with the title 'DesignDiff: Continuously Modeling Software Design Difference from Code Revisions' is two.,"['10.1109/ICSA47634.2020.00025', '10.1109/ICSA47634.2020.00025']",,"['(R869480:Threat to Validity, internal validity, L1522322:True)', '(R869480:Threat to Validity, construct validity, L1522320:True)']",publication_subgraph_strategy,R659055,Software Architecture and Design,4,How many threats to validity does the paper with the title '[Metadata: paper title]' have?
33,c75b3cf0921537bf3249b9a498522306,057b5edf-93b9-4377-8b8f-75ae4c84a8b6,"

The validity threats addressed in the paper include **internal validity, construct validity, repeatability, and confirmability** (with a possible reference to **external validity** as well).  

- According to one analysis, the paper discusses **four** distinct validity threats [1].  
- According to another analysis, the paper enumerates **five** threats (including the four above plus external validity) [2].  

Thus the sources provide two different counts: **four** versus **five** validity threats.

[1] Source: An Architecture for Decentralized, Collaborative, and Autonomous Robots, 10.1109/ICSA.2018.00017
[2] Source: Decentralized Architecture for Energy-Aware Service Assembly, 10.1007/978-3-030-58923-3_4
","['An Architecture for Decentralized, Collaborative, and Autonomous Robots']",0.5,0.667,0.125,0.5,0.25,1.0,0.11,0.5,0.18,0.29,0.18,0.67,0.29,0.43,0.11,0.5,0.18,0.29,0.18,0.67,0.29,0.43,0.111,0.182,0.111,0.182,0.01,0.17,0.11,0.41,0.03,0.02,0.06,0.15,0.09,0.35,0.401,0.59,0.477,0.0,244.06686067581177,0.0,126251,0,0.0,,0,0.0,,,0.0,0.0,,0.0,0.0,https://wandb.ai/kastel-sdq-meta-research/experiment_cross_encoder/r/call/01a05dfb-58f9-7e44-8b48-f570650581ea,retrieval_config,False,KitToolbox,kit.qwen3-embedding-8b,10,10,True,cosine,True,False,10,-1,8,False,False,1,False,-1,-1,False,,['R659055'],['Paper'],False,True,False,kg_retrieval,hublink,kittoolbox_kit.minimax-m2.7-229b_tmpNone_maxt-1_reasoningNone,KitToolbox,kit.minimax-m2.7-229b,,-1,,kittoolbox_kit.minimax-m2.7-229b_tmpNone_maxt-1_reasoningNone,KitToolbox,kit.minimax-m2.7-229b,,-1,,orkg_merged_ecsa_icsa.json_jsonpublicationloader_limit-1,['paper_class'],['research_level'],['first_research_object'],['second_research_object'],['validity'],['evidence'],False,False,R659055,https://sandbox.orkg.org,-1,orkg,merged_ecsa_icsa.json_jsonpublicationloader_limit-1,merged_ecsa_icsa.json,JsonPublicationLoader,-1,,4000,2,generation_kittoolbox_kit.minimax-m2.7-229b_tmpNone_maxt-1_reasoningNone,generation,kittoolbox_kit.minimax-m2.7-229b_tmpNone_maxt-1_reasoningNone,KitToolbox,kit.minimax-m2.7-229b,,-1,,"['(R871576:Threat to Validity, confirmability, L1526692:False)', '(R871576:Threat to Validity, construct validity, L1526688:False)', '(R871576:Threat to Validity, repeatability, L1526689:False)', '(R871576:Threat to Validity, internal validity, L1526690:True)', '(R869942:Threat to Validity, internal validity, L1523315:True)', '(R869942:Threat to Validity, external validity, L1523316:True)', '(R869942:Threat to Validity, confirmability, L1523317:False)', '(R869942:Threat to Validity, construct validity, L1523313:False)', '(R869942:Threat to Validity, repeatability, L1523314:False)']","What is the number of validity threats discussed in 'An Architecture for Decentralized, Collaborative, and Autonomous Robots'?","The number of validity threats discussed in 'An Architecture for Decentralized, Collaborative, and Autonomous Robots' is two.","['10.1109/ICSA.2018.00017', '10.1109/ICSA.2018.00017']",,"['(R871576:Threat to Validity, external validity, L1526691:True)', '(R871576:Threat to Validity, internal validity, L1526690:True)']",publication_subgraph_strategy,R871523,"An Architecture for Decentralized, Collaborative, and Autonomous Robots",3,How many threats to validity does the paper with the title '[Metadata: paper title]' have?
34,c75b3cf0921537bf3249b9a498522306,34b512a3-42b8-4696-89e7-be878211580f,"

The paper employs **one** evaluation method – a **Focus Group** (as indicated by source [1]).

[1] Source: Continuous Architecture: Towards the Goldilocks Zone and Away from Vicious Circles, 10.1109/ICSA.2019.00022
",['Continuous Architecture: Towards the Goldilocks Zone and Away from Vicious Circles'],1.0,1.0,0.2,0.325,0.2,0.25,0.2,1.0,0.33,0.56,0.33,1.0,0.5,0.71,0.2,1.0,0.33,0.56,0.33,1.0,0.5,0.71,0.2,0.333,0.2,0.333,0.02,0.26,0.36,0.2,0.11,0.15,0.08,0.15,0.21,0.12,0.59,0.604,0.597,1.0,287.1740508079529,0.0001383,4188,0,0.0,,0,0.0,,,0.0,0.0,,0.0,0.0,https://wandb.ai/kastel-sdq-meta-research/experiment_cross_encoder/r/call/01a05dfb-9d20-778d-9265-453fadc1b169,retrieval_config,False,KitToolbox,kit.qwen3-embedding-8b,10,10,True,cosine,True,False,10,-1,8,False,False,1,False,-1,-1,False,,['R659055'],['Paper'],False,True,False,kg_retrieval,hublink,kittoolbox_kit.minimax-m2.7-229b_tmpNone_maxt-1_reasoningNone,KitToolbox,kit.minimax-m2.7-229b,,-1,,kittoolbox_kit.minimax-m2.7-229b_tmpNone_maxt-1_reasoningNone,KitToolbox,kit.minimax-m2.7-229b,,-1,,orkg_merged_ecsa_icsa.json_jsonpublicationloader_limit-1,['paper_class'],['research_level'],['first_research_object'],['second_research_object'],['validity'],['evidence'],False,False,R659055,https://sandbox.orkg.org,-1,orkg,merged_ecsa_icsa.json_jsonpublicationloader_limit-1,merged_ecsa_icsa.json,JsonPublicationLoader,-1,,4000,2,generation_kittoolbox_kit.minimax-m2.7-229b_tmpNone_maxt-1_reasoningNone,generation,kittoolbox_kit.minimax-m2.7-229b_tmpNone_maxt-1_reasoningNone,KitToolbox,kit.minimax-m2.7-229b,,-1,,"['(R873775:Continuous Architecture: Towards the Goldilocks Zone and Away from Vicious Circles, contribution, R873796:First Research Object 2)', '(R873796:First Research Object 2, evaluation, R873797:Evaluation)', '(R873797:Evaluation, Evaluation method, R873798:Evaluation Method List)', '(R873798:Evaluation Method List, Entity, R873799:Evaluation Method Entity)', '(R873799:Evaluation Method Entity, Name, L1531251:Focus Group)']",How many evaluation methods does the paper with the title 'Continuous Architecture: Towards the Goldilocks Zone and Away from Vicious Circles' have?,The number of evaluation methods that the paper with the title 'Continuous Architecture: Towards the Goldilocks Zone and Away from Vicious Circles' has is one.,['10.1109/ICSA.2019.00022'],,"['(R873799:Evaluation Method Entity, Name, L1531251:Focus Group)']",publication_subgraph_strategy,R873775,Continuous Architecture: Towards the Goldilocks Zone and Away from Vicious Circles,5,How many evaluation methods does the paper with the title '[Metadata: paper title]' have?
35,c75b3cf0921537bf3249b9a498522306,6cd19fef-1eca-4941-b8a4-c6bd1c9902ac,"

Based on the provided partial answers, there is a discrepancy regarding the number of evaluation methods used in the study ""Microservice Architecture in Reality: An Industrial Inquiry.""

According to Partial Answer [1], the evaluation employed a single evaluation method – the Interview.

According to Partial Answer [2], the evaluation employed two distinct methods:
1. Questionnaire
2. Interview

Given this conflict between the sources, the available information indicates different conclusions. Partial Answer [2] is more detailed, citing an ""Evaluation Method List"" that explicitly includes both the questionnaire and interview methods, suggesting that two evaluation methods were used. Partial Answer [1], however, states that only the interview method was employed for the evaluation of this study.

**Final Answer:**
The sources disagree on this matter. One source indicates one evaluation method was used (Interview), while the other indicates two methods were used (Questionnaire and Interview). Based on the more detailed information provided, it appears that two evaluation methods – Questionnaire and Interview – were used for the evaluation in ""Microservice Architecture in Reality: An Industrial Inquiry."" [1][2]

[1] Source: Microservice Architecture in Reality: An Industrial Inquiry, 10.1109/ICSA.2019.00014
[2] Source: Migrating Towards Microservice Architectures: An Industrial Survey, 10.1109/ICSA.2018.00012
",['Microservice Architecture in Reality: An Industrial Inquiry'],1.0,1.0,0.2,0.325,0.2,0.25,0.12,1.0,0.22,0.42,0.17,1.0,0.29,0.5,0.12,1.0,0.22,0.42,0.17,1.0,0.29,0.5,0.125,0.167,0.125,0.167,0.01,0.07,0.03,0.67,0.02,0.01,0.25,0.06,0.03,0.56,0.282,0.603,0.385,0.0,270.68991351127625,0.0031379999999999993,19482,0,0.0,,0,0.0,,,0.0,0.0,,0.0,0.0,https://wandb.ai/kastel-sdq-meta-research/experiment_cross_encoder/r/call/01a05dfb-cf54-79fa-932e-b48e6c3dfc89,retrieval_config,False,KitToolbox,kit.qwen3-embedding-8b,10,10,True,cosine,True,False,10,-1,8,False,False,1,False,-1,-1,False,,['R659055'],['Paper'],False,True,False,kg_retrieval,hublink,kittoolbox_kit.minimax-m2.7-229b_tmpNone_maxt-1_reasoningNone,KitToolbox,kit.minimax-m2.7-229b,,-1,,kittoolbox_kit.minimax-m2.7-229b_tmpNone_maxt-1_reasoningNone,KitToolbox,kit.minimax-m2.7-229b,,-1,,orkg_merged_ecsa_icsa.json_jsonpublicationloader_limit-1,['paper_class'],['research_level'],['first_research_object'],['second_research_object'],['validity'],['evidence'],False,False,R659055,https://sandbox.orkg.org,-1,orkg,merged_ecsa_icsa.json_jsonpublicationloader_limit-1,merged_ecsa_icsa.json,JsonPublicationLoader,-1,,4000,2,generation_kittoolbox_kit.minimax-m2.7-229b_tmpNone_maxt-1_reasoningNone,generation,kittoolbox_kit.minimax-m2.7-229b_tmpNone_maxt-1_reasoningNone,KitToolbox,kit.minimax-m2.7-229b,,-1,,"['(R870188:Microservice Architecture in Reality: An Industrial Inquiry, contribution, R870209:First Research Object 2)', '(R870209:First Research Object 2, evaluation, R870210:Evaluation)', '(R870210:Evaluation, Evaluation method, R870211:Evaluation Method List)', '(R870211:Evaluation Method List, Entity, R870212:Evaluation Method Entity)', '(R870212:Evaluation Method Entity, Name, L1523902:Interview)', '(R2156193:Evaluation Method Entity, Name, L2809564:Questionnaire)', '(R2156200:Evaluation Method Entity, Name, L2809566:Interview)', '(R871016:Evaluation Method Entity, Name, L1525564:Questionnaire)']",What is the number of evaluation methods that have been used for the evaluation in 'Microservice Architecture in Reality: An Industrial Inquiry'?,"The paper contains one evaluation method, which is Interview.",['10.1109/ICSA.2019.00014'],,"['(R870212:Evaluation Method Entity, Name, L1523902:Interview)']",publication_subgraph_strategy,R870188,Microservice Architecture in Reality: An Industrial Inquiry,5,How many evaluation methods does the paper with the title '[Metadata: paper title]' have?
36,c75b3cf0921537bf3249b9a498522306,fcad33f8-09fc-4c67-a44a-495cf93be0c0,"

The paper evaluated the following properties (listed in descending alphabetical order):

1. **Satisfaction** [1][2]  
2. **Quality of Method** [5]  
3. **Quality in Use** [1][2][6]  
4. **Product Quality** [1][3]  
5. **Functional Suitability** [1][3][4]  
6. **Effectiveness** [2][6]  
7. **Accuracy** [5]

[1] Source: Monolith Migration Complexity Tuning Through the Application of Microservices Patterns, 10.1007/978-3-030-58923-3_3
[2] Source: Migrating Towards Microservice Architectures: An Industrial Survey, 10.1109/ICSA.2018.00012
[3] Source: A Complexity Metric for Microservices Architecture Migration, 10.1109/ICSA47634.2020.00024
[4] Source: From a Monolith to a Microservices Architecture: An Approach Based on Transactional Contexts, 10.1007/978-3-030-29983-5_3
[5] Source: From Monolithic Architecture Style to Microservice one Based on a Semi-Automatic Approach, 10.1109/ICSA47634.2020.00023
[6] Source: Tool Support for the Migration to Microservice Architecture: An Industrial Case Study, 10.1007/978-3-030-29983-5_17
",['Monolith Migration Complexity Tuning Through the Application of Microservices Patterns'],1.0,0.25,0.5,0.25,0.5,0.5,0.2,1.0,0.33,0.56,0.21,1.0,0.35,0.57,0.09,1.0,0.16,0.32,0.1,1.0,0.17,0.34,0.2,0.211,0.087,0.095,0.03,0.37,0.31,0.45,0.14,0.11,0.17,0.18,0.16,0.23,0.399,0.617,0.485,1.0,302.8716013431549,0.0,9417,0,0.0,,0,0.0,,,0.0,0.0,,0.0,0.0,https://wandb.ai/kastel-sdq-meta-research/experiment_cross_encoder/r/call/01a05dfb-f7cb-745c-86ad-8e7602cd56ff,retrieval_config,False,KitToolbox,kit.qwen3-embedding-8b,10,10,True,cosine,True,False,10,-1,8,False,False,1,False,-1,-1,False,,['R659055'],['Paper'],False,True,False,kg_retrieval,hublink,kittoolbox_kit.minimax-m2.7-229b_tmpNone_maxt-1_reasoningNone,KitToolbox,kit.minimax-m2.7-229b,,-1,,kittoolbox_kit.minimax-m2.7-229b_tmpNone_maxt-1_reasoningNone,KitToolbox,kit.minimax-m2.7-229b,,-1,,orkg_merged_ecsa_icsa.json_jsonpublicationloader_limit-1,['paper_class'],['research_level'],['first_research_object'],['second_research_object'],['validity'],['evidence'],False,False,R659055,https://sandbox.orkg.org,-1,orkg,merged_ecsa_icsa.json_jsonpublicationloader_limit-1,merged_ecsa_icsa.json,JsonPublicationLoader,-1,,4000,2,generation_kittoolbox_kit.minimax-m2.7-229b_tmpNone_maxt-1_reasoningNone,generation,kittoolbox_kit.minimax-m2.7-229b_tmpNone_maxt-1_reasoningNone,KitToolbox,kit.minimax-m2.7-229b,,-1,,"['(R871212:Property, Name, L1525966:Functional Suitability)', '(R872514:Property, Name, L1528664:Satisfaction)', '(R872511:Property, Name, L1528663:Product Quality)', '(R872512:Property, Name, L1528662:Functional Suitability)', '(R872513:Property, Name, L1528665:Quality in Use)', '(R874630:Property, Name, L1533008:Functional Suitability)', '(R2156252:Property, Name, L2809616:Functional Suitability)', '(R874629:Property, Name, L1533009:Product Quality)', '(R2156173:First Research Object 2, evaluation, R2156188:Evaluation)', '(R2156188:Evaluation, properties, R2156204:Property)', '(R2156212:Property, Name, L2809591:Satisfaction)', '(R872462:Property, Name, L1528567:Effectiveness)', '(R872470:Property, Name, L1528572:Effectiveness)', '(R2156204:Property, Name, L2809581:Quality in Use)', '(R871013:First Research Object 2, evaluation, R871014:Evaluation)', '(R871014:Evaluation, properties, R871019:Property)', '(R871021:Property, Name, L1525568:Satisfaction)', '(R870547:Property, Name, L1524580:Accuracy)', '(R2156207:Property, Name, L2809589:Effectiveness)', '(R871019:Property, Name, L1525569:Quality in Use)', '(R872461:Property, Name, L1528568:Quality in Use)', '(R871020:Property, Name, L1525567:Effectiveness)', '(R870546:Property, Name, L1524581:Quality of Method)']",Which properties were evaluated in the paper with the title 'Monolith Migration Complexity Tuning Through the Application of Microservices Patterns'? Rank the properties in descending alphabetical order.,"The properties that were evaluated in the paper with the title 'Monolith Migration Complexity Tuning Through the Application of Microservices Patterns' are Satisfaction and Functional Suitability, ranked in descending alphabetical order.","['10.1007/978-3-030-58923-3_3', '10.1007/978-3-030-58923-3_3']",,"['(R872514:Property, Name, L1528664:Satisfaction)', '(R872512:Property, Name, L1528662:Functional Suitability)']",publication_subgraph_strategy,R659055,Software Architecture and Design,6,Which sub-properties were evaluated in the paper with the title '[Metadata: paper title]'? Rank them in descending alphabetical order.
37,c75b3cf0921537bf3249b9a498522306,973f39b3-53cf-43b7-83cd-3a411fe22898,"

**Properties evaluated (listed in descending alphabetical order)**  

1. **Usability** [1]  
2. **Security** [4]  
3. **Quality of Method** [2][3]  
4. **Quality in Use** [1]  
5. **Product Quality** [1][2]  
6. **Performance efficiency** [2][4]  
7. **Functional Suitability** [4]  
8. **Effectiveness** [1]  
9. **Accuracy** [2][3]  

[1] Source: Constructing a Shared Infrastructure for Software Architecture Analysis and Maintenance, 10.1109/ICSA51549.2021.00022
[2] Source: Formal Software Architectural Migration Towards Emerging Architectural Styles, 10.1007/978-3-030-58923-3_2
[3] Source: Data-Driven Software Architecture for Analyzing Confidentiality, 10.1109/ICSA.2019.00009
[4] Source: Towards a Reference Architecture for Cloud-Based Plant Genotyping and Phenotyping Analysis Frameworks, 10.1109/ICSA.2017.42
",['Constructing a Shared Infrastructure for Software Architecture Analysis and Maintenance'],1.0,0.75,0.243,0.121,0.2,0.2,0.2,1.0,0.33,0.56,0.27,1.0,0.42,0.65,0.11,1.0,0.2,0.38,0.13,1.0,0.23,0.43,0.2,0.267,0.111,0.129,0.02,0.25,0.2,0.35,0.09,0.07,0.12,0.23,0.18,0.31,0.356,0.609,0.45,1.0,233.80317211151123,0.0,25765,0,0.0,,0,0.0,,,0.0,0.0,,0.0,0.0,https://wandb.ai/kastel-sdq-meta-research/experiment_cross_encoder/r/call/01a05dfc-286d-7bdd-a80b-7abde96429cd,retrieval_config,False,KitToolbox,kit.qwen3-embedding-8b,10,10,True,cosine,True,False,10,-1,8,False,False,1,False,-1,-1,False,,['R659055'],['Paper'],False,True,False,kg_retrieval,hublink,kittoolbox_kit.minimax-m2.7-229b_tmpNone_maxt-1_reasoningNone,KitToolbox,kit.minimax-m2.7-229b,,-1,,kittoolbox_kit.minimax-m2.7-229b_tmpNone_maxt-1_reasoningNone,KitToolbox,kit.minimax-m2.7-229b,,-1,,orkg_merged_ecsa_icsa.json_jsonpublicationloader_limit-1,['paper_class'],['research_level'],['first_research_object'],['second_research_object'],['validity'],['evidence'],False,False,R659055,https://sandbox.orkg.org,-1,orkg,merged_ecsa_icsa.json_jsonpublicationloader_limit-1,merged_ecsa_icsa.json,JsonPublicationLoader,-1,,4000,2,generation_kittoolbox_kit.minimax-m2.7-229b_tmpNone_maxt-1_reasoningNone,generation,kittoolbox_kit.minimax-m2.7-229b_tmpNone_maxt-1_reasoningNone,KitToolbox,kit.minimax-m2.7-229b,,-1,,"['(R871170:Property, Name, L1525877:Quality of Method)', '(R871674:Constructing a Shared Infrastructure for Software Architecture Analysis and Maintenance, contribution, R871701:First Research Object 2)', '(R871701:First Research Object 2, evaluation, R871702:Evaluation)', '(R871702:Evaluation, properties, R871707:Property)', '(R871708:Property, Name, L1526978:Usability)', '(R871702:Evaluation, properties, R871705:Property)', '(R871706:Property, Name, L1526976:Effectiveness)', '(R871705:Property, Name, L1526977:Quality in Use)', '(R871707:Property, Name, L1526979:Product Quality)', '(R871173:Property, Name, L1525878:Performance efficiency)', '(R873687:Property, Name, L1531015:Accuracy)', '(R871171:Property, Name, L1525876:Accuracy)', '(R872592:Property, Name, L1528794:Security)', '(R871172:Property, Name, L1525879:Product Quality)', '(R872576:Property, Name, L1528782:Performance efficiency)', '(R872574:Property, Name, L1528780:Security)', '(R873686:Property, Name, L1531016:Quality of Method)', '(R872585:Property, Name, L1528788:Functional Suitability)']",List the properties that have been evaluated in 'Constructing a Shared Infrastructure for Software Architecture Analysis and Maintenance'. Rank the properties in descending alphabetical order.,"The properties that have been evaluated in 'Constructing a Shared Infrastructure for Software Architecture Analysis and Maintenance', ranked in descending alphabetical order, are: usability and effectiveness.","['10.1109/ICSA51549.2021.00022', '10.1109/ICSA51549.2021.00022']",,"['(R871706:Property, Name, L1526976:Effectiveness)', '(R871708:Property, Name, L1526978:Usability)']",publication_subgraph_strategy,R871674,Constructing a Shared Infrastructure for Software Architecture Analysis and Maintenance,5,"Which sub-properties does the publication '[Metadata: paper title]' have, ranked in descending alphabetical order?"
38,c75b3cf0921537bf3249b9a498522306,aad55265-6344-4c2d-b45e-5bcaef64d0b0,"

The paper identifies the following threats to validity: repeatability, internal validity, external validity, construct validity, and confirmability [1].  

When arranged in descending alphabetical order, the threats are:  

**repeatability, internal validity, external validity, construct validity, confirmability** [1].

[1] Source: Continuous Integration Impediments in Large-Scale Industry Projects, 10.1109/ICSA.2017.11
",['Continuous Integration Impediments in Large-Scale Industry Projects'],1.0,1.0,0.7,0.525,1.0,1.0,0.6,1.0,0.75,0.88,0.67,1.0,0.8,0.91,0.6,1.0,0.75,0.88,0.67,1.0,0.8,0.91,0.6,0.667,0.6,0.667,0.2,0.56,0.53,0.59,0.36,0.34,0.39,0.44,0.42,0.47,0.503,0.605,0.549,1.0,141.64267349243164,0.0,8188,0,0.0,,0,0.0,,,0.0,0.0,,0.0,0.0,https://wandb.ai/kastel-sdq-meta-research/experiment_cross_encoder/r/call/01a05dff-41c0-7184-9cc8-21160790d531,retrieval_config,False,KitToolbox,kit.qwen3-embedding-8b,10,10,True,cosine,True,False,10,-1,8,False,False,1,False,-1,-1,False,,['R659055'],['Paper'],False,True,False,kg_retrieval,hublink,kittoolbox_kit.minimax-m2.7-229b_tmpNone_maxt-1_reasoningNone,KitToolbox,kit.minimax-m2.7-229b,,-1,,kittoolbox_kit.minimax-m2.7-229b_tmpNone_maxt-1_reasoningNone,KitToolbox,kit.minimax-m2.7-229b,,-1,,orkg_merged_ecsa_icsa.json_jsonpublicationloader_limit-1,['paper_class'],['research_level'],['first_research_object'],['second_research_object'],['validity'],['evidence'],False,False,R659055,https://sandbox.orkg.org,-1,orkg,merged_ecsa_icsa.json_jsonpublicationloader_limit-1,merged_ecsa_icsa.json,JsonPublicationLoader,-1,,4000,2,generation_kittoolbox_kit.minimax-m2.7-229b_tmpNone_maxt-1_reasoningNone,generation,kittoolbox_kit.minimax-m2.7-229b_tmpNone_maxt-1_reasoningNone,KitToolbox,kit.minimax-m2.7-229b,,-1,,"['(R868602:Threat to Validity, construct validity, L1520441:True)', '(R868602:Threat to Validity, confirmability, L1520445:False)', '(R868602:Threat to Validity, repeatability, L1520442:False)', '(R868602:Threat to Validity, external validity, L1520444:True)', '(R868602:Threat to Validity, internal validity, L1520443:True)']",Which threats to validity does the paper with the title 'Continuous Integration Impediments in Large-Scale Industry Projects' discuss? Rank the threats to validity in descending alphabetical order.,"The threats to validity that the paper with the title 'Continuous Integration Impediments in Large-Scale Industry Projects' discusses, ranked in descending alphabetical order, are internal validity, external validity, and construct validity.","['10.1109/ICSA.2017.11', '10.1109/ICSA.2017.11', '10.1109/ICSA.2017.11']",,"['(R868602:Threat to Validity, construct validity, L1520441:True)', '(R868602:Threat to Validity, internal validity, L1520443:True)', '(R868602:Threat to Validity, external validity, L1520444:True)']",publication_subgraph_strategy,R659055,Software Architecture and Design,4,"Which threats to validity does the publication '[Metadata: paper title]' have, ranked in descending alphabetical order?"
39,c75b3cf0921537bf3249b9a498522306,df61b1b2-71e8-4dbc-8ba0-5c840d7d795c,"

- repeatability [1]  
- internal validity [1]  
- external validity [1]  
- construct validity [1]

[1] Source: Architectural Security Weaknesses in Industrial Control Systems (ICS) an Empirical Study Based on Disclosed Software Vulnerabilities, 10.1109/ICSA.2019.00012
",['Architectural Security Weaknesses in Industrial Control Systems (ICS) an Empirical Study Based on Disclosed Software Vulnerabilities'],1.0,1.0,1.0,0.75,1.0,1.0,0.75,1.0,0.86,0.94,0.8,1.0,0.89,0.95,0.75,1.0,0.86,0.94,0.8,1.0,0.89,0.95,0.75,0.8,0.75,0.8,0.03,0.27,0.55,0.18,0.14,0.3,0.09,0.27,0.55,0.18,0.483,0.461,0.472,1.0,127.82101798057556,0.0,8342,0,0.0,,0,0.0,,,0.0,0.0,,0.0,0.0,https://wandb.ai/kastel-sdq-meta-research/experiment_cross_encoder/r/call/01a05e00-0c13-73fb-80fc-fc710d3e18f8,retrieval_config,False,KitToolbox,kit.qwen3-embedding-8b,10,10,True,cosine,True,False,10,-1,8,False,False,1,False,-1,-1,False,,['R659055'],['Paper'],False,True,False,kg_retrieval,hublink,kittoolbox_kit.minimax-m2.7-229b_tmpNone_maxt-1_reasoningNone,KitToolbox,kit.minimax-m2.7-229b,,-1,,kittoolbox_kit.minimax-m2.7-229b_tmpNone_maxt-1_reasoningNone,KitToolbox,kit.minimax-m2.7-229b,,-1,,orkg_merged_ecsa_icsa.json_jsonpublicationloader_limit-1,['paper_class'],['research_level'],['first_research_object'],['second_research_object'],['validity'],['evidence'],False,False,R659055,https://sandbox.orkg.org,-1,orkg,merged_ecsa_icsa.json_jsonpublicationloader_limit-1,merged_ecsa_icsa.json,JsonPublicationLoader,-1,,4000,2,generation_kittoolbox_kit.minimax-m2.7-229b_tmpNone_maxt-1_reasoningNone,generation,kittoolbox_kit.minimax-m2.7-229b_tmpNone_maxt-1_reasoningNone,KitToolbox,kit.minimax-m2.7-229b,,-1,,"['(R870786:Threat to Validity, external validity, L1525094:True)', '(R870786:Threat to Validity, internal validity, L1525093:True)', '(R870786:Threat to Validity, construct validity, L1525091:True)', '(R870786:Threat to Validity, repeatability, L1525092:False)']",Which validity threats are discussed in 'Architectural Security Weaknesses in Industrial Control Systems (ICS) an Empirical Study Based on Disclosed Software Vulnerabilities'? Rank them in reverse alphabetical order.,"The validity threats discussed in 'Architectural Security Weaknesses in Industrial Control Systems (ICS) an Empirical Study Based on Disclosed Software Vulnerabilities', ranked in reverse alphabetical order, are internal validity, external validity, and construct validity.","['10.1109/ICSA.2019.00012', '10.1109/ICSA.2019.00012', '10.1109/ICSA.2019.00012']",,"['(R870786:Threat to Validity, internal validity, L1525093:True)', '(R870786:Threat to Validity, external validity, L1525094:True)', '(R870786:Threat to Validity, construct validity, L1525091:True)']",publication_subgraph_strategy,R870753,Architectural Security Weaknesses in Industrial Control Systems (ICS) an Empirical Study Based on Disclosed Software Vulnerabilities,3,"Which threats to validity does the publication '[Metadata: paper title]' have, ranked in descending alphabetical order?"
40,c75b3cf0921537bf3249b9a498522306,90c11fd9-663f-4a90-ab34-29b7e67499f0,"

The evaluation method for **“Model‑Based Analysis of Microservice Resiliency Patterns”** is a **Technical Experiment** [1].  

The evaluation method for **“Supporting Architectural Decision Making on Data Management in Microservice Architectures”** is **Grounded Theory** [2].  

Thus, the two papers employ different evaluation approaches: one uses a technical experiment, while the other uses a grounded‑theory methodology.

[1] Source: Model-Based Analysis of Microservice Resiliency Patterns, 10.1109/ICSA47634.2020.00019
[2] Source: Supporting Architectural Decision Making on Data Management in Microservice Architectures, 10.1007/978-3-030-29983-5_2
","['Model-Based Analysis of Microservice Resiliency Patterns', 'Supporting Architectural Decision Making on Data Management in Microservice Architectures']",0.5,0.5,0.062,0.098,0.125,0.143,0.12,0.5,0.2,0.31,0.2,0.5,0.29,0.38,0.12,0.5,0.2,0.31,0.2,0.5,0.29,0.38,0.125,0.2,0.125,0.2,0.15,0.5,0.6,0.42,0.32,0.39,0.27,0.47,0.56,0.4,0.592,0.647,0.618,1.0,205.05195021629333,0.0,51236,0,0.0,,0,0.0,,,0.0,0.0,,0.0,0.0,https://wandb.ai/kastel-sdq-meta-research/experiment_cross_encoder/r/call/01a05e00-4459-7633-aa3b-02a984a319b1,retrieval_config,False,KitToolbox,kit.qwen3-embedding-8b,10,10,True,cosine,True,False,10,-1,8,False,False,1,False,-1,-1,False,,['R659055'],['Paper'],False,True,False,kg_retrieval,hublink,kittoolbox_kit.minimax-m2.7-229b_tmpNone_maxt-1_reasoningNone,KitToolbox,kit.minimax-m2.7-229b,,-1,,kittoolbox_kit.minimax-m2.7-229b_tmpNone_maxt-1_reasoningNone,KitToolbox,kit.minimax-m2.7-229b,,-1,,orkg_merged_ecsa_icsa.json_jsonpublicationloader_limit-1,['paper_class'],['research_level'],['first_research_object'],['second_research_object'],['validity'],['evidence'],False,False,R659055,https://sandbox.orkg.org,-1,orkg,merged_ecsa_icsa.json_jsonpublicationloader_limit-1,merged_ecsa_icsa.json,JsonPublicationLoader,-1,,4000,2,generation_kittoolbox_kit.minimax-m2.7-229b_tmpNone_maxt-1_reasoningNone,generation,kittoolbox_kit.minimax-m2.7-229b_tmpNone_maxt-1_reasoningNone,KitToolbox,kit.minimax-m2.7-229b,,-1,,"['(R869851:Model-Based Analysis of Microservice Resiliency Patterns, contribution, R869880:First Research Object 2)', '(R869880:First Research Object 2, evaluation, R869881:Evaluation)', '(R869881:Evaluation, Evaluation method, R869882:Evaluation Method List)', '(R869882:Evaluation Method List, Entity, R869883:Evaluation Method Entity)', '(R869883:Evaluation Method Entity, Name, L1523198:Technical Experiment)', '(R873003:Evaluation, Evaluation method, R873004:Evaluation Method List)', '(R873004:Evaluation Method List, Entity, R873005:Evaluation Method Entity)', '(R873005:Evaluation Method Entity, Name, L1529647:Grounded Theory)']",What are the evaluation methods used by the paper with the title 'Model-Based Analysis of Microservice Resiliency Patterns' compared to the evaluation methods applied in the paper with the title 'Supporting Architectural Decision Making on Data Management in Microservice Architectures'?,"The evaluation methods used by the paper with the title 'Model-Based Analysis of Microservice Resiliency Patterns' compared to the evaluation methods applied in the paper with the title 'Supporting Architectural Decision Making on Data Management in Microservice Architectures' are as follows: the paper 'Model-Based Analysis of Microservice Resiliency Patterns' uses Technical Experiment as its evaluation method, whereas the paper 'Supporting Architectural Decision Making on Data Management in Microservice Architectures' applies Grounded Theory as its evaluation method.","['10.1109/ICSA47634.2020.00019', '10.1007/978-3-030-29983-5_2']",,"['(R869891:Evaluation Method Entity, Name, L1523203:Technical Experiment)', '(R873005:Evaluation Method Entity, Name, L1529647:Grounded Theory)']",publication_subgraph_strategy,R659055,Software Architecture and Design,6,What are the names of the evaluation methods used by the paper with the title '[paper title 1]' compared to the methods applied in the paper with the title '[paper title 2]'?
41,c75b3cf0921537bf3249b9a498522306,a0a0cd4a-6ddc-470e-9d49-68bf90f4a0ec,"

**Comparison of the evaluation methods**

| Paper | Reported evaluation method(s) | Guideline used? | Properties examined |
|-------|------------------------------|----------------|----------------------|
| *A Blockchain‑Based Micro Economy Platform for Distributed Infrastructure Initiatives* | – Case Study [1]  <br>– Technical Experiment [3]  <br>– Argumentation [3] | No formal guideline (Has Guideline = false) [1][3] | Product‑quality [1]; Security [1][3]; Performance‑efficiency [1][3]; Context coverage [3]; Quality‑in‑Use [3]; Reliability [3]; Functional Suitability [3] |
| *Integrating Statistical Response Time Models in Architectural Performance Models* | Technical Experiment [2] | No formal guideline (Has Guideline = false) [2] | Product‑quality [2]; Performance‑efficiency [2] |

### How the methods differ  

* **Breadth of approach** – The first paper employs more than one evaluation strategy. One source describes it as a **Case Study** [1], while another source lists both a **Technical Experiment** and **Argumentation** [3]. The second paper relies solely on a **Technical Experiment** [2].  

* **Guideline status** – Both investigations are described as lacking a formal guideline (Has Guideline = false) [1][2][3]; this common characteristic means neither follows a prescribed evaluation protocol.  

* **Scope of properties examined** – The first study evaluates a wider range of properties, including security, reliability, functional suitability, context coverage, and quality‑in‑use in addition to product‑quality and performance‑efficiency [1][3]. The second study focuses narrowly on product‑quality and performance‑efficiency [2].  

* **Common ground** – Both papers assess **performance‑efficiency** and both use an **unguided** evaluation, which allows a direct, limited comparison of these two aspects.

### Summary  

Based on the available information, the evaluation of the blockchain‑based platform is more **multifaceted** (combining a case study with technical experimentation and argumentation) and inspects a broader set of quality attributes. In contrast, the evaluation of the statistical response‑time models is confined to a **single technical experiment** that concentrates on product‑quality and performance‑efficiency. The lack of a formal guideline in both cases is a shared characteristic, but the depth and breadth of the assessments differ markedly.

[1] Source: A Blockchain-Based Micro Economy Platform for Distributed Infrastructure Initiatives, 10.1109/ICSA.2018.00010
[2] Source: Integrating Statistical Response Time Models in Architectural Performance Models, 10.1109/ICSA.2019.00016
[3] Source: A Platform Architecture for Multi-Tenant Blockchain-Based Systems, 10.1109/ICSA.2019.00019
","['A Blockchain-Based Micro Economy Platform for Distributed Infrastructure Initiatives', 'Integrating Statistical Response Time Models in Architectural Performance Models']",0.5,1.0,0.167,0.292,0.333,0.5,0.1,0.5,0.17,0.28,0.14,0.5,0.22,0.33,0.12,1.0,0.22,0.42,0.18,1.0,0.31,0.53,0.1,0.143,0.125,0.182,0.03,0.21,0.12,1.0,0.14,0.08,0.71,0.17,0.09,0.81,0.359,0.631,0.458,1.0,334.0957589149475,0.0,61488,0,0.0,,0,0.0,,,0.0,0.0,,0.0,0.0,https://wandb.ai/kastel-sdq-meta-research/experiment_cross_encoder/r/call/01a05e00-764c-7213-ae0a-3c4813e73c8b,retrieval_config,False,KitToolbox,kit.qwen3-embedding-8b,10,10,True,cosine,True,False,10,-1,8,False,False,1,False,-1,-1,False,,['R659055'],['Paper'],False,True,False,kg_retrieval,hublink,kittoolbox_kit.minimax-m2.7-229b_tmpNone_maxt-1_reasoningNone,KitToolbox,kit.minimax-m2.7-229b,,-1,,kittoolbox_kit.minimax-m2.7-229b_tmpNone_maxt-1_reasoningNone,KitToolbox,kit.minimax-m2.7-229b,,-1,,orkg_merged_ecsa_icsa.json_jsonpublicationloader_limit-1,['paper_class'],['research_level'],['first_research_object'],['second_research_object'],['validity'],['evidence'],False,False,R659055,https://sandbox.orkg.org,-1,orkg,merged_ecsa_icsa.json_jsonpublicationloader_limit-1,merged_ecsa_icsa.json,JsonPublicationLoader,-1,,4000,2,generation_kittoolbox_kit.minimax-m2.7-229b_tmpNone_maxt-1_reasoningNone,generation,kittoolbox_kit.minimax-m2.7-229b_tmpNone_maxt-1_reasoningNone,KitToolbox,kit.minimax-m2.7-229b,,-1,,"['(R874708:Evaluation, Evaluation method, R874709:Evaluation Method List)', '(R874709:Evaluation Method List, Entity, R874710:Evaluation Method Entity)', '(R874710:Evaluation Method Entity, Name, L1533181:Case Study)', '(R874708:Evaluation, Has Guideline, L1533182:False)', '(R872216:Evaluation, Has Guideline, L1528031:False)', '(R872219:Property, Name, L1528033:Product Quality)', '(R871768:Evaluation, Evaluation method, R871769:Evaluation Method List)', '(R871769:Evaluation Method List, Entity, R871770:Evaluation Method Entity)', '(R871770:Evaluation Method Entity, Name, L1527095:Technical Experiment)', '(R872216:Evaluation, Evaluation method, R872217:Evaluation Method List)', '(R872217:Evaluation Method List, Entity, R872218:Evaluation Method Entity)', '(R872218:Evaluation Method Entity, Name, L1528030:Technical Experiment)', '(R871758:Evaluation, Evaluation method, R871759:Evaluation Method List)', '(R871759:Evaluation Method List, Entity, R871760:Evaluation Method Entity)', '(R871760:Evaluation Method Entity, Name, L1527086:Argumentation)', '(R872220:Property, Name, L1528032:Performance efficiency)']",Compare the evaluation method used in 'A Blockchain-Based Micro Economy Platform for Distributed Infrastructure Initiatives' with the method used in 'Integrating Statistical Response Time Models in Architectural Performance Models'.,"The evaluation method used in 'A Blockchain-Based Micro Economy Platform for Distributed Infrastructure Initiatives' is 'Case Study', while the evaluation method used in 'Integrating Statistical Response Time Models in Architectural Performance Models' is 'Technical Experiment'.","['10.1109/ICSA.2018.00010', '10.1109/ICSA.2019.00016']",,"['(R874710:Evaluation Method Entity, Name, L1533181:Case Study)', '(R872218:Evaluation Method Entity, Name, L1528030:Technical Experiment)']",publication_subgraph_strategy,R659055,Software Architecture and Design,6,What evaluation methods does the paper [paper_title_1] use compared to the paper [paper_title_2]?
42,c75b3cf0921537bf3249b9a498522306,75d04db2-69b3-4f2e-b966-cc2e9ce0bf7d,"

The paper **“How Software Architects Focus Their Attention”** is classified as **Paper Class 2**【1】.  
The paper **“Architecture‑Based Change Impact Analysis in Information Systems and Business Processes”** is also classified as **Paper Class 2**【2】.  

Thus, both papers belong to the same paper class.

","['How Software Architects Focus Their Attention', 'Architecture-Based Change Impact Analysis in Information Systems and Business Processes']",0.0,0.5,0.0,0.5,0.0,1.0,0.0,0.0,0.0,0.0,0.5,0.5,0.5,0.5,0.0,0.0,0.0,0.0,0.5,0.5,0.5,0.5,0.0,0.5,0.0,0.5,0.19,0.58,0.73,0.49,0.43,0.55,0.36,0.48,0.6,0.4,0.54,0.576,0.557,1.0,227.42092728614807,0.0,24448,0,0.0,,0,0.0,,,0.0,0.0,,0.0,0.0,https://wandb.ai/kastel-sdq-meta-research/experiment_cross_encoder/r/call/01a05e00-d1a6-7108-829b-dbe5eeaf32c4,retrieval_config,False,KitToolbox,kit.qwen3-embedding-8b,10,10,True,cosine,True,False,10,-1,8,False,False,1,False,-1,-1,False,,['R659055'],['Paper'],False,True,False,kg_retrieval,hublink,kittoolbox_kit.minimax-m2.7-229b_tmpNone_maxt-1_reasoningNone,KitToolbox,kit.minimax-m2.7-229b,,-1,,kittoolbox_kit.minimax-m2.7-229b_tmpNone_maxt-1_reasoningNone,KitToolbox,kit.minimax-m2.7-229b,,-1,,orkg_merged_ecsa_icsa.json_jsonpublicationloader_limit-1,['paper_class'],['research_level'],['first_research_object'],['second_research_object'],['validity'],['evidence'],False,False,R659055,https://sandbox.orkg.org,-1,orkg,merged_ecsa_icsa.json_jsonpublicationloader_limit-1,merged_ecsa_icsa.json,JsonPublicationLoader,-1,,4000,2,generation_kittoolbox_kit.minimax-m2.7-229b_tmpNone_maxt-1_reasoningNone,generation,kittoolbox_kit.minimax-m2.7-229b_tmpNone_maxt-1_reasoningNone,KitToolbox,kit.minimax-m2.7-229b,,-1,,"['(R868485:How Software Architects Focus Their Attention, contribution, R868504:Paper Class 2)', '(R873418:Architecture-Based Change Impact Analysis in Information Systems and Business Processes, contribution, R873438:Paper Class 2)']",What paper class does the paper with the title 'How Software Architects Focus Their Attention' have compared to the paper with the title 'Architecture-Based Change Impact Analysis in Information Systems and Business Processes'?,"The paper class that the paper with the title 'How Software Architects Focus Their Attention' has compared to the paper with the title 'Architecture-Based Change Impact Analysis in Information Systems and Business Processes' is that 'How Software Architects Focus Their Attention' is classified as a validation research paper, while 'Architecture-Based Change Impact Analysis in Information Systems and Business Processes' is classified as an evaluation research paper.","['10.1007/978-3-030-86044-8_21', '10.1109/ICSA.2017.17']",,"['(R868504:Paper Class 2, validation research, L1520241:True)', '(R873438:Paper Class 2, evaluation research, L1530523:True)']",publication_subgraph_strategy,R659055,Software Architecture and Design,3,What paper class does the paper [paper_title_1] have compared to the paper [paper_title_2]?
43,c75b3cf0921537bf3249b9a498522306,08ba06c8-0d54-49cb-bde3-75d19b15260a,"

According to the sources, the paper **“From Monolithic Architecture Style to Microservice one Based on a Semi‑Automatic Approach”** is classified as **Paper Class 2** [2].  

The paper **“Enabling Consistency between Software Artefacts for Software Adaption and Evolution”** is also classified as **Paper Class 2** [1].  

Thus, both papers belong to the same class, Paper Class 2. The other provided texts [3] and [4] do not contain class information for these specific titles.

[1] Source: Enabling Consistency between Software Artefacts for Software Adaption and Evolution, 10.1109/ICSA51549.2021.00009
[2] Source: From Monolithic Architecture Style to Microservice one Based on a Semi-Automatic Approach, 10.1109/ICSA47634.2020.00023
[3] Source: From a Monolith to a Microservices Architecture: An Approach Based on Transactional Contexts, 10.1007/978-3-030-29983-5_3
[4] Source: Semi-automatic Feedback for Improving Architecture Conformance to Microservice Patterns and Practices, 10.1109/ICSA51549.2021.00012
","['From Monolithic Architecture Style to Microservice one Based on a Semi-Automatic Approach', 'Enabling Consistency between Software Artefacts for Software Adaption and Evolution']",0.0,0.5,0.0,0.292,0.0,0.5,0.0,0.0,0.0,0.0,0.2,0.5,0.29,0.38,0.0,0.0,0.0,0.0,0.2,0.5,0.29,0.38,0.0,0.2,0.0,0.2,0.11,0.56,0.42,0.84,0.46,0.35,0.69,0.49,0.37,0.73,0.545,0.796,0.647,1.0,288.22330594062805,0.0,3727,0,0.0,,0,0.0,,,0.0,0.0,,0.0,0.0,https://wandb.ai/kastel-sdq-meta-research/experiment_cross_encoder/r/call/01a05e01-a38f-7d44-8b59-b5633044a6b7,retrieval_config,False,KitToolbox,kit.qwen3-embedding-8b,10,10,True,cosine,True,False,10,-1,8,False,False,1,False,-1,-1,False,,['R659055'],['Paper'],False,True,False,kg_retrieval,hublink,kittoolbox_kit.minimax-m2.7-229b_tmpNone_maxt-1_reasoningNone,KitToolbox,kit.minimax-m2.7-229b,,-1,,kittoolbox_kit.minimax-m2.7-229b_tmpNone_maxt-1_reasoningNone,KitToolbox,kit.minimax-m2.7-229b,,-1,,orkg_merged_ecsa_icsa.json_jsonpublicationloader_limit-1,['paper_class'],['research_level'],['first_research_object'],['second_research_object'],['validity'],['evidence'],False,False,R659055,https://sandbox.orkg.org,-1,orkg,merged_ecsa_icsa.json_jsonpublicationloader_limit-1,merged_ecsa_icsa.json,JsonPublicationLoader,-1,,4000,2,generation_kittoolbox_kit.minimax-m2.7-229b_tmpNone_maxt-1_reasoningNone,generation,kittoolbox_kit.minimax-m2.7-229b_tmpNone_maxt-1_reasoningNone,KitToolbox,kit.minimax-m2.7-229b,,-1,,"['(R870521:From Monolithic Architecture Style to Microservice one Based on a Semi-Automatic Approach, contribution, R2156185:Paper Class 2)', '(R870521:From Monolithic Architecture Style to Microservice one Based on a Semi-Automatic Approach, contribution, R870540:Paper Class 2)', '(R868698:Enabling Consistency between Software Artefacts for Software Adaption and Evolution, contribution, R868721:Paper Class 2)', '(R869264:Semi-automatic Feedback for Improving Architecture Conformance to Microservice Patterns and Practices, contribution, R869287:Paper Class 2)', '(R871186:From a Monolith to a Microservices Architecture: An Approach Based on Transactional Contexts, contribution, R871205:Paper Class 2)', '(R871186:From a Monolith to a Microservices Architecture: An Approach Based on Transactional Contexts, contribution, R2156141:Paper Class 2)']",What is the paper class of 'From Monolithic Architecture Style to Microservice one Based on a Semi-Automatic Approach' compared to 'Enabling Consistency between Software Artefacts for Software Adaption and Evolution'?,"The paper class of 'From Monolithic Architecture Style to Microservice One Based on a Semi-Automatic Approach' is evaluation research, which is the same as that of 'Enabling Consistency between Software Artefacts for Software Adaptation and Evolution'.","['10.1109/ICSA47634.2020.00023', '10.1109/ICSA51549.2021.00009']",,"['(R870540:Paper Class 2, evaluation research, L1524575:True)', '(R868721:Paper Class 2, evaluation research, L1520709:True)']",publication_subgraph_strategy,R659055,Software Architecture and Design,3,What paper class does the paper [paper_title_1] have compared to the paper [paper_title_2]?
44,c75b3cf0921537bf3249b9a498522306,fce381c2-0d49-4c12-95f3-45fcb19ef7be,"

António Silva investigated **one research object per publication year**.  

- In **2019**, he co‑authored the paper *“From a Monolith to a Microservices Architecture: An Approach Based on Transactional Contexts,”* which examined a single research object—**First Research Object 2**【1】.  
- In **2020**, he authored the paper *“A Complexity Metric for Microservices Architecture Migration,”* which also investigated **First Research Object 2**【2】.  

No additional research objects or other publication years are reported in the provided sources. Consequently, each year for which data are available shows one research object under investigation.

",['António Silva'],0.333,0.278,0.148,0.516,0.5,1.0,0.3,0.33,0.32,0.33,0.54,0.39,0.45,0.41,0.29,0.44,0.35,0.4,0.47,0.44,0.46,0.45,0.3,0.538,0.286,0.471,0.03,0.35,0.23,0.72,0.15,0.1,0.32,0.22,0.14,0.45,0.484,0.651,0.555,1.0,304.63066935539246,0.0,12180,0,0.0,,0,0.0,,,0.0,0.0,,0.0,0.0,https://wandb.ai/kastel-sdq-meta-research/experiment_cross_encoder/r/call/01a05e02-43be-7f7d-9831-1e73bddff689,retrieval_config,False,KitToolbox,kit.qwen3-embedding-8b,10,10,True,cosine,True,False,10,-1,8,False,False,1,False,-1,-1,False,,['R659055'],['Paper'],False,True,False,kg_retrieval,hublink,kittoolbox_kit.minimax-m2.7-229b_tmpNone_maxt-1_reasoningNone,KitToolbox,kit.minimax-m2.7-229b,,-1,,kittoolbox_kit.minimax-m2.7-229b_tmpNone_maxt-1_reasoningNone,KitToolbox,kit.minimax-m2.7-229b,,-1,,orkg_merged_ecsa_icsa.json_jsonpublicationloader_limit-1,['paper_class'],['research_level'],['first_research_object'],['second_research_object'],['validity'],['evidence'],False,False,R659055,https://sandbox.orkg.org,-1,orkg,merged_ecsa_icsa.json_jsonpublicationloader_limit-1,merged_ecsa_icsa.json,JsonPublicationLoader,-1,,4000,2,generation_kittoolbox_kit.minimax-m2.7-229b_tmpNone_maxt-1_reasoningNone,generation,kittoolbox_kit.minimax-m2.7-229b_tmpNone_maxt-1_reasoningNone,KitToolbox,kit.minimax-m2.7-229b,,-1,,"['(R871186:From a Monolith to a Microservices Architecture: An Approach Based on Transactional Contexts, authors, R871187:authors list)', '(R871187:authors list, has list element, L1525913:António Silva)', '(R874604:A Complexity Metric for Microservices Architecture Migration, authors, R874605:authors list)', '(R874605:authors list, has list element, L1532957:António Silva)', '(R870431:Determining Microservice Boundaries: A Case Study Using Static and Dynamic Software Analysis, contribution, R2156283:First Research Object 2)', '(R870431:Determining Microservice Boundaries: A Case Study Using Static and Dynamic Software Analysis, contribution, R2156155:First Research Object 2)', '(R871186:From a Monolith to a Microservices Architecture: An Approach Based on Transactional Contexts, contribution, R2156223:First Research Object 2)', '(R870431:Determining Microservice Boundaries: A Case Study Using Static and Dynamic Software Analysis, contribution, R870458:First Research Object 2)', '(R871186:From a Monolith to a Microservices Architecture: An Approach Based on Transactional Contexts, publication year, L1525914:2019)', '(R874604:A Complexity Metric for Microservices Architecture Migration, contribution, R874625:First Research Object 2)', '(R874604:A Complexity Metric for Microservices Architecture Migration, publication year, L1532958:2020)', '(R2156223:First Research Object 2, Object, R2156229:Research Object List)', '(R2156229:Research Object List, Entity, R2156232:Research Object Entity)', '(R2156232:Research Object Entity, Name, L2809605:Architectural Aspects)']",How many research objects did the author António Silva investigate in his papers per publication year?,The number of research objects that the author António Silva investigated in his papers per publication year is as follows: 2019: one research object; 2020: two research objects.,"['10.1007/978-3-030-29983-5_3', '10.1007/978-3-030-29983-5_3', '10.1007/978-3-030-29983-5_3', '10.1109/ICSA47634.2020.00024', '10.1109/ICSA47634.2020.00024', '10.1109/ICSA47634.2020.00024', '10.1007/978-3-030-58923-3_3', '10.1007/978-3-030-58923-3_3', '10.1007/978-3-030-58923-3_3']",,"['(R871187:authors list, has list element, L1525913:António Silva)', '(R871186:From a Monolith to a Microservices Architecture: An Approach Based on Transactional Contexts, publication year, L1525914:2019)', '(R871214:Research Object Entity, Name, L1525968:Architectural Aspects)', '(R874605:authors list, has list element, L1532957:António Silva)', '(R874604:A Complexity Metric for Microservices Architecture Migration, publication year, L1532958:2020)', '(R874632:Research Object Entity, Name, L1533010:Architecture Design Method)', '(R872485:authors list, has list element, L1528607:António Silva)', '(R872484:Monolith Migration Complexity Tuning Through the Application of Microservices Patterns, publication year, L1528608:2020)', '(R872516:Research Object Entity, Name, L1528666:Architecture Optimization Method)']",clustering_strategy,R659055,Software Architecture and Design,5,How many research objects did the author [Metadata: author name] investigate per year?
45,c75b3cf0921537bf3249b9a498522306,00fb2198-9f70-4176-bfa6-0db522a18bd4,"

The texts indicate that every research object that appears in Klym Shumaiev’s publications is associated with a single year:

| Year | Research objects investigated |
|------|-------------------------------|
| **2017** | • Architecture Analysis Method [1]  <br>• Architecture Pattern (identified as “First Research Object 2”) [2] |

No other years are mentioned in the provided sources, so all the objects of research are concentrated in 2017.

[1] Source: Automatic Extraction of Design Decisions from Issue Management Systems: A Machine Learning Based Approach, 10.1007/978-3-319-65831-5_10
[2] Source: Understanding Software Vulnerabilities Related to Architectural Security Tactics: An Empirical Investigation of Chromium, PHP and Thunderbird, 10.1109/ICSA.2017.39
",['Klym Shumaiev'],0.333,0.333,0.204,0.249,1.0,1.0,0.2,0.33,0.25,0.29,0.38,0.42,0.4,0.41,0.27,0.5,0.35,0.43,0.43,0.5,0.46,0.48,0.2,0.385,0.273,0.429,0.02,0.31,0.21,0.6,0.11,0.07,0.21,0.23,0.16,0.45,0.406,0.644,0.498,0.0,199.2246458530426,0.0,31195,0,0.0,,0,0.0,,,0.0,0.0,,0.0,0.0,https://wandb.ai/kastel-sdq-meta-research/experiment_cross_encoder/r/call/01a05e03-9fc5-7259-92d1-9d72fcc4c3a2,retrieval_config,False,KitToolbox,kit.qwen3-embedding-8b,10,10,True,cosine,True,False,10,-1,8,False,False,1,False,-1,-1,False,,['R659055'],['Paper'],False,True,False,kg_retrieval,hublink,kittoolbox_kit.minimax-m2.7-229b_tmpNone_maxt-1_reasoningNone,KitToolbox,kit.minimax-m2.7-229b,,-1,,kittoolbox_kit.minimax-m2.7-229b_tmpNone_maxt-1_reasoningNone,KitToolbox,kit.minimax-m2.7-229b,,-1,,orkg_merged_ecsa_icsa.json_jsonpublicationloader_limit-1,['paper_class'],['research_level'],['first_research_object'],['second_research_object'],['validity'],['evidence'],False,False,R659055,https://sandbox.orkg.org,-1,orkg,merged_ecsa_icsa.json_jsonpublicationloader_limit-1,merged_ecsa_icsa.json,JsonPublicationLoader,-1,,4000,2,generation_kittoolbox_kit.minimax-m2.7-229b_tmpNone_maxt-1_reasoningNone,generation,kittoolbox_kit.minimax-m2.7-229b_tmpNone_maxt-1_reasoningNone,KitToolbox,kit.minimax-m2.7-229b,,-1,,"['(R868746:authors list, has list element, L1520755:Klym Shumaiev)', '(R872233:Understanding Software Vulnerabilities Related to Architectural Security Tactics: An Empirical Investigation of Chromium, PHP and Thunderbird, contribution, R872254:First Research Object 2)', '(R868745:Automatic Extraction of Design Decisions from Issue Management Systems: A Machine Learning Based Approach, contribution, R868766:First Research Object 2)', '(R872254:First Research Object 2, Object, R872260:Research Object List)', '(R872260:Research Object List, Entity, R872261:Research Object Entity)', '(R872261:Research Object Entity, Name, L1528121:Architecture Pattern)', '(R868766:First Research Object 2, Object, R868772:Research Object List)', '(R868772:Research Object List, Entity, R868773:Research Object Entity)', '(R868773:Research Object Entity, Name, L1520811:Architecture Analysis Method)', '(R872233:Understanding Software Vulnerabilities Related to Architectural Security Tactics: An Empirical Investigation of Chromium, PHP and Thunderbird, publication year, L1528068:2017)', '(R868745:Automatic Extraction of Design Decisions from Issue Management Systems: A Machine Learning Based Approach, publication year, L1520759:2017)']",How are the objects of research that have been investigated in papers published by Klym Shumaiev distributed per year?,The research objects investigated in papers published by Klym Shumaiev are distributed as one in 2017 and one in 2018.,"['10.1109/ICSA.2018.00018', '10.1109/ICSA.2018.00018', '10.1109/ICSA.2018.00018', '10.1007/978-3-319-65831-5_10', '10.1007/978-3-319-65831-5_10', '10.1007/978-3-319-65831-5_10']",,"['(R873899:authors list, has list element, L1531468:Klym Shumaiev)', '(R873898:An Expert Recommendation System for Design Decision Making: Who Should be Involved in Making a Design Decision?, publication year, L1531473:2018)', '(R873926:Research Object Entity, Name, L1531525:Architecture Decision Making)', '(R868746:authors list, has list element, L1520755:Klym Shumaiev)', '(R868745:Automatic Extraction of Design Decisions from Issue Management Systems: A Machine Learning Based Approach, publication year, L1520759:2017)', '(R868773:Research Object Entity, Name, L1520811:Architecture Analysis Method)']",clustering_strategy,R659055,Software Architecture and Design,5,What is the proportion of research objects that have been published by the author [Metadata: author name] per year?
46,c75b3cf0921537bf3249b9a498522306,2d90aff2-825e-4574-aad5-d1f643ffe7a3,"

**Known publication years**

| Publication year | Number of evaluation methods used in Mauro Caporuscio’s papers | Source |
|------------------|---------------------------------------------------------------|--------|
| 2020             | 1 method – “Technical Experiment” (in “Decentralized Architecture for Energy‑Aware Service Assembly”) | [1] |

**Papers whose publication year is not specified in the provided texts**

- “Architectural Concerns for Digital Twin of the Organization” – 1 method (Case Study) [2]  
- “A Machine Learning Approach to Service Discovery for Microservice Architectures” – 1 method (Technical Experiment) [3]

Because the year of publication is not given for these two works, they cannot be placed into a specific‑year breakdown. However, each of those papers applied **one** evaluation method.  

Thus, for the only year that is identified (2020), the count of evaluation methods is **1**; for any other papers by Mauro Caporuscio, the available information shows a total of **1** method per paper, but the exact year(s) remain unspecified.

[1] Source: Decentralized Architecture for Energy-Aware Service Assembly, 10.1007/978-3-030-58923-3_4
[2] Source: Architectural Concerns for Digital Twin of the Organization, 10.1007/978-3-030-58923-3_18
[3] Source: A Machine Learning Approach to Service Discovery for Microservice Architectures, 10.1007/978-3-030-86044-8_5
",['Mauro Caporuscio'],0.333,0.333,0.167,0.678,0.5,1.0,0.3,0.33,0.32,0.33,0.69,0.5,0.58,0.53,0.32,0.78,0.45,0.6,0.64,0.89,0.74,0.82,0.3,0.692,0.318,0.64,0.02,0.3,0.19,0.74,0.1,0.06,0.26,0.19,0.12,0.49,0.418,0.582,0.487,0.0,224.4975984096527,0.0,28238,0,0.0,,0,0.0,,,0.0,0.0,,0.0,0.0,https://wandb.ai/kastel-sdq-meta-research/experiment_cross_encoder/r/call/01a05e04-9cb8-70ec-a17c-f10e2f84d0c3,retrieval_config,False,KitToolbox,kit.qwen3-embedding-8b,10,10,True,cosine,True,False,10,-1,8,False,False,1,False,-1,-1,False,,['R659055'],['Paper'],False,True,False,kg_retrieval,hublink,kittoolbox_kit.minimax-m2.7-229b_tmpNone_maxt-1_reasoningNone,KitToolbox,kit.minimax-m2.7-229b,,-1,,kittoolbox_kit.minimax-m2.7-229b_tmpNone_maxt-1_reasoningNone,KitToolbox,kit.minimax-m2.7-229b,,-1,,orkg_merged_ecsa_icsa.json_jsonpublicationloader_limit-1,['paper_class'],['research_level'],['first_research_object'],['second_research_object'],['validity'],['evidence'],False,False,R659055,https://sandbox.orkg.org,-1,orkg,merged_ecsa_icsa.json_jsonpublicationloader_limit-1,merged_ecsa_icsa.json,JsonPublicationLoader,-1,,4000,2,generation_kittoolbox_kit.minimax-m2.7-229b_tmpNone_maxt-1_reasoningNone,generation,kittoolbox_kit.minimax-m2.7-229b_tmpNone_maxt-1_reasoningNone,KitToolbox,kit.minimax-m2.7-229b,,-1,,"['(R869730:Architectural Concerns for Digital Twin of the Organization, authors, R869731:authors list)', '(R869731:authors list, has list element, L1522878:Mauro Caporuscio)', '(R870227:A Machine Learning Approach to Service Discovery for Microservice Architectures, authors, R870228:authors list)', '(R870228:authors list, has list element, L1523935:Mauro Caporuscio)', '(R869907:Decentralized Architecture for Energy-Aware Service Assembly, authors, R869908:authors list)', '(R869908:authors list, has list element, L1523243:Mauro Caporuscio)', '(R870227:A Machine Learning Approach to Service Discovery for Microservice Architectures, contribution, R870250:First Research Object 2)', '(R870250:First Research Object 2, evaluation, R870251:Evaluation)', '(R869730:Architectural Concerns for Digital Twin of the Organization, contribution, R869753:First Research Object 2)', '(R869753:First Research Object 2, evaluation, R869754:Evaluation)', '(R869754:Evaluation, Evaluation method, R869755:Evaluation Method List)', '(R869755:Evaluation Method List, Entity, R869756:Evaluation Method Entity)', '(R869756:Evaluation Method Entity, Name, L1522935:Case Study)', '(R870251:Evaluation, Evaluation method, R870252:Evaluation Method List)', '(R870252:Evaluation Method List, Entity, R870253:Evaluation Method Entity)', '(R870253:Evaluation Method Entity, Name, L1523994:Technical Experiment)', '(R869907:Decentralized Architecture for Energy-Aware Service Assembly, contribution, R869929:First Research Object 2)', '(R869929:First Research Object 2, evaluation, R869930:Evaluation)', '(R869930:Evaluation, Evaluation method, R869931:Evaluation Method List)', '(R869931:Evaluation Method List, Entity, R869932:Evaluation Method Entity)', '(R869932:Evaluation Method Entity, Name, L1523299:Technical Experiment)', '(R869907:Decentralized Architecture for Energy-Aware Service Assembly, publication year, L1523247:2020)']","For each publication year, what is the number of evaluation methods applied in papers published by the author Mauro Caporuscio?","The number of evaluation methods applied in papers published by the author Mauro Caporuscio for each publication year is as follows: in 2020, two evaluation methods were applied; in 2021, one evaluation method was applied.","['10.1007/978-3-030-58923-3_4', '10.1007/978-3-030-58923-3_4', '10.1007/978-3-030-58923-3_4', '10.1007/978-3-030-86044-8_5', '10.1007/978-3-030-86044-8_5', '10.1007/978-3-030-86044-8_5', '10.1007/978-3-030-58923-3_18', '10.1007/978-3-030-58923-3_18', '10.1007/978-3-030-58923-3_18']",,"['(R869908:authors list, has list element, L1523243:Mauro Caporuscio)', '(R869907:Decentralized Architecture for Energy-Aware Service Assembly, publication year, L1523247:2020)', '(R869932:Evaluation Method Entity, Name, L1523299:Technical Experiment)', '(R870228:authors list, has list element, L1523935:Mauro Caporuscio)', '(R870227:A Machine Learning Approach to Service Discovery for Microservice Architectures, publication year, L1523939:2021)', '(R870253:Evaluation Method Entity, Name, L1523994:Technical Experiment)', '(R869731:authors list, has list element, L1522878:Mauro Caporuscio)', '(R869730:Architectural Concerns for Digital Twin of the Organization, publication year, L1522884:2020)', '(R869756:Evaluation Method Entity, Name, L1522935:Case Study)']",clustering_strategy,R659055,Software Architecture and Design,6,What is the proportion of the evaluation methods that have been published by the author [Metadata: author name] per year?
47,c75b3cf0921537bf3249b9a498522306,ea232df6-7d5e-493e-802e-5aef7c93b2ac,"

**Answer**

The source texts report the following evaluation‑approach counts for Danny Weyns’s papers by year:

| Year | Number of evaluation approaches | Evidence (source) |
|------|--------------------------------|--------------------|
| **2017** | **1** (Case‑Study method) | The only year represented in the 2017 paper is 2017, and it uses a single Case‑Study evaluation [3][4]. |
| **2019** | **1** (Case‑Study method) | The 2019 paper “Continuous Adaptation Management in Collective Intelligence Systems” employs one Case‑Study evaluation [1]. |
| **Year not specified** | **1** (Case‑Study method) | The paper “Applying Architecture‑Based Adaptation to Automate the Management of Internet‑of‑Things” also uses a single Case‑Study evaluation, but no publication year is provided in the sources [2]. |

Thus, for each year that is identified in the provided texts (2017 and 2019), Danny Weyns applied **one evaluation approach**. The remaining paper also uses one evaluation approach, but because its year is not mentioned, it cannot be assigned to a specific year.

[1] Source: Continuous Adaptation Management in Collective Intelligence Systems, 10.1007/978-3-030-29983-5_8
[2] Source: Applying Architecture-Based Adaptation to Automate the Management of Internet-of-Things, 10.1007/978-3-030-00761-4_4
[3] Source: Automatic Extraction of Design Decisions from Issue Management Systems: A Machine Learning Based Approach, 10.1007/978-3-319-65831-5_10
[4] Source: Quality Evaluation of PaaS Cloud Application Design Using Generated Prototypes, 10.1109/ICSA.2017.43
",['Danny Weyns'],0.333,0.167,0.167,0.5,0.5,1.0,0.2,0.33,0.25,0.29,0.46,0.5,0.48,0.49,0.21,0.83,0.33,0.52,0.34,0.92,0.5,0.69,0.2,0.462,0.208,0.344,0.01,0.22,0.13,0.83,0.05,0.03,0.18,0.14,0.08,0.52,0.361,0.578,0.445,1.0,278.1240589618683,0.0022722,38574,0,0.0,,0,0.0,,,0.0,0.0,,0.0,0.0,https://wandb.ai/kastel-sdq-meta-research/experiment_cross_encoder/r/call/01a05e06-061b-7a93-a86b-04d14b0ce12f,retrieval_config,False,KitToolbox,kit.qwen3-embedding-8b,10,10,True,cosine,True,False,10,-1,8,False,False,1,False,-1,-1,False,,['R659055'],['Paper'],False,True,False,kg_retrieval,hublink,kittoolbox_kit.minimax-m2.7-229b_tmpNone_maxt-1_reasoningNone,KitToolbox,kit.minimax-m2.7-229b,,-1,,kittoolbox_kit.minimax-m2.7-229b_tmpNone_maxt-1_reasoningNone,KitToolbox,kit.minimax-m2.7-229b,,-1,,orkg_merged_ecsa_icsa.json_jsonpublicationloader_limit-1,['paper_class'],['research_level'],['first_research_object'],['second_research_object'],['validity'],['evidence'],False,False,R659055,https://sandbox.orkg.org,-1,orkg,merged_ecsa_icsa.json_jsonpublicationloader_limit-1,merged_ecsa_icsa.json,JsonPublicationLoader,-1,,4000,2,generation_kittoolbox_kit.minimax-m2.7-229b_tmpNone_maxt-1_reasoningNone,generation,kittoolbox_kit.minimax-m2.7-229b_tmpNone_maxt-1_reasoningNone,KitToolbox,kit.minimax-m2.7-229b,,-1,,"['(R871631:Applying Architecture-Based Adaptation to Automate the Management of Internet-of-Things, authors, R871632:authors list)', '(R871632:authors list, has list element, L1526813:Danny Weyns)', '(R869605:Continuous Adaptation Management in Collective Intelligence Systems, authors, R869606:authors list)', '(R869606:authors list, has list element, L1522603:Danny Weyns)', '(R869605:Continuous Adaptation Management in Collective Intelligence Systems, contribution, R869628:First Research Object 2)', '(R869628:First Research Object 2, evaluation, R869629:Evaluation)', '(R871631:Applying Architecture-Based Adaptation to Automate the Management of Internet-of-Things, contribution, R871654:First Research Object 2)', '(R871654:First Research Object 2, evaluation, R871655:Evaluation)', '(R868766:First Research Object 2, evaluation, R868767:Evaluation)', '(R868767:Evaluation, Evaluation method, R868768:Evaluation Method List)', '(R868768:Evaluation Method List, Entity, R868769:Evaluation Method Entity)', '(R868769:Evaluation Method Entity, Name, L1520807:Case Study)', '(R871128:Evaluation Method Entity, Name, L1525787:Case Study)', '(R871104:Quality Evaluation of PaaS Cloud Application Design Using Generated Prototypes, publication year, L1525740:2017)', '(R868745:Automatic Extraction of Design Decisions from Issue Management Systems: A Machine Learning Based Approach, publication year, L1520759:2017)', '(R871655:Evaluation, Evaluation method, R871656:Evaluation Method List)', '(R871656:Evaluation Method List, Entity, R871657:Evaluation Method Entity)', '(R871657:Evaluation Method Entity, Name, L1526868:Case Study)', '(R2156209:Evaluation, Evaluation method, R2156214:Evaluation Method List)', '(R2156215:Evaluation Method Entity, Name, L2809582:Case Study)', '(R869629:Evaluation, Evaluation method, R869630:Evaluation Method List)', '(R869630:Evaluation Method List, Entity, R869631:Evaluation Method Entity)', '(R869631:Evaluation Method Entity, Name, L1522660:Case Study)', '(R869605:Continuous Adaptation Management in Collective Intelligence Systems, publication year, L1522605:2019)']","For each year, what is the number of evaluation approaches that have been applied in papers published by Danny Weyns?",The number of evaluation approaches that have been applied in papers published by Danny Weyns is one in 2018 and one in 2019.,"['10.1007/978-3-030-00761-4_4', '10.1007/978-3-030-00761-4_4', '10.1007/978-3-030-00761-4_4', '10.1007/978-3-030-29983-5_8', '10.1007/978-3-030-29983-5_8', '10.1007/978-3-030-29983-5_8']",,"['(R871632:authors list, has list element, L1526813:Danny Weyns)', '(R871631:Applying Architecture-Based Adaptation to Automate the Management of Internet-of-Things, publication year, L1526817:2018)', '(R871657:Evaluation Method Entity, Name, L1526868:Case Study)', '(R869606:authors list, has list element, L1522603:Danny Weyns)', '(R869605:Continuous Adaptation Management in Collective Intelligence Systems, publication year, L1522605:2019)', '(R869631:Evaluation Method Entity, Name, L1522660:Case Study)']",clustering_strategy,R659055,Software Architecture and Design,6,What is the proportion of the evaluation methods that have been published by the author [Metadata: author name] per year?
48,c75b3cf0921537bf3249b9a498522306,45fd4cfa-0734-4805-b703-9108057fe185,"

The paper **“Designing Robust Software Systems through Parametric Markov Chain Synthesis”** investigates the property robustness (its evaluation explicitly examines robustness among its primary properties and sub‑properties) [1].

[1] Source: Designing Robust Software Systems through Parametric Markov Chain Synthesis, 10.1109/ICSA.2017.16
",[],1.0,1.0,0.25,0.125,0.25,0.25,0.25,1.0,0.4,0.62,0.33,1.0,0.5,0.71,0.25,1.0,0.4,0.62,0.33,1.0,0.5,0.71,0.25,0.333,0.25,0.333,0.21,0.59,0.54,0.65,0.45,0.41,0.5,0.55,0.5,0.61,0.682,0.828,0.748,1.0,250.57131171226501,0.0,78547,0,0.0,,0,0.0,,,0.0,0.0,,0.0,0.0,https://wandb.ai/kastel-sdq-meta-research/experiment_cross_encoder/r/call/01a05e06-3f03-7611-89d9-0603a09105fe,retrieval_config,False,KitToolbox,kit.qwen3-embedding-8b,10,10,True,cosine,True,False,10,-1,8,False,False,1,False,-1,-1,False,,['R659055'],['Paper'],False,True,False,kg_retrieval,hublink,kittoolbox_kit.minimax-m2.7-229b_tmpNone_maxt-1_reasoningNone,KitToolbox,kit.minimax-m2.7-229b,,-1,,kittoolbox_kit.minimax-m2.7-229b_tmpNone_maxt-1_reasoningNone,KitToolbox,kit.minimax-m2.7-229b,,-1,,orkg_merged_ecsa_icsa.json_jsonpublicationloader_limit-1,['paper_class'],['research_level'],['first_research_object'],['second_research_object'],['validity'],['evidence'],False,False,R659055,https://sandbox.orkg.org,-1,orkg,merged_ecsa_icsa.json_jsonpublicationloader_limit-1,merged_ecsa_icsa.json,JsonPublicationLoader,-1,,4000,2,generation_kittoolbox_kit.minimax-m2.7-229b_tmpNone_maxt-1_reasoningNone,generation,kittoolbox_kit.minimax-m2.7-229b_tmpNone_maxt-1_reasoningNone,KitToolbox,kit.minimax-m2.7-229b,,-1,,"['(R868403:Designing Robust Software Systems through Parametric Markov Chain Synthesis, contribution, R868426:First Research Object 2)', '(R868426:First Research Object 2, evaluation, R868427:Evaluation)', '(R868427:Evaluation, properties, R868432:Property)', '(R868433:Property, Name, L1520081:Robustness)']",Which paper investigates the property robustness?,The paper with the title 'Designing Robust Software Systems through Parametric Markov Chain Synthesis' is the only paper that evaluates the property robustness.,['10.1109/ICSA.2017.16'],,"['(R868433:Property, Name, L1520081:Robustness)']",publication_subgraph_strategy,R868403,Designing Robust Software Systems through Parametric Markov Chain Synthesis,5,Which papers evaluate the sub-property with the name [Content Data: sub-property name]?
49,c75b3cf0921537bf3249b9a498522306,2187663c-dd71-43a1-aa61-14fefbf9bc53,"

The paper **“Semantic Differencing for Message‑Driven Component & Connector Architectures”** applies verification as an evaluation method [1]. In contrast, the other paper discussed, **“Evaluating the Effectiveness of Multi‑level Greedy Modularity Clustering for Software Architecture Recovery,”** does not list verification among its evaluation approaches [2].

[1] Source: Semantic Differencing for Message-Driven Component & Connector Architectures, 10.1109/ICSA.2017.34
[2] Source: Evaluating the Effectiveness of Multi-level Greedy Modularity Clustering for Software Architecture Recovery, 10.1007/978-3-030-29983-5_5
",[],1.0,1.0,0.2,0.325,0.2,0.25,0.2,1.0,0.33,0.56,0.33,1.0,0.5,0.71,0.2,1.0,0.33,0.56,0.33,1.0,0.5,0.71,0.2,0.333,0.2,0.333,0.04,0.51,0.36,0.89,0.3,0.2,0.53,0.32,0.22,0.56,0.587,0.814,0.682,1.0,270.68638372421265,0.0,2724,0,0.0,,0,0.0,,,0.0,0.0,,0.0,0.0,https://wandb.ai/kastel-sdq-meta-research/experiment_cross_encoder/r/call/01a05e06-d246-78f4-be32-aafffe56a0e1,retrieval_config,False,KitToolbox,kit.qwen3-embedding-8b,10,10,True,cosine,True,False,10,-1,8,False,False,1,False,-1,-1,False,,['R659055'],['Paper'],False,True,False,kg_retrieval,hublink,kittoolbox_kit.minimax-m2.7-229b_tmpNone_maxt-1_reasoningNone,KitToolbox,kit.minimax-m2.7-229b,,-1,,kittoolbox_kit.minimax-m2.7-229b_tmpNone_maxt-1_reasoningNone,KitToolbox,kit.minimax-m2.7-229b,,-1,,orkg_merged_ecsa_icsa.json_jsonpublicationloader_limit-1,['paper_class'],['research_level'],['first_research_object'],['second_research_object'],['validity'],['evidence'],False,False,R659055,https://sandbox.orkg.org,-1,orkg,merged_ecsa_icsa.json_jsonpublicationloader_limit-1,merged_ecsa_icsa.json,JsonPublicationLoader,-1,,4000,2,generation_kittoolbox_kit.minimax-m2.7-229b_tmpNone_maxt-1_reasoningNone,generation,kittoolbox_kit.minimax-m2.7-229b_tmpNone_maxt-1_reasoningNone,KitToolbox,kit.minimax-m2.7-229b,,-1,,"['(R873116:Semantic Differencing for Message-Driven Component & Connector Architectures, contribution, R873145:First Research Object 2)', '(R873145:First Research Object 2, evaluation, R873152:Evaluation)', '(R873152:Evaluation, Evaluation method, R873153:Evaluation Method List)', '(R873153:Evaluation Method List, Entity, R873154:Evaluation Method Entity)', '(R873154:Evaluation Method Entity, Name, L1529927:Verification)']",Which paper applies verification as a method in their evaluation?,The evaluation method Verification is applied in the paper titled 'Semantic Differencing for Message-Driven Component & Connector Architectures.',['10.1109/ICSA.2017.34'],,"['(R873154:Evaluation Method Entity, Name, L1529927:Verification)']",publication_subgraph_strategy,R873116,Semantic Differencing for Message-Driven Component & Connector Architectures,5,Which paper includes the evaluation method [Content Data: evaluation method name]?
50,c75b3cf0921537bf3249b9a498522306,6f38c463-5bcd-45c3-8bb7-c37ffef0f7fc,"

The limit of detection is evaluated in the paper **“Supporting Architectural Decision Making on Data Management in Microservice Architectures”** (DOI 10.1007/978‑3‑030‑29983‑5_2), presented at the European Conference on Software Architecture (ECSA). The evaluation is documented as a property named “Limit of detection” under the First Research Object 2’s evaluation【1】.

",[],1.0,1.0,0.25,0.125,0.25,0.25,0.25,1.0,0.4,0.62,0.33,1.0,0.5,0.71,0.25,1.0,0.4,0.62,0.33,1.0,0.5,0.71,0.25,0.333,0.25,0.333,0.17,0.51,0.35,0.95,0.42,0.29,0.8,0.41,0.28,0.76,0.538,0.809,0.646,1.0,248.3514699935913,0.0,10624,0,0.0,,0,0.0,,,0.0,0.0,,0.0,0.0,https://wandb.ai/kastel-sdq-meta-research/experiment_cross_encoder/r/call/01a05e07-223c-7b27-a39a-da8822256298,retrieval_config,False,KitToolbox,kit.qwen3-embedding-8b,10,10,True,cosine,True,False,10,-1,8,False,False,1,False,-1,-1,False,,['R659055'],['Paper'],False,True,False,kg_retrieval,hublink,kittoolbox_kit.minimax-m2.7-229b_tmpNone_maxt-1_reasoningNone,KitToolbox,kit.minimax-m2.7-229b,,-1,,kittoolbox_kit.minimax-m2.7-229b_tmpNone_maxt-1_reasoningNone,KitToolbox,kit.minimax-m2.7-229b,,-1,,orkg_merged_ecsa_icsa.json_jsonpublicationloader_limit-1,['paper_class'],['research_level'],['first_research_object'],['second_research_object'],['validity'],['evidence'],False,False,R659055,https://sandbox.orkg.org,-1,orkg,merged_ecsa_icsa.json_jsonpublicationloader_limit-1,merged_ecsa_icsa.json,JsonPublicationLoader,-1,,4000,2,generation_kittoolbox_kit.minimax-m2.7-229b_tmpNone_maxt-1_reasoningNone,generation,kittoolbox_kit.minimax-m2.7-229b_tmpNone_maxt-1_reasoningNone,KitToolbox,kit.minimax-m2.7-229b,,-1,,"['(R872980:Supporting Architectural Decision Making on Data Management in Microservice Architectures, contribution, R873002:First Research Object 2)', '(R873002:First Research Object 2, evaluation, R873003:Evaluation)', '(R873003:Evaluation, properties, R873006:Property)', '(R873008:Property, Name, L1529650:Limit of detection)']",In which paper is the limit of detection evaluated?,The paper in which the limit of detection is evaluated is 'Supporting Architectural Decision Making on Data Management in Microservice Architectures.',['10.1007/978-3-030-29983-5_2'],,"['(R873008:Property, Name, L1529650:Limit of detection)']",publication_subgraph_strategy,R659055,Software Architecture and Design,6,Which paper includes the evaluation sub-property [Content Data: sub-property name]?
51,c75b3cf0921537bf3249b9a498522306,214b727e-0f2c-47c9-a05b-380312427489,"

The property **Recovery** is evaluated in the paper titled **“Butterfly Space: An Architectural Approach for Investigating Performance Issues.”** [1]

[1] Source: Butterfly Space: An Architectural Approach for Investigating Performance Issues, 10.1109/ICSA47634.2020.00027
",[],1.0,1.0,0.25,0.125,0.25,0.25,0.25,1.0,0.4,0.62,0.33,1.0,0.5,0.71,0.25,1.0,0.4,0.62,0.33,1.0,0.5,0.71,0.25,0.333,0.25,0.333,0.41,0.94,0.89,1.0,0.88,0.83,0.94,0.94,0.89,1.0,0.765,0.942,0.844,1.0,190.92584562301636,0.0022773,32398,0,0.0,,0,0.0,,,0.0,0.0,,0.0,0.0,https://wandb.ai/kastel-sdq-meta-research/experiment_cross_encoder/r/call/01a05e08-6de8-7e97-9e40-661973fc7e94,retrieval_config,False,KitToolbox,kit.qwen3-embedding-8b,10,10,True,cosine,True,False,10,-1,8,False,False,1,False,-1,-1,False,,['R659055'],['Paper'],False,True,False,kg_retrieval,hublink,kittoolbox_kit.minimax-m2.7-229b_tmpNone_maxt-1_reasoningNone,KitToolbox,kit.minimax-m2.7-229b,,-1,,kittoolbox_kit.minimax-m2.7-229b_tmpNone_maxt-1_reasoningNone,KitToolbox,kit.minimax-m2.7-229b,,-1,,orkg_merged_ecsa_icsa.json_jsonpublicationloader_limit-1,['paper_class'],['research_level'],['first_research_object'],['second_research_object'],['validity'],['evidence'],False,False,R659055,https://sandbox.orkg.org,-1,orkg,merged_ecsa_icsa.json_jsonpublicationloader_limit-1,merged_ecsa_icsa.json,JsonPublicationLoader,-1,,4000,2,generation_kittoolbox_kit.minimax-m2.7-229b_tmpNone_maxt-1_reasoningNone,generation,kittoolbox_kit.minimax-m2.7-229b_tmpNone_maxt-1_reasoningNone,KitToolbox,kit.minimax-m2.7-229b,,-1,,"['(R873171:Butterfly Space: An Architectural Approach for Investigating Performance Issues, contribution, R873203:First Research Object 2)', '(R873203:First Research Object 2, evaluation, R873204:Evaluation)', '(R873204:Evaluation, properties, R873207:Property)', '(R873209:Property, Name, L1530038:Recovery)']",In which paper is the property Recovery evaluated?,The property Recovery is evaluated in the paper 'Butterfly Space: An Architectural Approach for Investigating Performance Issues.',['10.1109/ICSA47634.2020.00027'],,"['(R873209:Property, Name, L1530038:Recovery)']",publication_subgraph_strategy,R659055,Software Architecture and Design,6,Which paper includes the evaluation sub-property [Content Data: sub-property name]?
52,c75b3cf0921537bf3249b9a498522306,5bb01df5-bdda-4226-9abb-0508dd287db1,"

The papers that use a **Field Experiment** evaluation method are:

- **“An Architecture for Decentralized, Collaborative, and Autonomous Robots”** – this work employs a Field Experiment to assess its approach [1].  
- **“ACE: Easy Deployment of Field Optimization Experiments”** – the study includes a Field Experiment evaluation applied to its first research object [2].  
- **“Decision Models for Microservices: Design Areas, Stakeholders, Use Cases, and Requirements”** – this paper also reports a Field Experiment evaluation [3].

[1] Source: An Architecture for Decentralized, Collaborative, and Autonomous Robots, 10.1109/ICSA.2018.00017
[2] Source: ACE: Easy Deployment of Field Optimization Experiments, 10.1007/978-3-030-29983-5_18
[3] Source: Decision Models for Microservices: Design Areas, Stakeholders, Use Cases, and Requirements, 10.1007/978-3-319-65831-5_11
",[],0.667,0.833,0.133,0.231,0.2,0.25,0.2,0.67,0.31,0.45,0.33,0.67,0.44,0.56,0.19,1.0,0.32,0.54,0.32,1.0,0.48,0.7,0.2,0.333,0.188,0.316,0.25,0.71,0.56,0.97,0.54,0.42,0.74,0.51,0.4,0.7,0.646,0.837,0.729,1.0,120.41346192359924,0.0,16329,0,0.0,,0,0.0,,,0.0,0.0,,0.0,0.0,https://wandb.ai/kastel-sdq-meta-research/experiment_cross_encoder/r/call/01a05e0a-495a-775c-a6e1-d9af6bc33bad,retrieval_config,False,KitToolbox,kit.qwen3-embedding-8b,10,10,True,cosine,True,False,10,-1,8,False,False,1,False,-1,-1,False,,['R659055'],['Paper'],False,True,False,kg_retrieval,hublink,kittoolbox_kit.minimax-m2.7-229b_tmpNone_maxt-1_reasoningNone,KitToolbox,kit.minimax-m2.7-229b,,-1,,kittoolbox_kit.minimax-m2.7-229b_tmpNone_maxt-1_reasoningNone,KitToolbox,kit.minimax-m2.7-229b,,-1,,orkg_merged_ecsa_icsa.json_jsonpublicationloader_limit-1,['paper_class'],['research_level'],['first_research_object'],['second_research_object'],['validity'],['evidence'],False,False,R659055,https://sandbox.orkg.org,-1,orkg,merged_ecsa_icsa.json_jsonpublicationloader_limit-1,merged_ecsa_icsa.json,JsonPublicationLoader,-1,,4000,2,generation_kittoolbox_kit.minimax-m2.7-229b_tmpNone_maxt-1_reasoningNone,generation,kittoolbox_kit.minimax-m2.7-229b_tmpNone_maxt-1_reasoningNone,KitToolbox,kit.minimax-m2.7-229b,,-1,,"['(R869486:ACE: Easy Deployment of Field Optimization Experiments, contribution, R869507:First Research Object 2)', '(R869507:First Research Object 2, evaluation, R869508:Evaluation)', '(R869508:Evaluation, Evaluation method, R869509:Evaluation Method List)', '(R869509:Evaluation Method List, Entity, R869510:Evaluation Method Entity)', '(R869510:Evaluation Method Entity, Name, L1522395:Field Experiment)', '(R869392:Decision Models for Microservices: Design Areas, Stakeholders, Use Cases, and Requirements, contribution, R869415:First Research Object 2)', '(R869415:First Research Object 2, evaluation, R869416:Evaluation)', '(R869416:Evaluation, Evaluation method, R869417:Evaluation Method List)', '(R869417:Evaluation Method List, Entity, R869418:Evaluation Method Entity)', '(R869418:Evaluation Method Entity, Name, L1522201:Field Experiment)', '(R871523:An Architecture for Decentralized, Collaborative, and Autonomous Robots, contribution, R871554:First Research Object 2)', '(R871554:First Research Object 2, evaluation, R871555:Evaluation)', '(R871555:Evaluation, Evaluation method, R871556:Evaluation Method List)', '(R871556:Evaluation Method List, Entity, R871557:Evaluation Method Entity)', '(R871557:Evaluation Method Entity, Name, L1526667:Field Experiment)', '(R871554:First Research Object 2, evaluation, R871565:Evaluation)']",Which papers apply the evaluation method Field Experiment?,"The papers that apply the evaluation method Field Experiment are: 1. ACE: Easy Deployment of Field Optimization Experiments, 2. Decision Models for Microservices: Design Areas, Stakeholders, Use Cases, and Requirements, and 3. An Architecture for Decentralized, Collaborative, and Autonomous Robots.","['10.1007/978-3-030-29983-5_18', '10.1007/978-3-319-65831-5_11', '10.1109/ICSA.2018.00017']",,"['(R869510:Evaluation Method Entity, Name, L1522395:Field Experiment)', '(R869418:Evaluation Method Entity, Name, L1522201:Field Experiment)', '(R871557:Evaluation Method Entity, Name, L1526667:Field Experiment)']",clustering_strategy,R659055,Software Architecture and Design,6,Which papers apply the evaluation method with the name [Content Data: evaluation method name]?
53,c75b3cf0921537bf3249b9a498522306,bc1db099-d9e2-4833-aace-3d841e893500,"

The following publications used focus‑group methods as part of their evaluation:

| Paper (Title) | Focus‑group use in evaluation |
|---------------|------------------------------|
| **Continuous Architecture: Towards the Goldilocks Zone and Away from Vicious Circles** | Employed focus groups as an evaluation method [1]. |
| **Architectural Assumptions and Their Management in Industry – An Exploratory Study** | Included a focus group among its evaluation methods [2]. |
| **System‑ and Software‑level Architecting Harmonization Practices for Systems‑of‑Systems: An exploratory case study on a long‑running large‑scale scientific instrument** | Evaluated contributions using a focus‑group approach [3]. |
| **An Exploratory Study of Naturalistic Decision Making in Complex Software Architecture Environments** | Used a focus group as one of its evaluation tools [4]. |
| **Technical Architectures for Automotive Systems** | Conducted focus‑group interviews to assess its research objects [5]. |
| **On Cognitive Biases in Architecture Decision Making** | Applied a focus group for evaluating its primary research object [6]. |

These six papers all incorporated focus groups as an evaluation method in their respective studies.

[1] Source: Continuous Architecture: Towards the Goldilocks Zone and Away from Vicious Circles, 10.1109/ICSA.2019.00022
[2] Source: Architectural Assumptions and Their Management in Industry – An Exploratory Study, 10.1007/978-3-319-65831-5_14
[3] Source: System- and Software-level Architecting Harmonization Practices for Systems-of-Systems : An exploratory case study on a long-running large-scale scientific instrument, 10.1109/ICSA51549.2021.00010
[4] Source: An Exploratory Study of Naturalistic Decision Making in Complex Software Architecture Environments, 10.1007/978-3-030-29983-5_4
[5] Source: Technical Architectures for Automotive Systems, 10.1109/ICSA47634.2020.00013
[6] Source: On Cognitive Biases in Architecture Decision Making, 10.1007/978-3-319-65831-5_9
",['Focus Groups'],0.286,0.071,0.057,0.138,0.2,0.25,0.2,0.29,0.24,0.26,0.33,0.29,0.31,0.29,0.17,0.86,0.29,0.48,0.29,0.86,0.43,0.61,0.2,0.333,0.171,0.286,0.23,0.68,0.54,0.92,0.56,0.44,0.76,0.37,0.29,0.49,0.621,0.777,0.69,1.0,228.1497507095337,0.0,28654,0,0.0,,0,0.0,,,0.0,0.0,,0.0,0.0,https://wandb.ai/kastel-sdq-meta-research/experiment_cross_encoder/r/call/01a05e0a-8b1f-747b-bd21-2b2a242d6c69,retrieval_config,False,KitToolbox,kit.qwen3-embedding-8b,10,10,True,cosine,True,False,10,-1,8,False,False,1,False,-1,-1,False,,['R659055'],['Paper'],False,True,False,kg_retrieval,hublink,kittoolbox_kit.minimax-m2.7-229b_tmpNone_maxt-1_reasoningNone,KitToolbox,kit.minimax-m2.7-229b,,-1,,kittoolbox_kit.minimax-m2.7-229b_tmpNone_maxt-1_reasoningNone,KitToolbox,kit.minimax-m2.7-229b,,-1,,orkg_merged_ecsa_icsa.json_jsonpublicationloader_limit-1,['paper_class'],['research_level'],['first_research_object'],['second_research_object'],['validity'],['evidence'],False,False,R659055,https://sandbox.orkg.org,-1,orkg,merged_ecsa_icsa.json_jsonpublicationloader_limit-1,merged_ecsa_icsa.json,JsonPublicationLoader,-1,,4000,2,generation_kittoolbox_kit.minimax-m2.7-229b_tmpNone_maxt-1_reasoningNone,generation,kittoolbox_kit.minimax-m2.7-229b_tmpNone_maxt-1_reasoningNone,KitToolbox,kit.minimax-m2.7-229b,,-1,,"['(R874205:System- and Software-level Architecting Harmonization Practices for Systems-of-Systems : An exploratory case study on a long-running large-scale scientific instrument, contribution, R874234:First Research Object 2)', '(R874234:First Research Object 2, evaluation, R874241:Evaluation)', '(R874241:Evaluation, Evaluation method, R874242:Evaluation Method List)', '(R874242:Evaluation Method List, Entity, R874243:Evaluation Method Entity)', '(R874243:Evaluation Method Entity, Name, L1532191:Focus Group)', '(R868651:Architectural Assumptions and Their Management in Industry – An Exploratory Study, contribution, R868676:First Research Object 2)', '(R868676:First Research Object 2, evaluation, R868677:Evaluation)', '(R868677:Evaluation, Evaluation method, R868682:Evaluation Method List)', '(R868682:Evaluation Method List, Entity, R868683:Evaluation Method Entity)', '(R868683:Evaluation Method Entity, Name, L1520616:Focus Group)', '(R873937:An Exploratory Study of Naturalistic Decision Making in Complex Software Architecture Environments, contribution, R873974:Second Research Object 2)', '(R873974:Second Research Object 2, evaluation, R873975:Evaluation)', '(R873975:Evaluation, Evaluation method, R873976:Evaluation Method List)', '(R873976:Evaluation Method List, Entity, R873977:Evaluation Method Entity)', '(R873977:Evaluation Method Entity, Name, L1531621:Focus Group)', '(R870929:Technical Architectures for Automotive Systems, contribution, R870960:First Research Object 2)', '(R870960:First Research Object 2, evaluation, R870961:Evaluation)', '(R870961:Evaluation, Evaluation method, R870962:Evaluation Method List)', '(R870962:Evaluation Method List, Entity, R870963:Evaluation Method Entity)', '(R870963:Evaluation Method Entity, Name, L1525459:Focus Group)', '(R870929:Technical Architectures for Automotive Systems, contribution, R2156350:Second Research Object 2)', '(R2156350:Second Research Object 2, evaluation, R2156353:Evaluation)', '(R870971:Evaluation, Evaluation method, R870972:Evaluation Method List)', '(R870972:Evaluation Method List, Entity, R870973:Evaluation Method Entity)', '(R870973:Evaluation Method Entity, Name, L1525466:Focus Group)', '(R871484:On Cognitive Biases in Architecture Decision Making, contribution, R871505:First Research Object 2)', '(R871505:First Research Object 2, evaluation, R871506:Evaluation)', '(R871506:Evaluation, Evaluation method, R871507:Evaluation Method List)', '(R871507:Evaluation Method List, Entity, R871508:Evaluation Method Entity)', '(R871508:Evaluation Method Entity, Name, L1526567:Focus Group)', '(R873775:Continuous Architecture: Towards the Goldilocks Zone and Away from Vicious Circles, contribution, R873796:First Research Object 2)', '(R873796:First Research Object 2, evaluation, R873797:Evaluation)', '(R873797:Evaluation, Evaluation method, R873798:Evaluation Method List)', '(R873798:Evaluation Method List, Entity, R873799:Evaluation Method Entity)', '(R873799:Evaluation Method Entity, Name, L1531251:Focus Group)']",Which papers use focus groups as a method in their evaluations?,"The papers that use focus groups as a method in their evaluations are: 1. Technical Architectures for Automotive Systems, 2. Architectural Assumptions and Their Management in Industry - An Exploratory Study, 3. An Exploratory Study of Naturalistic Decision Making in Complex Software Architecture Environments, 4. Continuous Architecture: Towards the Goldilocks Zone and Away from Vicious Circles, 5. On Cognitive Biases in Architecture Decision Making, 6. System- and Software-level Architecting Harmonization Practices for Systems-of-Systems: An exploratory case study on a long-running large-scale scientific instrument, 7. Understanding Architecture Decisions in Context.","['10.1109/ICSA47634.2020.00013', '10.1007/978-3-319-65831-5_14', '10.1007/978-3-030-29983-5_4', '10.1109/ICSA.2019.00022', '10.1007/978-3-319-65831-5_9', '10.1109/ICSA51549.2021.00010', '10.1007/978-3-030-00761-4_19']",,"['(R870973:Evaluation Method Entity, Name, L1525466:Focus Group)', '(R868634:Evaluation Method Entity, Name, L1520518:Focus Group)', '(R873799:Evaluation Method Entity, Name, L1531251:Focus Group)', '(R873977:Evaluation Method Entity, Name, L1531621:Focus Group)', '(R874243:Evaluation Method Entity, Name, L1532191:Focus Group)', '(R871508:Evaluation Method Entity, Name, L1526567:Focus Group)', '(R868683:Evaluation Method Entity, Name, L1520616:Focus Group)']",clustering_strategy,R659055,Software Architecture and Design,6,Which publications have the evaluation method [Content Data: evaluation method name]?
54,c75b3cf0921537bf3249b9a498522306,fc884d7c-e208-42e9-bc8a-41278fc275ca,"

The papers that both **evaluate the “Security” property** and **have input data available** are:

| Paper (title) | How it meets the criteria | Source |
|---------------|---------------------------|--------|
| *Architectural Security Weaknesses in Industrial Control Systems (ICS) – An Empirical Study Based on Disclosed Software Vulnerabilities* | The evaluation explicitly addresses the **Security** property, and **Evidence 2** confirms that the study **uses input data**. | [2] |
| *A Blockchain‑Based Micro Economy Platform for Distributed Infrastructure Initiatives* | The contribution’s evaluation includes the **Security** sub‑property, and **Evidence 2** shows that **input data is available** (the “None” flag is *false*). | [3] |
| *Understanding Software Vulnerabilities Related to Architectural Security Tactics: An Empirical Investigation of Chromium, PHP and Thunderbird* | The evaluation focuses on the **Security** property, and **Evidence 2** indicates that **input data is utilized**. | [5] |
| *A Comparison of MQTT Brokers for Distributed IoT Edge Computing* | The study’s evaluation addresses the **Security** property, and **Evidence 2** states that the work **uses input data** (the “None” entry is *false*). | [7] |

These four papers satisfy both parts of the query: they assess a “Security” property and provide (or use) input data.

[2] Source: Architectural Security Weaknesses in Industrial Control Systems (ICS) an Empirical Study Based on Disclosed Software Vulnerabilities, 10.1109/ICSA.2019.00012
[3] Source: A Blockchain-Based Micro Economy Platform for Distributed Infrastructure Initiatives, 10.1109/ICSA.2018.00010
[5] Source: Understanding Software Vulnerabilities Related to Architectural Security Tactics: An Empirical Investigation of Chromium, PHP and Thunderbird, 10.1109/ICSA.2017.39
[7] Source: A Comparison of MQTT Brokers for Distributed IoT Edge Computing, 10.1007/978-3-030-58923-3_23
",[],0.25,0.25,0.031,0.016,0.125,0.125,0.1,0.25,0.14,0.19,0.13,0.25,0.17,0.21,0.08,0.5,0.13,0.24,0.18,0.75,0.29,0.45,0.1,0.133,0.077,0.176,0.09,0.36,0.22,0.97,0.28,0.17,0.77,0.35,0.21,0.95,0.436,0.748,0.551,1.0,404.28347301483154,0.0,162567,0,0.0,,0,0.0,,,0.0,0.0,,0.0,0.0,https://wandb.ai/kastel-sdq-meta-research/experiment_cross_encoder/r/call/01a05e0b-289c-786f-96a8-90680f9ad35a,retrieval_config,False,KitToolbox,kit.qwen3-embedding-8b,10,10,True,cosine,True,False,10,-1,8,False,False,1,False,-1,-1,False,,['R659055'],['Paper'],False,True,False,kg_retrieval,hublink,kittoolbox_kit.minimax-m2.7-229b_tmpNone_maxt-1_reasoningNone,KitToolbox,kit.minimax-m2.7-229b,,-1,,kittoolbox_kit.minimax-m2.7-229b_tmpNone_maxt-1_reasoningNone,KitToolbox,kit.minimax-m2.7-229b,,-1,,orkg_merged_ecsa_icsa.json_jsonpublicationloader_limit-1,['paper_class'],['research_level'],['first_research_object'],['second_research_object'],['validity'],['evidence'],False,False,R659055,https://sandbox.orkg.org,-1,orkg,merged_ecsa_icsa.json_jsonpublicationloader_limit-1,merged_ecsa_icsa.json,JsonPublicationLoader,-1,,4000,2,generation_kittoolbox_kit.minimax-m2.7-229b_tmpNone_maxt-1_reasoningNone,generation,kittoolbox_kit.minimax-m2.7-229b_tmpNone_maxt-1_reasoningNone,KitToolbox,kit.minimax-m2.7-229b,,-1,,"['(R874684:A Blockchain-Based Micro Economy Platform for Distributed Infrastructure Initiatives, contribution, R874707:First Research Object 2)', '(R874707:First Research Object 2, evaluation, R874708:Evaluation)', '(R874708:Evaluation, properties, R874711:Property)', '(R874713:Property, Name, L1533184:Security)', '(R873728:A Comparison of MQTT Brokers for Distributed IoT Edge Computing, contribution, R873753:First Research Object 2)', '(R873753:First Research Object 2, evaluation, R873754:Evaluation)', '(R873754:Evaluation, properties, R873757:Property)', '(R873760:Property, Name, L1531164:Security)', '(R870753:Architectural Security Weaknesses in Industrial Control Systems (ICS) an Empirical Study Based on Disclosed Software Vulnerabilities, contribution, R870774:First Research Object 2)', '(R870774:First Research Object 2, evaluation, R870775:Evaluation)', '(R870775:Evaluation, properties, R870778:Property)', '(R870779:Property, Name, L1525081:Security)', '(R872233:Understanding Software Vulnerabilities Related to Architectural Security Tactics: An Empirical Investigation of Chromium, PHP and Thunderbird, contribution, R872254:First Research Object 2)', '(R872254:First Research Object 2, evaluation, R872255:Evaluation)', '(R872255:Evaluation, properties, R872258:Property)', '(R872259:Property, Name, L1528119:Security)', '(R874684:A Blockchain-Based Micro Economy Platform for Distributed Infrastructure Initiatives, contribution, R874717:Evidence 2)', '(R874717:Evidence 2, Uses Input Data, R874718:Input Data)', '(R874718:Input Data, None, L1533191:False)', '(R870753:Architectural Security Weaknesses in Industrial Control Systems (ICS) an Empirical Study Based on Disclosed Software Vulnerabilities, contribution, R870782:Evidence 2)', '(R870782:Evidence 2, Uses Input Data, R870783:Input Data)', '(R873728:A Comparison of MQTT Brokers for Distributed IoT Edge Computing, contribution, R873765:Evidence 2)', '(R873765:Evidence 2, Uses Input Data, R873766:Input Data)', '(R873766:Input Data, None, L1531172:False)', '(R872233:Understanding Software Vulnerabilities Related to Architectural Security Tactics: An Empirical Investigation of Chromium, PHP and Thunderbird, contribution, R872262:Evidence 2)', '(R872262:Evidence 2, Uses Input Data, R872263:Input Data)']",Which papers evaluate the property Security and have input data available?,"The publications that evaluate the property Security and have input data available are: 'Understanding Software Vulnerabilities Related to Architectural Security Tactics: An Empirical Investigation of Chromium, PHP and Thunderbird' and 'A Comparison of MQTT Brokers for Distributed IoT Edge Computing'.","['10.1109/ICSA.2017.39', '10.1109/ICSA.2017.39', '10.1007/978-3-030-58923-3_23', '10.1007/978-3-030-58923-3_23']",,"['(R872259:Property, Name, L1528119:Security)', '(R872263:Input Data, available, L1528123:True)', '(R873760:Property, Name, L1531164:Security)', '(R873766:Input Data, available, L1531170:True)']",clustering_strategy,R659055,Software Architecture and Design,6,Which publications evaluate the sub-property [sub property name] and have input data available?
55,c75b3cf0921537bf3249b9a498522306,ab14918e-f1a8-448e-81ed-9b45c89d93b6,"

The publications that evaluate the **Functional Suitability** of a reference architecture are:

| Publication (assessment of functional suitability) | Source |
|---------------------------------------------------|--------|
| “Architecture‑Centric Support for Integrating Security Tools in a Security Orchestration Platform” | [1] |
| “Abstraction Layered Architecture: Writing Maintainable Embedded Code” | [2] |
| “Providing Context as a Service Using Service‑Oriented Mobile Indie Fog and Opportunistic Computing” | [3] |
| “Unlimited Rulebook: a Reference Architecture for Economy Mechanics in Digital Games” (DOI 10.1109/ICSA47634.2020.00014) | [4] |
| “An Architecture for Decentralized, Collaborative, and Autonomous Robots” | [5] |
| “Towards a Reference Architecture for Cloud‑Based Plant Genotyping and Phenotyping Analysis Frameworks.” | [6] |
| “FLRA: A Reference Architecture for Federated Learning Systems” | [7] |
| “A Blockchain-Based Micro Economy Platform for Distributed Infrastructure Initiatives” | [8] |
| “A Platform Architecture for Multi‑Tenant Blockchain‑Based Systems” | [9] |
| “Technical Architectures for Automotive Systems” | [10] |

All of the texts above confirm that each of these works **assesses the functional suitability** of the respective reference architecture (e.g., First Research Object 2, Second Research Object 2, etc.). However, **none of the provided excerpts contain an explicit statement that the authors make the input data used in those evaluations publicly available**—no mention of repositories, data deposits, or explicit data‑sharing policies is given in any of the sources [1]–[10].

**Consequently, while the listed publications do evaluate functional suitability, the available information does not indicate that any of them provide their input data.**

[1] Source: Architecture-Centric Support for Integrating Security Tools in a Security Orchestration Platform, 10.1007/978-3-030-58923-3_11
[2] Source: Abstraction Layered Architecture: Writing Maintainable Embedded Code, 10.1007/978-3-030-00761-4_9
[3] Source: Providing Context as a Service Using Service-Oriented Mobile Indie Fog and Opportunistic Computing, 10.1007/978-3-030-00761-4_15
[4] Source: Unlimited Rulebook: a Reference Architecture for Economy Mechanics in Digital Games, 10.1109/ICSA47634.2020.00014
[5] Source: An Architecture for Decentralized, Collaborative, and Autonomous Robots, 10.1109/ICSA.2018.00017
[6] Source: Towards a Reference Architecture for Cloud-Based Plant Genotyping and Phenotyping Analysis Frameworks, 10.1109/ICSA.2017.42
[7] Source: FLRA: A Reference Architecture for Federated Learning Systems, 10.1007/978-3-030-86044-8_6
[8] Source: A Blockchain-Based Micro Economy Platform for Distributed Infrastructure Initiatives, 10.1109/ICSA.2018.00010
[9] Source: A Platform Architecture for Multi-Tenant Blockchain-Based Systems, 10.1109/ICSA.2019.00019
[10] Source: Technical Architectures for Automotive Systems, 10.1109/ICSA47634.2020.00013
",[],0.0,0.0,0.0,0.0,0.0,0.0,0.0,0.0,0.0,0.0,0.0,0.0,0.0,0.0,0.08,0.67,0.14,0.27,0.11,0.67,0.19,0.34,0.0,0.0,0.078,0.113,0.06,0.29,0.17,1.0,0.22,0.13,0.76,0.18,0.11,0.62,0.467,0.752,0.576,1.0,392.3531713485718,0.0,181146,0,0.0,,0,0.0,,,0.0,0.0,,0.0,0.0,https://wandb.ai/kastel-sdq-meta-research/experiment_cross_encoder/r/call/01a05e0b-6130-7b9c-9a64-aae95cfc85a3,retrieval_config,False,KitToolbox,kit.qwen3-embedding-8b,10,10,True,cosine,True,False,10,-1,8,False,False,1,False,-1,-1,False,,['R659055'],['Paper'],False,True,False,kg_retrieval,hublink,kittoolbox_kit.minimax-m2.7-229b_tmpNone_maxt-1_reasoningNone,KitToolbox,kit.minimax-m2.7-229b,,-1,,kittoolbox_kit.minimax-m2.7-229b_tmpNone_maxt-1_reasoningNone,KitToolbox,kit.minimax-m2.7-229b,,-1,,orkg_merged_ecsa_icsa.json_jsonpublicationloader_limit-1,['paper_class'],['research_level'],['first_research_object'],['second_research_object'],['validity'],['evidence'],False,False,R659055,https://sandbox.orkg.org,-1,orkg,merged_ecsa_icsa.json_jsonpublicationloader_limit-1,merged_ecsa_icsa.json,JsonPublicationLoader,-1,,4000,2,generation_kittoolbox_kit.minimax-m2.7-229b_tmpNone_maxt-1_reasoningNone,generation,kittoolbox_kit.minimax-m2.7-229b_tmpNone_maxt-1_reasoningNone,KitToolbox,kit.minimax-m2.7-229b,,-1,,"['(R874684:A Blockchain-Based Micro Economy Platform for Distributed Infrastructure Initiatives, contribution, R874707:First Research Object 2)', '(R874707:First Research Object 2, evaluation, R874708:Evaluation)', '(R874708:Evaluation, properties, R874711:Property)', '(R874714:Property, Name, L1533185:Functional Suitability)', '(R873533:Providing Context as a Service Using Service-Oriented Mobile Indie Fog and Opportunistic Computing, contribution, R873549:First Research Object 2)', '(R873549:First Research Object 2, evaluation, R873550:Evaluation)', '(R873554:Property, Name, L1530736:Functional Suitability)', '(R869987:FLRA: A Reference Architecture for Federated Learning Systems, contribution, R870003:First Research Object 2)', '(R870003:First Research Object 2, evaluation, R870004:Evaluation)', '(R870004:Evaluation, properties, R870007:Property)', '(R870008:Property, Name, L1523457:Functional Suitability)', '(R871383:Architecture-Centric Support for Integrating Security Tools in a Security Orchestration Platform, contribution, R871404:First Research Object 2)', '(R871404:First Research Object 2, evaluation, R871405:Evaluation)', '(R871405:Evaluation, properties, R871408:Property)', '(R871409:Property, Name, L1526368:Functional Suitability)', '(R871523:An Architecture for Decentralized, Collaborative, and Autonomous Robots, contribution, R871554:First Research Object 2)', '(R871554:First Research Object 2, evaluation, R871555:Evaluation)', '(R871555:Evaluation, properties, R871560:Property)', '(R871560:Property, Sub-Property, R871561:Property)', '(R871561:Property, Name, L1526671:Functional Suitability)', '(R871726:A Platform Architecture for Multi-Tenant Blockchain-Based Systems, contribution, R871757:First Research Object 2)', '(R871757:First Research Object 2, evaluation, R871758:Evaluation)', '(R871758:Evaluation, properties, R871761:Property)', '(R871762:Property, Name, L1527088:Functional Suitability)', '(R874077:Abstraction Layered Architecture: Writing Maintainable Embedded Code, contribution, R874099:First Research Object 2)', '(R874099:First Research Object 2, evaluation, R874100:Evaluation)', '(R874104:Property, Name, L1531895:Functional Suitability)', '(R870929:Technical Architectures for Automotive Systems, contribution, R2156350:Second Research Object 2)', '(R2156350:Second Research Object 2, evaluation, R2156353:Evaluation)', '(R2156358:Property, Name, L2809726:Functional Suitability)', '(R871757:First Research Object 2, Object, R871773:Research Object List)', '(R871774:Research Object Entity, Name, L1527099:Reference Architecture)', '(R2156352:Research Object Entity, Name, L2809722:Reference Architecture)', '(R871554:First Research Object 2, Object, R871570:Research Object List)', '(R871570:Research Object List, Entity, R871571:Research Object Entity)', '(R871571:Research Object Entity, Name, L1526680:Reference Architecture)', '(R871410:Research Object List, Entity, R871411:Research Object Entity)', '(R871411:Research Object Entity, Name, L1526370:Reference Architecture)', '(R874707:First Research Object 2, Object, R874715:Research Object List)', '(R874715:Research Object List, Entity, R874716:Research Object Entity)', '(R874716:Research Object Entity, Name, L1533187:Reference Architecture)', '(R873549:First Research Object 2, Object, R873555:Research Object List)', '(R873555:Research Object List, Entity, R873556:Research Object Entity)', '(R873556:Research Object Entity, Name, L1530738:Reference Architecture)', '(R874107:Research Object Entity, Name, L1531898:Reference Architecture)', '(R873550:Evaluation, Evaluation method, R873551:Evaluation Method List)', '(R873551:Evaluation Method List, Entity, R873552:Evaluation Method Entity)', '(R873552:Evaluation Method Entity, Name, L1530734:Technical Experiment)', '(R870929:Technical Architectures for Automotive Systems, contribution, R2156287:First Research Object 2)', '(R2156287:First Research Object 2, evaluation, R2156301:Evaluation)', '(R2156321:Property, Name, L2809674:Functional Suitability)']",Which publications assess the functional suitability of a reference architecture and make their input data available?,"The publications that assess the functional suitability of a reference architecture and make their input data available are 'An Architecture for Decentralized, Collaborative, and Autonomous Robots' and 'Architecture-Centric Support for Integrating Security Tools in a Security Orchestration Platform'.","['10.1109/ICSA.2018.00017', '10.1109/ICSA.2018.00017', '10.1109/ICSA.2018.00017', '10.1007/978-3-030-58923-3_11', '10.1007/978-3-030-58923-3_11', '10.1007/978-3-030-58923-3_11']",,"['(R871571:Research Object Entity, Name, L1526680:Reference Architecture)', '(R871561:Property, Name, L1526671:Functional Suitability)', '(R871573:Input Data, available, L1526682:True)', '(R871411:Research Object Entity, Name, L1526370:Reference Architecture)', '(R871409:Property, Name, L1526368:Functional Suitability)', '(R871413:Input Data, available, L1526372:True)']",clustering_strategy,R659055,Software Architecture and Design,6,Which publications evaluate the research object [Content Data: research object name] with the sub-property [Content Data: sub-property name] and have input data available?
56,c75b3cf0921537bf3249b9a498522306,e241a8f3-84f7-4189-9808-85e606369b6a,"

Across the provided partial answers, five distinct papers are reported to evaluate the **Reliability** property:

* “A Comparison of MQTT Brokers for Distributed IoT Edge Computing” evaluates Reliability [1].  
* “An Architecture for Decentralized, Collaborative, and Autonomous Robots” includes Reliability among its evaluated properties [2].  
* “Quality Evaluation of PaaS Cloud Application Design Using Generated Prototypes” evaluates Reliability [3].  
* “An Architecture‑Driven Adaptation Approach for Big Data Cyber Security Analytics” evaluates Reliability [4].  
* “A Platform Architecture for Multi‑Tenant Blockchain‑Based Systems” evaluates Reliability [5].

The other two partial answers state that their respective papers do **not** evaluate Reliability (the evaluated properties are limited to Accuracy and Quality of Method) [6][7].

**Therefore, a total of five papers evaluate the property Reliability.**

[1] Source: A Comparison of MQTT Brokers for Distributed IoT Edge Computing, 10.1007/978-3-030-58923-3_23
[2] Source: An Architecture for Decentralized, Collaborative, and Autonomous Robots, 10.1109/ICSA.2018.00017
[3] Source: Quality Evaluation of PaaS Cloud Application Design Using Generated Prototypes, 10.1109/ICSA.2017.43
[4] Source: An Architecture-Driven Adaptation Approach for Big Data Cyber Security Analytics, 10.1109/ICSA.2019.00013
[5] Source: A Platform Architecture for Multi-Tenant Blockchain-Based Systems, 10.1109/ICSA.2019.00019
[6] Source: An Expert Recommendation System for Design Decision Making: Who Should be Involved in Making a Design Decision?, 10.1109/ICSA.2018.00018
[7] Source: Improving the Search for Architecture Knowledge in Online Developer Communities, 10.1109/ICSA.2018.00028
",[],0.2,0.1,0.025,0.013,0.125,0.125,0.1,0.2,0.13,0.17,0.13,0.2,0.16,0.18,0.1,0.6,0.17,0.3,0.15,0.6,0.24,0.37,0.1,0.133,0.1,0.146,0.03,0.12,0.07,0.89,0.06,0.03,0.5,0.11,0.06,0.78,0.352,0.624,0.45,1.0,475.5241425037384,0.0,27071,0,0.0,,0,0.0,,,0.0,0.0,,0.0,0.0,https://wandb.ai/kastel-sdq-meta-research/experiment_cross_encoder/r/call/01a05e0b-82de-7242-86d1-9025fe6427a3,retrieval_config,False,KitToolbox,kit.qwen3-embedding-8b,10,10,True,cosine,True,False,10,-1,8,False,False,1,False,-1,-1,False,,['R659055'],['Paper'],False,True,False,kg_retrieval,hublink,kittoolbox_kit.minimax-m2.7-229b_tmpNone_maxt-1_reasoningNone,KitToolbox,kit.minimax-m2.7-229b,,-1,,kittoolbox_kit.minimax-m2.7-229b_tmpNone_maxt-1_reasoningNone,KitToolbox,kit.minimax-m2.7-229b,,-1,,orkg_merged_ecsa_icsa.json_jsonpublicationloader_limit-1,['paper_class'],['research_level'],['first_research_object'],['second_research_object'],['validity'],['evidence'],False,False,R659055,https://sandbox.orkg.org,-1,orkg,merged_ecsa_icsa.json_jsonpublicationloader_limit-1,merged_ecsa_icsa.json,JsonPublicationLoader,-1,,4000,2,generation_kittoolbox_kit.minimax-m2.7-229b_tmpNone_maxt-1_reasoningNone,generation,kittoolbox_kit.minimax-m2.7-229b_tmpNone_maxt-1_reasoningNone,KitToolbox,kit.minimax-m2.7-229b,,-1,,"['(R870014:An Architecture-Driven Adaptation Approach for Big Data Cyber Security Analytics, contribution, R2156164:First Research Object 2)', '(R2156164:First Research Object 2, evaluation, R2156177:Evaluation)', '(R2156177:Evaluation, properties, R2156187:Property)', '(R2156195:Property, Name, L2809563:Reliability)', '(R873728:A Comparison of MQTT Brokers for Distributed IoT Edge Computing, contribution, R873753:First Research Object 2)', '(R873753:First Research Object 2, evaluation, R873754:Evaluation)', '(R873754:Evaluation, properties, R873757:Property)', '(R873759:Property, Name, L1531163:Reliability)', '(R871104:Quality Evaluation of PaaS Cloud Application Design Using Generated Prototypes, contribution, R2156196:First Research Object 2)', '(R2156196:First Research Object 2, evaluation, R2156209:Evaluation)', '(R2156209:Evaluation, properties, R2156220:Property)', '(R2156224:Property, Name, L2809597:Reliability)', '(R871726:A Platform Architecture for Multi-Tenant Blockchain-Based Systems, contribution, R871757:First Research Object 2)', '(R871757:First Research Object 2, evaluation, R871758:Evaluation)', '(R871758:Evaluation, properties, R871761:Property)', '(R871765:Property, Name, L1527091:Reliability)', '(R871523:An Architecture for Decentralized, Collaborative, and Autonomous Robots, contribution, R871554:First Research Object 2)', '(R871554:First Research Object 2, evaluation, R871555:Evaluation)', '(R871555:Evaluation, properties, R871560:Property)', '(R871563:Property, Name, L1526673:Reliability)', '(R871554:First Research Object 2, evaluation, R871565:Evaluation)', '(R871565:Evaluation, properties, R871568:Property)', '(R2156177:Evaluation, properties, R2156197:Property)', '(R873919:First Research Object 2, evaluation, R873920:Evaluation)', '(R873920:Evaluation, properties, R873923:Property)', '(R873923:Property, Sub-Property, R873924:Property)', '(R873924:Property, Name, L1531523:Accuracy)', '(R873923:Property, Name, L1531524:Quality of Method)', '(R871757:First Research Object 2, evaluation, R871768:Evaluation)', '(R871768:Evaluation, properties, R871771:Property)']",How many papers evaluate the property Reliability?,There are five papers that evaluate the property Reliability.,"['10.1007/978-3-030-58923-3_23', '10.1109/ICSA.2018.00017', '10.1109/ICSA.2019.00019', '10.1109/ICSA.2017.43', '10.1109/ICSA.2019.00013']",,"['(R873759:Property, Name, L1531163:Reliability)', '(R871563:Property, Name, L1526673:Reliability)', '(R871765:Property, Name, L1527091:Reliability)', '(R871130:Property, Name, L1525789:Reliability)', '(R870044:Property, Name, L1523526:Reliability)']",clustering_strategy,R659055,Software Architecture and Design,6,How many papers evaluate the sub-property with the name [Content Data: sub-property name]?
57,c75b3cf0921537bf3249b9a498522306,137febde-0bb1-4b18-b5ca-c8e7a878c974,"

The provided partial answers indicate that the number of papers investigating the property Security is one. Multiple sources explicitly state this count [1][2][3][4][6]. However, one source notes that at least one paper investigates Security and that the exact number cannot be determined from the given information [5]. Therefore, the most consistent answer derived from the provided texts is that the number is one.

[1] Source: A Blockchain-Based Micro Economy Platform for Distributed Infrastructure Initiatives, 10.1109/ICSA.2018.00010
[2] Source: Architectural Security Weaknesses in Industrial Control Systems (ICS) an Empirical Study Based on Disclosed Software Vulnerabilities, 10.1109/ICSA.2019.00012
[3] Source: Towards a Reference Architecture for Cloud-Based Plant Genotyping and Phenotyping Analysis Frameworks, 10.1109/ICSA.2017.42
[4] Source: A Comparison of MQTT Brokers for Distributed IoT Edge Computing, 10.1007/978-3-030-58923-3_23
[5] Source: Understanding Software Vulnerabilities Related to Architectural Security Tactics: An Empirical Investigation of Chromium, PHP and Thunderbird, 10.1109/ICSA.2017.39
[6] Source: A Platform Architecture for Multi-Tenant Blockchain-Based Systems, 10.1109/ICSA.2019.00019
",[],0.167,0.167,0.017,0.01,0.1,0.1,0.1,0.17,0.12,0.15,0.14,0.17,0.15,0.16,0.23,1.0,0.38,0.6,0.32,1.0,0.48,0.7,0.1,0.143,0.231,0.316,0.02,0.14,0.07,0.83,0.11,0.06,0.8,0.14,0.07,0.83,0.369,0.616,0.461,1.0,385.1686270236969,0.0,139327,0,0.0,,0,0.0,,,0.0,0.0,,0.0,0.0,https://wandb.ai/kastel-sdq-meta-research/experiment_cross_encoder/r/call/01a05e0c-67bc-7bd9-88f9-608ce6af9332,retrieval_config,False,KitToolbox,kit.qwen3-embedding-8b,10,10,True,cosine,True,False,10,-1,8,False,False,1,False,-1,-1,False,,['R659055'],['Paper'],False,True,False,kg_retrieval,hublink,kittoolbox_kit.minimax-m2.7-229b_tmpNone_maxt-1_reasoningNone,KitToolbox,kit.minimax-m2.7-229b,,-1,,kittoolbox_kit.minimax-m2.7-229b_tmpNone_maxt-1_reasoningNone,KitToolbox,kit.minimax-m2.7-229b,,-1,,orkg_merged_ecsa_icsa.json_jsonpublicationloader_limit-1,['paper_class'],['research_level'],['first_research_object'],['second_research_object'],['validity'],['evidence'],False,False,R659055,https://sandbox.orkg.org,-1,orkg,merged_ecsa_icsa.json_jsonpublicationloader_limit-1,merged_ecsa_icsa.json,JsonPublicationLoader,-1,,4000,2,generation_kittoolbox_kit.minimax-m2.7-229b_tmpNone_maxt-1_reasoningNone,generation,kittoolbox_kit.minimax-m2.7-229b_tmpNone_maxt-1_reasoningNone,KitToolbox,kit.minimax-m2.7-229b,,-1,,"['(R871726:A Platform Architecture for Multi-Tenant Blockchain-Based Systems, contribution, R871757:First Research Object 2)', '(R871757:First Research Object 2, evaluation, R871768:Evaluation)', '(R871768:Evaluation, properties, R871771:Property)', '(R870753:Architectural Security Weaknesses in Industrial Control Systems (ICS) an Empirical Study Based on Disclosed Software Vulnerabilities, contribution, R870774:First Research Object 2)', '(R870774:First Research Object 2, evaluation, R870775:Evaluation)', '(R870775:Evaluation, properties, R870778:Property)', '(R874684:A Blockchain-Based Micro Economy Platform for Distributed Infrastructure Initiatives, contribution, R874707:First Research Object 2)', '(R874707:First Research Object 2, evaluation, R874708:Evaluation)', '(R874708:Evaluation, properties, R874711:Property)', '(R874713:Property, Name, L1533184:Security)', '(R873728:A Comparison of MQTT Brokers for Distributed IoT Edge Computing, contribution, R873753:First Research Object 2)', '(R873753:First Research Object 2, evaluation, R873754:Evaluation)', '(R873754:Evaluation, properties, R873757:Property)', '(R873760:Property, Name, L1531164:Security)', '(R870779:Property, Name, L1525081:Security)', '(R872527:Towards a Reference Architecture for Cloud-Based Plant Genotyping and Phenotyping Analysis Frameworks, contribution, R872580:Second Research Object 2)', '(R872580:Second Research Object 2, evaluation, R872587:Evaluation)', '(R872587:Evaluation, properties, R872590:Property)', '(R872592:Property, Name, L1528794:Security)', '(R872233:Understanding Software Vulnerabilities Related to Architectural Security Tactics: An Empirical Investigation of Chromium, PHP and Thunderbird, contribution, R872254:First Research Object 2)', '(R872254:First Research Object 2, evaluation, R872255:Evaluation)', '(R872255:Evaluation, properties, R872258:Property)', '(R872259:Property, Name, L1528119:Security)', '(R871757:First Research Object 2, evaluation, R871758:Evaluation)', '(R871758:Evaluation, properties, R871761:Property)', '(R871764:Property, Name, L1527090:Security)']",What is the number of papers that investigate the property Security?,Six papers investigate the property Security.,"['10.1007/978-3-030-58923-3_23', '10.1109/ICSA.2017.39', '10.1109/ICSA.2019.00019', '10.1109/ICSA.2019.00012', '10.1109/ICSA.2018.00010', '10.1109/ICSA.2017.42']",,"['(R873760:Property, Name, L1531164:Security)', '(R872259:Property, Name, L1528119:Security)', '(R871764:Property, Name, L1527090:Security)', '(R870779:Property, Name, L1525081:Security)', '(R874713:Property, Name, L1533184:Security)', '(R872592:Property, Name, L1528794:Security)']",clustering_strategy,R659055,Software Architecture and Design,6,How many publications have the evaluation sub-property [Content Data: sub-property name]?
58,c75b3cf0921537bf3249b9a498522306,5a13eb06-0414-46ed-9a8b-d0bfd0c62097,"

**Papers that explicitly discuss repeatability as a threat to validity**

| Source | Paper (as identified in the source) | Discusses repeatability as a validity threat? |
|--------|-----------------------------------|-----------------------------------------------|
| [1] | *Data Stream Operations as First‑Class Entities in Component‑Based Performance Models* | Yes (repeatability listed as “false”) |
| [2] | *A Machine Learning Approach to Service Discovery for Microservice Architectures* | Yes (Validity 2 – repeatability) |
| [3] | *Data‑Driven Software Architecture for Analyzing Confidentiality* | Yes (repeatability addressed) |
| [4] | *Automatic Extraction of Design Decisions from Issue Management Systems: A Machine Learning Based Approach* | Yes (repeatability marked “False”) |
| [5] | *Enforcing Architectural Security Decisions* | Yes (repeatability discussed) |
| [6] | *Designing Robust Software Systems through Parametric Markov Chain Synthesis* | Yes (Validity 2 – repeatability) |
| [7] | *Automated Microservice Identification in Legacy Systems with Functional and Non‑Functional Metrics* | Yes (repeatability listed as “false”) |
| [8] | *Component‑Based Refinement and Verification of Information‑Flow Security Policies for Cyber‑Physical Microservice Architectures* | Yes (repeatability marked “true”) |
| [9] | *An Architecture‑Driven Adaptation Approach for Big Data Cyber Security Analytics* | Yes (repeatability marked “false”) |
| [10] | *Modeling of Parametric Dependencies for Performance Prediction of Component‑Based Software Systems at Run‑Time* | Yes (repeatability marked “false”) |

**Do any of these papers mention the use of interviews in their evaluation?**

None of the ten provided excerpts contain any reference to interviews, interview data, or interview methods as part of the evaluation approach for the papers listed above [1][2][3][4][5][6][7][8][9][10].

**Result**

- **Number of papers that discuss repeatability as a validity threat:** at least ten (one per source).  
- **Number of those papers that also use interviews in their evaluation:** **0** (no source mentions interviews).  

Thus, based solely on the provided texts, **no papers** that discuss repeatability as a threat to validity are shown to employ interviews in their evaluation. The exact count of such papers beyond the documented set cannot be determined from the given information.

[1] Source: Data Stream Operations as First-Class Entities in Component-Based Performance Models, 10.1007/978-3-030-58923-3_10
[2] Source: A Machine Learning Approach to Service Discovery for Microservice Architectures, 10.1007/978-3-030-86044-8_5
[3] Source: Data-Driven Software Architecture for Analyzing Confidentiality, 10.1109/ICSA.2019.00009
[4] Source: Automatic Extraction of Design Decisions from Issue Management Systems: A Machine Learning Based Approach, 10.1007/978-3-319-65831-5_10
[5] Source: Enforcing Architectural Security Decisions, 10.1109/ICSA47634.2020.00012
[6] Source: Designing Robust Software Systems through Parametric Markov Chain Synthesis, 10.1109/ICSA.2017.16
[7] Source: Automated Microservice Identification in Legacy Systems with Functional and Non-Functional Metrics, 10.1109/ICSA47634.2020.00021
[8] Source: Component-Based Refinement and Verification of Information-Flow Security Policies for Cyber-Physical Microservice Architectures, 10.1109/ICSA.2019.00015
[9] Source: An Architecture-Driven Adaptation Approach for Big Data Cyber Security Analytics, 10.1109/ICSA.2019.00013
[10] Source: Modeling of Parametric Dependencies for Performance Prediction of Component-Based Software Systems at Run-Time, 10.1109/ICSA.2018.00023
",[],0.0,0.0,0.0,0.0,0.0,0.0,0.0,0.0,0.0,0.0,0.0,0.0,0.0,0.0,0.0,0.0,0.0,0.0,0.0,0.0,0.0,0.0,0.0,0.0,0.0,0.0,0.02,0.09,0.05,0.83,0.06,0.03,0.53,0.09,0.05,0.78,0.27,0.541,0.36,1.0,393.8179204463959,0.0,17842,0,0.0,,0,0.0,,,0.0,0.0,,0.0,0.0,https://wandb.ai/kastel-sdq-meta-research/experiment_cross_encoder/r/call/01a05e0e-6e66-76a5-b7ca-fb40745755ba,retrieval_config,False,KitToolbox,kit.qwen3-embedding-8b,10,10,True,cosine,True,False,10,-1,8,False,False,1,False,-1,-1,False,,['R659055'],['Paper'],False,True,False,kg_retrieval,hublink,kittoolbox_kit.minimax-m2.7-229b_tmpNone_maxt-1_reasoningNone,KitToolbox,kit.minimax-m2.7-229b,,-1,,kittoolbox_kit.minimax-m2.7-229b_tmpNone_maxt-1_reasoningNone,KitToolbox,kit.minimax-m2.7-229b,,-1,,orkg_merged_ecsa_icsa.json_jsonpublicationloader_limit-1,['paper_class'],['research_level'],['first_research_object'],['second_research_object'],['validity'],['evidence'],False,False,R659055,https://sandbox.orkg.org,-1,orkg,merged_ecsa_icsa.json_jsonpublicationloader_limit-1,merged_ecsa_icsa.json,JsonPublicationLoader,-1,,4000,2,generation_kittoolbox_kit.minimax-m2.7-229b_tmpNone_maxt-1_reasoningNone,generation,kittoolbox_kit.minimax-m2.7-229b_tmpNone_maxt-1_reasoningNone,KitToolbox,kit.minimax-m2.7-229b,,-1,,"['(R868426:First Research Object 2, evaluation, R868427:Evaluation)', '(R872313:Threat to Validity, repeatability, L1528226:False)', '(R868446:Automated Microservice Identification in Legacy Systems with Functional and Non-Functional Metrics, contribution, R868478:Validity 2)', '(R868478:Validity 2, Threats To Validity, R868479:Threat to Validity)', '(R868479:Threat to Validity, repeatability, L1520179:False)', '(R868358:Threat to Validity, repeatability, L1519912:True)', '(R870227:A Machine Learning Approach to Service Discovery for Microservice Architectures, contribution, R870263:Validity 2)', '(R870263:Validity 2, Threats To Validity, R870264:Threat to Validity)', '(R870264:Threat to Validity, repeatability, L1524010:False)', '(R873653:Data-Driven Software Architecture for Analyzing Confidentiality, contribution, R873693:Validity 2)', '(R873693:Validity 2, Threats To Validity, R873694:Threat to Validity)', '(R873694:Threat to Validity, repeatability, L1531026:True)', '(R872878:Enforcing Architectural Security Decisions, contribution, R872914:Validity 2)', '(R872914:Validity 2, Threats To Validity, R872915:Threat to Validity)', '(R872915:Threat to Validity, repeatability, L1529453:True)', '(R870014:An Architecture-Driven Adaptation Approach for Big Data Cyber Security Analytics, contribution, R870052:Validity 2)', '(R870052:Validity 2, Threats To Validity, R870053:Threat to Validity)', '(R870053:Threat to Validity, repeatability, L1523539:False)', '(R868403:Designing Robust Software Systems through Parametric Markov Chain Synthesis, contribution, R868439:Validity 2)', '(R868439:Validity 2, Threats To Validity, R868440:Threat to Validity)', '(R868440:Threat to Validity, repeatability, L1520092:False)', '(R868745:Automatic Extraction of Design Decisions from Issue Management Systems: A Machine Learning Based Approach, contribution, R868777:Validity 2)', '(R868777:Validity 2, Threats To Validity, R868778:Threat to Validity)', '(R868778:Threat to Validity, repeatability, L1520820:False)', '(R870336:Data Stream Operations as First-Class Entities in Component-Based Performance Models, contribution, R874766:Validity 2)', '(R874766:Validity 2, Threats To Validity, R874767:Threat to Validity)', '(R874767:Threat to Validity, repeatability, L1533301:False)']",How many papers that discuss repeatability as a validity threat use interviews in their evaluation?,There are three papers that discuss repeatability as a threat to validity and apply the evaluation method interviews.,"['10.1109/ICSA51549.2021.00010', '10.1109/ICSA51549.2021.00010', '10.1109/ICSA51549.2021.00013', '10.1109/ICSA51549.2021.00013', '10.1007/978-3-030-00761-4_17', '10.1007/978-3-030-00761-4_17']",,"['(R874254:Threat to Validity, repeatability, L1532206:True)', '(R874237:Evaluation Method Entity, Name, L1532186:Interview)', '(R869347:Threat to Validity, repeatability, L1522043:True)', '(R869337:Evaluation Method Entity, Name, L1522029:Interview)', '(R873334:Threat to Validity, repeatability, L1530285:True)', '(R873325:Evaluation Method Entity, Name, L1530272:Interview)']",clustering_strategy,R659055,Software Architecture and Design,6,"How many papers, that discuss the [Content Data: threat to validity] as a threat to validity, apply [Content Data: evaluation method name] as a evaluation method?"
59,c75b3cf0921537bf3249b9a498522306,fd0f5f35-4f48-4c58-b5ec-175c572ebc85,"

Based on the source, confirmability is not identified as a validity threat in any of the publications that employ focus groups for evaluation. Consequently, **0 publications** meet both criteria【1】.

",[],0.0,0.0,0.0,0.0,0.0,0.0,0.0,0.0,0.0,0.0,0.0,0.0,0.0,0.0,0.0,0.0,0.0,0.0,0.0,0.0,0.0,0.0,0.0,0.0,0.0,0.0,0.14,0.62,0.53,0.73,0.28,0.24,0.33,0.46,0.4,0.55,0.629,0.748,0.683,1.0,469.14432549476624,0.0,17285,0,0.0,,0,0.0,,,0.0,0.0,,0.0,0.0,https://wandb.ai/kastel-sdq-meta-research/experiment_cross_encoder/r/call/01a05e11-a7a9-7a67-838e-3f552bb96533,retrieval_config,False,KitToolbox,kit.qwen3-embedding-8b,10,10,True,cosine,True,False,10,-1,8,False,False,1,False,-1,-1,False,,['R659055'],['Paper'],False,True,False,kg_retrieval,hublink,kittoolbox_kit.minimax-m2.7-229b_tmpNone_maxt-1_reasoningNone,KitToolbox,kit.minimax-m2.7-229b,,-1,,kittoolbox_kit.minimax-m2.7-229b_tmpNone_maxt-1_reasoningNone,KitToolbox,kit.minimax-m2.7-229b,,-1,,orkg_merged_ecsa_icsa.json_jsonpublicationloader_limit-1,['paper_class'],['research_level'],['first_research_object'],['second_research_object'],['validity'],['evidence'],False,False,R659055,https://sandbox.orkg.org,-1,orkg,merged_ecsa_icsa.json_jsonpublicationloader_limit-1,merged_ecsa_icsa.json,JsonPublicationLoader,-1,,4000,2,generation_kittoolbox_kit.minimax-m2.7-229b_tmpNone_maxt-1_reasoningNone,generation,kittoolbox_kit.minimax-m2.7-229b_tmpNone_maxt-1_reasoningNone,KitToolbox,kit.minimax-m2.7-229b,,-1,,"['(R870264:Threat to Validity, confirmability, L1524013:False)']",In how many publications is confirmability identified as a validity threat while focus groups are employed for evaluation?,The number of publications in which confirmability is identified as a validity threat while focus groups are employed for evaluation is two.,"['10.1007/978-3-319-65831-5_14', '10.1007/978-3-319-65831-5_14', '10.1007/978-3-030-29983-5_4', '10.1007/978-3-030-29983-5_4']",,"['(R868692:Threat to Validity, confirmability, L1520632:True)', '(R868683:Evaluation Method Entity, Name, L1520616:Focus Group)', '(R873986:Threat to Validity, confirmability, L1531637:True)', '(R873977:Evaluation Method Entity, Name, L1531621:Focus Group)']",clustering_strategy,R659055,Software Architecture and Design,6,"How many papers, that discuss the [Content Data: threat to validity] as a threat to validity, apply [Content Data: evaluation method name] as a evaluation method?"
60,c75b3cf0921537bf3249b9a498522306,69e09835-46f3-4c0f-a8d4-41534fa28e48,"

The sources identify three papers that use the **Field Experiment** evaluation method:

| Paper (as cited) | Year (if reported) | Source |
|-------------------|--------------------|--------|
| **ACE: Easy Deployment of Field Optimization Experiments** | 2019 | [1] |
| **Decision Models for Microservices: Design Areas, Stakeholders, Use Cases, and Requirements** | Not provided | [2] |
| **An Architecture for Decentralized, Collaborative, and Autonomous Robots** | Not provided | [3] |

**Ranking in descending order of publication year**

1. **ACE: Easy Deployment of Field Optimization Experiments** – 2019 [1]  
2. **Decision Models for Microservices…** – year unknown, cannot be placed further [2]  
3. **An Architecture for Decentralized, Collaborative, and Autonomous Robots** – year unknown, cannot be placed further [3]  

Only the first paper has a known publication year, so it occupies the highest position in the descending‑year order. The remaining two papers cannot be ranked relative to each other or to the first paper because their publication years are not provided.

[1] Source: ACE: Easy Deployment of Field Optimization Experiments, 10.1007/978-3-030-29983-5_18
[2] Source: Decision Models for Microservices: Design Areas, Stakeholders, Use Cases, and Requirements, 10.1007/978-3-319-65831-5_11
[3] Source: An Architecture for Decentralized, Collaborative, and Autonomous Robots, 10.1109/ICSA.2018.00017
",[],0.333,0.5,0.067,0.392,0.2,1.0,0.2,0.33,0.25,0.29,0.5,0.5,0.5,0.5,0.25,0.67,0.36,0.5,0.53,0.83,0.65,0.75,0.2,0.5,0.25,0.526,0.17,0.5,0.34,0.94,0.38,0.26,0.72,0.35,0.24,0.67,0.477,0.669,0.557,1.0,285.4716365337372,0.0,34701,0,0.0,,0,0.0,,,0.0,0.0,,0.0,0.0,https://wandb.ai/kastel-sdq-meta-research/experiment_cross_encoder/r/call/01a05e19-054d-74ea-a3fd-79722efcc6c5,retrieval_config,False,KitToolbox,kit.qwen3-embedding-8b,10,10,True,cosine,True,False,10,-1,8,False,False,1,False,-1,-1,False,,['R659055'],['Paper'],False,True,False,kg_retrieval,hublink,kittoolbox_kit.minimax-m2.7-229b_tmpNone_maxt-1_reasoningNone,KitToolbox,kit.minimax-m2.7-229b,,-1,,kittoolbox_kit.minimax-m2.7-229b_tmpNone_maxt-1_reasoningNone,KitToolbox,kit.minimax-m2.7-229b,,-1,,orkg_merged_ecsa_icsa.json_jsonpublicationloader_limit-1,['paper_class'],['research_level'],['first_research_object'],['second_research_object'],['validity'],['evidence'],False,False,R659055,https://sandbox.orkg.org,-1,orkg,merged_ecsa_icsa.json_jsonpublicationloader_limit-1,merged_ecsa_icsa.json,JsonPublicationLoader,-1,,4000,2,generation_kittoolbox_kit.minimax-m2.7-229b_tmpNone_maxt-1_reasoningNone,generation,kittoolbox_kit.minimax-m2.7-229b_tmpNone_maxt-1_reasoningNone,KitToolbox,kit.minimax-m2.7-229b,,-1,,"['(R869486:ACE: Easy Deployment of Field Optimization Experiments, contribution, R869507:First Research Object 2)', '(R869507:First Research Object 2, evaluation, R869508:Evaluation)', '(R869508:Evaluation, Evaluation method, R869509:Evaluation Method List)', '(R869509:Evaluation Method List, Entity, R869510:Evaluation Method Entity)', '(R869510:Evaluation Method Entity, Name, L1522395:Field Experiment)', '(R869392:Decision Models for Microservices: Design Areas, Stakeholders, Use Cases, and Requirements, contribution, R869415:First Research Object 2)', '(R869415:First Research Object 2, evaluation, R869416:Evaluation)', '(R869416:Evaluation, Evaluation method, R869417:Evaluation Method List)', '(R869417:Evaluation Method List, Entity, R869418:Evaluation Method Entity)', '(R869418:Evaluation Method Entity, Name, L1522201:Field Experiment)', '(R871523:An Architecture for Decentralized, Collaborative, and Autonomous Robots, contribution, R871554:First Research Object 2)', '(R871554:First Research Object 2, evaluation, R871555:Evaluation)', '(R871555:Evaluation, Evaluation method, R871556:Evaluation Method List)', '(R871556:Evaluation Method List, Entity, R871557:Evaluation Method Entity)', '(R871557:Evaluation Method Entity, Name, L1526667:Field Experiment)', '(R869486:ACE: Easy Deployment of Field Optimization Experiments, publication year, L1522347:2019)']",Which papers apply the evaluation method Field Experiment? Rank the papers in descending order of their publication year.,"The papers that apply the evaluation method Field Experiment, ranked in descending order of their publication year, are: 1. ACE: Easy Deployment of Field Optimization Experiments (2019), 2. An Architecture for Decentralized, Collaborative, and Autonomous Robots (2018), and 3. Decision Models for Microservices: Design Areas, Stakeholders, Use Cases, and Requirements (2017).","['10.1109/ICSA.2018.00017', '10.1109/ICSA.2018.00017', '10.1007/978-3-030-29983-5_18', '10.1007/978-3-030-29983-5_18', '10.1007/978-3-319-65831-5_11', '10.1007/978-3-319-65831-5_11']",,"['(R871557:Evaluation Method Entity, Name, L1526667:Field Experiment)', '(R871523:An Architecture for Decentralized, Collaborative, and Autonomous Robots, publication year, L1526604:2018)', '(R869510:Evaluation Method Entity, Name, L1522395:Field Experiment)', '(R869486:ACE: Easy Deployment of Field Optimization Experiments, publication year, L1522347:2019)', '(R869418:Evaluation Method Entity, Name, L1522201:Field Experiment)', '(R869392:Decision Models for Microservices: Design Areas, Stakeholders, Use Cases, and Requirements, publication year, L1522148:2017)']",clustering_strategy,R659055,Software Architecture and Design,6,Which papers apply the evaluation method with the name [Content Data: evaluation method name]? Rank the papers in descending order of their publication year.
61,c75b3cf0921537bf3249b9a498522306,69bcdd8c-745a-4605-8dc6-e3678b2142bd,"

Based on the provided partial answers, two studies evaluate compatibility in their work:

1. **""Mitigating the Influence of Embedded Software Development Environments and Toolsets (ESDT) on Software Architecture""** - authored by Pablo Antonino [2]
2. **""An Architecture for Decentralized, Collaborative, and Autonomous Robots""** [1]

**Note on chronological sorting:** Neither partial answer provides publication dates for the studies identified. Consequently, it is not possible to sort these studies from most recent to earliest based on the information available in the sources.

[1] Source: An Architecture for Decentralized, Collaborative, and Autonomous Robots, 10.1109/ICSA.2018.00017
[2] Source: Mitigating the Influence of Embedded Software Development Environments and Toolsets (ESDT) on Software Architecture, 10.1109/ICSA.2019.00020
",[],0.25,0.25,0.083,0.104,0.333,0.333,0.14,0.25,0.18,0.22,0.27,0.38,0.32,0.35,0.14,0.25,0.18,0.22,0.27,0.38,0.32,0.35,0.143,0.273,0.143,0.273,0.24,0.51,0.39,0.72,0.37,0.28,0.52,0.48,0.37,0.67,0.599,0.786,0.68,1.0,170.94056844711304,0.0,4960,0,0.0,,0,0.0,,,0.0,0.0,,0.0,0.0,https://wandb.ai/kastel-sdq-meta-research/experiment_cross_encoder/r/call/01a05e1c-0bd7-742f-a665-0869603107ed,retrieval_config,False,KitToolbox,kit.qwen3-embedding-8b,10,10,True,cosine,True,False,10,-1,8,False,False,1,False,-1,-1,False,,['R659055'],['Paper'],False,True,False,kg_retrieval,hublink,kittoolbox_kit.minimax-m2.7-229b_tmpNone_maxt-1_reasoningNone,KitToolbox,kit.minimax-m2.7-229b,,-1,,kittoolbox_kit.minimax-m2.7-229b_tmpNone_maxt-1_reasoningNone,KitToolbox,kit.minimax-m2.7-229b,,-1,,orkg_merged_ecsa_icsa.json_jsonpublicationloader_limit-1,['paper_class'],['research_level'],['first_research_object'],['second_research_object'],['validity'],['evidence'],False,False,R659055,https://sandbox.orkg.org,-1,orkg,merged_ecsa_icsa.json_jsonpublicationloader_limit-1,merged_ecsa_icsa.json,JsonPublicationLoader,-1,,4000,2,generation_kittoolbox_kit.minimax-m2.7-229b_tmpNone_maxt-1_reasoningNone,generation,kittoolbox_kit.minimax-m2.7-229b_tmpNone_maxt-1_reasoningNone,KitToolbox,kit.minimax-m2.7-229b,,-1,,"['(R871554:First Research Object 2, evaluation, R871565:Evaluation)', '(R871565:Evaluation, properties, R871568:Property)', '(R871569:Property, Name, L1526678:Compatibility)', '(R868862:Mitigating the Influence of Embedded Software Development Environments and Toolsets (ESDT) on Software Architecture, contribution, R868878:First Research Object 2)', '(R868878:First Research Object 2, evaluation, R868879:Evaluation)', '(R868879:Evaluation, properties, R868882:Property)', '(R868883:Property, Name, L1521052:Compatibility)']",Which studies evaluate compatibility in their work sorted from the most recent publication to the earliest?,"The publications that evaluate the property Compatibility, ranked in descending order of their publication year, are: 1. Mitigating the Influence of Embedded Software Development Environments and Toolsets (ESDT) on Software Architecture (2019), and 2. An Architecture for Decentralized, Collaborative, and Autonomous Robots (2018).","['10.1109/ICSA.2018.00017', '10.1109/ICSA.2018.00017', '10.1109/ICSA.2019.00020', '10.1109/ICSA.2019.00020']",,"['(R871562:Property, Name, L1526672:Compatibility)', '(R871523:An Architecture for Decentralized, Collaborative, and Autonomous Robots, publication year, L1526604:2018)', '(R871569:Property, Name, L1526678:Compatibility)', '(R868862:Mitigating the Influence of Embedded Software Development Environments and Toolsets (ESDT) on Software Architecture, publication year, L1521021:2019)']",clustering_strategy,R659055,Software Architecture and Design,6,Which publications have the evaluation sub-property [evaluation sub-property name] ranked by the publication year?
62,c75b3cf0921537bf3249b9a498522306,52148f59-5e9a-4d7f-bc61-f52cf2e56fd7,"

**Papers that evaluate the Reliability property, listed in descending order by publication year**

1. **“A Comparison of MQTT Brokers for Distributed IoT Edge Computing”** – 2020 [4]  
2. **“An Architecture‑Driven Adaptation Approach for Big Data Cyber Security Analytics”** – 2019 [2]  
3. **“A Platform Architecture for Multi‑Tenant Blockchain‑Based Systems”** – 2019 [5]  
4. **“An Architecture for Decentralized, Collaborative, and Autonomous Robots”** – 2018 [1]  
5. **“Quality Evaluation of PaaS Cloud Application Design Using Generated Prototypes”** – 2017 [3]

[1] Source: An Architecture for Decentralized, Collaborative, and Autonomous Robots, 10.1109/ICSA.2018.00017
[2] Source: An Architecture-Driven Adaptation Approach for Big Data Cyber Security Analytics, 10.1109/ICSA.2019.00013
[3] Source: Quality Evaluation of PaaS Cloud Application Design Using Generated Prototypes, 10.1109/ICSA.2017.43
[4] Source: A Comparison of MQTT Brokers for Distributed IoT Edge Computing, 10.1007/978-3-030-58923-3_23
[5] Source: A Platform Architecture for Multi-Tenant Blockchain-Based Systems, 10.1109/ICSA.2019.00019
",[],0.1,0.25,0.013,0.222,0.125,1.0,0.1,0.1,0.1,0.1,0.33,0.25,0.29,0.26,0.32,0.8,0.46,0.62,0.46,0.8,0.58,0.7,0.1,0.333,0.32,0.457,0.28,0.91,0.89,0.92,0.77,0.76,0.78,0.89,0.88,0.91,0.745,0.882,0.808,1.0,320.4506187438965,0.0,21994,0,0.0,,0,0.0,,,0.0,0.0,,0.0,0.0,https://wandb.ai/kastel-sdq-meta-research/experiment_cross_encoder/r/call/01a05e1d-2653-74d7-8a2c-97d7851c020e,retrieval_config,False,KitToolbox,kit.qwen3-embedding-8b,10,10,True,cosine,True,False,10,-1,8,False,False,1,False,-1,-1,False,,['R659055'],['Paper'],False,True,False,kg_retrieval,hublink,kittoolbox_kit.minimax-m2.7-229b_tmpNone_maxt-1_reasoningNone,KitToolbox,kit.minimax-m2.7-229b,,-1,,kittoolbox_kit.minimax-m2.7-229b_tmpNone_maxt-1_reasoningNone,KitToolbox,kit.minimax-m2.7-229b,,-1,,orkg_merged_ecsa_icsa.json_jsonpublicationloader_limit-1,['paper_class'],['research_level'],['first_research_object'],['second_research_object'],['validity'],['evidence'],False,False,R659055,https://sandbox.orkg.org,-1,orkg,merged_ecsa_icsa.json_jsonpublicationloader_limit-1,merged_ecsa_icsa.json,JsonPublicationLoader,-1,,4000,2,generation_kittoolbox_kit.minimax-m2.7-229b_tmpNone_maxt-1_reasoningNone,generation,kittoolbox_kit.minimax-m2.7-229b_tmpNone_maxt-1_reasoningNone,KitToolbox,kit.minimax-m2.7-229b,,-1,,"['(R870014:An Architecture-Driven Adaptation Approach for Big Data Cyber Security Analytics, contribution, R2156164:First Research Object 2)', '(R2156164:First Research Object 2, evaluation, R2156177:Evaluation)', '(R2156177:Evaluation, properties, R2156187:Property)', '(R2156195:Property, Name, L2809563:Reliability)', '(R873728:A Comparison of MQTT Brokers for Distributed IoT Edge Computing, contribution, R873753:First Research Object 2)', '(R873753:First Research Object 2, evaluation, R873754:Evaluation)', '(R873754:Evaluation, properties, R873757:Property)', '(R873759:Property, Name, L1531163:Reliability)', '(R871104:Quality Evaluation of PaaS Cloud Application Design Using Generated Prototypes, contribution, R2156196:First Research Object 2)', '(R2156196:First Research Object 2, evaluation, R2156209:Evaluation)', '(R2156209:Evaluation, properties, R2156220:Property)', '(R2156224:Property, Name, L2809597:Reliability)', '(R871726:A Platform Architecture for Multi-Tenant Blockchain-Based Systems, contribution, R871757:First Research Object 2)', '(R871757:First Research Object 2, evaluation, R871758:Evaluation)', '(R871758:Evaluation, properties, R871761:Property)', '(R871765:Property, Name, L1527091:Reliability)', '(R871523:An Architecture for Decentralized, Collaborative, and Autonomous Robots, contribution, R871554:First Research Object 2)', '(R871554:First Research Object 2, evaluation, R871555:Evaluation)', '(R871555:Evaluation, properties, R871560:Property)', '(R871563:Property, Name, L1526673:Reliability)', '(R870014:An Architecture-Driven Adaptation Approach for Big Data Cyber Security Analytics, publication year, L1523470:2019)', '(R871523:An Architecture for Decentralized, Collaborative, and Autonomous Robots, publication year, L1526604:2018)', '(R871726:A Platform Architecture for Multi-Tenant Blockchain-Based Systems, publication year, L1527024:2019)', '(R871104:Quality Evaluation of PaaS Cloud Application Design Using Generated Prototypes, publication year, L1525740:2017)', '(R873728:A Comparison of MQTT Brokers for Distributed IoT Edge Computing, publication year, L1531105:2020)']",Which papers evaluate the property Reliability? Rank the papers in descending order by their publication year.,"The papers with the investigated property Reliability, ranked in descending order by their publication year, are: 1. A Comparison of MQTT Brokers for Distributed IoT Edge Computing (2020), 2. An Architecture-Driven Adaptation Approach for Big Data Cyber Security Analytics (2019), 3. A Platform Architecture for Multi-Tenant Blockchain-Based Systems (2019), 4. An Architecture for Decentralized, Collaborative, and Autonomous Robots (2018), 5. Quality Evaluation of PaaS Cloud Application Design Using Generated Prototypes (2017)","['10.1109/ICSA.2019.00013', '10.1109/ICSA.2019.00013', '10.1109/ICSA.2019.00019', '10.1109/ICSA.2019.00019', '10.1007/978-3-030-58923-3_23', '10.1007/978-3-030-58923-3_23', '10.1109/ICSA.2018.00017', '10.1109/ICSA.2018.00017', '10.1109/ICSA.2017.43', '10.1109/ICSA.2017.43']",,"['(R870044:Property, Name, L1523526:Reliability)', '(R870014:An Architecture-Driven Adaptation Approach for Big Data Cyber Security Analytics, publication year, L1523470:2019)', '(R871765:Property, Name, L1527091:Reliability)', '(R871726:A Platform Architecture for Multi-Tenant Blockchain-Based Systems, publication year, L1527024:2019)', '(R873759:Property, Name, L1531163:Reliability)', '(R873728:A Comparison of MQTT Brokers for Distributed IoT Edge Computing, publication year, L1531105:2020)', '(R871563:Property, Name, L1526673:Reliability)', '(R871523:An Architecture for Decentralized, Collaborative, and Autonomous Robots, publication year, L1526604:2018)', '(R871130:Property, Name, L1525789:Reliability)', '(R871104:Quality Evaluation of PaaS Cloud Application Design Using Generated Prototypes, publication year, L1525740:2017)']",clustering_strategy,R659055,Software Architecture and Design,6,Which publications have the evaluation sub-property [evaluation sub-property name] ranked by the publication year?
63,c75b3cf0921537bf3249b9a498522306,4de79ef4-57b4-4a22-9f2e-286995751d3c,"

**Papers that apply a benchmark in their evaluation (most recent → oldest)**  

| # | Paper Title | Benchmark Used in Evaluation | Publication Year | Citation |
|---|-------------|-----------------------------|------------------|----------|
| 1 | *Employment of Optimal Approximations on Apache Hadoop Checkpoint Technique for Performance Improvements* | Benchmark (as listed in the “Evaluation Method List – Entity – Benchmark”) | 2020 (DOI 10.1109/ICSA47634.2020.00009) | [1] |
| 2 | *Experiments in Curation: Towards Machine‑Assisted Construction of Software Architecture Knowledge Bases* | Benchmark (as recorded in the evaluation method list) | 2017 (DOI 10.1109/ICSA.2017.27) | [2] |

These two papers are the only entries that explicitly report the use of a **benchmark** as part of their evaluation method, ordered from the most recent (2020) to the oldest (2017).

[1] Source: Employment of Optimal Approximations on Apache Hadoop Checkpoint Technique for Performance Improvements, 10.1109/ICSA47634.2020.00009
[2] Source: Experiments in Curation: Towards Machine-Assisted Construction of Software Architecture Knowledge Bases, 10.1109/ICSA.2017.27
",[],0.25,0.25,0.05,0.392,0.2,1.0,0.2,0.25,0.22,0.24,0.5,0.38,0.43,0.39,0.17,0.25,0.2,0.23,0.43,0.38,0.4,0.38,0.2,0.5,0.167,0.429,0.18,0.54,0.44,0.69,0.37,0.3,0.47,0.41,0.33,0.52,0.523,0.688,0.594,1.0,296.02708649635315,0.0003015,7631,0,0.0,,0,0.0,,,0.0,0.0,,0.0,0.0,https://wandb.ai/kastel-sdq-meta-research/experiment_cross_encoder/r/call/01a05e1d-9b61-708c-9b73-e4bf45967511,retrieval_config,False,KitToolbox,kit.qwen3-embedding-8b,10,10,True,cosine,True,False,10,-1,8,False,False,1,False,-1,-1,False,,['R659055'],['Paper'],False,True,False,kg_retrieval,hublink,kittoolbox_kit.minimax-m2.7-229b_tmpNone_maxt-1_reasoningNone,KitToolbox,kit.minimax-m2.7-229b,,-1,,kittoolbox_kit.minimax-m2.7-229b_tmpNone_maxt-1_reasoningNone,KitToolbox,kit.minimax-m2.7-229b,,-1,,orkg_merged_ecsa_icsa.json_jsonpublicationloader_limit-1,['paper_class'],['research_level'],['first_research_object'],['second_research_object'],['validity'],['evidence'],False,False,R659055,https://sandbox.orkg.org,-1,orkg,merged_ecsa_icsa.json_jsonpublicationloader_limit-1,merged_ecsa_icsa.json,JsonPublicationLoader,-1,,4000,2,generation_kittoolbox_kit.minimax-m2.7-229b_tmpNone_maxt-1_reasoningNone,generation,kittoolbox_kit.minimax-m2.7-229b_tmpNone_maxt-1_reasoningNone,KitToolbox,kit.minimax-m2.7-229b,,-1,,"['(R874260:Employment of Optimal Approximations on Apache Hadoop Checkpoint Technique for Performance Improvements, contribution, R874281:First Research Object 2)', '(R874281:First Research Object 2, evaluation, R874282:Evaluation)', '(R874282:Evaluation, Evaluation method, R874283:Evaluation Method List)', '(R874283:Evaluation Method List, Entity, R874284:Evaluation Method Entity)', '(R874284:Evaluation Method Entity, Name, L1532280:Benchmark)', '(R871582:Experiments in Curation: Towards Machine-Assisted Construction of Software Architecture Knowledge Bases, contribution, R871608:First Research Object 2)', '(R871608:First Research Object 2, evaluation, R871614:Evaluation)', '(R871614:Evaluation, Evaluation method, R871615:Evaluation Method List)', '(R871615:Evaluation Method List, Entity, R871616:Evaluation Method Entity)', '(R871616:Evaluation Method Entity, Name, L1526778:Benchmark)', '(R874260:Employment of Optimal Approximations on Apache Hadoop Checkpoint Technique for Performance Improvements, doi, L1532228:10.1109/ICSA47634.2020.00009)', '(R871582:Experiments in Curation: Towards Machine-Assisted Construction of Software Architecture Knowledge Bases, doi, L1526713:10.1109/ICSA.2017.27)']",Give me all the papers that apply a benchmark in their evaluation ranked from the most recent to the oldest.,"The publications that apply a benchmark in their evaluation, ranked from the most recent to the oldest, are: 1. Formal Software Architectural Migration Towards Emerging Architectural Styles (2020), 2. Employment of Optimal Approximations on Apache Hadoop Checkpoint Technique for Performance Improvements (2020), 3. Evaluating the Effectiveness of Multi-level Greedy Modularity Clustering for Software Architecture Recovery (2019), 4. Experiments in Curation: Towards Machine-Assisted Construction of Software Architecture Knowledge Bases (2017)","['10.1007/978-3-030-29983-5_5', '10.1007/978-3-030-29983-5_5', '10.1109/ICSA.2017.27', '10.1109/ICSA.2017.27', '10.1007/978-3-030-58923-3_2', '10.1007/978-3-030-58923-3_2', '10.1109/ICSA47634.2020.00009', '10.1109/ICSA47634.2020.00009']",,"['(R874284:Evaluation Method Entity, Name, L1532280:Benchmark)', '(R874518:Evaluating the Effectiveness of Multi-level Greedy Modularity Clustering for Software Architecture Recovery, publication year, L1532779:2019)', '(R871169:Evaluation Method Entity, Name, L1525874:Benchmark)', '(R871582:Experiments in Curation: Towards Machine-Assisted Construction of Software Architecture Knowledge Bases, publication year, L1526719:2017)', '(R871616:Evaluation Method Entity, Name, L1526778:Benchmark)', '(R871143:Formal Software Architectural Migration Towards Emerging Architectural Styles, publication year, L1525821:2020)', '(R874546:Evaluation Method Entity, Name, L1532835:Benchmark)', '(R874260:Employment of Optimal Approximations on Apache Hadoop Checkpoint Technique for Performance Improvements, publication year, L1532232:2020)']",clustering_strategy,R659055,Software Architecture and Design,6,Which publications have the evaluation method [Content Data: evaluation method name] ranked by the publication year?
64,c75b3cf0921537bf3249b9a498522306,37e36398-faeb-463f-9814-24d6adbd029d,"

The source documents do not identify any paper that is described as applying the evaluation method **“Data Science.”** Consequently, there is no basis in the provided texts for counting how many such papers have not used input data versus how many have made their input data available.  

What the texts do show is that the individual papers they discuss (e.g., “Accurate Analysis of Quality Properties of Software with Observation‑Based Markov Chain Refinement” [1], “Automated Microservice Identification in Legacy Systems with Functional and Non‑Functional Metrics” [2], “A Goal‑Driven Approach for Deploying Self‑Adaptive IoT Systems” [3], the paper in [4], “COCOS: A Scalable Architecture for Containerized Heterogeneous Systems” [5], and “Designing Robust Software Systems through Parametric Markov Chain Synthesis” [6]) all **use input data**. Among these, some report that the input data are available [1][2][5] while others report that the input data are not available [3][4][6]. However, none of these papers are identified as employing the “Data Science” evaluation method, so the specific comparison requested cannot be made from the given information.

[1] Source: Accurate Analysis of Quality Properties of Software with Observation-Based Markov Chain Refinement, 10.1109/ICSA.2017.14
[2] Source: Automated Microservice Identification in Legacy Systems with Functional and Non-Functional Metrics, 10.1109/ICSA47634.2020.00021
[3] Source: A Goal-Driven Approach for Deploying Self-Adaptive IoT Systems, 10.1109/ICSA47634.2020.00022
[4] Source: Quality Evaluation of PaaS Cloud Application Design Using Generated Prototypes, 10.1109/ICSA.2017.43
[5] Source: COCOS: A Scalable Architecture for Containerized Heterogeneous Systems, 10.1109/ICSA47634.2020.00018
[6] Source: Designing Robust Software Systems through Parametric Markov Chain Synthesis, 10.1109/ICSA.2017.16
",[],0.0,0.0,0.0,0.0,0.0,0.0,0.0,0.0,0.0,0.0,0.0,0.0,0.0,0.0,0.0,0.0,0.0,0.0,0.0,0.0,0.0,0.0,0.0,0.0,0.0,0.0,0.04,0.36,0.23,0.79,0.11,0.07,0.25,0.2,0.13,0.43,0.494,0.633,0.555,0.0,304.9437346458435,0.0,31217,0,0.0,,0,0.0,,,0.0,0.0,,0.0,0.0,https://wandb.ai/kastel-sdq-meta-research/experiment_cross_encoder/r/call/01a05e1e-87e5-7d82-9cc7-5fba6db377e6,retrieval_config,False,KitToolbox,kit.qwen3-embedding-8b,10,10,True,cosine,True,False,10,-1,8,False,False,1,False,-1,-1,False,,['R659055'],['Paper'],False,True,False,kg_retrieval,hublink,kittoolbox_kit.minimax-m2.7-229b_tmpNone_maxt-1_reasoningNone,KitToolbox,kit.minimax-m2.7-229b,,-1,,kittoolbox_kit.minimax-m2.7-229b_tmpNone_maxt-1_reasoningNone,KitToolbox,kit.minimax-m2.7-229b,,-1,,orkg_merged_ecsa_icsa.json_jsonpublicationloader_limit-1,['paper_class'],['research_level'],['first_research_object'],['second_research_object'],['validity'],['evidence'],False,False,R659055,https://sandbox.orkg.org,-1,orkg,merged_ecsa_icsa.json_jsonpublicationloader_limit-1,merged_ecsa_icsa.json,JsonPublicationLoader,-1,,4000,2,generation_kittoolbox_kit.minimax-m2.7-229b_tmpNone_maxt-1_reasoningNone,generation,kittoolbox_kit.minimax-m2.7-229b_tmpNone_maxt-1_reasoningNone,KitToolbox,kit.minimax-m2.7-229b,,-1,,"['(R872145:Evidence 2, Uses Input Data, R872146:Input Data)', '(R872146:Input Data, available, L1527871:True)', '(R868446:Automated Microservice Identification in Legacy Systems with Functional and Non-Functional Metrics, contribution, R868475:Evidence 2)', '(R868475:Evidence 2, Uses Input Data, R868476:Input Data)', '(R868476:Input Data, available, L1520172:True)', '(R2156332:Evidence 2, Uses Input Data, R2156333:Input Data)', '(R2156333:Input Data, available, L2809690:False)', '(R868241:Evidence 2, Uses Input Data, R868242:Input Data)', '(R868242:Input Data, available, L1519651:True)']","Among papers that apply the evaluation method Data Science, how many have not used input data compared to those that have made their input data available?","There is one paper with the evaluation method Data Science that does not provide input data, and there are two papers with the evaluation method Data Science that make their input data available. Therefore, the comparison shows that there is one paper with no input data and two papers with input data available.","['10.1007/978-3-030-86044-8_6', '10.1007/978-3-030-86044-8_6', '10.1109/ICSA.2018.00018', '10.1109/ICSA.2018.00018', '10.1007/978-3-319-65831-5_4', '10.1007/978-3-319-65831-5_4']",,"['(R873922:Evaluation Method Entity, Name, L1531521:Data Science)', '(R874750:Input Data, None, L1533260:True)', '(R870006:Evaluation Method Entity, Name, L1523455:Data Science)', '(R873928:Input Data, available, L1531527:True)', '(R869128:Evaluation Method Entity, Name, L1521574:Data Science)', '(R869134:Input Data, available, L1521580:True)']",clustering_strategy,R659055,Software Architecture and Design,6,"How many papers that apply the evaluation method with the name [Content Data: evaluation method name], have not used input data  compared to those that state that their input data is made available?"
65,c75b3cf0921537bf3249b9a498522306,2f2e5828-4c5f-4015-be3d-0c4a05242d7a,"

According to the information supplied, only one study is identified as using **grounded theory** for its evaluation – the contribution titled *“Supporting Architectural Decision Making on Data Management in Microservice Architectures.”* The evidence associated with this paper states that a replication package is not provided, which means the input data are **not publicly available** [1].

The remaining sources do not contradict this finding:

- One source notes that the provided texts contain no other information about publications that employ grounded‑theory evaluations [2].
- Another source discusses a study that uses an interview approach rather than grounded theory and also reports unavailable input data [3].
- A fourth source mentions a study with publicly available input data, but that study does not use grounded theory for its evaluation [4].

**Summary of grounded‑theory‑based publications**

| Publicly available input data? | Number of papers |
|--------------------------------|------------------|
| Yes                           | **0**            |
| No                            | **1**            |

Thus, among the publications that use grounded theory for evaluation, there are **no papers with publicly available input data** and **one paper without** such availability.

[1] Source: Supporting Architectural Decision Making on Data Management in Microservice Architectures, 10.1007/978-3-030-29983-5_2
[2] Source: A Survey on Big Data Analytics Solutions Deployment, 10.1007/978-3-030-29983-5_13
[3] Source: Microservice Architecture in Reality: An Industrial Inquiry, 10.1109/ICSA.2019.00014
[4] Source: Exploring Web Search Engines to Find Architectural Knowledge, 10.1109/ICSA51549.2021.00023
",[],0.1,0.05,0.02,0.065,0.2,0.25,0.11,0.1,0.11,0.1,0.17,0.1,0.12,0.11,0.11,0.1,0.11,0.1,0.17,0.1,0.12,0.11,0.111,0.167,0.111,0.167,0.06,0.28,0.17,0.9,0.16,0.1,0.53,0.21,0.13,0.68,0.417,0.594,0.49,1.0,306.3030743598938,0.0,4560,0,0.0,,0,0.0,,,0.0,0.0,,0.0,0.0,https://wandb.ai/kastel-sdq-meta-research/experiment_cross_encoder/r/call/01a05e1e-d24b-74da-964b-7ab263f7002c,retrieval_config,False,KitToolbox,kit.qwen3-embedding-8b,10,10,True,cosine,True,False,10,-1,8,False,False,1,False,-1,-1,False,,['R659055'],['Paper'],False,True,False,kg_retrieval,hublink,kittoolbox_kit.minimax-m2.7-229b_tmpNone_maxt-1_reasoningNone,KitToolbox,kit.minimax-m2.7-229b,,-1,,kittoolbox_kit.minimax-m2.7-229b_tmpNone_maxt-1_reasoningNone,KitToolbox,kit.minimax-m2.7-229b,,-1,,orkg_merged_ecsa_icsa.json_jsonpublicationloader_limit-1,['paper_class'],['research_level'],['first_research_object'],['second_research_object'],['validity'],['evidence'],False,False,R659055,https://sandbox.orkg.org,-1,orkg,merged_ecsa_icsa.json_jsonpublicationloader_limit-1,merged_ecsa_icsa.json,JsonPublicationLoader,-1,,4000,2,generation_kittoolbox_kit.minimax-m2.7-229b_tmpNone_maxt-1_reasoningNone,generation,kittoolbox_kit.minimax-m2.7-229b_tmpNone_maxt-1_reasoningNone,KitToolbox,kit.minimax-m2.7-229b,,-1,,"['(R872980:Supporting Architectural Decision Making on Data Management in Microservice Architectures, contribution, R873002:First Research Object 2)', '(R873002:First Research Object 2, evaluation, R873003:Evaluation)', '(R873003:Evaluation, Evaluation method, R873004:Evaluation Method List)', '(R873004:Evaluation Method List, Entity, R873005:Evaluation Method Entity)', '(R873005:Evaluation Method Entity, Name, L1529647:Grounded Theory)', '(R870212:Evaluation Method Entity, Name, L1523902:Interview)', '(R872980:Supporting Architectural Decision Making on Data Management in Microservice Architectures, contribution, R873011:Evidence 2)', '(R873011:Evidence 2, Provides Replication Package, L1529653:False)', '(R873845:Evidence 2, Provides Replication Package, L1531346:False)']","Among publications that use grounded theory for evaluation, what is the number of papers with publicly available input data versus those without?","The number of papers among publications that use grounded theory for evaluation with publicly available input data is four, whereas the number of papers without publicly available input data is one.","['10.1007/978-3-030-58923-3_1', '10.1007/978-3-030-58923-3_1', '10.1007/978-3-030-58923-3_14', '10.1007/978-3-030-58923-3_14', '10.1007/978-3-030-29983-5_1', '10.1007/978-3-030-29983-5_1', '10.1109/ICSA.2019.00018', '10.1109/ICSA.2019.00018', '10.1007/978-3-030-29983-5_2', '10.1007/978-3-030-29983-5_2']",,"['(R869590:Evaluation Method Entity, Name, L1522568:Grounded Theory)', '(R869596:Input Data, available, L1522574:True)', '(R873364:Evaluation Method Entity, Name, L1530356:Grounded Theory)', '(R874817:Input Data, None, L1533427:True)', '(R873005:Evaluation Method Entity, Name, L1529647:Grounded Theory)', '(R873370:Input Data, available, L1530362:True)', '(R868312:Evaluation Method Entity, Name, L1519814:Grounded Theory)', '(R868316:Input Data, available, L1519819:True)', '(R872627:Evaluation Method Entity, Name, L1528876:Grounded Theory)', '(R873012:Input Data, available, L1529654:True)']",clustering_strategy,R659055,Software Architecture and Design,6,How many papers with the evaluation method [Content Data: evaluation method name] have their input data marked as [input type] compared to those with the input data marked as [input type]?
66,c75b3cf0921537bf3249b9a498522306,cb20ce38-aaad-4b13-b082-7594e50e35f1,"

The texts show that, for the set of papers that study the research object **Architecture Design Method**, the property **Usability** was evaluated in at least one study, while the property **Portability** was not reported as being evaluated in any of those papers.  

- **Usability** – One paper (“REST vs GraphQL: A Controlled Experiment”) explicitly evaluates this property in the context of an Architecture Design Method [2].  
- **Portability** – No source mentions an evaluation of Portability for any paper that investigates Architecture Design Method [1][4][6].  

Therefore, among the papers that investigate Architecture Design Method:

- **Portability**: 0 papers  
- **Usability**: 1 paper  

**References**  
- [1] – No evaluation of Portability or Usability for Architecture Design Method.  
- [2] – “REST vs GraphQL: A Controlled Experiment” evaluates Usability.  
- [4] – “Continuous Analysis of Collaborative Design” evaluates Product Quality only; no Portability or Usability.  
- [6] – “Enabling Continuous Software Engineering for Embedded Systems Architectures with Virtual Prototypes” evaluates Product Quality only; no Portability or Usability.

[1] Source: A Survey on Big Data Analytics Solutions Deployment, 10.1007/978-3-030-29983-5_13
[2] Source: REST vs GraphQL: A Controlled Experiment, 10.1109/ICSA47634.2020.00016
[4] Source: Continuous Analysis of Collaborative Design, 10.1109/ICSA.2017.45
[6] Source: Enabling Continuous Software Engineering for Embedded Systems Architectures with Virtual Prototypes, 10.1007/978-3-030-00761-4_8
",[],0.167,0.167,0.042,0.025,0.25,0.25,0.1,0.17,0.12,0.15,0.14,0.17,0.15,0.16,0.1,0.33,0.15,0.22,0.16,0.33,0.22,0.27,0.1,0.143,0.095,0.16,0.02,0.25,0.15,0.82,0.1,0.06,0.33,0.19,0.11,0.61,0.416,0.615,0.496,1.0,338.29221510887146,0.0,4871,0,0.0,,0,0.0,,,0.0,0.0,,0.0,0.0,https://wandb.ai/kastel-sdq-meta-research/experiment_cross_encoder/r/call/01a05e22-8c44-7d88-8088-4fad21242563,retrieval_config,False,KitToolbox,kit.qwen3-embedding-8b,10,10,True,cosine,True,False,10,-1,8,False,False,1,False,-1,-1,False,,['R659055'],['Paper'],False,True,False,kg_retrieval,hublink,kittoolbox_kit.minimax-m2.7-229b_tmpNone_maxt-1_reasoningNone,KitToolbox,kit.minimax-m2.7-229b,,-1,,kittoolbox_kit.minimax-m2.7-229b_tmpNone_maxt-1_reasoningNone,KitToolbox,kit.minimax-m2.7-229b,,-1,,orkg_merged_ecsa_icsa.json_jsonpublicationloader_limit-1,['paper_class'],['research_level'],['first_research_object'],['second_research_object'],['validity'],['evidence'],False,False,R659055,https://sandbox.orkg.org,-1,orkg,merged_ecsa_icsa.json_jsonpublicationloader_limit-1,merged_ecsa_icsa.json,JsonPublicationLoader,-1,,4000,2,generation_kittoolbox_kit.minimax-m2.7-229b_tmpNone_maxt-1_reasoningNone,generation,kittoolbox_kit.minimax-m2.7-229b_tmpNone_maxt-1_reasoningNone,KitToolbox,kit.minimax-m2.7-229b,,-1,,"['(R870884:REST vs GraphQL: A Controlled Experiment, contribution, R870908:First Research Object 2)', '(R870908:First Research Object 2, evaluation, R870909:Evaluation)', '(R870909:Evaluation, properties, R870915:Property)', '(R870916:Property, Name, L1525358:Usability)', '(R873814:A Survey on Big Data Analytics Solutions Deployment, contribution, R873836:First Research Object 2)', '(R873836:First Research Object 2, Object, R873843:Research Object List)', '(R873843:Research Object List, Entity, R873844:Research Object Entity)', '(R873844:Research Object Entity, Name, L1531345:Architecture Design Method)', '(R870603:Enabling Continuous Software Engineering for Embedded Systems Architectures with Virtual Prototypes, contribution, R2156194:First Research Object 2)', '(R2156194:First Research Object 2, Object, R2156201:Research Object List)', '(R2156201:Research Object List, Entity, R2156203:Research Object Entity)', '(R2156203:Research Object Entity, Name, L2809570:Architecture Design Method)', '(R870908:First Research Object 2, Object, R870917:Research Object List)', '(R870917:Research Object List, Entity, R870918:Research Object Entity)', '(R870918:Research Object Entity, Name, L1525360:Architecture Design Method)', '(R873836:First Research Object 2, evaluation, R873837:Evaluation)', '(R873837:Evaluation, properties, R873840:Property)', '(R873840:Property, Name, L1531344:Quality in Use)', '(R2156194:First Research Object 2, evaluation, R2156206:Evaluation)', '(R2156206:Evaluation, properties, R2156217:Property)', '(R2156217:Property, Name, L2809588:Product Quality)']","Among papers that investigate the research object Architecture Design Method, how many papers have evaluated the property Portability compared to those that evaluated the property Usability?","Among papers that investigate the research object Architecture Design Method, one paper has evaluated Portability as a property, while two different papers have evaluated Usability as a property.","['10.1109/ICSA.2017.32', '10.1109/ICSA.2017.32', '10.1109/ICSA47634.2020.00016', '10.1109/ICSA47634.2020.00016', '10.1109/ICSA.2017.13', '10.1109/ICSA.2017.13']",,"['(R870918:Research Object Entity, Name, L1525360:Architecture Design Method)', '(R871807:Property, Name, L1527168:Portability)', '(R868960:Research Object Entity, Name, L1521207:Architecture Design Method)', '(R870916:Property, Name, L1525358:Usability)', '(R871810:Research Object Entity, Name, L1527171:Architecture Design Method)', '(R868956:Property, Name, L1521203:Usability)']",clustering_strategy,R659055,Software Architecture and Design,6,"How many papers have used the sub-property [Content Data: sub-property name] compared to those that used the sub-property [Content Data: sub-property name], with the research object [Content Data: research object name]?"
67,c75b3cf0921537bf3249b9a498522306,1075f1c8-0fce-4044-ae87-7e7d3ef35ad2,"

Within the set of papers that investigate a reference architecture, the study **“Assessing Adaptability of Software Architectures for Cyber‑Physical Production Systems”** evaluates the property **Portability** but does not mention **Usability**【4】. The other reference‑architecture study, **“Towards a Reference Architecture for Cloud‑Based Plant Genotyping and Phenotyping Analysis Frameworks,”** addresses both **Usability** and **Portability**【8】.  

Therefore, among the papers that investigate a reference architecture:

* **Usability** is a focus in **one** paper【8】.  
* **Portability** is a focus in **two** papers (the Cloud‑Based Plant Genotyping paper【8】 and the Cyber‑Physical Production Systems paper【4】).

",[],0.0,0.167,0.0,0.0,0.0,0.0,0.0,0.0,0.0,0.0,0.0,0.0,0.0,0.0,0.2,0.67,0.31,0.45,0.24,0.67,0.36,0.49,0.0,0.0,0.2,0.242,0.06,0.36,0.23,0.85,0.17,0.11,0.4,0.23,0.15,0.54,0.438,0.588,0.502,1.0,517.1322128772736,0.0026863499999999997,19059,0,0.0,,0,0.0,,,0.0,0.0,,0.0,0.0,https://wandb.ai/kastel-sdq-meta-research/experiment_cross_encoder/r/call/01a05e22-b35d-76e3-8692-75a712aa675e,retrieval_config,False,KitToolbox,kit.qwen3-embedding-8b,10,10,True,cosine,True,False,10,-1,8,False,False,1,False,-1,-1,False,,['R659055'],['Paper'],False,True,False,kg_retrieval,hublink,kittoolbox_kit.minimax-m2.7-229b_tmpNone_maxt-1_reasoningNone,KitToolbox,kit.minimax-m2.7-229b,,-1,,kittoolbox_kit.minimax-m2.7-229b_tmpNone_maxt-1_reasoningNone,KitToolbox,kit.minimax-m2.7-229b,,-1,,orkg_merged_ecsa_icsa.json_jsonpublicationloader_limit-1,['paper_class'],['research_level'],['first_research_object'],['second_research_object'],['validity'],['evidence'],False,False,R659055,https://sandbox.orkg.org,-1,orkg,merged_ecsa_icsa.json_jsonpublicationloader_limit-1,merged_ecsa_icsa.json,JsonPublicationLoader,-1,,4000,2,generation_kittoolbox_kit.minimax-m2.7-229b_tmpNone_maxt-1_reasoningNone,generation,kittoolbox_kit.minimax-m2.7-229b_tmpNone_maxt-1_reasoningNone,KitToolbox,kit.minimax-m2.7-229b,,-1,,"['(R871708:Property, Name, L1526978:Usability)', '(R869467:Property, Name, L1522304:Usability)', '(R868956:Property, Name, L1521203:Usability)', '(R872527:Towards a Reference Architecture for Cloud-Based Plant Genotyping and Phenotyping Analysis Frameworks, contribution, R872580:Second Research Object 2)', '(R872580:Second Research Object 2, evaluation, R872587:Evaluation)', '(R872587:Evaluation, properties, R872590:Property)', '(R872591:Property, Name, L1528793:Usability)', '(R874325:Property, Name, L1532370:Usability)', '(R873762:Property, Name, L1531166:Usability)', '(R874023:Property, Name, L1531719:Usability)', '(R874025:Property, Name, L1531721:Portability)', '(R871346:Assessing Adaptability of Software Architectures for Cyber Physical Production Systems, contribution, R871367:First Research Object 2)', '(R871367:First Research Object 2, evaluation, R871373:Evaluation)', '(R871373:Evaluation, properties, R871376:Property)', '(R871377:Property, Name, L1526301:Portability)', '(R872593:Property, Name, L1528795:Portability)', '(R872580:Second Research Object 2, Object, R872594:Research Object List)', '(R872594:Research Object List, Entity, R872595:Research Object Entity)', '(R872595:Research Object Entity, Name, L1528797:Reference Architecture)', '(R871379:Research Object Entity, Name, L1526303:Reference Architecture)']","Among papers that investigate a reference architecture, how many focus on usability compared to portability?","Among papers that investigate a reference architecture, the number that focus on usability compared to portability is one paper for usability and two papers for portability.","['10.1109/ICSA.2017.42', '10.1109/ICSA.2017.42', '10.1109/ICSA.2017.42', '10.1007/978-3-030-29983-5_10', '10.1007/978-3-030-29983-5_10']",,"['(R872595:Research Object Entity, Name, L1528797:Reference Architecture)', '(R872593:Property, Name, L1528795:Portability)', '(R872573:Property, Name, L1528779:Usability)', '(R871379:Research Object Entity, Name, L1526303:Reference Architecture)', '(R871372:Property, Name, L1526297:Portability)', '(R871377:Property, Name, L1526301:Portability)']",clustering_strategy,R659055,Software Architecture and Design,6,"How many papers have used the sub-property [Content Data: sub-property name] compared to those that used the sub-property [Content Data: sub-property name], with the research object [Content Data: research object name]?"
68,c75b3cf0921537bf3249b9a498522306,716d3216-9a3a-4a4b-acaf-1183d4d09575,"

The papers that are explicitly identified in the source material as **both** investigating the research object **Architecture Optimization Method** **and** indicating that **no input data was used** are:

| Paper (title) | Source |
|---------------|---------|
| **IAS: An IoT Architectural Self‑adaptation Framework** – investigates the Architecture Optimization Method and notes that no input data was used. | 【1】 |
| **An Architecture‑Driven Adaptation Approach for Big Data Cyber Security Analytics** – investigates the Architecture Optimization Method and reports that the contribution uses “Input Data = false,” signifying that no input data was employed. | 【2】 |
| **ADOOPLA – Combining Product‑Line‑ and Product‑Level Criteria in Multi‑objective Optimization of Product Line Architectures** – investigates the Architecture Optimization Method and marks the input‑data attribute as “false,” indicating that no input data was used. | 【4】 |
| **Semi‑automatic Feedback for Improving Architecture Conformance to Microservice Patterns and Practices** – investigates the Architecture Optimization Method and records the input‑data attribute as “None = False,” showing that no input data was used. | 【5】 |

*Note:* Other sources (e.g., 【3】, 【6】–【10】) state that no paper in the supplied texts meets both conditions. The list above reflects the papers explicitly claimed to satisfy the two criteria in the partial answers.

",[],0.0,0.0,0.0,0.0,0.0,0.0,0.0,0.0,0.0,0.0,0.0,0.0,0.0,0.0,0.0,0.0,0.0,0.0,0.0,0.0,0.0,0.0,0.0,0.0,0.0,0.0,0.04,0.23,0.15,0.54,0.14,0.09,0.33,0.19,0.12,0.44,0.439,0.623,0.515,1.0,385.28131103515625,0.0,56897,0,0.0,,0,0.0,,,0.0,0.0,,0.0,0.0,https://wandb.ai/kastel-sdq-meta-research/experiment_cross_encoder/r/call/01a05e23-646a-7630-959f-1944e487a49c,retrieval_config,False,KitToolbox,kit.qwen3-embedding-8b,10,10,True,cosine,True,False,10,-1,8,False,False,1,False,-1,-1,False,,['R659055'],['Paper'],False,True,False,kg_retrieval,hublink,kittoolbox_kit.minimax-m2.7-229b_tmpNone_maxt-1_reasoningNone,KitToolbox,kit.minimax-m2.7-229b,,-1,,kittoolbox_kit.minimax-m2.7-229b_tmpNone_maxt-1_reasoningNone,KitToolbox,kit.minimax-m2.7-229b,,-1,,orkg_merged_ecsa_icsa.json_jsonpublicationloader_limit-1,['paper_class'],['research_level'],['first_research_object'],['second_research_object'],['validity'],['evidence'],False,False,R659055,https://sandbox.orkg.org,-1,orkg,merged_ecsa_icsa.json_jsonpublicationloader_limit-1,merged_ecsa_icsa.json,JsonPublicationLoader,-1,,4000,2,generation_kittoolbox_kit.minimax-m2.7-229b_tmpNone_maxt-1_reasoningNone,generation,kittoolbox_kit.minimax-m2.7-229b_tmpNone_maxt-1_reasoningNone,KitToolbox,kit.minimax-m2.7-229b,,-1,,"['(R872484:Monolith Migration Complexity Tuning Through the Application of Microservices Patterns, contribution, R872507:First Research Object 2)', '(R872507:First Research Object 2, Object, R872515:Research Object List)', '(R872515:Research Object List, Entity, R872516:Research Object Entity)', '(R872516:Research Object Entity, Name, L1528666:Architecture Optimization Method)', '(R871857:Explaining Architectural Design Tradeoff Spaces: A Machine Learning Approach, contribution, R871878:First Research Object 2)', '(R871878:First Research Object 2, Object, R871884:Research Object List)', '(R871884:Research Object List, Entity, R871885:Research Object Entity)', '(R871885:Research Object Entity, Name, L1527323:Architecture Optimization Method)', '(R874260:Employment of Optimal Approximations on Apache Hadoop Checkpoint Technique for Performance Improvements, contribution, R874281:First Research Object 2)', '(R874281:First Research Object 2, Object, R874287:Research Object List)', '(R874287:Research Object List, Entity, R874288:Research Object Entity)', '(R874288:Research Object Entity, Name, L1532284:Architecture Optimization Method)', '(R869812:ADOOPLA - Combining Product-Line- and Product-Level Criteria in Multi-objective Optimization of Product Line Architectures, contribution, R869833:First Research Object 2)', '(R869833:First Research Object 2, Object, R869839:Research Object List)', '(R869839:Research Object List, Entity, R869840:Research Object Entity)', '(R869840:Research Object Entity, Name, L1523106:Architecture Optimization Method)', '(R870841:InMap: Automated Interactive Code-to-Architecture Mapping Recommendations, contribution, R2156336:First Research Object 2)', '(R2156336:First Research Object 2, Object, R2156337:Research Object List)', '(R2156337:Research Object List, Entity, R2156338:Research Object Entity)', '(R2156338:Research Object Entity, Name, L2809704:Architecture Optimization Method)', '(R869264:Semi-automatic Feedback for Improving Architecture Conformance to Microservice Patterns and Practices, contribution, R869297:Second Research Object 2)', '(R869297:Second Research Object 2, Object, R869299:Research Object List)', '(R869299:Research Object List, Entity, R869300:Research Object Entity)', '(R869300:Research Object Entity, Name, L1521937:Architecture Optimization Method)', '(R870014:An Architecture-Driven Adaptation Approach for Big Data Cyber Security Analytics, contribution, R2156164:First Research Object 2)', '(R2156164:First Research Object 2, Object, R2156171:Research Object List)', '(R2156171:Research Object List, Entity, R2156175:Research Object Entity)', '(R2156175:Research Object Entity, Name, L2809553:Architecture Optimization Method)', '(R873560:IAS: An IoT Architectural Self-adaptation Framework, contribution, R873581:First Research Object 2)', '(R873581:First Research Object 2, Object, R873587:Research Object List)', '(R873587:Research Object List, Entity, R873588:Research Object Entity)', '(R873588:Research Object Entity, Name, L1530802:Architecture Optimization Method)', '(R873560:IAS: An IoT Architectural Self-adaptation Framework, contribution, R873589:Evidence 2)', '(R873589:Evidence 2, Uses Input Data, R873590:Input Data)', '(R873590:Input Data, None, L1530806:False)', '(R872484:Monolith Migration Complexity Tuning Through the Application of Microservices Patterns, contribution, R872517:Evidence 2)', '(R872517:Evidence 2, Uses Input Data, R872518:Input Data)', '(R872518:Input Data, None, L1528670:False)', '(R870014:An Architecture-Driven Adaptation Approach for Big Data Cyber Security Analytics, contribution, R870049:Evidence 2)', '(R870049:Evidence 2, Uses Input Data, R870050:Input Data)', '(R870050:Input Data, None, L1523534:False)', '(R869264:Semi-automatic Feedback for Improving Architecture Conformance to Microservice Patterns and Practices, contribution, R869301:Evidence 2)', '(R869301:Evidence 2, Uses Input Data, R869302:Input Data)', '(R869302:Input Data, None, L1521941:False)', '(R870841:InMap: Automated Interactive Code-to-Architecture Mapping Recommendations, contribution, R870874:Evidence 2)', '(R870874:Evidence 2, Uses Input Data, R870875:Input Data)', '(R870875:Input Data, None, L1525270:False)', '(R871857:Explaining Architectural Design Tradeoff Spaces: A Machine Learning Approach, contribution, R871886:Evidence 2)', '(R871886:Evidence 2, Uses Input Data, R871887:Input Data)', '(R871887:Input Data, None, L1527327:False)', '(R874260:Employment of Optimal Approximations on Apache Hadoop Checkpoint Technique for Performance Improvements, contribution, R874289:Evidence 2)', '(R874289:Evidence 2, Uses Input Data, R874290:Input Data)', '(R874290:Input Data, None, L1532288:False)', '(R869812:ADOOPLA - Combining Product-Line- and Product-Level Criteria in Multi-objective Optimization of Product Line Architectures, contribution, R869841:Evidence 2)', '(R869841:Evidence 2, Uses Input Data, R869842:Input Data)', '(R869842:Input Data, None, L1523110:False)']",Which papers investigate the research object Architecture Optimization Method and indicate that no input data was used?,"The papers 'EASIER: An Evolutionary Approach for Multi-objective Software ArchItecturE Refactoring', 'Dynamic Updates of Virtual PLCs Deployed as Kubernetes Microservices', and 'Modeling of Parametric Dependencies for Performance Prediction of Component-Based Software Systems at Run-Time' investigate the research object Architecture Optimization Method and indicate that no input data was used.","['10.1109/ICSA.2018.00020', '10.1109/ICSA.2018.00020', '10.1007/978-3-030-86044-8_1', '10.1007/978-3-030-86044-8_1', '10.1109/ICSA.2018.00023', '10.1109/ICSA.2018.00023']",,"['(R871335:Research Object Entity, Name, L1526225:Architecture Optimization Method)', '(R871337:Input Data, None, L1526229:True)', '(R872013:Research Object Entity, Name, L1527594:Architecture Optimization Method)', '(R872015:Input Data, None, L1527598:True)', '(R872308:Research Object Entity, Name, L1528217:Architecture Optimization Method)', '(R872310:Input Data, None, L1528221:True)']",clustering_strategy,R659055,Software Architecture and Design,5,Which papers investigate the research object [Content Data: research object name] and indicate that no input data was used in their work?
69,c75b3cf0921537bf3249b9a498522306,7f747a8f-886a-4c9f-8c56-68b9cff875a8,"

**Papers that both investigate *Architecture Evolution* and **do not use input data** (as stated in the supplied texts)**  

| # | Paper (title) | Source | Evidence / reason why input data is not used |
|---|---------------|--------|----------------------------------------------|
| 1 | **Incremental Calibration of Architectural Performance Models with Parametric Dependencies** | [[2]] | The contribution (Evidence 2) is linked to the “Architecture Evolution” research‑object entity and records *Input Data* = False (i.e., the study does not rely on input data). |
| 2 | **Architectural Concerns for Digital Twin of the Organization** | [[5]] | The work is tied to the “Architecture Evolution” research‑object entity; Evidence 2 shows “Input Data” = None (False), indicating that no input data are used. |
| 3 | **Enabling Consistency between Software Artefacts for Software Adaption and Evolution** | [[8]] | The paper’s research object is explicitly named “Architecture Evolution”; Evidence 2 marks *Input Data* = False, meaning the study does not use input data. |
| 4 | **Data‑Centric Communication and Containerization for Future Automotive Software Architectures** | [[9]] | Although the title focuses on automotive software architectures, the work is classified under architecture‑related research; Evidence 2 lists *Input Data* = None (False), showing that the study does not employ input data. |

### Note on conflicting statements

Several of the supplied partial answers claim that **no** paper meets the two criteria (e.g., [[1]], [[3]], [[4]], [[6]], [[7]]). However, the four sources listed above explicitly identify papers that **do** investigate architecture evolution and **do not** use input data. The discrepancy reflects differing interpretations of the same evidence base across the partial answers.

[1] Source: Migrating Towards Microservice Architectures: An Industrial Survey, 10.1109/ICSA.2018.00012
[2] Source: Incremental Calibration of Architectural Performance Models with Parametric Dependencies, 10.1109/ICSA47634.2020.00011
[3] Source: Using Informal Knowledge for Improving Software Quality Trade-Off Decisions, 10.1007/978-3-030-00761-4_18
[4] Source: Improving the Consistency and Usefulness of Architecture Descriptions: Guidelines for Architects, 10.1109/ICSA.2019.00024
[5] Source: Architectural Concerns for Digital Twin of the Organization, 10.1007/978-3-030-58923-3_18
[6] Source: An Empirical Study of Architectural Decay in Open-Source Software, 10.1109/ICSA.2018.00027
[7] Source: Continuous API Evolution in Heterogenous Enterprise Software Systems, 10.1109/ICSA51549.2021.00014
[8] Source: Enabling Consistency between Software Artefacts for Software Adaption and Evolution, 10.1109/ICSA51549.2021.00009
[9] Source: Data-Centric Communication and Containerization for Future Automotive Software Architectures, 10.1109/ICSA.2018.00016
",[],0.0,0.0,0.0,0.0,0.0,0.0,0.0,0.0,0.0,0.0,0.0,0.0,0.0,0.0,0.04,0.5,0.07,0.14,0.06,0.5,0.11,0.21,0.0,0.0,0.035,0.062,0.01,0.18,0.1,0.58,0.04,0.02,0.14,0.13,0.08,0.44,0.399,0.599,0.479,1.0,433.7574632167816,0.0,39051,0,0.0,,0,0.0,,,0.0,0.0,,0.0,0.0,https://wandb.ai/kastel-sdq-meta-research/experiment_cross_encoder/r/call/01a05e23-bfcb-760b-b37b-8cd87de9b14f,retrieval_config,False,KitToolbox,kit.qwen3-embedding-8b,10,10,True,cosine,True,False,10,-1,8,False,False,1,False,-1,-1,False,,['R659055'],['Paper'],False,True,False,kg_retrieval,hublink,kittoolbox_kit.minimax-m2.7-229b_tmpNone_maxt-1_reasoningNone,KitToolbox,kit.minimax-m2.7-229b,,-1,,kittoolbox_kit.minimax-m2.7-229b_tmpNone_maxt-1_reasoningNone,KitToolbox,kit.minimax-m2.7-229b,,-1,,orkg_merged_ecsa_icsa.json_jsonpublicationloader_limit-1,['paper_class'],['research_level'],['first_research_object'],['second_research_object'],['validity'],['evidence'],False,False,R659055,https://sandbox.orkg.org,-1,orkg,merged_ecsa_icsa.json_jsonpublicationloader_limit-1,merged_ecsa_icsa.json,JsonPublicationLoader,-1,,4000,2,generation_kittoolbox_kit.minimax-m2.7-229b_tmpNone_maxt-1_reasoningNone,generation,kittoolbox_kit.minimax-m2.7-229b_tmpNone_maxt-1_reasoningNone,KitToolbox,kit.minimax-m2.7-229b,,-1,,"['(R870059:Incremental Calibration of Architectural Performance Models with Parametric Dependencies, contribution, R2156282:First Research Object 2)', '(R2156282:First Research Object 2, Object, R2156285:Research Object List)', '(R2156285:Research Object List, Entity, R2156290:Research Object Entity)', '(R2156290:Research Object Entity, Name, L2809656:Architecture Evolution)', '(R868698:Enabling Consistency between Software Artefacts for Software Adaption and Evolution, contribution, R868723:First Research Object 2)', '(R868723:First Research Object 2, Object, R868733:Research Object List)', '(R868733:Research Object List, Entity, R868734:Research Object Entity)', '(R868734:Research Object Entity, Name, L1520720:Architecture Evolution)', '(R869730:Architectural Concerns for Digital Twin of the Organization, contribution, R869763:Evidence 2)', '(R869763:Evidence 2, Uses Input Data, R869764:Input Data)', '(R869764:Input Data, None, L1522945:False)', '(R870102:An Empirical Study of Architectural Decay in Open-Source Software, contribution, R870131:Evidence 2)', '(R870131:Evidence 2, Uses Input Data, R870132:Input Data)', '(R870132:Input Data, None, L1523711:False)', '(R872636:Data-Centric Communication and Containerization for Future Automotive Software Architectures, contribution, R872691:Evidence 2)', '(R872691:Evidence 2, Uses Input Data, R872692:Input Data)', '(R872692:Input Data, None, L1528982:False)', '(R873599:Improving the Consistency and Usefulness of Architecture Descriptions: Guidelines for Architects, contribution, R873627:First Research Object 2)', '(R873627:First Research Object 2, Object, R873636:Research Object List)', '(R873636:Research Object List, Entity, R873637:Research Object Entity)', '(R873637:Research Object Entity, Name, L1530905:Architecture Evolution)', '(R870102:An Empirical Study of Architectural Decay in Open-Source Software, contribution, R870123:First Research Object 2)', '(R870123:First Research Object 2, Object, R870129:Research Object List)', '(R870129:Research Object List, Entity, R870130:Research Object Entity)', '(R870130:Research Object Entity, Name, L1523707:Architecture Evolution)', '(R873459:Using Informal Knowledge for Improving Software Quality Trade-Off Decisions, contribution, R873475:First Research Object 2)', '(R873475:First Research Object 2, Object, R873481:Research Object List)', '(R873481:Research Object List, Entity, R873482:Research Object Entity)', '(R873482:Research Object Entity, Name, L1530596:Architecture Evolution)', '(R869730:Architectural Concerns for Digital Twin of the Organization, contribution, R869753:First Research Object 2)', '(R869753:First Research Object 2, Object, R869761:Research Object List)', '(R869761:Research Object List, Entity, R869762:Research Object Entity)', '(R869762:Research Object Entity, Name, L1522941:Architecture Evolution)', '(R870059:Incremental Calibration of Architectural Performance Models with Parametric Dependencies, contribution, R2156359:Evidence 2)', '(R2156359:Evidence 2, Uses Input Data, R2156360:Input Data)', '(R2156360:Input Data, None, L2809730:False)', '(R873459:Using Informal Knowledge for Improving Software Quality Trade-Off Decisions, contribution, R874830:Evidence 2)', '(R874830:Evidence 2, Uses Input Data, R874831:Input Data)', '(R874831:Input Data, None, L1533463:True)', '(R873599:Improving the Consistency and Usefulness of Architecture Descriptions: Guidelines for Architects, contribution, R873642:Evidence 2)', '(R873642:Evidence 2, Uses Input Data, R873643:Input Data)', '(R873643:Input Data, None, L1530913:False)', '(R868698:Enabling Consistency between Software Artefacts for Software Adaption and Evolution, contribution, R868735:Evidence 2)', '(R868735:Evidence 2, Uses Input Data, R868736:Input Data)', '(R868736:Input Data, None, L1520724:False)', '(R869753:First Research Object 2, evaluation, R869754:Evaluation)', '(R869754:Evaluation, Evaluation method, R869755:Evaluation Method List)', '(R869755:Evaluation Method List, Entity, R869756:Evaluation Method Entity)', '(R869756:Evaluation Method Entity, Name, L1522935:Case Study)', '(R869730:Architectural Concerns for Digital Twin of the Organization, contribution, R869752:Research Level 2)', '(R869752:Research Level 2, secondary research, L1522933:False)', '(R869730:Architectural Concerns for Digital Twin of the Organization, authors, R869731:authors list)', '(R869731:authors list, has list element, L1522883:Diego Perez-Palacin)', '(R869763:Evidence 2, Provides Replication Package, L1522942:False)', '(R869730:Architectural Concerns for Digital Twin of the Organization, venue, R821053:European Conference on Software Architecture (ECSA))', '(R869730:Architectural Concerns for Digital Twin of the Organization, contribution, R869751:Paper Class 2)', '(R869751:Paper Class 2, evaluation research, L1522932:True)']",Which papers investigating architecture evolution have not used input data?,The papers that use the research object Architecture Evolution but do not have any input data available are: 1) 'Using Informal Knowledge for Improving Software Quality Trade-Off Decisions' and 2) 'On Interfaces to Support Agile Architecting in Automotive: An Exploratory Case Study'.,"['10.1007/978-3-030-00761-4_18', '10.1007/978-3-030-00761-4_18', '10.1109/ICSA.2019.00025', '10.1109/ICSA.2019.00025']",,"['(R873482:Research Object Entity, Name, L1530596:Architecture Evolution)', '(R874831:Input Data, None, L1533463:True)', '(R868851:Research Object Entity, Name, L1520985:Architecture Evolution)', '(R868853:Input Data, None, L1520989:True)']",clustering_strategy,R659055,Software Architecture and Design,5,"Which papers use the research object [Content Data: research object name], but do not have any input data available?"
70,c75b3cf0921537bf3249b9a498522306,ccaed07d-0852-400a-804c-b7197cd45257,"

**Papers that use the *Questionnaire* evaluation method**

| # | Paper (as identified in the source) | Questionnaire‑related information | Explicit statement about input‑data usage |
|---|--------------------------------------|-----------------------------------|--------------------------------------------|
| [1] | *Migrating Towards Microservice Architectures: An Industrial Survey* | The evaluation‑method list contains a “Questionnaire” entity. | No explicit mention of whether input data was used. |
| [2] | *An Exploratory Study of Naturalistic Decision Making in Complex Software Architecture Environments* | For **First Research Object 2**, the method list includes a “Questionnaire”. | No explicit mention of whether input data was used. |
| [3] | *A Survey on Big Data Analytics Solutions Deployment* | The evaluation‑method list includes a “Questionnaire”. | No explicit mention of whether input data was used. |
| [4] | *Architectural Assumptions and Their Management in Industry – An Exploratory Study* | The study lists “Questionnaire” as an evaluation method. | No explicit mention of whether input data was used. |
| [5] | *Determining Microservice Boundaries: A Case Study Using Static and Dynamic Software Analysis* | The evaluation‑method list contains a “Questionnaire”. | No explicit mention of whether input data was used. |
| [6] | *Improving the Consistency and Usefulness of Architecture Descriptions: Guidelines for Architects* | The evaluation‑method list includes a “Questionnaire”. | No explicit mention of whether input data was used. |
| [7] | *Continuous API Evolution in Heterogenous Enterprise Software Systems* | The evaluation‑method list for **First Research Object 2** includes a “Questionnaire”. | The contribution is classified as **Research Level 2**, involving **secondary research** and is described as **without primary empirical investigation**. This characterization implies that no primary input data were used in the evaluation. |
| [8] | *Identifying and Prioritizing Architectural Debt Through Architectural Smells: A Case Study in a Large Software Company* | The second research object was evaluated using a **questionnaire**. | No explicit mention of whether input data was used. |
| [9] | *How Software Architects Focus Their Attention* | The study lists “Questionnaire” as an evaluation method. | No explicit mention of whether input data was used. |

### Synthesis

- **All nine papers** confirm the use of a *Questionnaire* evaluation method (see IDs [1]–[9]).

- **Only one paper** provides a clear indication that *no primary input data* were used: **“Continuous API Evolution in Heterogenous Enterprise Software Systems”** [7]. Its description as secondary research without primary empirical investigation signals the absence of primary input data in the questionnaire‑based evaluation.

- The remaining papers (IDs [1]–[6], [8], [9]) either do not address the use of input data or simply lack any explicit statement on that aspect, so it cannot be determined from the provided texts whether they did or did not use input data.

### Answer to the specific query

**The only paper that both uses the *Questionnaire* evaluation method and indicates that no input data were used is “Continuous API Evolution in Heterogenous Enterprise Software Systems” [7].**

[1] Source: Migrating Towards Microservice Architectures: An Industrial Survey, 10.1109/ICSA.2018.00012
[2] Source: An Exploratory Study of Naturalistic Decision Making in Complex Software Architecture Environments, 10.1007/978-3-030-29983-5_4
[3] Source: A Survey on Big Data Analytics Solutions Deployment, 10.1007/978-3-030-29983-5_13
[4] Source: Architectural Assumptions and Their Management in Industry – An Exploratory Study, 10.1007/978-3-319-65831-5_14
[5] Source: Determining Microservice Boundaries: A Case Study Using Static and Dynamic Software Analysis, 10.1007/978-3-030-58923-3_21
[6] Source: Improving the Consistency and Usefulness of Architecture Descriptions: Guidelines for Architects, 10.1109/ICSA.2019.00024
[7] Source: Continuous API Evolution in Heterogenous Enterprise Software Systems, 10.1109/ICSA51549.2021.00014
[8] Source: Identifying and Prioritizing Architectural Debt Through Architectural Smells: A Case Study in a Large Software Company, 10.1007/978-3-030-00761-4_21
[9] Source: How Software Architects Focus Their Attention, 10.1007/978-3-030-86044-8_21
",[],0.0,0.25,0.0,0.0,0.0,0.0,0.0,0.0,0.0,0.0,0.0,0.0,0.0,0.0,0.07,0.25,0.11,0.17,0.09,0.25,0.13,0.19,0.0,0.0,0.071,0.091,0.04,0.19,0.11,0.87,0.12,0.07,0.57,0.15,0.08,0.69,0.424,0.651,0.514,1.0,406.78494930267334,0.0,18596,0,0.0,,0,0.0,,,0.0,0.0,,0.0,0.0,https://wandb.ai/kastel-sdq-meta-research/experiment_cross_encoder/r/call/01a05e27-b2df-70e5-bcf5-734fc20e616d,retrieval_config,False,KitToolbox,kit.qwen3-embedding-8b,10,10,True,cosine,True,False,10,-1,8,False,False,1,False,-1,-1,False,,['R659055'],['Paper'],False,True,False,kg_retrieval,hublink,kittoolbox_kit.minimax-m2.7-229b_tmpNone_maxt-1_reasoningNone,KitToolbox,kit.minimax-m2.7-229b,,-1,,kittoolbox_kit.minimax-m2.7-229b_tmpNone_maxt-1_reasoningNone,KitToolbox,kit.minimax-m2.7-229b,,-1,,orkg_merged_ecsa_icsa.json_jsonpublicationloader_limit-1,['paper_class'],['research_level'],['first_research_object'],['second_research_object'],['validity'],['evidence'],False,False,R659055,https://sandbox.orkg.org,-1,orkg,merged_ecsa_icsa.json_jsonpublicationloader_limit-1,merged_ecsa_icsa.json,JsonPublicationLoader,-1,,4000,2,generation_kittoolbox_kit.minimax-m2.7-229b_tmpNone_maxt-1_reasoningNone,generation,kittoolbox_kit.minimax-m2.7-229b_tmpNone_maxt-1_reasoningNone,KitToolbox,kit.minimax-m2.7-229b,,-1,,"['(R868509:Evaluation Method Entity, Name, L1520249:Questionnaire)', '(R2156193:Evaluation Method Entity, Name, L2809564:Questionnaire)', '(R874338:Continuous API Evolution in Heterogenous Enterprise Software Systems, contribution, R874367:First Research Object 2)', '(R874367:First Research Object 2, evaluation, R874368:Evaluation)', '(R874368:Evaluation, Evaluation method, R874369:Evaluation Method List)', '(R874369:Evaluation Method List, Entity, R874370:Evaluation Method Entity)', '(R874370:Evaluation Method Entity, Name, L1532465:Questionnaire)', '(R2156275:Evaluation Method Entity, Name, L2809646:Questionnaire)', '(R873630:Evaluation Method Entity, Name, L1530898:Questionnaire)', '(R873969:Evaluation Method Entity, Name, L1531616:Questionnaire)', '(R868679:Evaluation Method Entity, Name, L1520614:Questionnaire)', '(R873639:Evaluation, properties, L1530908:False)', '(R874338:Continuous API Evolution in Heterogenous Enterprise Software Systems, contribution, R874366:Research Level 2)', '(R874366:Research Level 2, secondary research, L1532463:False)']",Which papers use the evaluation method Questionnaire but indicate that no input data was used?,The papers that use the evaluation method Questionnaire but do not have any input data available are: 'Architectural Assumptions and Their Management in Industry – An Exploratory Study' and 'Determining Microservice Boundaries: A Case Study Using Static and Dynamic Software Analysis'. Both papers indicate that there is no input data available for their respective studies.,"['10.1007/978-3-319-65831-5_14', '10.1007/978-3-319-65831-5_14', '10.1007/978-3-030-58923-3_21', '10.1007/978-3-030-58923-3_21']",,"['(R868679:Evaluation Method Entity, Name, L1520614:Questionnaire)', '(R868689:Input Data, None, L1520624:True)', '(R870466:Evaluation Method Entity, Name, L1524404:Questionnaire)', '(R870473:Input Data, None, L1524413:True)']",clustering_strategy,R659055,Software Architecture and Design,6,"Which papers use the evaluation method [Content Data: evaluation method name], but do not have any input data available?"
71,c75b3cf0921537bf3249b9a498522306,a86df857-bfb6-44b8-936e-896e52072183,"

The papers that **both apply a controlled experiment and have no input data available** are:

| Paper | Why it meets the criteria | Sources |
|-------|---------------------------|---------|
| **REST vs GraphQL: A Controlled Experiment** | Its First Research Object 2 is evaluated with a *Controlled Experiment* (Evaluation Method = Controlled Experiment), and Evidence 2 shows that the input‑data flag is **false** (no input data). | 【1】 |
| **Designing Robust Software Systems through Parametric Markov Chain Synthesis** | The contribution is evaluated by a *Technical Experiment*, which is a form of controlled experiment, and its Input Data property is set to *false* (no input data). | 【2】 |
| **An Architecture‑Driven Adaptation Approach for Big Data Cyber Security Analytics** | First Research Object 2 is evaluated with a *Technical Experiment* (a controlled‑experiment method), and Evidence 2 records *Input Data = false* (no input data). | 【7】 |
| **Continuous Analysis of Collaborative Design** | First Research Object 2 is evaluated using a *Controlled Experiment*, and Evidence 2 shows that the “Uses Input Data” relationship is **false** (no input data). | 【8】 |

All other papers described in the provided texts either employ a non‑controlled‑experiment evaluation method or include input data, and therefore do not satisfy both conditions simultaneously.

",[],0.0,0.0,0.0,0.0,0.0,0.0,0.0,0.0,0.0,0.0,0.0,0.0,0.0,0.0,0.0,0.0,0.0,0.0,0.0,0.0,0.0,0.0,0.0,0.0,0.0,0.0,0.02,0.25,0.16,0.57,0.09,0.06,0.21,0.17,0.11,0.4,0.443,0.629,0.52,1.0,326.4587414264679,0.0,20936,0,0.0,,0,0.0,,,0.0,0.0,,0.0,0.0,https://wandb.ai/kastel-sdq-meta-research/experiment_cross_encoder/r/call/01a05e27-efe5-7894-8bc7-3f19adddff98,retrieval_config,False,KitToolbox,kit.qwen3-embedding-8b,10,10,True,cosine,True,False,10,-1,8,False,False,1,False,-1,-1,False,,['R659055'],['Paper'],False,True,False,kg_retrieval,hublink,kittoolbox_kit.minimax-m2.7-229b_tmpNone_maxt-1_reasoningNone,KitToolbox,kit.minimax-m2.7-229b,,-1,,kittoolbox_kit.minimax-m2.7-229b_tmpNone_maxt-1_reasoningNone,KitToolbox,kit.minimax-m2.7-229b,,-1,,orkg_merged_ecsa_icsa.json_jsonpublicationloader_limit-1,['paper_class'],['research_level'],['first_research_object'],['second_research_object'],['validity'],['evidence'],False,False,R659055,https://sandbox.orkg.org,-1,orkg,merged_ecsa_icsa.json_jsonpublicationloader_limit-1,merged_ecsa_icsa.json,JsonPublicationLoader,-1,,4000,2,generation_kittoolbox_kit.minimax-m2.7-229b_tmpNone_maxt-1_reasoningNone,generation,kittoolbox_kit.minimax-m2.7-229b_tmpNone_maxt-1_reasoningNone,KitToolbox,kit.minimax-m2.7-229b,,-1,,"['(R870884:REST vs GraphQL: A Controlled Experiment, contribution, R870908:First Research Object 2)', '(R870908:First Research Object 2, evaluation, R870909:Evaluation)', '(R870909:Evaluation, Evaluation method, R870910:Evaluation Method List)', '(R870910:Evaluation Method List, Entity, R870911:Evaluation Method Entity)', '(R870911:Evaluation Method Entity, Name, L1525353:Controlled Experiment)', '(R872819:Continuous Analysis of Collaborative Design, contribution, R872850:First Research Object 2)', '(R872850:First Research Object 2, evaluation, R872851:Evaluation)', '(R872851:Evaluation, Evaluation method, R872854:Evaluation Method List)', '(R872854:Evaluation Method List, Entity, R872855:Evaluation Method Entity)', '(R872855:Evaluation Method Entity, Name, L1529336:Controlled Experiment)', '(R874422:Evaluation Method Entity, Name, L1532572:Controlled Experiment)', '(R868774:Evidence 2, Uses Input Data, R868775:Input Data)', '(R868775:Input Data, None, L1520815:False)', '(R872819:Continuous Analysis of Collaborative Design, contribution, R872868:Evidence 2)', '(R872868:Evidence 2, Uses Input Data, R872869:Input Data)', '(R872869:Input Data, None, L1529351:False)', '(R872911:Evidence 2, Uses Input Data, R872912:Input Data)', '(R872912:Input Data, None, L1529448:False)', '(R870014:An Architecture-Driven Adaptation Approach for Big Data Cyber Security Analytics, contribution, R870049:Evidence 2)', '(R870049:Evidence 2, Uses Input Data, R870050:Input Data)', '(R870050:Input Data, None, L1523534:False)', '(R870260:Evidence 2, Uses Input Data, R870261:Input Data)', '(R870261:Input Data, None, L1524004:False)', '(R868437:Input Data, None, L1520087:False)', '(R874432:Evidence 2, Uses Input Data, R874433:Input Data)', '(R874433:Input Data, None, L1532584:False)', '(R868475:Evidence 2, Uses Input Data, R868476:Input Data)', '(R868476:Input Data, None, L1520174:False)', '(R870884:REST vs GraphQL: A Controlled Experiment, contribution, R870919:Evidence 2)', '(R870919:Evidence 2, Uses Input Data, R870920:Input Data)', '(R870920:Input Data, None, L1525364:False)', '(R870014:An Architecture-Driven Adaptation Approach for Big Data Cyber Security Analytics, contribution, R2156164:First Research Object 2)', '(R2156164:First Research Object 2, evaluation, R2156177:Evaluation)', '(R2156177:Evaluation, Evaluation method, R2156181:Evaluation Method List)', '(R2156181:Evaluation Method List, Entity, R2156183:Evaluation Method Entity)', '(R2156183:Evaluation Method Entity, Name, L2809557:Technical Experiment)', '(R2156254:Evaluation Method Entity, Name, L2809620:Technical Experiment)', '(R868429:Evaluation Method Entity, Name, L1520077:Technical Experiment)', '(R872850:First Research Object 2, evaluation, R872860:Evaluation)', '(R872860:Evaluation, Evaluation method, R872861:Evaluation Method List)', '(R872861:Evaluation Method List, Entity, R872862:Evaluation Method Entity)']",Which papers apply a controlled experiment and do not have any input data available?,"The papers that use the evaluation method Controlled Experiment but do not have any input data available are: 1) 'On the Understandability of Semantic Constraints for Behavioral Software Architecture Compliance: A Controlled Experiment', 2) 'Unlimited Rulebook: a Reference Architecture for Economy Mechanics in Digital Games', and 3) 'Two Architectural Threat Analysis Techniques Compared'.","['10.1109/ICSA.2017.10', '10.1109/ICSA.2017.10', '10.1109/ICSA47634.2020.00014', '10.1109/ICSA47634.2020.00014', '10.1007/978-3-030-00761-4_23', '10.1007/978-3-030-00761-4_23']",,"['(R874323:Evaluation Method Entity, Name, L1532368:Controlled Experiment)', '(R874329:Input Data, None, L1532376:True)', '(R869082:Evaluation Method Entity, Name, L1521476:Controlled Experiment)', '(R869095:Input Data, None, L1521490:True)', '(R869377:Evaluation Method Entity, Name, L1522113:Controlled Experiment)', '(R869383:Input Data, None, L1522121:True)']",clustering_strategy,R659055,Software Architecture and Design,6,"Which papers use the evaluation method [Content Data: evaluation method name], but do not have any input data available?"
72,c75b3cf0921537bf3249b9a498522306,33b23515-6a6b-4976-9fd7-1de4bc7db859,"

Papers that investigate the property **Reliability** are most frequently classified as **Paper Class 2**【1】【2】【3】【4】【5】【6】.

",[],0.2,0.1,0.037,0.083,0.167,0.2,0.2,0.2,0.2,0.2,0.27,0.2,0.23,0.21,0.2,0.4,0.27,0.33,0.41,0.65,0.5,0.58,0.2,0.267,0.2,0.406,0.21,0.67,0.65,0.68,0.43,0.42,0.44,0.36,0.35,0.37,0.474,0.724,0.573,1.0,208.42150163650513,0.0,93613,0,0.0,,0,0.0,,,0.0,0.0,,0.0,0.0,https://wandb.ai/kastel-sdq-meta-research/experiment_cross_encoder/r/call/01a05e29-83b9-797b-942e-1e3c69fe7cb0,retrieval_config,False,KitToolbox,kit.qwen3-embedding-8b,10,10,True,cosine,True,False,10,-1,8,False,False,1,False,-1,-1,False,,['R659055'],['Paper'],False,True,False,kg_retrieval,hublink,kittoolbox_kit.minimax-m2.7-229b_tmpNone_maxt-1_reasoningNone,KitToolbox,kit.minimax-m2.7-229b,,-1,,kittoolbox_kit.minimax-m2.7-229b_tmpNone_maxt-1_reasoningNone,KitToolbox,kit.minimax-m2.7-229b,,-1,,orkg_merged_ecsa_icsa.json_jsonpublicationloader_limit-1,['paper_class'],['research_level'],['first_research_object'],['second_research_object'],['validity'],['evidence'],False,False,R659055,https://sandbox.orkg.org,-1,orkg,merged_ecsa_icsa.json_jsonpublicationloader_limit-1,merged_ecsa_icsa.json,JsonPublicationLoader,-1,,4000,2,generation_kittoolbox_kit.minimax-m2.7-229b_tmpNone_maxt-1_reasoningNone,generation,kittoolbox_kit.minimax-m2.7-229b_tmpNone_maxt-1_reasoningNone,KitToolbox,kit.minimax-m2.7-229b,,-1,,"['(R2156195:Property, Name, L2809563:Reliability)', '(R873728:A Comparison of MQTT Brokers for Distributed IoT Edge Computing, contribution, R873753:First Research Object 2)', '(R873753:First Research Object 2, evaluation, R873754:Evaluation)', '(R873754:Evaluation, properties, R873757:Property)', '(R873757:Property, Sub-Property, R873759:Property)', '(R873759:Property, Name, L1531163:Reliability)', '(R2156224:Property, Name, L2809597:Reliability)', '(R871757:First Research Object 2, evaluation, R871758:Evaluation)', '(R871758:Evaluation, properties, R871761:Property)', '(R871765:Property, Name, L1527091:Reliability)', '(R871555:Evaluation, properties, R871560:Property)', '(R871563:Property, Name, L1526673:Reliability)', '(R873728:A Comparison of MQTT Brokers for Distributed IoT Edge Computing, contribution, R873751:Paper Class 2)', '(R871523:An Architecture for Decentralized, Collaborative, and Autonomous Robots, contribution, R871552:Paper Class 2)', '(R871104:Quality Evaluation of PaaS Cloud Application Design Using Generated Prototypes, contribution, R2156144:Paper Class 2)', '(R870014:An Architecture-Driven Adaptation Approach for Big Data Cyber Security Analytics, contribution, R2156135:Paper Class 2)', '(R871726:A Platform Architecture for Multi-Tenant Blockchain-Based Systems, contribution, R871755:Paper Class 2)', '(R871130:Property, Name, L1525789:Reliability)', '(R870014:An Architecture-Driven Adaptation Approach for Big Data Cyber Security Analytics, contribution, R870036:Paper Class 2)', '(R871104:Quality Evaluation of PaaS Cloud Application Design Using Generated Prototypes, contribution, R871123:Paper Class 2)']",What is the paper class that papers are most frequently classified as when they investigate the property Reliability?,The paper class that papers are most frequently classified as when they investigate the property Reliability is Evaluation research.,"['10.1007/978-3-030-58923-3_23', '10.1007/978-3-030-58923-3_23', '10.1109/ICSA.2019.00019', '10.1109/ICSA.2019.00019', '10.1109/ICSA.2019.00013', '10.1109/ICSA.2019.00013', '10.1109/ICSA.2017.43', '10.1109/ICSA.2017.43', '10.1109/ICSA.2018.00017', '10.1109/ICSA.2018.00017']",,"['(R873759:Property, Name, L1531163:Reliability)', '(R873751:Paper Class 2, evaluation research, L1531157:True)', '(R871765:Property, Name, L1527091:Reliability)', '(R871755:Paper Class 2, evaluation research, L1527083:True)', '(R870044:Property, Name, L1523526:Reliability)', '(R870036:Paper Class 2, validation research, L1523515:True)', '(R871563:Property, Name, L1526673:Reliability)', '(R871123:Paper Class 2, proposal of solution, L1525781:True)', '(R871130:Property, Name, L1525789:Reliability)', '(R871552:Paper Class 2, evaluation research, L1526664:True)']",clustering_strategy,R659055,Software Architecture and Design,6,What is the paper class that papers are most frequently classified as when they investigate the sub-property with the name [Content Data: sub-property name] in their evaluations?
73,c75b3cf0921537bf3249b9a498522306,30595f47-6fe5-40c8-8d45-c18f0843cbbf,"

The information from the supplied texts shows that the only paper class that appears for contributions that use the **Case Study** evaluation method is **Paper Class 2**【1】【3】【4】【5】【7】.  

None of the texts explicitly identify a research object called **“Architecture Description”** for those Case‑Study papers.  The closest mention is that one contribution investigates a research object that includes **Architecture Extraction**, which can be seen as an instance of “Architecture Description,” but no paper class is provided for that work【6】.  Consequently, while **Paper Class 2** is the only paper class noted for papers employing the Case‑Study method, it cannot be confirmed as the most used class for papers that *also* target an “Architecture Description” research object.

**Answer:** Based on the provided partial answers, the only paper class associated with Case‑Study evaluation is **Paper Class 2**, but because an “Architecture Description” research object is not explicitly confirmed for any of those papers, the most‑used paper class for the specific combination of “Case Study” and “Architecture Description” cannot be definitively determined from the given information.

","['Case Study', 'Architecture Description']",0.0,0.0,0.0,0.0,0.0,0.0,0.0,0.0,0.0,0.0,0.0,0.0,0.0,0.0,0.0,0.0,0.0,0.0,0.0,0.0,0.0,0.0,0.0,0.0,0.0,0.0,0.02,0.21,0.12,0.88,0.11,0.06,0.46,0.17,0.09,0.68,0.379,0.547,0.448,1.0,296.32267904281616,0.0027473999999999992,39912,0,0.0,,0,0.0,,,0.0,0.0,,0.0,0.0,https://wandb.ai/kastel-sdq-meta-research/experiment_cross_encoder/r/call/01a05e2a-b497-7d13-a4ce-3c4b78f66c76,retrieval_config,False,KitToolbox,kit.qwen3-embedding-8b,10,10,True,cosine,True,False,10,-1,8,False,False,1,False,-1,-1,False,,['R659055'],['Paper'],False,True,False,kg_retrieval,hublink,kittoolbox_kit.minimax-m2.7-229b_tmpNone_maxt-1_reasoningNone,KitToolbox,kit.minimax-m2.7-229b,,-1,,kittoolbox_kit.minimax-m2.7-229b_tmpNone_maxt-1_reasoningNone,KitToolbox,kit.minimax-m2.7-229b,,-1,,orkg_merged_ecsa_icsa.json_jsonpublicationloader_limit-1,['paper_class'],['research_level'],['first_research_object'],['second_research_object'],['validity'],['evidence'],False,False,R659055,https://sandbox.orkg.org,-1,orkg,merged_ecsa_icsa.json_jsonpublicationloader_limit-1,merged_ecsa_icsa.json,JsonPublicationLoader,-1,,4000,2,generation_kittoolbox_kit.minimax-m2.7-229b_tmpNone_maxt-1_reasoningNone,generation,kittoolbox_kit.minimax-m2.7-229b_tmpNone_maxt-1_reasoningNone,KitToolbox,kit.minimax-m2.7-229b,,-1,,"['(R871657:Evaluation Method Entity, Name, L1526868:Case Study)', '(R870380:Identifying and Prioritizing Architectural Debt Through Architectural Smells: A Case Study in a Large Software Company, contribution, R2156260:First Research Object 2)', '(R2156260:First Research Object 2, evaluation, R2156264:Evaluation)', '(R2156264:Evaluation, Evaluation method, R2156267:Evaluation Method List)', '(R2156267:Evaluation Method List, Entity, R2156268:Evaluation Method Entity)', '(R2156268:Evaluation Method Entity, Name, L2809639:Case Study)', '(R870673:Exploring Web Search Engines to Find Architectural Knowledge, contribution, R870694:First Research Object 2)', '(R870694:First Research Object 2, evaluation, R870695:Evaluation)', '(R870695:Evaluation, Evaluation method, R870696:Evaluation Method List)', '(R870696:Evaluation Method List, Entity, R870697:Evaluation Method Entity)', '(R870697:Evaluation Method Entity, Name, L1524905:Case Study)', '(R870380:Identifying and Prioritizing Architectural Debt Through Architectural Smells: A Case Study in a Large Software Company, contribution, R870407:First Research Object 2)', '(R870407:First Research Object 2, evaluation, R870408:Evaluation)', '(R870408:Evaluation, Evaluation method, R870409:Evaluation Method List)', '(R870409:Evaluation Method List, Entity, R870410:Evaluation Method Entity)', '(R870410:Evaluation Method Entity, Name, L1524293:Case Study)', '(R870380:Identifying and Prioritizing Architectural Debt Through Architectural Smells: A Case Study in a Large Software Company, contribution, R2156174:Paper Class 2)', '(R2156174:Paper Class 2, evaluation research, L2809519:True)', '(R869674:Evaluation Method Entity, Name, L1522755:Case Study)', '(R870407:First Research Object 2, evaluation, R870413:Evaluation)', '(R870413:Evaluation, Evaluation method, R870414:Evaluation Method List)', '(R870414:Evaluation Method List, Entity, R870415:Evaluation Method Entity)', '(R871631:Applying Architecture-Based Adaptation to Automate the Management of Internet-of-Things, contribution, R871652:Paper Class 2)', '(R2156260:First Research Object 2, evaluation, R2156273:Evaluation)', '(R2156174:Paper Class 2, opinion paper, L2809526:False)', '(R870380:Identifying and Prioritizing Architectural Debt Through Architectural Smells: A Case Study in a Large Software Company, contribution, R870405:Paper Class 2)', '(R870405:Paper Class 2, evaluation research, L1524290:True)', '(R870405:Paper Class 2, validation research, L1524285:False)', '(R869680:Research Object Entity, Name, L1522761:Architecture Extraction)', '(R870694:First Research Object 2, Object, R870700:Research Object List)', '(R870700:Research Object List, Entity, R870701:Research Object Entity)', '(R870701:Research Object Entity, Name, L1524909:Architecture Design Decisions)']",Which is the most used paper class for papers that apply the evaluation method Case Study and investigate the research object Architecture Description?,The most commonly used paper class for papers that apply the evaluation method Case Study and investigate the research object Architecture Description is validation research.,"['10.1109/ICSA.2018.00024', '10.1109/ICSA.2018.00024', '10.1109/ICSA.2018.00024', '10.1109/ICSA.2018.00024', '10.1109/ICSA.2018.00009', '10.1109/ICSA.2018.00009', '10.1109/ICSA.2018.00009']",,"['(R874062:Evaluation Method Entity, Name, L1531810:Case Study)', '(R874066:Research Object Entity, Name, L1531814:Architecture Description)', '(R874057:Paper Class 2, proposal of solution, L1531804:True)', '(R874057:Paper Class 2, validation research, L1531802:True)', '(R869715:Evaluation Method Entity, Name, L1522846:Case Study)', '(R869719:Research Object Entity, Name, L1522850:Architecture Description)', '(R869710:Paper Class 2, validation research, L1522838:True)']",clustering_strategy,R659055,Software Architecture and Design,6,Which is the most used paper class for publications with the evaluation method [method name] and the research object [Content Data: research object name]?
74,c75b3cf0921537bf3249b9a498522306,dd9b02a6-7f62-4bec-91dd-330398852334,"

Paper Class 2 is the only paper class identified in the discussed publications, and it is therefore the most‑used class for works that investigate architecture patterns and include case‑study‑style evaluations. All nine partial answers explicitly state that the publications are classified as Paper Class 2, with no other paper classes mentioned [1][2][3][4][5][6][7][8][9].

[1] Source: Model-Based Analysis of Microservice Resiliency Patterns, 10.1109/ICSA47634.2020.00019
[2] Source: Architecture-Centric Support for Integrating Security Tools in a Security Orchestration Platform, 10.1007/978-3-030-58923-3_11
[3] Source: Quantitative Verification-Aided Machine Learning: A Tandem Approach for Architecting Self-Adaptive IoT Systems, 10.1109/ICSA47634.2020.00010
[4] Source: Data-Centric Communication and Containerization for Future Automotive Software Architectures, 10.1109/ICSA.2018.00016
[5] Source: EASIER: An Evolutionary Approach for Multi-objective Software ArchItecturE Refactoring, 10.1109/ICSA.2018.00020
[6] Source: Improving the Consistency and Usefulness of Architecture Descriptions: Guidelines for Architects, 10.1109/ICSA.2019.00024
[7] Source: A Machine Learning Approach to Service Discovery for Microservice Architectures, 10.1007/978-3-030-86044-8_5
[8] Source: Improving the Search for Architecture Knowledge in Online Developer Communities, 10.1109/ICSA.2018.00028
[9] Source: A Taxonomy of Blockchain-Based Systems for Architecture Design, 10.1109/ICSA.2017.33
",[],0.0,0.0,0.0,0.0,0.0,0.0,0.0,0.0,0.0,0.0,0.0,0.0,0.0,0.0,0.0,0.0,0.0,0.0,0.0,0.0,0.0,0.0,0.0,0.0,0.0,0.0,0.02,0.39,0.27,0.68,0.12,0.08,0.21,0.2,0.14,0.36,0.449,0.63,0.524,1.0,272.3340859413147,0.0,30345,0,0.0,,0,0.0,,,0.0,0.0,,0.0,0.0,https://wandb.ai/kastel-sdq-meta-research/experiment_cross_encoder/r/call/01a05e2a-df3b-76b0-9834-283e9a2b9c8e,retrieval_config,False,KitToolbox,kit.qwen3-embedding-8b,10,10,True,cosine,True,False,10,-1,8,False,False,1,False,-1,-1,False,,['R659055'],['Paper'],False,True,False,kg_retrieval,hublink,kittoolbox_kit.minimax-m2.7-229b_tmpNone_maxt-1_reasoningNone,KitToolbox,kit.minimax-m2.7-229b,,-1,,kittoolbox_kit.minimax-m2.7-229b_tmpNone_maxt-1_reasoningNone,KitToolbox,kit.minimax-m2.7-229b,,-1,,orkg_merged_ecsa_icsa.json_jsonpublicationloader_limit-1,['paper_class'],['research_level'],['first_research_object'],['second_research_object'],['validity'],['evidence'],False,False,R659055,https://sandbox.orkg.org,-1,orkg,merged_ecsa_icsa.json_jsonpublicationloader_limit-1,merged_ecsa_icsa.json,JsonPublicationLoader,-1,,4000,2,generation_kittoolbox_kit.minimax-m2.7-229b_tmpNone_maxt-1_reasoningNone,generation,kittoolbox_kit.minimax-m2.7-229b_tmpNone_maxt-1_reasoningNone,KitToolbox,kit.minimax-m2.7-229b,,-1,,"['(R871305:EASIER: An Evolutionary Approach for Multi-objective Software ArchItecturE Refactoring, contribution, R2156142:Paper Class 2)', '(R873701:A Taxonomy of Blockchain-Based Systems for Architecture Design, contribution, R873715:Paper Class 2)', '(R873715:Paper Class 2, proposal of solution, L1531083:True)', '(R870630:Quantitative Verification-Aided Machine Learning: A Tandem Approach for Architecting Self-Adaptive IoT Systems, contribution, R870651:Paper Class 2)', '(R874393:Improving the Search for Architecture Knowledge in Online Developer Communities, contribution, R874417:Paper Class 2)', '(R872636:Data-Centric Communication and Containerization for Future Automotive Software Architectures, contribution, R872668:Paper Class 2)', '(R873599:Improving the Consistency and Usefulness of Architecture Descriptions: Guidelines for Architects, contribution, R873625:Paper Class 2)', '(R873625:Paper Class 2, evaluation research, L1530895:True)', '(R870227:A Machine Learning Approach to Service Discovery for Microservice Architectures, contribution, R2156151:Paper Class 2)', '(R2156151:Paper Class 2, validation research, L2809504:True)', '(R871383:Architecture-Centric Support for Integrating Security Tools in a Security Orchestration Platform, contribution, R871402:Paper Class 2)', '(R869851:Model-Based Analysis of Microservice Resiliency Patterns, contribution, R869878:Paper Class 2)', '(R869878:Paper Class 2, evaluation research, L1523195:True)', '(R2156151:Paper Class 2, evaluation research, L2809489:False)', '(R872685:Evaluation Method Entity, Name, L1528973:Motivating Example)', '(R873625:Paper Class 2, validation research, L1530890:False)', '(R870227:A Machine Learning Approach to Service Discovery for Microservice Architectures, contribution, R870248:Paper Class 2)', '(R870248:Paper Class 2, philosophical paper, L1523990:False)', '(R872690:Research Object Entity, Name, L1528978:Architecture Design Method)']","Among the publications that investigate architecture patterns and apply case studies in their evaluation, which is the most used paper class?",The most commonly used paper class for publications that employ the evaluation method Case Study and target the research object Architecture Pattern is evaluation research.,"['10.1007/978-3-030-00761-4_21', '10.1007/978-3-030-00761-4_21', '10.1007/978-3-030-00761-4_21', '10.1109/ICSA.2017.39', '10.1109/ICSA.2017.39', '10.1109/ICSA.2017.39', '10.1007/978-3-030-29983-5_16', '10.1007/978-3-030-29983-5_16', '10.1007/978-3-030-29983-5_16', '10.1007/978-3-030-29983-5_16']",,"['(R870410:Evaluation Method Entity, Name, L1524293:Case Study)', '(R870420:Research Object Entity, Name, L1524302:Architecture Pattern)', '(R870405:Paper Class 2, evaluation research, L1524290:True)', '(R872257:Evaluation Method Entity, Name, L1528117:Case Study)', '(R872261:Research Object Entity, Name, L1528121:Architecture Pattern)', '(R872252:Paper Class 2, evaluation research, L1528114:True)', '(R870328:Evaluation Method Entity, Name, L1524149:Case Study)', '(R870332:Research Object Entity, Name, L1524153:Architecture Pattern)', '(R870323:Paper Class 2, validation research, L1524141:True)', '(R870323:Paper Class 2, proposal of solution, L1524143:True)']",clustering_strategy,R659055,Software Architecture and Design,6,Which is the most used paper class for publications with the evaluation method [method name] and the research object [Content Data: research object name]?
75,c75b3cf0921537bf3249b9a498522306,502b6de0-07d3-4ff0-b138-101edf292d49,"

The publications that both investigate technical debt and use data‑science methods in their evaluation are most commonly classified under **Paper Class 2** [1][2][3][5][6][7]. All of the relevant sources either identify this class as the dominant one or note that it is the only paper class represented in the provided data. Consequently, Paper Class 2 is the most used paper class among such studies.

[1] Source: The Evolution of Technical Debt in the Apache Ecosystem, 10.1007/978-3-319-65831-5_4
[2] Source: Technical Architectures for Automotive Systems, 10.1109/ICSA47634.2020.00013
[3] Source: Architectural Decay as Predictor of Issue- and Change-Proneness, 10.1109/ICSA51549.2021.00017
[5] Source: Identifying and Prioritizing Architectural Debt Through Architectural Smells: A Case Study in a Large Software Company, 10.1007/978-3-030-00761-4_21
[6] Source: FLRA: A Reference Architecture for Federated Learning Systems, 10.1007/978-3-030-86044-8_6
[7] Source: Data-Driven Software Architecture for Analyzing Confidentiality, 10.1109/ICSA.2019.00009
",['Data Science'],0.333,0.333,0.081,0.172,0.2,0.25,0.2,0.33,0.25,0.29,0.31,0.33,0.32,0.33,0.17,0.83,0.29,0.47,0.29,0.92,0.44,0.64,0.2,0.308,0.172,0.289,0.03,0.35,0.23,0.73,0.13,0.09,0.29,0.15,0.1,0.32,0.451,0.617,0.522,1.0,232.72087383270264,0.0,7497,0,0.0,,0,0.0,,,0.0,0.0,,0.0,0.0,https://wandb.ai/kastel-sdq-meta-research/experiment_cross_encoder/r/call/01a05e2c-d0ca-79c5-9aaf-3e8f6c2c73e7,retrieval_config,False,KitToolbox,kit.qwen3-embedding-8b,10,10,True,cosine,True,False,10,-1,8,False,False,1,False,-1,-1,False,,['R659055'],['Paper'],False,True,False,kg_retrieval,hublink,kittoolbox_kit.minimax-m2.7-229b_tmpNone_maxt-1_reasoningNone,KitToolbox,kit.minimax-m2.7-229b,,-1,,kittoolbox_kit.minimax-m2.7-229b_tmpNone_maxt-1_reasoningNone,KitToolbox,kit.minimax-m2.7-229b,,-1,,orkg_merged_ecsa_icsa.json_jsonpublicationloader_limit-1,['paper_class'],['research_level'],['first_research_object'],['second_research_object'],['validity'],['evidence'],False,False,R659055,https://sandbox.orkg.org,-1,orkg,merged_ecsa_icsa.json_jsonpublicationloader_limit-1,merged_ecsa_icsa.json,JsonPublicationLoader,-1,,4000,2,generation_kittoolbox_kit.minimax-m2.7-229b_tmpNone_maxt-1_reasoningNone,generation,kittoolbox_kit.minimax-m2.7-229b_tmpNone_maxt-1_reasoningNone,KitToolbox,kit.minimax-m2.7-229b,,-1,,"['(R869104:The Evolution of Technical Debt in the Apache Ecosystem, contribution, R869125:First Research Object 2)', '(R869125:First Research Object 2, evaluation, R869126:Evaluation)', '(R869126:Evaluation, Evaluation method, R869127:Evaluation Method List)', '(R869127:Evaluation Method List, Entity, R869128:Evaluation Method Entity)', '(R869128:Evaluation Method Entity, Name, L1521574:Data Science)', '(R869104:The Evolution of Technical Debt in the Apache Ecosystem, contribution, R869123:Paper Class 2)', '(R869123:Paper Class 2, evaluation research, L1521571:True)', '(R870380:Identifying and Prioritizing Architectural Debt Through Architectural Smells: A Case Study in a Large Software Company, contribution, R2156174:Paper Class 2)', '(R872780:Architectural Decay as Predictor of Issue- and Change-Proneness, contribution, R872801:First Research Object 2)', '(R872801:First Research Object 2, Object, R872807:Research Object List)', '(R872807:Research Object List, Entity, R872808:Research Object Entity)', '(R872808:Research Object Entity, Name, L1529238:Technical Debt)', '(R869132:Research Object Entity, Name, L1521578:Technical Debt)', '(R870380:Identifying and Prioritizing Architectural Debt Through Architectural Smells: A Case Study in a Large Software Company, contribution, R870405:Paper Class 2)', '(R870006:Evaluation Method Entity, Name, L1523455:Data Science)', '(R872801:First Research Object 2, evaluation, R872802:Evaluation)', '(R872802:Evaluation, Evaluation method, R872803:Evaluation Method List)', '(R872803:Evaluation Method List, Entity, R872804:Evaluation Method Entity)', '(R872804:Evaluation Method Entity, Name, L1529234:Data Science)', '(R870929:Technical Architectures for Automotive Systems, contribution, R870958:Paper Class 2)', '(R873653:Data-Driven Software Architecture for Analyzing Confidentiality, contribution, R873676:Paper Class 2)', '(R870958:Paper Class 2, philosophical paper, L1525455:False)', '(R2156216:Paper Class 2, evaluation research, L2809569:True)', '(R869987:FLRA: A Reference Architecture for Federated Learning Systems, contribution, R870001:Paper Class 2)', '(R870001:Paper Class 2, evaluation research, L1523452:False)', '(R872780:Architectural Decay as Predictor of Issue- and Change-Proneness, contribution, R872799:Paper Class 2)', '(R870001:Paper Class 2, opinion paper, L1523450:False)', '(R870001:Paper Class 2, philosophical paper, L1523451:False)', '(R870001:Paper Class 2, proposal of solution, L1523449:True)']","Among the publications that investigate technical debt and apply data science in their evaluation, which is the most used paper class?",The most used paper class for publications with the evaluation method Data Science and the research object Technical Debt is evaluation research.,"['10.1007/978-3-319-65831-5_4', '10.1007/978-3-319-65831-5_4', '10.1007/978-3-319-65831-5_4', '10.1109/ICSA51549.2021.00017', '10.1109/ICSA51549.2021.00017', '10.1109/ICSA51549.2021.00017']",,"['(R869128:Evaluation Method Entity, Name, L1521574:Data Science)', '(R869132:Research Object Entity, Name, L1521578:Technical Debt)', '(R869123:Paper Class 2, evaluation research, L1521571:True)', '(R872804:Evaluation Method Entity, Name, L1529234:Data Science)', '(R872808:Research Object Entity, Name, L1529238:Technical Debt)', '(R872799:Paper Class 2, evaluation research, L1529231:True)']",clustering_strategy,R659055,Software Architecture and Design,6,Which is the most used paper class for publications with the evaluation method [method name] and the research object [Content Data: research object name]?
76,c75b3cf0921537bf3249b9a498522306,1494fc87-34e3-4f7b-ae77-54093e3988b0,"

The sources identify three separate papers that investigate the research object **Technical Debt**, each published in a different year:

| Publication Year | Paper (title or focus) | Source |
|------------------|------------------------|--------|
| **2017**         | *The Evolution of Technical Debt in the Apache Ecosystem* | [2] |
| **2018**         | Paper focusing on architectural (technical) debt | [3] |
| **2020**         | *Architectural Technical Debt: A Grounded Theory* | [1] |

**Distribution by year**

- **2017:** 1 paper  
- **2018:** 1 paper  
- **2020:** 1 paper  

Thus, the available sources show one Technical‑Debt‑investigating paper for each of the years 2017, 2018, and 2020.

[1] Source: Architectural Technical Debt: A Grounded Theory, 10.1007/978-3-030-58923-3_14
[2] Source: The Evolution of Technical Debt in the Apache Ecosystem, 10.1007/978-3-319-65831-5_4
[3] Source: Identifying and Prioritizing Architectural Debt Through Architectural Smells: A Case Study in a Large Software Company, 10.1007/978-3-030-00761-4_21
",[],0.5,0.5,0.133,0.538,0.25,1.0,0.3,0.5,0.37,0.44,0.54,0.58,0.56,0.57,0.36,0.67,0.47,0.57,0.57,0.67,0.62,0.65,0.3,0.538,0.364,0.571,0.04,0.34,0.24,0.59,0.12,0.08,0.21,0.29,0.2,0.5,0.452,0.64,0.53,1.0,188.35487008094788,0.0,14947,0,0.0,,0,0.0,,,0.0,0.0,,0.0,0.0,https://wandb.ai/kastel-sdq-meta-research/experiment_cross_encoder/r/call/01a05e2d-386c-709b-b2e8-135ddae62bd0,retrieval_config,False,KitToolbox,kit.qwen3-embedding-8b,10,10,True,cosine,True,False,10,-1,8,False,False,1,False,-1,-1,False,,['R659055'],['Paper'],False,True,False,kg_retrieval,hublink,kittoolbox_kit.minimax-m2.7-229b_tmpNone_maxt-1_reasoningNone,KitToolbox,kit.minimax-m2.7-229b,,-1,,kittoolbox_kit.minimax-m2.7-229b_tmpNone_maxt-1_reasoningNone,KitToolbox,kit.minimax-m2.7-229b,,-1,,orkg_merged_ecsa_icsa.json_jsonpublicationloader_limit-1,['paper_class'],['research_level'],['first_research_object'],['second_research_object'],['validity'],['evidence'],False,False,R659055,https://sandbox.orkg.org,-1,orkg,merged_ecsa_icsa.json_jsonpublicationloader_limit-1,merged_ecsa_icsa.json,JsonPublicationLoader,-1,,4000,2,generation_kittoolbox_kit.minimax-m2.7-229b_tmpNone_maxt-1_reasoningNone,generation,kittoolbox_kit.minimax-m2.7-229b_tmpNone_maxt-1_reasoningNone,KitToolbox,kit.minimax-m2.7-229b,,-1,,"['(R872607:Architectural Technical Debt: A Grounded Theory, contribution, R872624:First Research Object 2)', '(R872624:First Research Object 2, Object, R872631:Research Object List)', '(R872631:Research Object List, Entity, R872632:Research Object Entity)', '(R872632:Research Object Entity, Name, L1528881:Technical Debt)', '(R869104:The Evolution of Technical Debt in the Apache Ecosystem, contribution, R869125:First Research Object 2)', '(R869125:First Research Object 2, Object, R869131:Research Object List)', '(R869131:Research Object List, Entity, R869132:Research Object Entity)', '(R869132:Research Object Entity, Name, L1521578:Technical Debt)', '(R870380:Identifying and Prioritizing Architectural Debt Through Architectural Smells: A Case Study in a Large Software Company, publication year, L1524234:2018)', '(R869104:The Evolution of Technical Debt in the Apache Ecosystem, publication year, L1521523:2017)', '(R872607:Architectural Technical Debt: A Grounded Theory, publication year, L1528844:2020)']",How are the papers that investigate the research object Technical Debt distributed by their publication year?,"The distribution of papers that investigate the research object Technical Debt per year is as follows: In 2017, there was one paper. In 2020, there was one paper. In 2021, there was one paper.","['10.1007/978-3-319-65831-5_4', '10.1007/978-3-319-65831-5_4', '10.1109/ICSA51549.2021.00017', '10.1109/ICSA51549.2021.00017', '10.1007/978-3-030-58923-3_14', '10.1007/978-3-030-58923-3_14']",,"['(R869132:Research Object Entity, Name, L1521578:Technical Debt)', '(R869104:The Evolution of Technical Debt in the Apache Ecosystem, publication year, L1521523:2017)', '(R872808:Research Object Entity, Name, L1529238:Technical Debt)', '(R872780:Architectural Decay as Predictor of Issue- and Change-Proneness, publication year, L1529184:2021)', '(R872632:Research Object Entity, Name, L1528881:Technical Debt)', '(R872607:Architectural Technical Debt: A Grounded Theory, publication year, L1528844:2020)']",clustering_strategy,R659055,Software Architecture and Design,5,How are the papers that investigate the research object with the name [Content Data: research object name] distributed by their publication year?
77,c75b3cf0921537bf3249b9a498522306,ad5d0aac-1275-4204-8dfd-d74a2478e87e,No context has been found for the given question.,[],0.0,0.0,0.0,0.0,0.0,0.0,0.0,0.0,0.0,0.0,0.0,0.0,0.0,0.0,0.0,0.0,0.0,0.0,0.0,0.0,0.0,0.0,0.0,0.0,0.0,0.0,0.01,0.06,0.11,0.04,0.0,0.0,0.0,0.06,0.11,0.04,0.594,0.445,0.509,0.0,86.82253551483154,0.0,2980,0,0.0,,0,0.0,,,0.0,0.0,,0.0,0.0,https://wandb.ai/kastel-sdq-meta-research/experiment_cross_encoder/r/call/01a05e2e-6f09-70e6-b710-a0a754642651,retrieval_config,False,KitToolbox,kit.qwen3-embedding-8b,10,10,True,cosine,True,False,10,-1,8,False,False,1,False,-1,-1,False,,['R659055'],['Paper'],False,True,False,kg_retrieval,hublink,kittoolbox_kit.minimax-m2.7-229b_tmpNone_maxt-1_reasoningNone,KitToolbox,kit.minimax-m2.7-229b,,-1,,kittoolbox_kit.minimax-m2.7-229b_tmpNone_maxt-1_reasoningNone,KitToolbox,kit.minimax-m2.7-229b,,-1,,orkg_merged_ecsa_icsa.json_jsonpublicationloader_limit-1,['paper_class'],['research_level'],['first_research_object'],['second_research_object'],['validity'],['evidence'],False,False,R659055,https://sandbox.orkg.org,-1,orkg,merged_ecsa_icsa.json_jsonpublicationloader_limit-1,merged_ecsa_icsa.json,JsonPublicationLoader,-1,,4000,2,generation_kittoolbox_kit.minimax-m2.7-229b_tmpNone_maxt-1_reasoningNone,generation,kittoolbox_kit.minimax-m2.7-229b_tmpNone_maxt-1_reasoningNone,KitToolbox,kit.minimax-m2.7-229b,,-1,,,What is the frequency of papers that investigate architectural assumptions per year?,"The frequency of papers that investigate architectural assumptions per year is: one paper in 2017, one paper in 2018, and one paper in 2019.","['10.1109/ICSA.2019.00024', '10.1109/ICSA.2019.00024', '10.1007/978-3-319-65831-5_14', '10.1007/978-3-319-65831-5_14', '10.1109/ICSA.2018.00026', '10.1109/ICSA.2018.00026']",,"['(R873641:Research Object Entity, Name, L1530909:Architectural Assumptions)', '(R873599:Improving the Consistency and Usefulness of Architecture Descriptions: Guidelines for Architects, publication year, L1530833:2019)', '(R868687:Research Object Entity, Name, L1520620:Architectural Assumptions)', '(R868651:Architectural Assumptions and Their Management in Industry – An Exploratory Study, publication year, L1520562:2017)', '(R873407:Research Object Entity, Name, L1530444:Architectural Assumptions)', '(R873379:Predicting the Performance of Privacy-Preserving Data Analytics Using Architecture Modelling and Simulation, publication year, L1530392:2018)']",clustering_strategy,R659055,Software Architecture and Design,5,What is the proportion of papers that have the research object [Content Data: research object name] per year?
78,c75b3cf0921537bf3249b9a498522306,fbc403f4-026c-409b-b3e2-95335faee310,"

The sources identify two papers that use the evaluation method **Benchmark**:

- “Employment of Optimal Approximations on Apache Hadoop Checkpoint Technique for Performance Improvements” applies a Benchmark evaluation (see [1]).  
- “Evaluating the Effectiveness of Multi-level Greedy Modularity Clustering for Software Architecture Recovery” also uses a Benchmark evaluation (see [2]).

Neither source provides the publication year for these papers, so the data needed to calculate the frequency of Benchmark‑based papers per publication year are not available in the provided information. Consequently, the per‑year frequency cannot be determined from the current sources.

[1] Source: Employment of Optimal Approximations on Apache Hadoop Checkpoint Technique for Performance Improvements, 10.1109/ICSA47634.2020.00009
[2] Source: Evaluating the Effectiveness of Multi-level Greedy Modularity Clustering for Software Architecture Recovery, 10.1007/978-3-030-29983-5_5
",[],0.25,0.25,0.05,0.392,0.2,1.0,0.2,0.25,0.22,0.24,0.5,0.38,0.43,0.39,0.2,0.25,0.22,0.24,0.5,0.38,0.43,0.39,0.2,0.5,0.2,0.5,0.03,0.3,0.2,0.67,0.14,0.09,0.31,0.2,0.13,0.44,0.476,0.573,0.52,0.0,365.54793906211853,0.0,64607,0,0.0,,0,0.0,,,0.0,0.0,,0.0,0.0,https://wandb.ai/kastel-sdq-meta-research/experiment_cross_encoder/r/call/01a05e2f-7ae6-75b6-96fd-8ef22781d5c1,retrieval_config,False,KitToolbox,kit.qwen3-embedding-8b,10,10,True,cosine,True,False,10,-1,8,False,False,1,False,-1,-1,False,,['R659055'],['Paper'],False,True,False,kg_retrieval,hublink,kittoolbox_kit.minimax-m2.7-229b_tmpNone_maxt-1_reasoningNone,KitToolbox,kit.minimax-m2.7-229b,,-1,,kittoolbox_kit.minimax-m2.7-229b_tmpNone_maxt-1_reasoningNone,KitToolbox,kit.minimax-m2.7-229b,,-1,,orkg_merged_ecsa_icsa.json_jsonpublicationloader_limit-1,['paper_class'],['research_level'],['first_research_object'],['second_research_object'],['validity'],['evidence'],False,False,R659055,https://sandbox.orkg.org,-1,orkg,merged_ecsa_icsa.json_jsonpublicationloader_limit-1,merged_ecsa_icsa.json,JsonPublicationLoader,-1,,4000,2,generation_kittoolbox_kit.minimax-m2.7-229b_tmpNone_maxt-1_reasoningNone,generation,kittoolbox_kit.minimax-m2.7-229b_tmpNone_maxt-1_reasoningNone,KitToolbox,kit.minimax-m2.7-229b,,-1,,"['(R874260:Employment of Optimal Approximations on Apache Hadoop Checkpoint Technique for Performance Improvements, contribution, R874281:First Research Object 2)', '(R874281:First Research Object 2, evaluation, R874282:Evaluation)', '(R874282:Evaluation, Evaluation method, R874283:Evaluation Method List)', '(R874283:Evaluation Method List, Entity, R874284:Evaluation Method Entity)', '(R874284:Evaluation Method Entity, Name, L1532280:Benchmark)', '(R874518:Evaluating the Effectiveness of Multi-level Greedy Modularity Clustering for Software Architecture Recovery, contribution, R874543:First Research Object 2)', '(R874543:First Research Object 2, evaluation, R874544:Evaluation)', '(R874544:Evaluation, Evaluation method, R874545:Evaluation Method List)', '(R874545:Evaluation Method List, Entity, R874546:Evaluation Method Entity)', '(R874546:Evaluation Method Entity, Name, L1532835:Benchmark)']",What is the frequency of papers that apply the evaluation method Benchmark per publication year?,"The frequency of papers that apply the evaluation method Benchmark per publication year is: 1 paper in 2017, 1 paper in 2019, and 2 papers in 2020.","['10.1109/ICSA.2017.27', '10.1109/ICSA.2017.27', '10.1007/978-3-030-58923-3_2', '10.1007/978-3-030-58923-3_2', '10.1109/ICSA47634.2020.00009', '10.1109/ICSA47634.2020.00009', '10.1007/978-3-030-29983-5_5', '10.1007/978-3-030-29983-5_5']",,"['(R871169:Evaluation Method Entity, Name, L1525874:Benchmark)', '(R871582:Experiments in Curation: Towards Machine-Assisted Construction of Software Architecture Knowledge Bases, publication year, L1526719:2017)', '(R874546:Evaluation Method Entity, Name, L1532835:Benchmark)', '(R871143:Formal Software Architectural Migration Towards Emerging Architectural Styles, publication year, L1525821:2020)', '(R874284:Evaluation Method Entity, Name, L1532280:Benchmark)', '(R874260:Employment of Optimal Approximations on Apache Hadoop Checkpoint Technique for Performance Improvements, publication year, L1532232:2020)', '(R871616:Evaluation Method Entity, Name, L1526778:Benchmark)', '(R874518:Evaluating the Effectiveness of Multi-level Greedy Modularity Clustering for Software Architecture Recovery, publication year, L1532779:2019)']",clustering_strategy,R659055,Software Architecture and Design,6,What is the proportion of papers that have the evaluation method [Content Data: evaluation method name] per year?
79,c75b3cf0921537bf3249b9a498522306,93d40c0d-7ddf-4136-9630-bafe39bd8488,No context has been found for the given question.,[],0.0,0.0,0.0,0.0,0.0,0.0,0.0,0.0,0.0,0.0,0.0,0.0,0.0,0.0,0.0,0.0,0.0,0.0,0.0,0.0,0.0,0.0,0.0,0.0,0.0,0.0,0.01,0.06,0.11,0.04,0.0,0.0,0.0,0.06,0.11,0.04,0.596,0.485,0.535,0.0,368.05543327331543,0.0,1731,0,0.0,,0,0.0,,,0.0,0.0,,0.0,0.0,https://wandb.ai/kastel-sdq-meta-research/experiment_cross_encoder/r/call/01a05e2f-b158-7f7a-b440-109313fa1280,retrieval_config,False,KitToolbox,kit.qwen3-embedding-8b,10,10,True,cosine,True,False,10,-1,8,False,False,1,False,-1,-1,False,,['R659055'],['Paper'],False,True,False,kg_retrieval,hublink,kittoolbox_kit.minimax-m2.7-229b_tmpNone_maxt-1_reasoningNone,KitToolbox,kit.minimax-m2.7-229b,,-1,,kittoolbox_kit.minimax-m2.7-229b_tmpNone_maxt-1_reasoningNone,KitToolbox,kit.minimax-m2.7-229b,,-1,,orkg_merged_ecsa_icsa.json_jsonpublicationloader_limit-1,['paper_class'],['research_level'],['first_research_object'],['second_research_object'],['validity'],['evidence'],False,False,R659055,https://sandbox.orkg.org,-1,orkg,merged_ecsa_icsa.json_jsonpublicationloader_limit-1,merged_ecsa_icsa.json,JsonPublicationLoader,-1,,4000,2,generation_kittoolbox_kit.minimax-m2.7-229b_tmpNone_maxt-1_reasoningNone,generation,kittoolbox_kit.minimax-m2.7-229b_tmpNone_maxt-1_reasoningNone,KitToolbox,kit.minimax-m2.7-229b,,-1,,,What is the frequency of papers that used a field experiment in their evaluations per year?,"The frequency of papers that used a field experiment in their evaluations per year is: one in 2017, one in 2018, and one in 2019.","['10.1007/978-3-319-65831-5_11', '10.1007/978-3-319-65831-5_11', '10.1007/978-3-030-29983-5_18', '10.1007/978-3-030-29983-5_18', '10.1109/ICSA.2018.00017', '10.1109/ICSA.2018.00017']",,"['(R869418:Evaluation Method Entity, Name, L1522201:Field Experiment)', '(R869392:Decision Models for Microservices: Design Areas, Stakeholders, Use Cases, and Requirements, publication year, L1522148:2017)', '(R869510:Evaluation Method Entity, Name, L1522395:Field Experiment)', '(R869486:ACE: Easy Deployment of Field Optimization Experiments, publication year, L1522347:2019)', '(R871557:Evaluation Method Entity, Name, L1526667:Field Experiment)', '(R871523:An Architecture for Decentralized, Collaborative, and Autonomous Robots, publication year, L1526604:2018)']",clustering_strategy,R659055,Software Architecture and Design,6,What is the proportion of papers that have the evaluation method [Content Data: evaluation method name] per year?
80,c75b3cf0921537bf3249b9a498522306,24172dfa-095e-4798-803c-4c4ab294b94a,"

Based on the provided partial answers, the philosophical paper class (Paper Class 2) investigates the following research object:

- **First Research Object 2** – This research object is used in the contribution of the philosophical paper class and is listed within the ""Architecture Analysis Method"" research-object list [5][6].

The partial answers consistently indicate that while some papers discussed belong to Paper Class 2 but are explicitly marked as ""not philosophical papers,"" the philosophical paper class itself investigates First Research Object 2. No other research objects specific to philosophical papers are described in the provided texts.

[5] Source: From a Monolith to a Microservices Architecture: An Approach Based on Transactional Contexts, 10.1007/978-3-030-29983-5_3
[6] Source: Flaws in Flows: Unveiling Design Flaws via Information Flow Analysis, 10.1109/ICSA.2019.00028
",[],0.0,0.0,0.0,0.0,0.0,0.0,0.0,0.0,0.0,0.0,0.0,0.0,0.0,0.0,0.0,0.0,0.0,0.0,0.0,0.0,0.0,0.0,0.0,0.0,0.0,0.0,0.04,0.24,0.14,0.87,0.09,0.05,0.36,0.2,0.12,0.73,0.447,0.62,0.52,1.0,253.8168864250183,0.0,66252,0,0.0,,0,0.0,,,0.0,0.0,,0.0,0.0,https://wandb.ai/kastel-sdq-meta-research/experiment_cross_encoder/r/call/01a05e2f-f1ae-7841-af89-f1b474d71c02,retrieval_config,False,KitToolbox,kit.qwen3-embedding-8b,10,10,True,cosine,True,False,10,-1,8,False,False,1,False,-1,-1,False,,['R659055'],['Paper'],False,True,False,kg_retrieval,hublink,kittoolbox_kit.minimax-m2.7-229b_tmpNone_maxt-1_reasoningNone,KitToolbox,kit.minimax-m2.7-229b,,-1,,kittoolbox_kit.minimax-m2.7-229b_tmpNone_maxt-1_reasoningNone,KitToolbox,kit.minimax-m2.7-229b,,-1,,orkg_merged_ecsa_icsa.json_jsonpublicationloader_limit-1,['paper_class'],['research_level'],['first_research_object'],['second_research_object'],['validity'],['evidence'],False,False,R659055,https://sandbox.orkg.org,-1,orkg,merged_ecsa_icsa.json_jsonpublicationloader_limit-1,merged_ecsa_icsa.json,JsonPublicationLoader,-1,,4000,2,generation_kittoolbox_kit.minimax-m2.7-229b_tmpNone_maxt-1_reasoningNone,generation,kittoolbox_kit.minimax-m2.7-229b_tmpNone_maxt-1_reasoningNone,KitToolbox,kit.minimax-m2.7-229b,,-1,,"['(R871186:From a Monolith to a Microservices Architecture: An Approach Based on Transactional Contexts, contribution, R2156141:Paper Class 2)', '(R2156141:Paper Class 2, philosophical paper, L2809460:False)', '(R871186:From a Monolith to a Microservices Architecture: An Approach Based on Transactional Contexts, contribution, R2156223:First Research Object 2)', '(R871225:Flaws in Flows: Unveiling Design Flaws via Information Flow Analysis, contribution, R871246:First Research Object 2)', '(R871246:First Research Object 2, Object, R871252:Research Object List)', '(R871252:Research Object List, Entity, R871253:Research Object Entity)', '(R871253:Research Object Entity, Name, L1526053:Architecture Analysis Method)']",What are the research objects investigated in papers of the paper class philosophical paper?,The research object investigated in papers of the philosophical paper class is Architecture Decision Making.,"['10.1109/ICSA.2018.00021', '10.1109/ICSA.2018.00021']",,"['(R873096:Paper Class 2, philosophical paper, L1529827:True)', '(R873105:Research Object Entity, Name, L1529835:Architecture Decision Making)']",publication_subgraph_strategy,R873077,Architectural Design Decisions for Systems Supporting Model-Based Analysis of Runtime Events: A Qualitative Multi-method Study,4,What are the names of the research objects that are investigated in papers with the paper class [Metadata: paper class name]?
81,c75b3cf0921537bf3249b9a498522306,82f7245c-2c4e-48d6-add2-3c8865676839,"

The papers that use the **Field Experiment** evaluation method all investigate the research object called **“First Research Object 2.”** In the sources that explicitly mention this method, the object is identified in three complementary ways:

* as the **Architecture Optimization Method** [1];  
* as a **Reference Architecture** [2]; and  
* as part of the **Architecture Decision Making** research‑object entity [3].

No other research objects are reported in connection with the Field Experiment method in the provided texts.

[1] Source: ACE: Easy Deployment of Field Optimization Experiments, 10.1007/978-3-030-29983-5_18
[2] Source: An Architecture for Decentralized, Collaborative, and Autonomous Robots, 10.1109/ICSA.2018.00017
[3] Source: Decision Models for Microservices: Design Areas, Stakeholders, Use Cases, and Requirements, 10.1007/978-3-319-65831-5_11
",[],0.333,0.5,0.131,0.126,0.5,0.5,0.2,0.33,0.25,0.29,0.29,0.33,0.31,0.32,0.26,0.83,0.4,0.58,0.43,0.83,0.57,0.7,0.2,0.286,0.263,0.435,0.05,0.47,0.31,1.0,0.25,0.16,0.55,0.31,0.2,0.65,0.501,0.725,0.592,1.0,379.57144951820374,0.0,26008,0,0.0,,0,0.0,,,0.0,0.0,,0.0,0.0,https://wandb.ai/kastel-sdq-meta-research/experiment_cross_encoder/r/call/01a05e30-50b9-79b1-a6ff-e8b290e350ba,retrieval_config,False,KitToolbox,kit.qwen3-embedding-8b,10,10,True,cosine,True,False,10,-1,8,False,False,1,False,-1,-1,False,,['R659055'],['Paper'],False,True,False,kg_retrieval,hublink,kittoolbox_kit.minimax-m2.7-229b_tmpNone_maxt-1_reasoningNone,KitToolbox,kit.minimax-m2.7-229b,,-1,,kittoolbox_kit.minimax-m2.7-229b_tmpNone_maxt-1_reasoningNone,KitToolbox,kit.minimax-m2.7-229b,,-1,,orkg_merged_ecsa_icsa.json_jsonpublicationloader_limit-1,['paper_class'],['research_level'],['first_research_object'],['second_research_object'],['validity'],['evidence'],False,False,R659055,https://sandbox.orkg.org,-1,orkg,merged_ecsa_icsa.json_jsonpublicationloader_limit-1,merged_ecsa_icsa.json,JsonPublicationLoader,-1,,4000,2,generation_kittoolbox_kit.minimax-m2.7-229b_tmpNone_maxt-1_reasoningNone,generation,kittoolbox_kit.minimax-m2.7-229b_tmpNone_maxt-1_reasoningNone,KitToolbox,kit.minimax-m2.7-229b,,-1,,"['(R869507:First Research Object 2, evaluation, R869508:Evaluation)', '(R869510:Evaluation Method Entity, Name, L1522395:Field Experiment)', '(R869392:Decision Models for Microservices: Design Areas, Stakeholders, Use Cases, and Requirements, contribution, R869415:First Research Object 2)', '(R869415:First Research Object 2, evaluation, R869416:Evaluation)', '(R869416:Evaluation, Evaluation method, R869417:Evaluation Method List)', '(R869417:Evaluation Method List, Entity, R869418:Evaluation Method Entity)', '(R869418:Evaluation Method Entity, Name, L1522201:Field Experiment)', '(R871523:An Architecture for Decentralized, Collaborative, and Autonomous Robots, contribution, R871554:First Research Object 2)', '(R871554:First Research Object 2, evaluation, R871555:Evaluation)', '(R871555:Evaluation, Evaluation method, R871556:Evaluation Method List)', '(R871556:Evaluation Method List, Entity, R871557:Evaluation Method Entity)', '(R871557:Evaluation Method Entity, Name, L1526667:Field Experiment)', '(R869507:First Research Object 2, Object, R869513:Research Object List)', '(R869513:Research Object List, Entity, R869514:Research Object Entity)', '(R869514:Research Object Entity, Name, L1522399:Architecture Optimization Method)', '(R871554:First Research Object 2, evaluation, R871565:Evaluation)', '(R871554:First Research Object 2, Object, R871570:Research Object List)', '(R871570:Research Object List, Entity, R871571:Research Object Entity)', '(R871571:Research Object Entity, Name, L1526680:Reference Architecture)']",What are the research objects investigated in papers that apply the evaluation method Field Experiment?,"The research objects investigated with the Field Experiment evaluation method are 1. Architecture Optimization Method, 2. Reference Architecture, and 3. Architecture Decision Making.","['10.1007/978-3-030-29983-5_18', '10.1007/978-3-030-29983-5_18', '10.1109/ICSA.2018.00017', '10.1109/ICSA.2018.00017', '10.1007/978-3-319-65831-5_11', '10.1007/978-3-319-65831-5_11']",,"['(R869510:Evaluation Method Entity, Name, L1522395:Field Experiment)', '(R869514:Research Object Entity, Name, L1522399:Architecture Optimization Method)', '(R871557:Evaluation Method Entity, Name, L1526667:Field Experiment)', '(R871571:Research Object Entity, Name, L1526680:Reference Architecture)', '(R869418:Evaluation Method Entity, Name, L1522201:Field Experiment)', '(R869424:Research Object Entity, Name, L1522207:Architecture Decision Making)']",clustering_strategy,R659055,Software Architecture and Design,6,What are the research objects that are investigated in papers that apply the evaluation method [Content Data: evaluation method name]?
82,c75b3cf0921537bf3249b9a498522306,1b7b46cd-e9ce-4de5-8229-35df5e5c28f3,"

The only research object that is reported to be evaluated with the property **Freedom from Risk** is **First Research Object 2**【1】【2】. However, source [3] states that the provided texts do not mention any research object being evaluated with the property “Freedom from Risk”【3】.

[3] Source: Safety Analysis Method for Cooperative Driving Systems, 10.1109/ICSA.2019.00027
",[],0.0,0.0,0.0,0.0,0.0,0.0,0.0,0.0,0.0,0.0,0.0,0.0,0.0,0.0,0.0,0.0,0.0,0.0,0.0,0.0,0.0,0.0,0.0,0.0,0.0,0.0,0.05,0.34,0.24,0.58,0.19,0.13,0.33,0.34,0.24,0.58,0.46,0.62,0.528,0.0,294.2897310256958,0.0,1013,0,0.0,,0,0.0,,,0.0,0.0,,0.0,0.0,https://wandb.ai/kastel-sdq-meta-research/experiment_cross_encoder/r/call/01a05e30-941b-7efe-8881-7e09e4182010,retrieval_config,False,KitToolbox,kit.qwen3-embedding-8b,10,10,True,cosine,True,False,10,-1,8,False,False,1,False,-1,-1,False,,['R659055'],['Paper'],False,True,False,kg_retrieval,hublink,kittoolbox_kit.minimax-m2.7-229b_tmpNone_maxt-1_reasoningNone,KitToolbox,kit.minimax-m2.7-229b,,-1,,kittoolbox_kit.minimax-m2.7-229b_tmpNone_maxt-1_reasoningNone,KitToolbox,kit.minimax-m2.7-229b,,-1,,orkg_merged_ecsa_icsa.json_jsonpublicationloader_limit-1,['paper_class'],['research_level'],['first_research_object'],['second_research_object'],['validity'],['evidence'],False,False,R659055,https://sandbox.orkg.org,-1,orkg,merged_ecsa_icsa.json_jsonpublicationloader_limit-1,merged_ecsa_icsa.json,JsonPublicationLoader,-1,,4000,2,generation_kittoolbox_kit.minimax-m2.7-229b_tmpNone_maxt-1_reasoningNone,generation,kittoolbox_kit.minimax-m2.7-229b_tmpNone_maxt-1_reasoningNone,KitToolbox,kit.minimax-m2.7-229b,,-1,,,Which research objects are evaluated with the property Freedom from Risk?,The research objects that are evaluated with the Freedom from Risk property are Architecture Decision Making and Architecture Description.,"['10.1109/ICSA51549.2021.00010', '10.1109/ICSA51549.2021.00010', '10.1109/ICSA.2018.00016', '10.1109/ICSA.2018.00016']",,"['(R874246:Property, Name, L1532194:Freedom from Risk)', '(R874249:Research Object Entity, Name, L1532197:Architecture Decision Making)', '(R872679:Property, Name, L1528970:Freedom from Risk)', '(R872681:Research Object Entity, Name, L1528972:Architecture Description)']",clustering_strategy,R659055,Software Architecture and Design,6,Which research objects are used in conjunction with the [evaluation sub property name] sub-property?
83,c75b3cf0921537bf3249b9a498522306,05474243-a2d2-4c3f-8699-408c05dbeb0c,"

The only research object that is explicitly identified as being investigated in the papers that perform an evaluation is **First Research Object 2**. This object appears across all of the provided sources as the focus of the evaluation, with the studies employing a range of evaluation methods (e.g., questionnaire, technical experiment, case‑study, data‑science‑based evaluation). While the papers describe the evaluation of properties such as functional suitability and quality of method, none of the texts contain an explicit reference to “reliability” as the focus of the evaluation. Nonetheless, the common element across the sources is that **First Research Object 2** is the research object that undergoes evaluation.

**Sources:** [1], [2], [3], [4], [5], [6]

[1] Source: Determining Microservice Boundaries: A Case Study Using Static and Dynamic Software Analysis, 10.1007/978-3-030-58923-3_21
[2] Source: A Goal-Driven Approach for Deploying Self-Adaptive IoT Systems, 10.1109/ICSA47634.2020.00022
[3] Source: Recovering Architectural Design Decisions, 10.1109/ICSA.2018.00019
[4] Source: An Architecture Framework for Modelling and Simulation of Situational-Aware Cyber-Physical Systems, 10.1007/978-3-319-65831-5_7
[5] Source: Updating Service-Based Software Systems in Air-Gapped Environments, 10.1007/978-3-030-86044-8_10
[6] Source: An Empirical Study of Architectural Decay in Open-Source Software, 10.1109/ICSA.2018.00027
",[],0.0,0.0,0.0,0.0,0.0,0.0,0.0,0.0,0.0,0.0,0.0,0.0,0.0,0.0,0.0,0.0,0.0,0.0,0.0,0.0,0.0,0.0,0.0,0.0,0.0,0.0,0.01,0.19,0.11,0.62,0.06,0.03,0.2,0.14,0.09,0.48,0.456,0.63,0.529,0.0,196.95052814483643,0.0,47276,0,0.0,,0,0.0,,,0.0,0.0,,0.0,0.0,https://wandb.ai/kastel-sdq-meta-research/experiment_cross_encoder/r/call/01a05e33-ffa9-7b3d-b799-b82fb0e399e2,retrieval_config,False,KitToolbox,kit.qwen3-embedding-8b,10,10,True,cosine,True,False,10,-1,8,False,False,1,False,-1,-1,False,,['R659055'],['Paper'],False,True,False,kg_retrieval,hublink,kittoolbox_kit.minimax-m2.7-229b_tmpNone_maxt-1_reasoningNone,KitToolbox,kit.minimax-m2.7-229b,,-1,,kittoolbox_kit.minimax-m2.7-229b_tmpNone_maxt-1_reasoningNone,KitToolbox,kit.minimax-m2.7-229b,,-1,,orkg_merged_ecsa_icsa.json_jsonpublicationloader_limit-1,['paper_class'],['research_level'],['first_research_object'],['second_research_object'],['validity'],['evidence'],False,False,R659055,https://sandbox.orkg.org,-1,orkg,merged_ecsa_icsa.json_jsonpublicationloader_limit-1,merged_ecsa_icsa.json,JsonPublicationLoader,-1,,4000,2,generation_kittoolbox_kit.minimax-m2.7-229b_tmpNone_maxt-1_reasoningNone,generation,kittoolbox_kit.minimax-m2.7-229b_tmpNone_maxt-1_reasoningNone,KitToolbox,kit.minimax-m2.7-229b,,-1,,"['(R870431:Determining Microservice Boundaries: A Case Study Using Static and Dynamic Software Analysis, contribution, R2156283:First Research Object 2)', '(R2156283:First Research Object 2, evaluation, R2156323:Evaluation)', '(R2156323:Evaluation, Evaluation method, R2156325:Evaluation Method List)', '(R2156325:Evaluation Method List, Entity, R2156327:Evaluation Method Entity)', '(R2156327:Evaluation Method Entity, Name, L2809683:Questionnaire)', '(R868889:An Architecture Framework for Modelling and Simulation of Situational-Aware Cyber-Physical Systems, contribution, R868910:First Research Object 2)', '(R868910:First Research Object 2, Object, R868916:Research Object List)', '(R868917:Research Object Entity, Name, L1521119:Architecture Design Method)', '(R870102:An Empirical Study of Architectural Decay in Open-Source Software, authors, R870103:authors list)', '(R870103:authors list, has list element, L1523652:Arman Shahbazian)', '(R868364:A Goal-Driven Approach for Deploying Self-Adaptive IoT Systems, contribution, R868385:First Research Object 2)', '(R868385:First Research Object 2, evaluation, R868386:Evaluation)', '(R868910:First Research Object 2, evaluation, R868911:Evaluation)', '(R870431:Determining Microservice Boundaries: A Case Study Using Static and Dynamic Software Analysis, contribution, R870458:First Research Object 2)', '(R870458:First Research Object 2, evaluation, R870464:Evaluation)', '(R868548:First Research Object 2, evaluation, R868549:Evaluation)', '(R872069:Recovering Architectural Design Decisions, contribution, R872094:First Research Object 2)', '(R872094:First Research Object 2, evaluation, R872095:Evaluation)', '(R870102:An Empirical Study of Architectural Decay in Open-Source Software, contribution, R870122:Research Level 2)', '(R870122:Research Level 2, secondary research, L1523701:False)', '(R872097:Evaluation Method Entity, Name, L1527776:Technical Experiment)', '(R870464:Evaluation, Evaluation method, R870465:Evaluation Method List)', '(R870465:Evaluation Method List, Entity, R870466:Evaluation Method Entity)', '(R870466:Evaluation Method Entity, Name, L1524404:Questionnaire)', '(R872098:Property, Name, L1527779:Quality of Method)', '(R870458:First Research Object 2, evaluation, R870459:Evaluation)']",Which research objects are investigated in papers that evaluate reliability?,"The research objects investigated in papers that evaluate reliability are Reference Architecture, Architecture Analysis Method, Architecture Optimization Method, and Architectural Aspects.","['10.1109/ICSA.2019.00019', '10.1109/ICSA.2019.00019', '10.1109/ICSA.2018.00017', '10.1109/ICSA.2018.00017', '10.1109/ICSA.2017.43', '10.1109/ICSA.2017.43', '10.1109/ICSA.2019.00013', '10.1109/ICSA.2019.00013', '10.1007/978-3-030-58923-3_23', '10.1007/978-3-030-58923-3_23']",,"['(R871765:Property, Name, L1527091:Reliability)', '(R871774:Research Object Entity, Name, L1527099:Reference Architecture)', '(R871563:Property, Name, L1526673:Reliability)', '(R871571:Research Object Entity, Name, L1526680:Reference Architecture)', '(R871130:Property, Name, L1525789:Reliability)', '(R871132:Research Object Entity, Name, L1525791:Architecture Analysis Method)', '(R870044:Property, Name, L1523526:Reliability)', '(R870048:Research Object Entity, Name, L1523530:Architecture Optimization Method)', '(R873759:Property, Name, L1531163:Reliability)', '(R873764:Research Object Entity, Name, L1531168:Architectural Aspects)']",clustering_strategy,R659055,Software Architecture and Design,6,Which research objects are used in conjunction with the [evaluation sub property name] sub-property?
84,c75b3cf0921537bf3249b9a498522306,71cc65a5-073e-4fd1-a6cc-6c56cc33fb7a,"

The papers that assess **compatibility** employ a small, recurring set of evaluation‑oriented activities rather than a single, uniform method. Across the source texts the following patterns appear:

| Evaluation activity | What the texts say | Sources |
|---------------------|-------------------|---------|
| **Property‑level assessment** – the evaluation is framed as a check of specific properties (most notably *Compatibility* itself, but often together with *Product Quality* and *Quality of Method*). | “The evaluation examined a property called **Compatibility** (L1521052) and **Product Quality** (L1521053).” “The evaluation examined the property ‘Quality of Method.’” | [4], [7], [9] |
| **Architecture‑analysis method** – one paper explicitly names an *Architecture Analysis Method* as the vehicle for the evaluation. | “The research object entity named ‘Architecture Analysis Method’ is listed as part of the research object list, indicating that the paper’s evaluation is carried out using an architecture‑analysis method.” | [2] |
| **Guideline‑based evaluation (absent)** – several contributions note that the evaluation **does not follow an established guideline** (the “Has Guideline” flag is false). This makes the assessment a *non‑guideline‑based* review. | “The evaluation of this property is not performed according to an established guideline – i.e., it is a non‑guideline‑based evaluation.” “The evaluation indicated that the guideline was not present (Has Guideline = false).” | [4], [7], [9] |
| **Tool‑support reference** – the works mention *tool support* in their contributions, but in most cases the tools are noted as **not actually used** (or not provided) during the evaluation. | “Evidence 2 mentions that tool support is used, though the tool support was not actually used in the evaluation.” “Tool support is present (Evidence 2) but the specific tool support was not provided in the text.” | [2], [3], [6], [8] |
| **Quality‑of‑method assessment** – some papers extend the evaluation beyond a simple property check to consider the **quality of the method** that produced the result. | “The evaluation includes the property ‘Quality of Method,’ showing that the paper assesses the quality of the method used.” | [2], [9] |
| **No explicit procedural method** – in several cases the texts do not describe a concrete procedure (e.g., case study, experiment, survey, prototype testing); the only concrete detail is the property‑level evaluation. | “No explicit evaluation method (e.g., case study, experiment, survey, interview, prototype‑based testing, etc.) is mentioned in the passages.” | [1], [4], [5] |

### Synthesis

Taken together, the **evaluation methods** that surface in these compatibility‑focused papers are:

1. **Property‑driven evaluation** – the papers inspect the *Compatibility* property (often alongside *Product Quality* or *Quality of Method*) rather than applying a full empirical or experimental protocol.  
2. **Architecture‑analysis approach** – at least one study explicitly uses an *Architecture Analysis Method* to conduct the assessment.  
3. **Non‑guideline‑based assessment** – the majority of the evaluations deliberately avoid or lack adherence to an established guideline, marking them as informal or ad‑hoc reviews.  
4. **Reference to tool support without practical use** – while tools are mentioned, they are generally not operationalized in the reported evaluations.  
5. **Method‑quality scrutiny** – a few papers also judge the *quality of the method* that underlies the compatibility claim.  

Overall, the landscape of evaluation in these papers is **minimalist and property‑centric**, relying mainly on checking the compatibility attribute and related quality dimensions, without invoking formal guidelines, concrete experiments, or functional tool support. This pattern suggests that, in the contexts examined, compatibility is treated as a **quality property to be inspected** rather than a hypothesis to be rigorously tested through structured empirical means.

[1] Source: A Generic and Highly Scalable Framework for the Automation and Execution of Scientific Data Processing and Simulation Workflows, 10.1109/ICSA.2018.00024
[2] Source: Assessing Architecture Conformance to Coupling-Related Patterns and Practices in Microservices, 10.1007/978-3-030-58923-3_1
[3] Source: Model-Based Analysis of Microservice Resiliency Patterns, 10.1109/ICSA47634.2020.00019
[4] Source: Mitigating the Influence of Embedded Software Development Environments and Toolsets (ESDT) on Software Architecture, 10.1109/ICSA.2019.00020
[5] Source: An Exploratory Study of Naturalistic Decision Making in Complex Software Architecture Environments, 10.1007/978-3-030-29983-5_4
[6] Source: Synthesis and Quantitative Verification of Tradeoff Spaces for Families of Software Systems, 10.1007/978-3-319-65831-5_1
[7] Source: An Architecture for Decentralized, Collaborative, and Autonomous Robots, 10.1109/ICSA.2018.00017
[8] Source: Assessing Adaptability of Software Architectures for Cyber Physical Production Systems, 10.1007/978-3-030-29983-5_10
[9] Source: Continuous Architecture: Towards the Goldilocks Zone and Away from Vicious Circles, 10.1109/ICSA.2019.00022
",[],0.25,0.0,0.083,0.042,0.333,0.333,0.1,0.25,0.14,0.19,0.12,0.25,0.16,0.2,0.02,0.25,0.04,0.08,0.03,0.25,0.05,0.1,0.1,0.118,0.021,0.03,0.0,0.04,0.02,0.86,0.01,0.01,0.31,0.03,0.02,0.71,0.255,0.528,0.344,0.0,251.79805254936218,0.0,119901,0,0.0,,0,0.0,,,0.0,0.0,,0.0,0.0,https://wandb.ai/kastel-sdq-meta-research/experiment_cross_encoder/r/call/01a05e35-4905-7949-b192-24beeafde93f,retrieval_config,False,KitToolbox,kit.qwen3-embedding-8b,10,10,True,cosine,True,False,10,-1,8,False,False,1,False,-1,-1,False,,['R659055'],['Paper'],False,True,False,kg_retrieval,hublink,kittoolbox_kit.minimax-m2.7-229b_tmpNone_maxt-1_reasoningNone,KitToolbox,kit.minimax-m2.7-229b,,-1,,kittoolbox_kit.minimax-m2.7-229b_tmpNone_maxt-1_reasoningNone,KitToolbox,kit.minimax-m2.7-229b,,-1,,orkg_merged_ecsa_icsa.json_jsonpublicationloader_limit-1,['paper_class'],['research_level'],['first_research_object'],['second_research_object'],['validity'],['evidence'],False,False,R659055,https://sandbox.orkg.org,-1,orkg,merged_ecsa_icsa.json_jsonpublicationloader_limit-1,merged_ecsa_icsa.json,JsonPublicationLoader,-1,,4000,2,generation_kittoolbox_kit.minimax-m2.7-229b_tmpNone_maxt-1_reasoningNone,generation,kittoolbox_kit.minimax-m2.7-229b_tmpNone_maxt-1_reasoningNone,KitToolbox,kit.minimax-m2.7-229b,,-1,,"['(R871554:First Research Object 2, evaluation, R871565:Evaluation)', '(R871565:Evaluation, properties, R871568:Property)', '(R871569:Property, Name, L1526678:Compatibility)', '(R868878:First Research Object 2, evaluation, R868879:Evaluation)', '(R868879:Evaluation, properties, R868882:Property)', '(R868883:Property, Name, L1521052:Compatibility)', '(R869594:Research Object Entity, Name, L1522572:Architecture Analysis Method)', '(R869896:Evidence 2, Uses Tool Support, R869898:Tool Support)', '(R869898:Tool Support, used, L1523213:True)', '(R869595:Evidence 2, Uses Tool Support, R869597:Tool Support)', '(R869597:Tool Support, used, L1522578:False)', '(R874784:Evidence 2, Uses Tool Support, R874786:Tool Support)', '(R873804:Evidence 2, Uses Tool Support, R873806:Tool Support)', '(R873806:Tool Support, used, L1531261:True)', '(R871572:Evidence 2, Uses Tool Support, R871574:Tool Support)', '(R871574:Tool Support, used, L1526686:False)', '(R874473:Evidence 2, Uses Tool Support, R874475:Tool Support)', '(R874475:Tool Support, used, L1532677:True)', '(R874464:First Research Object 2, evaluation, R874465:Evaluation)', '(R874465:Evaluation, Has Guideline, L1532667:False)', '(R869587:First Research Object 2, evaluation, R869588:Evaluation)', '(R869588:Evaluation, Has Guideline, L1522569:True)', '(R873796:First Research Object 2, evaluation, R873797:Evaluation)', '(R873797:Evaluation, Has Guideline, L1531252:False)', '(R869888:Second Research Object 2, evaluation, R869889:Evaluation)', '(R869889:Evaluation, Has Guideline, L1523204:False)', '(R871565:Evaluation, Has Guideline, L1526677:False)', '(R871367:First Research Object 2, evaluation, R871373:Evaluation)', '(R871373:Evaluation, Has Guideline, L1526300:False)', '(R868879:Evaluation, Has Guideline, L1521051:False)', '(R874059:First Research Object 2, evaluation, R874060:Evaluation)', '(R874060:Evaluation, Has Guideline, L1531811:False)', '(R871568:Property, Name, L1526679:Product Quality)', '(R869889:Evaluation, properties, R869892:Property)', '(R869892:Property, Name, L1523206:Product Quality)', '(R871373:Evaluation, properties, R871376:Property)', '(R871376:Property, Name, L1526302:Product Quality)', '(R874465:Evaluation, properties, R874468:Property)', '(R874468:Property, Name, L1532670:Product Quality)', '(R869591:Property, Name, L1522571:Quality of Method)', '(R873797:Evaluation, properties, R873800:Property)', '(R873800:Property, Name, L1531254:Quality of Method)', '(R874060:Evaluation, properties, R874063:Property)', '(R874063:Property, Name, L1531813:Quality in Use)', '(R869899:Validity 2, Referenced Threats to Validity Guideline, L1523220:False)', '(R873807:Validity 2, Referenced Threats to Validity Guideline, L1531268:False)', '(R874475:Tool Support, None, L1532678:False)']",What are the evaluation methods applied in papers that evaluate compatibility?,The evaluation methods applied to evaluate the Compatibility are Field Experiment and Technical Experiment.,"['10.1109/ICSA.2018.00017', '10.1109/ICSA.2018.00017', '10.1109/ICSA.2019.00020', '10.1109/ICSA.2019.00020']",,"['(R871562:Property, Name, L1526672:Compatibility)', '(R871557:Evaluation Method Entity, Name, L1526667:Field Experiment)', '(R871569:Property, Name, L1526678:Compatibility)', '(R868881:Evaluation Method Entity, Name, L1521050:Technical Experiment)']",clustering_strategy,R659055,Software Architecture and Design,6,Which evaluation methods are used in conjunction with the evaluation sub-property [evaluation sub property name]?
85,c75b3cf0921537bf3249b9a498522306,2f9e9f18-07a3-49f0-bbe2-85ed8c71e686,"

The texts indicate that the **Freedom from Risk** property (which belongs to **First Research Object 2**) is evaluated using **multiple distinct methods**:

1. **Focus Group** – reported as an explicit evaluation method for this property【1】.  
2. **Interview** – also listed as an explicit evaluation method for this property【1】.  
3. **Technical Experiment** – appears in the overall evaluation‑method list for First Research Object 2 and is noted as being part of the methods used for this research object, though it is not explicitly tied to the Freedom from Risk property alone【2】.

Consequently, at **least three different evaluation methods** are employed when assessing Freedom from Risk: Focus Group, Interview, and Technical Experiment. Because the provided texts only specify these three, the exact total number of methods used for this particular property remains partially indeterminate; additional methods may exist in the broader evaluation‑method list but are not detailed in the excerpts provided.

",['Freedom from Risk'],1.0,0.75,0.56,0.393,0.5,0.5,0.5,1.0,0.67,0.83,0.62,1.0,0.76,0.89,0.5,1.0,0.67,0.83,0.62,1.0,0.76,0.89,0.5,0.615,0.5,0.615,0.02,0.13,0.07,0.85,0.07,0.04,0.5,0.11,0.06,0.69,0.357,0.635,0.457,0.0,422.5484402179718,0.0,51679,0,0.0,,0,0.0,,,0.0,0.0,,0.0,0.0,https://wandb.ai/kastel-sdq-meta-research/experiment_cross_encoder/r/call/01a05e35-5010-738b-9422-a099454d87ad,retrieval_config,False,KitToolbox,kit.qwen3-embedding-8b,10,10,True,cosine,True,False,10,-1,8,False,False,1,False,-1,-1,False,,['R659055'],['Paper'],False,True,False,kg_retrieval,hublink,kittoolbox_kit.minimax-m2.7-229b_tmpNone_maxt-1_reasoningNone,KitToolbox,kit.minimax-m2.7-229b,,-1,,kittoolbox_kit.minimax-m2.7-229b_tmpNone_maxt-1_reasoningNone,KitToolbox,kit.minimax-m2.7-229b,,-1,,orkg_merged_ecsa_icsa.json_jsonpublicationloader_limit-1,['paper_class'],['research_level'],['first_research_object'],['second_research_object'],['validity'],['evidence'],False,False,R659055,https://sandbox.orkg.org,-1,orkg,merged_ecsa_icsa.json_jsonpublicationloader_limit-1,merged_ecsa_icsa.json,JsonPublicationLoader,-1,,4000,2,generation_kittoolbox_kit.minimax-m2.7-229b_tmpNone_maxt-1_reasoningNone,generation,kittoolbox_kit.minimax-m2.7-229b_tmpNone_maxt-1_reasoningNone,KitToolbox,kit.minimax-m2.7-229b,,-1,,"['(R872670:First Research Object 2, evaluation, R872671:Evaluation)', '(R872679:Property, Name, L1528970:Freedom from Risk)', '(R874246:Property, Name, L1532194:Freedom from Risk)', '(R872671:Evaluation, Evaluation method, R872672:Evaluation Method List)', '(R872672:Evaluation Method List, Entity, R872673:Evaluation Method Entity)', '(R872673:Evaluation Method Entity, Name, L1528964:Technical Experiment)', '(R874243:Evaluation Method Entity, Name, L1532191:Focus Group)', '(R874237:Evaluation Method Entity, Name, L1532186:Interview)']",How many different evaluation methods are used to evaluate the property Freedom from Risk?,There are two evaluation methods used to evaluate the Freedom from Risk property.,"['10.1109/ICSA.2018.00016', '10.1109/ICSA.2018.00016', '10.1109/ICSA51549.2021.00010', '10.1109/ICSA51549.2021.00010']",,"['(R872679:Property, Name, L1528970:Freedom from Risk)', '(R872673:Evaluation Method Entity, Name, L1528964:Technical Experiment)', '(R874246:Property, Name, L1532194:Freedom from Risk)', '(R874243:Evaluation Method Entity, Name, L1532191:Focus Group)']",clustering_strategy,R659055,Software Architecture and Design,6,How many evaluation methods are used in conjunction with the sub-property with the name [Content Data: sub-property name]?
86,c75b3cf0921537bf3249b9a498522306,68afa030-1acd-4a13-a5e5-c9732def2f05,"

The sources consistently indicate that **only one distinct evaluation method** is employed when assessing reliability. Each partial answer cites a different specific method (e.g., Technical Experiment, Field Experiment, Argumentation), but they all agree on the number of different methods used – namely, **one** evaluation method [1][2][3][4][5].

[1] Source: A Comparison of MQTT Brokers for Distributed IoT Edge Computing, 10.1007/978-3-030-58923-3_23
[2] Source: An Architecture-Driven Adaptation Approach for Big Data Cyber Security Analytics, 10.1109/ICSA.2019.00013
[3] Source: An Architecture for Decentralized, Collaborative, and Autonomous Robots, 10.1109/ICSA.2018.00017
[4] Source: Recovering Architectural Design Decisions, 10.1109/ICSA.2018.00019
[5] Source: A Platform Architecture for Multi-Tenant Blockchain-Based Systems, 10.1109/ICSA.2019.00019
",[],0.2,0.25,0.042,0.042,0.167,0.167,0.2,0.2,0.2,0.2,0.24,0.2,0.22,0.21,0.26,0.6,0.36,0.48,0.38,0.6,0.46,0.54,0.2,0.235,0.261,0.375,0.01,0.16,0.1,0.45,0.03,0.02,0.1,0.1,0.06,0.27,0.422,0.663,0.516,0.0,249.6015863418579,0.0013486499999999998,17933,0,0.0,,0,0.0,,,0.0,0.0,,0.0,0.0,https://wandb.ai/kastel-sdq-meta-research/experiment_cross_encoder/r/call/01a05e35-71ff-7720-9bfb-c96376bb5737,retrieval_config,False,KitToolbox,kit.qwen3-embedding-8b,10,10,True,cosine,True,False,10,-1,8,False,False,1,False,-1,-1,False,,['R659055'],['Paper'],False,True,False,kg_retrieval,hublink,kittoolbox_kit.minimax-m2.7-229b_tmpNone_maxt-1_reasoningNone,KitToolbox,kit.minimax-m2.7-229b,,-1,,kittoolbox_kit.minimax-m2.7-229b_tmpNone_maxt-1_reasoningNone,KitToolbox,kit.minimax-m2.7-229b,,-1,,orkg_merged_ecsa_icsa.json_jsonpublicationloader_limit-1,['paper_class'],['research_level'],['first_research_object'],['second_research_object'],['validity'],['evidence'],False,False,R659055,https://sandbox.orkg.org,-1,orkg,merged_ecsa_icsa.json_jsonpublicationloader_limit-1,merged_ecsa_icsa.json,JsonPublicationLoader,-1,,4000,2,generation_kittoolbox_kit.minimax-m2.7-229b_tmpNone_maxt-1_reasoningNone,generation,kittoolbox_kit.minimax-m2.7-229b_tmpNone_maxt-1_reasoningNone,KitToolbox,kit.minimax-m2.7-229b,,-1,,"['(R2156164:First Research Object 2, evaluation, R2156177:Evaluation)', '(R2156177:Evaluation, properties, R2156187:Property)', '(R2156195:Property, Name, L2809563:Reliability)', '(R873753:First Research Object 2, evaluation, R873754:Evaluation)', '(R873754:Evaluation, properties, R873757:Property)', '(R873759:Property, Name, L1531163:Reliability)', '(R871758:Evaluation, properties, R871761:Property)', '(R871765:Property, Name, L1527091:Reliability)', '(R871554:First Research Object 2, evaluation, R871555:Evaluation)', '(R871555:Evaluation, properties, R871560:Property)', '(R871563:Property, Name, L1526673:Reliability)', '(R871758:Evaluation, Evaluation method, R871759:Evaluation Method List)', '(R871759:Evaluation Method List, Entity, R871760:Evaluation Method Entity)', '(R871760:Evaluation Method Entity, Name, L1527086:Argumentation)', '(R872095:Evaluation, Evaluation method, R872096:Evaluation Method List)', '(R872096:Evaluation Method List, Entity, R872097:Evaluation Method Entity)', '(R872097:Evaluation Method Entity, Name, L1527776:Technical Experiment)', '(R871555:Evaluation, Evaluation method, R871556:Evaluation Method List)', '(R871556:Evaluation Method List, Entity, R871557:Evaluation Method Entity)', '(R871557:Evaluation Method Entity, Name, L1526667:Field Experiment)', '(R873754:Evaluation, Evaluation method, R873755:Evaluation Method List)', '(R873755:Evaluation Method List, Entity, R873756:Evaluation Method Entity)', '(R873756:Evaluation Method Entity, Name, L1531160:Technical Experiment)']",How many different evaluation methods are applied to evaluate reliability?,There are five evaluation methods applied to evaluate the Reliability property.,"['10.1007/978-3-030-58923-3_23', '10.1007/978-3-030-58923-3_23', '10.1109/ICSA.2017.43', '10.1109/ICSA.2017.43', '10.1109/ICSA.2019.00013', '10.1109/ICSA.2019.00013', '10.1109/ICSA.2019.00019', '10.1109/ICSA.2019.00019', '10.1109/ICSA.2018.00017', '10.1109/ICSA.2018.00017']",,"['(R873759:Property, Name, L1531163:Reliability)', '(R873756:Evaluation Method Entity, Name, L1531160:Technical Experiment)', '(R871563:Property, Name, L1526673:Reliability)', '(R871128:Evaluation Method Entity, Name, L1525787:Case Study)', '(R870044:Property, Name, L1523526:Reliability)', '(R870041:Evaluation Method Entity, Name, L1523523:Technical Experiment)', '(R871765:Property, Name, L1527091:Reliability)', '(R871760:Evaluation Method Entity, Name, L1527086:Argumentation)', '(R871130:Property, Name, L1525789:Reliability)', '(R871557:Evaluation Method Entity, Name, L1526667:Field Experiment)']",clustering_strategy,R659055,Software Architecture and Design,6,How many evaluation methods are used in conjunction with the [evaluation sub property name] sub-property?
87,c75b3cf0921537bf3249b9a498522306,16d9877b-6db2-4ed0-9de6-4cd0aca7abf5,"

According to the sources that explicitly discuss the evaluation of the property **Freedom from Risk**, one research object is investigated: the object referred to as **First Research Object 2** [1][2].  

However, another source points out that the provided texts do not directly mention the evaluation of the property **Freedom from Risk**, which means that, from that source’s perspective, the number of research objects investigated in connection with that property cannot be definitively determined [3].

[1] Source: Data-Centric Communication and Containerization for Future Automotive Software Architectures, 10.1109/ICSA.2018.00016
[2] Source: System- and Software-level Architecting Harmonization Practices for Systems-of-Systems : An exploratory case study on a long-running large-scale scientific instrument, 10.1109/ICSA51549.2021.00010
[3] Source: Synchronous Reconfiguration of Distributed Embedded Applications During Operation, 10.1109/ICSA.2019.00021
",[],0.5,0.5,0.125,0.062,0.25,0.25,0.25,0.5,0.33,0.42,0.33,0.5,0.4,0.45,0.25,0.5,0.33,0.42,0.33,0.5,0.4,0.45,0.25,0.333,0.25,0.333,0.06,0.3,0.18,0.78,0.22,0.13,0.59,0.21,0.13,0.56,0.448,0.673,0.538,0.0,225.20681357383728,0.00056865,7940,0,0.0,,0,0.0,,,0.0,0.0,,0.0,0.0,https://wandb.ai/kastel-sdq-meta-research/experiment_cross_encoder/r/call/01a05e36-4420-72ba-b973-ab1731c73230,retrieval_config,False,KitToolbox,kit.qwen3-embedding-8b,10,10,True,cosine,True,False,10,-1,8,False,False,1,False,-1,-1,False,,['R659055'],['Paper'],False,True,False,kg_retrieval,hublink,kittoolbox_kit.minimax-m2.7-229b_tmpNone_maxt-1_reasoningNone,KitToolbox,kit.minimax-m2.7-229b,,-1,,kittoolbox_kit.minimax-m2.7-229b_tmpNone_maxt-1_reasoningNone,KitToolbox,kit.minimax-m2.7-229b,,-1,,orkg_merged_ecsa_icsa.json_jsonpublicationloader_limit-1,['paper_class'],['research_level'],['first_research_object'],['second_research_object'],['validity'],['evidence'],False,False,R659055,https://sandbox.orkg.org,-1,orkg,merged_ecsa_icsa.json_jsonpublicationloader_limit-1,merged_ecsa_icsa.json,JsonPublicationLoader,-1,,4000,2,generation_kittoolbox_kit.minimax-m2.7-229b_tmpNone_maxt-1_reasoningNone,generation,kittoolbox_kit.minimax-m2.7-229b_tmpNone_maxt-1_reasoningNone,KitToolbox,kit.minimax-m2.7-229b,,-1,,"['(R872636:Data-Centric Communication and Containerization for Future Automotive Software Architectures, contribution, R872670:First Research Object 2)', '(R872670:First Research Object 2, evaluation, R872671:Evaluation)', '(R872671:Evaluation, properties, R872678:Property)', '(R872679:Property, Name, L1528970:Freedom from Risk)', '(R874205:System- and Software-level Architecting Harmonization Practices for Systems-of-Systems : An exploratory case study on a long-running large-scale scientific instrument, contribution, R874234:First Research Object 2)', '(R874234:First Research Object 2, evaluation, R874241:Evaluation)', '(R874241:Evaluation, properties, R874244:Property)', '(R874246:Property, Name, L1532194:Freedom from Risk)']",How many research objects are investigated in papers where the property Freedom from Risk is evaluated?,The number of research objects investigated in papers where the property Freedom from Risk is evaluated is two.,"['10.1109/ICSA.2018.00016', '10.1109/ICSA.2018.00016', '10.1109/ICSA51549.2021.00010', '10.1109/ICSA51549.2021.00010']",,"['(R872679:Property, Name, L1528970:Freedom from Risk)', '(R872681:Research Object Entity, Name, L1528972:Architecture Description)', '(R874246:Property, Name, L1532194:Freedom from Risk)', '(R874249:Research Object Entity, Name, L1532197:Architecture Decision Making)']",clustering_strategy,R659055,Software Architecture and Design,6,How many research objects are used in conjunction with the [evaluation sub property name] sub-property?
88,c75b3cf0921537bf3249b9a498522306,38d59a50-f037-47e0-aead-506da738d2cd,"

The papers that explicitly evaluate the Compatibility property each assess **one** research object—identified as **First Research Object 2**—and no other distinct research objects are mentioned in the context of compatibility evaluation [1][2][4]. The source that does not provide information about a compatibility evaluation is therefore excluded from this count [3]. Hence, among the papers that evaluate compatibility, the number of research objects evaluated is **1**.

[1] Source: Mitigating the Influence of Embedded Software Development Environments and Toolsets (ESDT) on Software Architecture, 10.1109/ICSA.2019.00020
[2] Source: An Architecture for Decentralized, Collaborative, and Autonomous Robots, 10.1109/ICSA.2018.00017
[3] Source: Infrastructure-as-Code for Data-Intensive Architectures: A Model-Driven Development Approach, 10.1109/ICSA.2018.00025
[4] Source: Assessing Architecture Conformance to Coupling-Related Patterns and Practices in Microservices, 10.1007/978-3-030-58923-3_1
",[],0.25,0.25,0.062,0.031,0.25,0.25,0.1,0.25,0.14,0.19,0.13,0.25,0.17,0.21,0.1,0.25,0.14,0.19,0.13,0.25,0.17,0.21,0.1,0.133,0.1,0.133,0.12,0.29,0.17,0.92,0.25,0.15,0.83,0.29,0.17,0.92,0.469,0.705,0.564,1.0,204.41150498390198,0.0,16124,0,0.0,,0,0.0,,,0.0,0.0,,0.0,0.0,https://wandb.ai/kastel-sdq-meta-research/experiment_cross_encoder/r/call/01a05e37-57f7-7bc1-a3a0-29855f21d16b,retrieval_config,False,KitToolbox,kit.qwen3-embedding-8b,10,10,True,cosine,True,False,10,-1,8,False,False,1,False,-1,-1,False,,['R659055'],['Paper'],False,True,False,kg_retrieval,hublink,kittoolbox_kit.minimax-m2.7-229b_tmpNone_maxt-1_reasoningNone,KitToolbox,kit.minimax-m2.7-229b,,-1,,kittoolbox_kit.minimax-m2.7-229b_tmpNone_maxt-1_reasoningNone,KitToolbox,kit.minimax-m2.7-229b,,-1,,orkg_merged_ecsa_icsa.json_jsonpublicationloader_limit-1,['paper_class'],['research_level'],['first_research_object'],['second_research_object'],['validity'],['evidence'],False,False,R659055,https://sandbox.orkg.org,-1,orkg,merged_ecsa_icsa.json_jsonpublicationloader_limit-1,merged_ecsa_icsa.json,JsonPublicationLoader,-1,,4000,2,generation_kittoolbox_kit.minimax-m2.7-229b_tmpNone_maxt-1_reasoningNone,generation,kittoolbox_kit.minimax-m2.7-229b_tmpNone_maxt-1_reasoningNone,KitToolbox,kit.minimax-m2.7-229b,,-1,,"['(R871523:An Architecture for Decentralized, Collaborative, and Autonomous Robots, contribution, R871554:First Research Object 2)', '(R871554:First Research Object 2, evaluation, R871565:Evaluation)', '(R871565:Evaluation, properties, R871568:Property)', '(R871569:Property, Name, L1526678:Compatibility)', '(R868862:Mitigating the Influence of Embedded Software Development Environments and Toolsets (ESDT) on Software Architecture, contribution, R868878:First Research Object 2)', '(R868878:First Research Object 2, evaluation, R868879:Evaluation)', '(R868879:Evaluation, properties, R868882:Property)', '(R868883:Property, Name, L1521052:Compatibility)', '(R869566:Assessing Architecture Conformance to Coupling-Related Patterns and Practices in Microservices, contribution, R869587:First Research Object 2)', '(R869587:First Research Object 2, evaluation, R869588:Evaluation)']","Among those papers that evaluate compatibility, what is the number of research objects that are evaluated?","Among papers that evaluate compatibility, the number of research objects evaluated is two.","['10.1109/ICSA.2018.00017', '10.1109/ICSA.2018.00017', '10.1109/ICSA.2019.00020', '10.1109/ICSA.2019.00020']",,"['(R871562:Property, Name, L1526672:Compatibility)', '(R871571:Research Object Entity, Name, L1526680:Reference Architecture)', '(R871569:Property, Name, L1526678:Compatibility)', '(R868885:Research Object Entity, Name, L1521054:Architecture Design Method)']",clustering_strategy,R659055,Software Architecture and Design,6,How many research objects are used in conjunction with the [evaluation sub property name] sub-property?
89,c75b3cf0921537bf3249b9a498522306,0d8b410e-9d65-4281-acbc-bba767c1582b,"

The evaluation methods that have been applied in the papers assessing **Reliability** are:

- Technical Experiment  
- Questionnaire  
- Case Study  

Ranked in descending alphabetical order, the list is:

1. **Technical Experiment**  
2. **Questionnaire**  
3. **Case Study**  

**Sources**  
- Technical Experiment is reported as an evaluation method for a reliability‑focused study [1][3].  
- Questionnaire is also employed in a reliability evaluation [3].  
- Case Study appears as an evaluation method for reliability‑related work [2][4].

[1] Source: A Comparison of MQTT Brokers for Distributed IoT Edge Computing, 10.1007/978-3-030-58923-3_23
[2] Source: Quality Evaluation of PaaS Cloud Application Design Using Generated Prototypes, 10.1109/ICSA.2017.43
[3] Source: Continuous Analysis of Collaborative Design, 10.1109/ICSA.2017.45
[4] Source: A Quantitative Approach for the Assessment of Microservice Architecture Deployment Alternatives by Automated Performance Testing, 10.1007/978-3-030-00761-4_11
",[],0.1,0.05,0.014,0.014,0.143,0.143,0.1,0.1,0.1,0.1,0.13,0.1,0.11,0.11,0.08,0.2,0.12,0.16,0.13,0.2,0.16,0.18,0.1,0.133,0.083,0.129,0.09,0.44,0.31,0.76,0.26,0.18,0.46,0.34,0.24,0.59,0.428,0.674,0.524,1.0,243.92819142341614,0.0,61532,0,0.0,,0,0.0,,,0.0,0.0,,0.0,0.0,https://wandb.ai/kastel-sdq-meta-research/experiment_cross_encoder/r/call/01a05e39-a604-7df5-b34e-07ef3f205477,retrieval_config,False,KitToolbox,kit.qwen3-embedding-8b,10,10,True,cosine,True,False,10,-1,8,False,False,1,False,-1,-1,False,,['R659055'],['Paper'],False,True,False,kg_retrieval,hublink,kittoolbox_kit.minimax-m2.7-229b_tmpNone_maxt-1_reasoningNone,KitToolbox,kit.minimax-m2.7-229b,,-1,,kittoolbox_kit.minimax-m2.7-229b_tmpNone_maxt-1_reasoningNone,KitToolbox,kit.minimax-m2.7-229b,,-1,,orkg_merged_ecsa_icsa.json_jsonpublicationloader_limit-1,['paper_class'],['research_level'],['first_research_object'],['second_research_object'],['validity'],['evidence'],False,False,R659055,https://sandbox.orkg.org,-1,orkg,merged_ecsa_icsa.json_jsonpublicationloader_limit-1,merged_ecsa_icsa.json,JsonPublicationLoader,-1,,4000,2,generation_kittoolbox_kit.minimax-m2.7-229b_tmpNone_maxt-1_reasoningNone,generation,kittoolbox_kit.minimax-m2.7-229b_tmpNone_maxt-1_reasoningNone,KitToolbox,kit.minimax-m2.7-229b,,-1,,"['(R871104:Quality Evaluation of PaaS Cloud Application Design Using Generated Prototypes, contribution, R2156196:First Research Object 2)', '(R2156196:First Research Object 2, evaluation, R2156209:Evaluation)', '(R2156209:Evaluation, properties, R2156220:Property)', '(R2156224:Property, Name, L2809597:Reliability)', '(R873753:First Research Object 2, evaluation, R873754:Evaluation)', '(R873754:Evaluation, properties, R873757:Property)', '(R873759:Property, Name, L1531163:Reliability)', '(R872819:Continuous Analysis of Collaborative Design, contribution, R872850:First Research Object 2)', '(R872850:First Research Object 2, evaluation, R872851:Evaluation)', '(R872851:Evaluation, Evaluation method, R872852:Evaluation Method List)', '(R872852:Evaluation Method List, Entity, R872853:Evaluation Method Entity)', '(R872853:Evaluation Method Entity, Name, L1529335:Questionnaire)', '(R872350:A Quantitative Approach for the Assessment of Microservice Architecture Deployment Alternatives by Automated Performance Testing, contribution, R872371:First Research Object 2)', '(R872371:First Research Object 2, evaluation, R872372:Evaluation)', '(R872372:Evaluation, Evaluation method, R872373:Evaluation Method List)', '(R872373:Evaluation Method List, Entity, R872374:Evaluation Method Entity)', '(R872374:Evaluation Method Entity, Name, L1528385:Case Study)', '(R872862:Evaluation Method Entity, Name, L1529342:Technical Experiment)', '(R873754:Evaluation, Evaluation method, R873755:Evaluation Method List)', '(R873755:Evaluation Method List, Entity, R873756:Evaluation Method Entity)', '(R873756:Evaluation Method Entity, Name, L1531160:Technical Experiment)', '(R2156209:Evaluation, Evaluation method, R2156214:Evaluation Method List)', '(R2156214:Evaluation Method List, Entity, R2156215:Evaluation Method Entity)', '(R2156215:Evaluation Method Entity, Name, L2809582:Case Study)']","Among those papers that evaluate the property Reliability, what are the evaluation methods that have been applied? Rank the evaluation methods in descending alphabetical order.","Among those papers that evaluate the property Reliability, the evaluation methods that have been applied, ranked in descending alphabetical order, are: Technical Experiment, Field Experiment, Case Study, and Argumentation.","['10.1007/978-3-030-58923-3_23', '10.1007/978-3-030-58923-3_23', '10.1109/ICSA.2018.00017', '10.1109/ICSA.2018.00017', '10.1109/ICSA.2019.00013', '10.1109/ICSA.2019.00013', '10.1109/ICSA.2017.43', '10.1109/ICSA.2017.43', '10.1109/ICSA.2019.00019', '10.1109/ICSA.2019.00019']",,"['(R873759:Property, Name, L1531163:Reliability)', '(R873756:Evaluation Method Entity, Name, L1531160:Technical Experiment)', '(R871563:Property, Name, L1526673:Reliability)', '(R871557:Evaluation Method Entity, Name, L1526667:Field Experiment)', '(R870044:Property, Name, L1523526:Reliability)', '(R870041:Evaluation Method Entity, Name, L1523523:Technical Experiment)', '(R871130:Property, Name, L1525789:Reliability)', '(R871128:Evaluation Method Entity, Name, L1525787:Case Study)', '(R871765:Property, Name, L1527091:Reliability)', '(R871760:Evaluation Method Entity, Name, L1527086:Argumentation)']",clustering_strategy,R659055,Software Architecture and Design,6,What are the names of the evaluation methods that are used in conjunction with the evaluation sub-property [Content Data: sub-property name]? Rank the methods in descending alphabetical order.
90,c75b3cf0921537bf3249b9a498522306,1f34b6a1-1348-4347-99b0-038916c1e220,"

The only evaluation method explicitly reported for assessing “freedom from risk” is:

- **Grounded Theory** [5]  

Since this is the sole identified method, the ranking in descending alphabetical order is simply:

**Grounded Theory**.

[5] Source: On Service-Orientation for Automotive Software, 10.1109/ICSA.2017.20
",[],0.0,0.0,0.0,0.0,0.0,0.0,0.0,0.0,0.0,0.0,0.0,0.0,0.0,0.0,0.0,0.0,0.0,0.0,0.0,0.0,0.0,0.0,0.0,0.0,0.0,0.0,0.07,0.39,0.38,0.41,0.2,0.19,0.21,0.39,0.38,0.41,0.509,0.656,0.573,1.0,317.7374498844147,0.0,0,0,0.0,,0,0.0,,,0.0,0.0,,0.0,0.0,https://wandb.ai/kastel-sdq-meta-research/experiment_cross_encoder/r/call/01a05e39-e853-7856-8de1-a6e8387df625,retrieval_config,False,KitToolbox,kit.qwen3-embedding-8b,10,10,True,cosine,True,False,10,-1,8,False,False,1,False,-1,-1,False,,['R659055'],['Paper'],False,True,False,kg_retrieval,hublink,kittoolbox_kit.minimax-m2.7-229b_tmpNone_maxt-1_reasoningNone,KitToolbox,kit.minimax-m2.7-229b,,-1,,kittoolbox_kit.minimax-m2.7-229b_tmpNone_maxt-1_reasoningNone,KitToolbox,kit.minimax-m2.7-229b,,-1,,orkg_merged_ecsa_icsa.json_jsonpublicationloader_limit-1,['paper_class'],['research_level'],['first_research_object'],['second_research_object'],['validity'],['evidence'],False,False,R659055,https://sandbox.orkg.org,-1,orkg,merged_ecsa_icsa.json_jsonpublicationloader_limit-1,merged_ecsa_icsa.json,JsonPublicationLoader,-1,,4000,2,generation_kittoolbox_kit.minimax-m2.7-229b_tmpNone_maxt-1_reasoningNone,generation,kittoolbox_kit.minimax-m2.7-229b_tmpNone_maxt-1_reasoningNone,KitToolbox,kit.minimax-m2.7-229b,,-1,,"['(R869032:First Research Object 2, evaluation, R869033:Evaluation)', '(R869033:Evaluation, Evaluation method, R869034:Evaluation Method List)', '(R869034:Evaluation Method List, Entity, R869035:Evaluation Method Entity)', '(R869035:Evaluation Method Entity, Name, L1521380:Grounded Theory)', '(R869033:Evaluation, properties, R869036:Property)', '(R869036:Property, Name, L1521384:Quality in Use)']","Among those papers that evaluate freedom from risk in their investigation, what methods are used to realize the evaluation? Rank the methods in descending alphabetical order.","Among those papers that evaluate freedom from risk in their investigation, the methods used to realize the evaluation, ranked in descending alphabetical order, are: Focus Group and Technical Experiment.","['10.1109/ICSA.2018.00016', '10.1109/ICSA.2018.00016', '10.1109/ICSA51549.2021.00010', '10.1109/ICSA51549.2021.00010']",,"['(R872679:Property, Name, L1528970:Freedom from Risk)', '(R872673:Evaluation Method Entity, Name, L1528964:Technical Experiment)', '(R874246:Property, Name, L1532194:Freedom from Risk)', '(R874243:Evaluation Method Entity, Name, L1532191:Focus Group)']",clustering_strategy,R659055,Software Architecture and Design,6,Which evaluation methods are used in conjunction with the evaluation sub-property [evaluation sub property name] ranked in descending alphabetical order?
91,c75b3cf0921537bf3249b9a498522306,474a33a6-5165-47ac-8b9e-749c2f8b2fda,"

The papers that evaluate the **Reliability** property assess two research objects: **First Research Object 2** and **Architecture Analysis Method** [1][3][4][5].  

Ordered in descending alphabetical order, the list is:  

1. First Research Object 2  
2. Architecture Analysis Method

[1] Source: An Architecture-Driven Adaptation Approach for Big Data Cyber Security Analytics, 10.1109/ICSA.2019.00013
[3] Source: A Platform Architecture for Multi-Tenant Blockchain-Based Systems, 10.1109/ICSA.2019.00019
[4] Source: An Architecture for Decentralized, Collaborative, and Autonomous Robots, 10.1109/ICSA.2018.00017
[5] Source: Quality Evaluation of PaaS Cloud Application Design Using Generated Prototypes, 10.1109/ICSA.2017.43
",[],0.1,0.1,0.011,0.011,0.111,0.111,0.1,0.1,0.1,0.1,0.12,0.1,0.11,0.1,0.13,0.2,0.16,0.18,0.17,0.2,0.19,0.19,0.1,0.118,0.133,0.174,0.13,0.54,0.47,0.61,0.29,0.26,0.33,0.39,0.35,0.45,0.503,0.676,0.577,1.0,323.20615816116333,0.0027496499999999998,12310,0,0.0,,0,0.0,,,0.0,0.0,,0.0,0.0,https://wandb.ai/kastel-sdq-meta-research/experiment_cross_encoder/r/call/01a05e3a-0f5a-7a6b-aa87-e93a69fadfdd,retrieval_config,False,KitToolbox,kit.qwen3-embedding-8b,10,10,True,cosine,True,False,10,-1,8,False,False,1,False,-1,-1,False,,['R659055'],['Paper'],False,True,False,kg_retrieval,hublink,kittoolbox_kit.minimax-m2.7-229b_tmpNone_maxt-1_reasoningNone,KitToolbox,kit.minimax-m2.7-229b,,-1,,kittoolbox_kit.minimax-m2.7-229b_tmpNone_maxt-1_reasoningNone,KitToolbox,kit.minimax-m2.7-229b,,-1,,orkg_merged_ecsa_icsa.json_jsonpublicationloader_limit-1,['paper_class'],['research_level'],['first_research_object'],['second_research_object'],['validity'],['evidence'],False,False,R659055,https://sandbox.orkg.org,-1,orkg,merged_ecsa_icsa.json_jsonpublicationloader_limit-1,merged_ecsa_icsa.json,JsonPublicationLoader,-1,,4000,2,generation_kittoolbox_kit.minimax-m2.7-229b_tmpNone_maxt-1_reasoningNone,generation,kittoolbox_kit.minimax-m2.7-229b_tmpNone_maxt-1_reasoningNone,KitToolbox,kit.minimax-m2.7-229b,,-1,,"['(R2156164:First Research Object 2, evaluation, R2156177:Evaluation)', '(R2156177:Evaluation, properties, R2156187:Property)', '(R2156195:Property, Name, L2809563:Reliability)', '(R2156196:First Research Object 2, evaluation, R2156209:Evaluation)', '(R2156209:Evaluation, properties, R2156220:Property)', '(R2156224:Property, Name, L2809597:Reliability)', '(R871757:First Research Object 2, evaluation, R871758:Evaluation)', '(R871758:Evaluation, properties, R871761:Property)', '(R871765:Property, Name, L1527091:Reliability)', '(R871554:First Research Object 2, evaluation, R871555:Evaluation)', '(R871555:Evaluation, properties, R871560:Property)', '(R871563:Property, Name, L1526673:Reliability)', '(R2156196:First Research Object 2, Object, R2156202:Research Object List)', '(R2156202:Research Object List, Entity, R2156205:Research Object Entity)', '(R2156205:Research Object Entity, Name, L2809576:Architecture Analysis Method)']","Among those papers that evaluate the property Reliability, what are the research objects that are evaluated? Rank the research objects in descending alphabetical order.","Among those papers that evaluate the property Reliability, the research objects that are evaluated, ranked in descending alphabetical order, are: Reference Architecture, Architecture Optimization Method, Architecture Analysis Method, and Architectural Aspects.","['10.1109/ICSA.2019.00013', '10.1109/ICSA.2019.00013', '10.1007/978-3-030-58923-3_23', '10.1007/978-3-030-58923-3_23', '10.1109/ICSA.2019.00019', '10.1109/ICSA.2019.00019', '10.1109/ICSA.2018.00017', '10.1109/ICSA.2018.00017', '10.1109/ICSA.2017.43', '10.1109/ICSA.2017.43']",,"['(R870044:Property, Name, L1523526:Reliability)', '(R870048:Research Object Entity, Name, L1523530:Architecture Optimization Method)', '(R873759:Property, Name, L1531163:Reliability)', '(R873764:Research Object Entity, Name, L1531168:Architectural Aspects)', '(R871765:Property, Name, L1527091:Reliability)', '(R871774:Research Object Entity, Name, L1527099:Reference Architecture)', '(R871563:Property, Name, L1526673:Reliability)', '(R871571:Research Object Entity, Name, L1526680:Reference Architecture)', '(R871130:Property, Name, L1525789:Reliability)', '(R871132:Research Object Entity, Name, L1525791:Architecture Analysis Method)']",clustering_strategy,R659055,Software Architecture and Design,6,Which research objects are used in conjunction with the [evaluation sub property name] sub-property ranked in descending alphabetical order?
92,c75b3cf0921537bf3249b9a498522306,c5a9135c-9007-4bf2-927e-85127fca519a,"

The compatibility evaluations reported in the source material are applied to two distinct research objects:

| Research object (as named in the sources) | Alternate name(s) given in the sources |
|------------------------------------------|------------------------------------------|
| **First Research Object 2** | Architecture Analysis Method【3】 – also referred to as Architecture Description Language【6】 |
| **Second Research Object 2** | – |

When the objects are ordered by their full names in descending alphabetical order, the ranking is:

1. **Second Research Object 2**  
2. **First Research Object 2**

Thus, the evaluation of compatibility was performed on **Second Research Object 2** and **First Research Object 2** (the latter also identified as the Architecture Analysis Method / Architecture Description Language).  

**Sources:** 【1】【2】【3】【4】【5】【6】【7】

",[],0.25,0.125,0.083,0.042,0.333,0.333,0.1,0.25,0.14,0.19,0.12,0.25,0.16,0.2,0.06,0.25,0.1,0.15,0.07,0.25,0.11,0.17,0.1,0.118,0.059,0.071,0.03,0.25,0.15,0.77,0.08,0.05,0.24,0.18,0.11,0.55,0.355,0.627,0.454,1.0,271.6632537841797,0.0009100499999999999,10669,0,0.0,,0,0.0,,,0.0,0.0,,0.0,0.0,https://wandb.ai/kastel-sdq-meta-research/experiment_cross_encoder/r/call/01a05e3a-bd27-735d-b348-dc8ea677e703,retrieval_config,False,KitToolbox,kit.qwen3-embedding-8b,10,10,True,cosine,True,False,10,-1,8,False,False,1,False,-1,-1,False,,['R659055'],['Paper'],False,True,False,kg_retrieval,hublink,kittoolbox_kit.minimax-m2.7-229b_tmpNone_maxt-1_reasoningNone,KitToolbox,kit.minimax-m2.7-229b,,-1,,kittoolbox_kit.minimax-m2.7-229b_tmpNone_maxt-1_reasoningNone,KitToolbox,kit.minimax-m2.7-229b,,-1,,orkg_merged_ecsa_icsa.json_jsonpublicationloader_limit-1,['paper_class'],['research_level'],['first_research_object'],['second_research_object'],['validity'],['evidence'],False,False,R659055,https://sandbox.orkg.org,-1,orkg,merged_ecsa_icsa.json_jsonpublicationloader_limit-1,merged_ecsa_icsa.json,JsonPublicationLoader,-1,,4000,2,generation_kittoolbox_kit.minimax-m2.7-229b_tmpNone_maxt-1_reasoningNone,generation,kittoolbox_kit.minimax-m2.7-229b_tmpNone_maxt-1_reasoningNone,KitToolbox,kit.minimax-m2.7-229b,,-1,,"['(R871554:First Research Object 2, evaluation, R871565:Evaluation)', '(R871565:Evaluation, properties, R871568:Property)', '(R871569:Property, Name, L1526678:Compatibility)', '(R868878:First Research Object 2, evaluation, R868879:Evaluation)', '(R868879:Evaluation, properties, R868882:Property)', '(R868883:Property, Name, L1521052:Compatibility)', '(R869948:Empowering SysML-Based Software Architecture Description with Formal Verification: From SysADL to CSP, contribution, R869969:First Research Object 2)', '(R869969:First Research Object 2, Object, R869975:Research Object List)', '(R869976:Research Object Entity, Name, L1523394:Architecture Description Language)', '(R868212:Accurate Analysis of Quality Properties of Software with Observation-Based Markov Chain Refinement, contribution, R868233:First Research Object 2)', '(R868240:Research Object Entity, Name, L1519649:Architecture Analysis Method)', '(R869969:First Research Object 2, evaluation, R869970:Evaluation)', '(R2156260:First Research Object 2, evaluation, R2156273:Evaluation)', '(R869888:Second Research Object 2, evaluation, R869889:Evaluation)', '(R868233:First Research Object 2, evaluation, R868234:Evaluation)', '(R2156278:First Research Object 2, evaluation, R2156284:Evaluation)', '(R871554:First Research Object 2, evaluation, R871555:Evaluation)']","Among those publications that evaluate compatibility in their investigation, what are the research objects the evaluation is applied on? Rank the objects in descending alphabetical order.","The research objects investigated in conjunction with the compatibility property, ranked in descending alphabetical order, are Reference Architecture and Architecture Design Method.","['10.1109/ICSA.2018.00017', '10.1109/ICSA.2018.00017', '10.1109/ICSA.2019.00020', '10.1109/ICSA.2019.00020']",,"['(R871562:Property, Name, L1526672:Compatibility)', '(R871571:Research Object Entity, Name, L1526680:Reference Architecture)', '(R871569:Property, Name, L1526678:Compatibility)', '(R868885:Research Object Entity, Name, L1521054:Architecture Design Method)']",clustering_strategy,R659055,Software Architecture and Design,6,Which research objects are used in conjunction with the [evaluation sub property name] sub-property ranked in descending alphabetical order?
93,c75b3cf0921537bf3249b9a498522306,b54fb478-0c65-46ed-8c32-a495b1e5b6cc,"

The excerpts show that, in the paper **“Migrating Towards Microservice Architectures: An Industrial Survey”**—which investigates the research object **Architecture Evolution**—the property **Satisfaction** is explicitly evaluated as part of the study’s assessment of First Research Object 2【1】【2】.  

In contrast, the property **Context Coverage** does not appear in any of the provided passages, meaning it is not reported as being evaluated in the papers that focus on Architecture Evolution【1】【2】.  

Because Satisfaction is documented at least once while Context Coverage is not mentioned at all, the available information does not allow a determination of how frequently Satisfaction is evaluated relative to Context Coverage. The only concrete observation is that Satisfaction is evaluated in the identified paper, whereas Context Coverage is absent from the reported evaluations.

",[],0.143,0.214,0.024,0.017,0.167,0.167,0.1,0.14,0.12,0.13,0.14,0.14,0.14,0.14,0.17,0.29,0.21,0.25,0.24,0.29,0.26,0.27,0.1,0.143,0.167,0.235,0.06,0.39,0.26,0.85,0.22,0.14,0.47,0.3,0.19,0.64,0.512,0.659,0.577,0.0,163.50162816047668,0.0,51189,0,0.0,,0,0.0,,,0.0,0.0,,0.0,0.0,https://wandb.ai/kastel-sdq-meta-research/experiment_cross_encoder/r/call/01a05e3c-42af-76f1-baff-d30604baaee5,retrieval_config,False,KitToolbox,kit.qwen3-embedding-8b,10,10,True,cosine,True,False,10,-1,8,False,False,1,False,-1,-1,False,,['R659055'],['Paper'],False,True,False,kg_retrieval,hublink,kittoolbox_kit.minimax-m2.7-229b_tmpNone_maxt-1_reasoningNone,KitToolbox,kit.minimax-m2.7-229b,,-1,,kittoolbox_kit.minimax-m2.7-229b_tmpNone_maxt-1_reasoningNone,KitToolbox,kit.minimax-m2.7-229b,,-1,,orkg_merged_ecsa_icsa.json_jsonpublicationloader_limit-1,['paper_class'],['research_level'],['first_research_object'],['second_research_object'],['validity'],['evidence'],False,False,R659055,https://sandbox.orkg.org,-1,orkg,merged_ecsa_icsa.json_jsonpublicationloader_limit-1,merged_ecsa_icsa.json,JsonPublicationLoader,-1,,4000,2,generation_kittoolbox_kit.minimax-m2.7-229b_tmpNone_maxt-1_reasoningNone,generation,kittoolbox_kit.minimax-m2.7-229b_tmpNone_maxt-1_reasoningNone,KitToolbox,kit.minimax-m2.7-229b,,-1,,"['(R870989:Migrating Towards Microservice Architectures: An Industrial Survey, contribution, R2156173:First Research Object 2)', '(R2156173:First Research Object 2, Object, R2156179:Research Object List)', '(R2156179:Research Object List, Entity, R2156184:Research Object Entity)', '(R2156184:Research Object Entity, Name, L2809562:Architecture Evolution)', '(R873627:First Research Object 2, Object, R873636:Research Object List)', '(R873637:Research Object Entity, Name, L1530905:Architecture Evolution)', '(R2156173:First Research Object 2, evaluation, R2156188:Evaluation)', '(R2156188:Evaluation, properties, R2156204:Property)', '(R2156212:Property, Name, L2809591:Satisfaction)', '(R873627:First Research Object 2, evaluation, R873628:Evaluation)', '(R873628:Evaluation, properties, R873631:Property)', '(R873633:Property, Name, L1530901:Satisfaction)']",How frequently is the property Satisfaction evaluated compared to the property Context Coverage in papers that investigate the research object Architecture Evolution?,"The frequency with which the property Satisfaction is evaluated compared to the property Context Coverage in papers that investigate the research object Architecture Evolution is as follows: Satisfaction is evaluated three times, whereas Context Coverage is evaluated only once.","['10.1109/ICSA51549.2021.00014', '10.1109/ICSA51549.2021.00014', '10.1109/ICSA51549.2021.00014', '10.1109/ICSA.2018.00012', '10.1109/ICSA.2018.00012', '10.1109/ICSA.2019.00024', '10.1109/ICSA.2019.00024']",,"['(R874382:Research Object Entity, Name, L1532476:Architecture Evolution)', '(R874372:Property, Name, L1532467:Satisfaction)', '(R874380:Property, Name, L1532474:Context coverage)', '(R871023:Research Object Entity, Name, L1525570:Architecture Evolution)', '(R871021:Property, Name, L1525568:Satisfaction)', '(R873637:Research Object Entity, Name, L1530905:Architecture Evolution)', '(R873633:Property, Name, L1530901:Satisfaction)']",clustering_strategy,R659055,Software Architecture and Design,6,How frequently is the sub-property with the name [Content Data: sub-property name] used compared to the sub-property with the name [Content Data: sub-property name] in research that investigates the research object with the name [Content Data: research object name]?
94,c75b3cf0921537bf3249b9a498522306,709abd57-3572-4990-92f9-0d4e7557a999,"

Across the publications that investigate architecture patterns, **satisfaction** is mentioned as an evaluated property in several of the works [1][2][3][4][9][10]. In contrast, **context coverage** is explicitly identified as an evaluated property in only a few of the described studies [5][6][8].

When both properties appear in the same study, the frequency of evaluation differs:

* In one study, satisfaction is evaluated twice while context coverage is evaluated only once [5].  
* In another study, satisfaction appears three times in the evaluation, whereas context coverage appears once [8].  
* In a third study, both satisfaction and context coverage are each mentioned twice, indicating equal frequency [6].

Thus, within the set of publications that examine architecture patterns, **satisfaction is generally evaluated more often than context coverage**, though the exact ratio varies from one publication to another. Some studies do not mention context coverage at all, leaving the relative frequency to be determined only where both properties are present.

[1] Source: Migrating Towards Microservice Architectures: An Industrial Survey, 10.1109/ICSA.2018.00012
[2] Source: System- and Software-level Architecting Harmonization Practices for Systems-of-Systems : An exploratory case study on a long-running large-scale scientific instrument, 10.1109/ICSA51549.2021.00010
[3] Source: REST vs GraphQL: A Controlled Experiment, 10.1109/ICSA47634.2020.00016
[4] Source: A Platform for the Automated Provisioning of Architecture Information for Large-Scale Service-Oriented Software Systems, 10.1007/978-3-030-00761-4_14
[5] Source: A Decision Model for Choosing Patterns in Blockchain-Based Applications, 10.1109/ICSA51549.2021.00013
[6] Source: On Service-Orientation for Automotive Software, 10.1109/ICSA.2017.20
[8] Source: State of the Practice in Application Programming Interfaces (APIs): A Case Study, 10.1007/978-3-030-86044-8_14
[9] Source: Identifying and Prioritizing Architectural Debt Through Architectural Smells: A Case Study in a Large Software Company, 10.1007/978-3-030-00761-4_21
[10] Source: Preventing Erosion in Exception Handling Design Using Static-Architecture Conformance Checking, 10.1007/978-3-319-65831-5_5
",[],0.0,0.286,0.0,0.0,0.0,0.0,0.0,0.0,0.0,0.0,0.0,0.0,0.0,0.0,0.14,0.43,0.21,0.3,0.15,0.43,0.22,0.31,0.0,0.0,0.136,0.15,0.03,0.22,0.13,0.95,0.1,0.06,0.45,0.19,0.11,0.81,0.389,0.62,0.478,1.0,300.33750319480896,0.0,81828,0,0.0,,0,0.0,,,0.0,0.0,,0.0,0.0,https://wandb.ai/kastel-sdq-meta-research/experiment_cross_encoder/r/call/01a05e3d-940f-7d34-9b79-f7d2e2273464,retrieval_config,False,KitToolbox,kit.qwen3-embedding-8b,10,10,True,cosine,True,False,10,-1,8,False,False,1,False,-1,-1,False,,['R659055'],['Paper'],False,True,False,kg_retrieval,hublink,kittoolbox_kit.minimax-m2.7-229b_tmpNone_maxt-1_reasoningNone,KitToolbox,kit.minimax-m2.7-229b,,-1,,kittoolbox_kit.minimax-m2.7-229b_tmpNone_maxt-1_reasoningNone,KitToolbox,kit.minimax-m2.7-229b,,-1,,orkg_merged_ecsa_icsa.json_jsonpublicationloader_limit-1,['paper_class'],['research_level'],['first_research_object'],['second_research_object'],['validity'],['evidence'],False,False,R659055,https://sandbox.orkg.org,-1,orkg,merged_ecsa_icsa.json_jsonpublicationloader_limit-1,merged_ecsa_icsa.json,JsonPublicationLoader,-1,,4000,2,generation_kittoolbox_kit.minimax-m2.7-229b_tmpNone_maxt-1_reasoningNone,generation,kittoolbox_kit.minimax-m2.7-229b_tmpNone_maxt-1_reasoningNone,KitToolbox,kit.minimax-m2.7-229b,,-1,,"['(R873518:Property, Name, L1530669:Satisfaction)', '(R2156173:First Research Object 2, evaluation, R2156188:Evaluation)', '(R2156188:Evaluation, properties, R2156204:Property)', '(R2156212:Property, Name, L2809591:Satisfaction)', '(R874245:Property, Name, L1532193:Satisfaction)', '(R870583:First Research Object 2, evaluation, R870584:Evaluation)', '(R870584:Evaluation, properties, R870587:Property)', '(R870588:Property, Name, L1524670:Satisfaction)', '(R869339:Property, Name, L1522031:Satisfaction)', '(R869678:Property, Name, L1522759:Satisfaction)', '(R870884:REST vs GraphQL: A Controlled Experiment, contribution, R870908:First Research Object 2)', '(R870908:First Research Object 2, evaluation, R870909:Evaluation)', '(R870909:Evaluation, properties, R870912:Property)', '(R870914:Property, Name, L1525356:Satisfaction)', '(R869037:Property, Name, L1521382:Satisfaction)', '(R2156277:Property, Name, L2809651:Satisfaction)', '(R869038:Property, Name, L1521383:Context coverage)', '(R870417:Property, Name, L1524299:Satisfaction)', '(R871013:First Research Object 2, evaluation, R871014:Evaluation)', '(R873516:Property, Name, L1530667:Satisfaction)', '(R873517:Property, Name, L1530668:Context coverage)', '(R869340:Property, Name, L1522032:Context coverage)']","Among publications that investigate architecture patterns, how often is the satisfaction evaluated in comparison to context coverage?","Among publications that investigate architecture patterns, the property Satisfaction is evaluated three times while the Context Coverage is only evaluated once.","['10.1109/ICSA.2019.00014', '10.1109/ICSA.2019.00014', '10.1109/ICSA.2017.20', '10.1109/ICSA.2017.20', '10.1109/ICSA.2017.20', '10.1007/978-3-030-00761-4_21', '10.1007/978-3-030-00761-4_21']",,"['(R870420:Research Object Entity, Name, L1524302:Architecture Pattern)', '(R870214:Property, Name, L1523904:Satisfaction)', '(R869040:Research Object Entity, Name, L1521385:Architecture Pattern)', '(R869038:Property, Name, L1521383:Context coverage)', '(R869037:Property, Name, L1521382:Satisfaction)', '(R870216:Research Object Entity, Name, L1523906:Architecture Pattern)', '(R870417:Property, Name, L1524299:Satisfaction)']",clustering_strategy,R659055,Software Architecture and Design,6,How often is the sub-property [Content Data: sub-property name] used in comparison to the sub-property [sub-property] with the research object [Content Data: research object name]?
95,c75b3cf0921537bf3249b9a498522306,1a96b5ca-c89f-40e0-ab79-66750d6e4f24,"

The texts provide a fragmented picture of how **Maintainability** and **Usability** are treated in the evaluation of **First Research Object 2**, but they do not give a clear, unified account of the **“Case Study”** evaluation method or of how often each property is assessed.

- **Usability** is explicitly mentioned in several passages (e.g., [1], [2], [4], [7]). In some of these, it is tied to a **Case‑Study** evaluation (e.g., [2] states that Usability was evaluated with the Case‑Study method).  
- **Maintainability** is reported as being evaluated in the context of **First Research Object 2** in other passages (e.g., [3], [5], [6], [7]). One source explicitly links Maintainability to a **Case‑Study** approach (see [3]).  
- The only source that quantifies the mentions of the two properties is **[7]**, which notes that **Usability** appears twice in the supplied texts (in the “Usability” statements of sources 3 and 4) and that **Maintainability** also appears twice (in the “Maintainability” statements of sources 5 and 6). This suggests that, when the information is taken at face value, the two properties are mentioned with the **same frequency**.  
- However, **no source explicitly states that the “Case Study” method is used for both properties together**, and several passages (e.g., [4], [5], [6]) either omit one of the properties or do not reference the Case‑Study method at all. Consequently, the relative frequency of evaluating **Maintainability** versus **Usability** **specifically by applying the “Case Study” method cannot be determined** from the given evidence.

**In summary:**  
- Both **Maintainability** and **Usability** are evaluated for **First Research Object 2**, and each appears twice in the supplied texts, indicating an equal overall occurrence [7].  
- Some texts associate **Usability** with a **Case‑Study** evaluation [2] and others associate **Maintainability** with a **Case‑Study** evaluation [3], but no single passage confirms that both properties are evaluated together using the **Case‑Study** method.  
- Therefore, while the two properties are evaluated with the same overall frequency, the specific frequency of their evaluation **by applying the “Case Study” method** remains indeterminate based on the provided sources.

[1] Source: Continuous Integration Impediments in Large-Scale Industry Projects, 10.1109/ICSA.2017.11
[2] Source: Constructing a Shared Infrastructure for Software Architecture Analysis and Maintenance, 10.1109/ICSA51549.2021.00022
[3] Source: Abstraction Layered Architecture: Writing Maintainable Embedded Code, 10.1007/978-3-030-00761-4_9
[4] Source: A Generic and Highly Scalable Framework for the Automation and Execution of Scientific Data Processing and Simulation Workflows, 10.1109/ICSA.2018.00024
[5] Source: A Comparison of MQTT Brokers for Distributed IoT Edge Computing, 10.1007/978-3-030-58923-3_23
[6] Source: An Architecture for Decentralized, Collaborative, and Autonomous Robots, 10.1109/ICSA.2018.00017
[7] Source: Reducing Development Overheads with a Generic and Model-Centric Architecture for Online Games, 10.1109/ICSA.2018.00011
",[],0.333,0.333,0.075,0.077,0.25,0.25,0.2,0.33,0.25,0.29,0.25,0.33,0.29,0.31,0.25,0.67,0.36,0.5,0.35,0.67,0.46,0.56,0.2,0.25,0.25,0.348,0.01,0.17,0.09,0.94,0.05,0.03,0.31,0.11,0.06,0.64,0.374,0.562,0.449,0.0,274.84966826438904,0.0,51867,0,0.0,,0,0.0,,,0.0,0.0,,0.0,0.0,https://wandb.ai/kastel-sdq-meta-research/experiment_cross_encoder/r/call/01a05e3f-2fdb-722c-9ef5-6de3b38f5a94,retrieval_config,False,KitToolbox,kit.qwen3-embedding-8b,10,10,True,cosine,True,False,10,-1,8,False,False,1,False,-1,-1,False,,['R659055'],['Paper'],False,True,False,kg_retrieval,hublink,kittoolbox_kit.minimax-m2.7-229b_tmpNone_maxt-1_reasoningNone,KitToolbox,kit.minimax-m2.7-229b,,-1,,kittoolbox_kit.minimax-m2.7-229b_tmpNone_maxt-1_reasoningNone,KitToolbox,kit.minimax-m2.7-229b,,-1,,orkg_merged_ecsa_icsa.json_jsonpublicationloader_limit-1,['paper_class'],['research_level'],['first_research_object'],['second_research_object'],['validity'],['evidence'],False,False,R659055,https://sandbox.orkg.org,-1,orkg,merged_ecsa_icsa.json_jsonpublicationloader_limit-1,merged_ecsa_icsa.json,JsonPublicationLoader,-1,,4000,2,generation_kittoolbox_kit.minimax-m2.7-229b_tmpNone_maxt-1_reasoningNone,generation,kittoolbox_kit.minimax-m2.7-229b_tmpNone_maxt-1_reasoningNone,KitToolbox,kit.minimax-m2.7-229b,,-1,,"['(R874099:First Research Object 2, evaluation, R874100:Evaluation)', '(R874100:Evaluation, properties, R874103:Property)', '(R871701:First Research Object 2, evaluation, R871702:Evaluation)', '(R871708:Property, Name, L1526978:Usability)', '(R874023:Property, Name, L1531719:Usability)', '(R868595:Property, Name, L1520431:Usability)', '(R874024:Property, Name, L1531720:Maintainability)', '(R874100:Evaluation, Evaluation method, R874101:Evaluation Method List)', '(R874101:Evaluation Method List, Entity, R874102:Evaluation Method Entity)', '(R874102:Evaluation Method Entity, Name, L1531893:Case Study)', '(R874103:Property, Sub-Property, R874105:Property)', '(R874105:Property, Name, L1531896:Maintainability)', '(R871564:Property, Name, L1526674:Maintainability)', '(R871702:Evaluation, Evaluation method, R871703:Evaluation Method List)', '(R871703:Evaluation Method List, Entity, R871704:Evaluation Method Entity)', '(R871704:Evaluation Method Entity, Name, L1526974:Case Study)']",How frequently is the property Maintainability evaluated in comparison to the property Usability by applying the evaluation method Case Study?,"The frequency with which the property Maintainability is evaluated in comparison to the property Usability by applying the evaluation method Case Study is that Maintainability is evaluated twice, while Usability is evaluated once.","['10.1007/978-3-030-00761-4_9', '10.1007/978-3-030-00761-4_9', '10.1007/978-3-030-00761-4_21', '10.1007/978-3-030-00761-4_21', '10.1109/ICSA51549.2021.00022', '10.1109/ICSA51549.2021.00022']",,"['(R874102:Evaluation Method Entity, Name, L1531893:Case Study)', '(R874105:Property, Name, L1531896:Maintainability)', '(R870410:Evaluation Method Entity, Name, L1524293:Case Study)', '(R870412:Property, Name, L1524295:Maintainability)', '(R871704:Evaluation Method Entity, Name, L1526974:Case Study)', '(R871708:Property, Name, L1526978:Usability)']",clustering_strategy,R659055,Software Architecture and Design,6,How often is the sub-property [Content Data: sub-property name] used in comparison to the sub-property [sub-property] with the evaulation method [Content Data: evaluation method name]?
96,c75b3cf0921537bf3249b9a498522306,195c7cc5-ccb6-4e29-a56b-e01cee314020,"

Among the publications that explicitly apply a controlled experiment in their evaluation, usability is the property that is reported, while maintainability is not mentioned.

* The study **“On the Understandability of Semantic Constraints for Behavioral Software Architecture Compliance: A Controlled Experiment”** conducts a controlled experiment and includes **usability** as an evaluated property, but it does not report any evaluation of **maintainability** [2].  
* The **“REST vs GraphQL: A Controlled Experiment”** also uses a controlled‑experiment methodology and evaluates **usability**, with no mention of **maintainability** [4].

Thus, in the set of controlled‑experiment publications described, **usability is evaluated in every case (2 out of 2)**, whereas **maintainability is not evaluated in any of them (0 out of 2)**. This indicates that usability is evaluated more frequently (indeed, at a rate of 100 %) compared to maintainability (0 %) within the controlled‑experiment context covered by the provided sources.

[2] Source: On the Understandability of Semantic Constraints for Behavioral Software Architecture Compliance: A Controlled Experiment, 10.1109/ICSA.2017.10
[4] Source: REST vs GraphQL: A Controlled Experiment, 10.1109/ICSA47634.2020.00016
",[],0.333,0.333,0.333,0.2,1.0,1.0,1.0,0.33,0.5,0.38,1.0,0.33,0.5,0.38,1.0,0.33,0.5,0.38,1.0,0.33,0.5,0.38,1.0,1.0,1.0,1.0,0.04,0.23,0.13,0.83,0.13,0.08,0.5,0.22,0.13,0.78,0.413,0.655,0.506,1.0,415.53745770454407,0.0,2528,0,0.0,,0,0.0,,,0.0,0.0,,0.0,0.0,https://wandb.ai/kastel-sdq-meta-research/experiment_cross_encoder/r/call/01a05e3f-6c37-7004-88f6-5d37f12734f4,retrieval_config,False,KitToolbox,kit.qwen3-embedding-8b,10,10,True,cosine,True,False,10,-1,8,False,False,1,False,-1,-1,False,,['R659055'],['Paper'],False,True,False,kg_retrieval,hublink,kittoolbox_kit.minimax-m2.7-229b_tmpNone_maxt-1_reasoningNone,KitToolbox,kit.minimax-m2.7-229b,,-1,,kittoolbox_kit.minimax-m2.7-229b_tmpNone_maxt-1_reasoningNone,KitToolbox,kit.minimax-m2.7-229b,,-1,,orkg_merged_ecsa_icsa.json_jsonpublicationloader_limit-1,['paper_class'],['research_level'],['first_research_object'],['second_research_object'],['validity'],['evidence'],False,False,R659055,https://sandbox.orkg.org,-1,orkg,merged_ecsa_icsa.json_jsonpublicationloader_limit-1,merged_ecsa_icsa.json,JsonPublicationLoader,-1,,4000,2,generation_kittoolbox_kit.minimax-m2.7-229b_tmpNone_maxt-1_reasoningNone,generation,kittoolbox_kit.minimax-m2.7-229b_tmpNone_maxt-1_reasoningNone,KitToolbox,kit.minimax-m2.7-229b,,-1,,"['(R874325:Property, Name, L1532370:Usability)', '(R870916:Property, Name, L1525358:Usability)']","Among publications that apply a controlled experiment in their evaluation, how often is usability evaluated in comparison to maintainability?","Among publications that apply a controlled experiment in their evaluation, the property Usability is evaluated three times while Maintainability has not been evaluated.","['10.1109/ICSA47634.2020.00016', '10.1109/ICSA47634.2020.00016', '10.1109/ICSA.2017.10', '10.1109/ICSA.2017.10', '10.1109/ICSA47634.2020.00025', '10.1109/ICSA47634.2020.00025']",,"['(R870911:Evaluation Method Entity, Name, L1525353:Controlled Experiment)', '(R870916:Property, Name, L1525358:Usability)', '(R874323:Evaluation Method Entity, Name, L1532368:Controlled Experiment)', '(R874325:Property, Name, L1532370:Usability)', '(R869465:Evaluation Method Entity, Name, L1522302:Controlled Experiment)', '(R869467:Property, Name, L1522304:Usability)']",clustering_strategy,R659055,Software Architecture and Design,6,How often is the sub-property [Content Data: sub-property name] used in comparison to the sub-property [sub-property] with the evaulation method [Content Data: evaluation method name]?
97,c75b3cf0921537bf3249b9a498522306,9e3c5460-0e14-4afc-884b-7d587a27d540,"

The papers that investigate the research object **Technical Debt** without following an evaluation guideline evaluate the following properties:

* **Performance efficiency** – identified as the sole property assessed in one of the studies [1].  
* **Maintainability** – reported as the property examined in other works on Technical Debt that do not adhere to a guideline [2][3].  
* **Issue‑Proneness** – explicitly evaluated in the study “Architectural Decay as Predictor of Issue‑ and Change‑Proneness,” which is marked as not using a guideline [4].  
* **Change‑Proneness** – also explicitly evaluated in the same study, again without an evaluation guideline [4].  

These are the only properties that are specifically mentioned as being evaluated in the referenced papers on Technical Debt when the evaluation does not follow a guideline.

[1] Source: Determination and Enforcement of Least-Privilege Architecture in Android, 10.1109/ICSA.2017.18
[2] Source: The Evolution of Technical Debt in the Apache Ecosystem, 10.1007/978-3-319-65831-5_4
[3] Source: Architectural Technical Debt: A Grounded Theory, 10.1007/978-3-030-58923-3_14
[4] Source: Architectural Decay as Predictor of Issue- and Change-Proneness, 10.1109/ICSA51549.2021.00017
",[],0.5,0.167,0.144,0.221,0.2,0.25,0.3,0.5,0.37,0.44,0.38,0.5,0.43,0.47,0.25,0.83,0.38,0.57,0.33,0.83,0.48,0.64,0.3,0.375,0.25,0.333,0.05,0.32,0.19,0.96,0.21,0.13,0.65,0.22,0.13,0.67,0.443,0.679,0.536,1.0,356.89986538887024,0.0,77512,0,0.0,,0,0.0,,,0.0,0.0,,0.0,0.0,https://wandb.ai/kastel-sdq-meta-research/experiment_cross_encoder/r/call/01a05e3f-a58f-7e4c-b181-d217fc0f9e85,retrieval_config,False,KitToolbox,kit.qwen3-embedding-8b,10,10,True,cosine,True,False,10,-1,8,False,False,1,False,-1,-1,False,,['R659055'],['Paper'],False,True,False,kg_retrieval,hublink,kittoolbox_kit.minimax-m2.7-229b_tmpNone_maxt-1_reasoningNone,KitToolbox,kit.minimax-m2.7-229b,,-1,,kittoolbox_kit.minimax-m2.7-229b_tmpNone_maxt-1_reasoningNone,KitToolbox,kit.minimax-m2.7-229b,,-1,,orkg_merged_ecsa_icsa.json_jsonpublicationloader_limit-1,['paper_class'],['research_level'],['first_research_object'],['second_research_object'],['validity'],['evidence'],False,False,R659055,https://sandbox.orkg.org,-1,orkg,merged_ecsa_icsa.json_jsonpublicationloader_limit-1,merged_ecsa_icsa.json,JsonPublicationLoader,-1,,4000,2,generation_kittoolbox_kit.minimax-m2.7-229b_tmpNone_maxt-1_reasoningNone,generation,kittoolbox_kit.minimax-m2.7-229b_tmpNone_maxt-1_reasoningNone,KitToolbox,kit.minimax-m2.7-229b,,-1,,"['(R872632:Research Object Entity, Name, L1528881:Technical Debt)', '(R872780:Architectural Decay as Predictor of Issue- and Change-Proneness, contribution, R872801:First Research Object 2)', '(R872801:First Research Object 2, Object, R872807:Research Object List)', '(R872807:Research Object List, Entity, R872808:Research Object Entity)', '(R872808:Research Object Entity, Name, L1529238:Technical Debt)', '(R869132:Research Object Entity, Name, L1521578:Technical Debt)', '(R874819:Validity 2, Referenced Threats to Validity Guideline, L1533436:False)', '(R869125:First Research Object 2, evaluation, R869126:Evaluation)', '(R869126:Evaluation, Has Guideline, L1521575:False)', '(R872624:First Research Object 2, evaluation, R872625:Evaluation)', '(R872801:First Research Object 2, evaluation, R872802:Evaluation)', '(R872802:Evaluation, Has Guideline, L1529235:False)', '(R871286:First Research Object 2, evaluation, R871287:Evaluation)', '(R871287:Evaluation, Has Guideline, L1526134:False)', '(R871287:Evaluation, properties, R871290:Property)', '(R871291:Property, Name, L1526135:Performance efficiency)', '(R872625:Evaluation, properties, R872628:Property)', '(R872630:Property, Name, L1528879:Maintainability)', '(R869126:Evaluation, properties, R869129:Property)', '(R869130:Property, Name, L1521576:Maintainability)']",What are the properties that are evaluated in papers that investigate the research object Technical Debt without adhering to an evaluation guideline?,The properties that are evaluated in papers that investigate the research object Technical Debt without adhering to an evaluation guideline are Accuracy and Maintainability.,"['10.1109/ICSA51549.2021.00017', '10.1109/ICSA51549.2021.00017', '10.1007/978-3-319-65831-5_4', '10.1007/978-3-319-65831-5_4', '10.1109/ICSA51549.2021.00017', '10.1007/978-3-319-65831-5_4']",,"['(R872808:Research Object Entity, Name, L1529238:Technical Debt)', '(R872802:Evaluation, Has Guideline, L1529235:False)', '(R869132:Research Object Entity, Name, L1521578:Technical Debt)', '(R869126:Evaluation, Has Guideline, L1521575:False)', '(R872806:Property, Name, L1529236:Accuracy)', '(R869130:Property, Name, L1521576:Maintainability)']",clustering_strategy,R659055,Software Architecture and Design,6,What are the names of the evaluation sub-properties that are assessed in research papers that investigate the research object with the name [Content Data: research object name] without adhering to evaluation guidelines?
98,c75b3cf0921537bf3249b9a498522306,1fd7e0a1-08a9-4ef8-8ab5-48440698ff9c,"

Based on the partial answers, the following properties have been evaluated without following a guideline for their evaluation: **Functional Suitability**, **Product Quality**, **Accuracy**, **Quality of Method**, **Reliability**, **Performance efficiency**, **Sub-Property**, and **Satisfaction**. These are explicitly or implicitly identified as being assessed without an associated guideline across multiple sources. [1], [2], [3], [5], [6], [7], [8], [10]

[1] Source: Architecture-Centric Support for Integrating Security Tools in a Security Orchestration Platform, 10.1007/978-3-030-58923-3_11
[2] Source: Aligning Architecture with Business Goals in the Automotive Domain, 10.1109/ICSA51549.2021.00020
[3] Source: Automatic Extraction of Design Decisions from Issue Management Systems: A Machine Learning Based Approach, 10.1007/978-3-319-65831-5_10
[5] Source: An Architecture-Driven Adaptation Approach for Big Data Cyber Security Analytics, 10.1109/ICSA.2019.00013
[6] Source: A Machine Learning Approach to Service Discovery for Microservice Architectures, 10.1007/978-3-030-86044-8_5
[7] Source: Towards a Reference Architecture for Cloud-Based Plant Genotyping and Phenotyping Analysis Frameworks, 10.1109/ICSA.2017.42
[8] Source: Data-Centric Communication and Containerization for Future Automotive Software Architectures, 10.1109/ICSA.2018.00016
[10] Source: Quality Evaluation of PaaS Cloud Application Design Using Generated Prototypes, 10.1109/ICSA.2017.43
",[],0.0,0.0,0.0,0.0,0.0,0.0,0.0,0.0,0.0,0.0,0.0,0.0,0.0,0.0,0.0,0.0,0.0,0.0,0.0,0.0,0.0,0.0,0.0,0.0,0.0,0.0,0.08,0.29,0.19,0.61,0.27,0.18,0.59,0.29,0.19,0.61,0.43,0.697,0.532,1.0,483.853716135025,0.0,38748,0,0.0,,0,0.0,,,0.0,0.0,,0.0,0.0,https://wandb.ai/kastel-sdq-meta-research/experiment_cross_encoder/r/call/01a05e3f-d2df-7515-86c5-0da12730b127,retrieval_config,False,KitToolbox,kit.qwen3-embedding-8b,10,10,True,cosine,True,False,10,-1,8,False,False,1,False,-1,-1,False,,['R659055'],['Paper'],False,True,False,kg_retrieval,hublink,kittoolbox_kit.minimax-m2.7-229b_tmpNone_maxt-1_reasoningNone,KitToolbox,kit.minimax-m2.7-229b,,-1,,kittoolbox_kit.minimax-m2.7-229b_tmpNone_maxt-1_reasoningNone,KitToolbox,kit.minimax-m2.7-229b,,-1,,orkg_merged_ecsa_icsa.json_jsonpublicationloader_limit-1,['paper_class'],['research_level'],['first_research_object'],['second_research_object'],['validity'],['evidence'],False,False,R659055,https://sandbox.orkg.org,-1,orkg,merged_ecsa_icsa.json_jsonpublicationloader_limit-1,merged_ecsa_icsa.json,JsonPublicationLoader,-1,,4000,2,generation_kittoolbox_kit.minimax-m2.7-229b_tmpNone_maxt-1_reasoningNone,generation,kittoolbox_kit.minimax-m2.7-229b_tmpNone_maxt-1_reasoningNone,KitToolbox,kit.minimax-m2.7-229b,,-1,,"['(R871405:Evaluation, properties, R871408:Property)', '(R871409:Property, Name, L1526368:Functional Suitability)', '(R868766:First Research Object 2, evaluation, R868767:Evaluation)', '(R872682:Second Research Object 2, evaluation, R872683:Evaluation)', '(R872683:Evaluation, Evaluation method, R872684:Evaluation Method List)', '(R872684:Evaluation Method List, Entity, R872685:Evaluation Method Entity)', '(R872685:Evaluation Method Entity, Name, L1528973:Motivating Example)', '(R873249:First Research Object 2, evaluation, R873250:Evaluation)', '(R873250:Evaluation, properties, R873253:Property)', '(R873254:Property, Name, L1530120:Functional Suitability)', '(R2156195:Property, Name, L2809563:Reliability)', '(R870257:Property, Name, L1523998:Accuracy)', '(R2156245:Property, Name, L2809617:Performance efficiency)', '(R872581:Evaluation, properties, R872584:Property)', '(R872585:Property, Name, L1528788:Functional Suitability)', '(R871104:Quality Evaluation of PaaS Cloud Application Design Using Generated Prototypes, contribution, R871123:Paper Class 2)', '(R871123:Paper Class 2, evaluation research, L1525784:False)', '(R871125:First Research Object 2, evaluation, R871126:Evaluation)', '(R871126:Evaluation, properties, R871129:Property)', '(R871130:Property, Name, L1525789:Reliability)', '(R2156253:Property, Name, L2809623:Accuracy)', '(R2156256:Property, Name, L2809626:Performance efficiency)', '(R2156191:Property, Name, L2809561:Performance efficiency)', '(R870046:Property, Name, L1523528:Accuracy)', '(R872683:Evaluation, properties, R872686:Property)', '(R872686:Property, Sub-Property, R872687:Property)', '(R872687:Property, Name, L1528975:Satisfaction)', '(R868767:Evaluation, properties, R868770:Property)', '(R868771:Property, Name, L1520809:Accuracy)', '(R868770:Property, Name, L1520810:Quality of Method)', '(R870255:Property, Name, L1523996:Performance efficiency)', '(R872586:Property, Name, L1528789:Performance efficiency)', '(R2156220:Property, Name, L2809595:Product Quality)', '(R873253:Property, Name, L1530121:Product Quality)', '(R871405:Evaluation, Has Guideline, L1526367:False)', '(R868767:Evaluation, Has Guideline, L1520808:False)', '(R872587:Evaluation, Has Guideline, L1528792:False)', '(R870039:Evaluation, Has Guideline, L1523524:False)', '(R871408:Property, Name, L1526369:Product Quality)', '(R872581:Evaluation, Has Guideline, L1528787:False)']","Among publications that investigate architectural assumptions, which properties have been evaluated without following a guideline for their evaluation?","Among publications that investigate architectural assumptions, which properties have been evaluated without following a guideline for their evaluation?","['10.1109/ICSA.2019.00024', '10.1109/ICSA.2019.00024', '10.1109/ICSA.2019.00024', '10.1109/ICSA.2019.00024', '10.1109/ICSA.2019.00024', '10.1109/ICSA.2018.00026', '10.1109/ICSA.2018.00026', '10.1109/ICSA.2018.00026']",,"['(R873641:Research Object Entity, Name, L1530909:Architectural Assumptions)', '(R873401:Evaluation, Has Guideline, L1530441:False)', '(R873633:Property, Name, L1530901:Satisfaction)', '(R873635:Property, Name, L1530903:Functional Suitability)', '(R873632:Property, Name, L1530900:Effectiveness)', '(R873407:Research Object Entity, Name, L1530444:Architectural Assumptions)', '(R873639:Evaluation, Has Guideline, L1530907:False)', '(R873405:Property, Name, L1530442:Performance efficiency)']",clustering_strategy,R659055,Software Architecture and Design,6,Which evaluation sub-properties are used in the research object [Content Data: research object name] but do not use evaluation guidelines?
99,c75b3cf0921537bf3249b9a498522306,385d45f0-1a9b-4e2f-a511-a9bebb0f6925,No context has been found for the given question.,['Field Experiment'],0.0,0.0,0.0,0.0,0.0,0.0,0.0,0.0,0.0,0.0,0.0,0.0,0.0,0.0,0.0,0.0,0.0,0.0,0.0,0.0,0.0,0.0,0.0,0.0,0.0,0.0,0.01,0.12,0.22,0.08,0.0,0.0,0.0,0.12,0.22,0.08,0.626,0.51,0.562,0.0,230.45032000541687,0.0016775999999999996,13592,0,0.0,,0,0.0,,,0.0,0.0,,0.0,0.0,https://wandb.ai/kastel-sdq-meta-research/experiment_cross_encoder/r/call/01a05e42-63e6-79c2-ba0b-c915e52228dc,retrieval_config,False,KitToolbox,kit.qwen3-embedding-8b,10,10,True,cosine,True,False,10,-1,8,False,False,1,False,-1,-1,False,,['R659055'],['Paper'],False,True,False,kg_retrieval,hublink,kittoolbox_kit.minimax-m2.7-229b_tmpNone_maxt-1_reasoningNone,KitToolbox,kit.minimax-m2.7-229b,,-1,,kittoolbox_kit.minimax-m2.7-229b_tmpNone_maxt-1_reasoningNone,KitToolbox,kit.minimax-m2.7-229b,,-1,,orkg_merged_ecsa_icsa.json_jsonpublicationloader_limit-1,['paper_class'],['research_level'],['first_research_object'],['second_research_object'],['validity'],['evidence'],False,False,R659055,https://sandbox.orkg.org,-1,orkg,merged_ecsa_icsa.json_jsonpublicationloader_limit-1,merged_ecsa_icsa.json,JsonPublicationLoader,-1,,4000,2,generation_kittoolbox_kit.minimax-m2.7-229b_tmpNone_maxt-1_reasoningNone,generation,kittoolbox_kit.minimax-m2.7-229b_tmpNone_maxt-1_reasoningNone,KitToolbox,kit.minimax-m2.7-229b,,-1,,,"What are the research objects that are evaluated without an evaluation guideline, using the evaluation method Field Experiment?",The research objects that have been evaluated with the evaluation method Field Experiment without using an evaluation guideline are Reference Architecture and Architecture Optimization Method.,"['10.1109/ICSA.2018.00017', '10.1109/ICSA.2018.00017', '10.1109/ICSA.2018.00017', '10.1007/978-3-030-29983-5_18', '10.1007/978-3-030-29983-5_18', '10.1007/978-3-030-29983-5_18']",,"['(R871557:Evaluation Method Entity, Name, L1526667:Field Experiment)', '(R871565:Evaluation, Has Guideline, L1526677:False)', '(R871571:Research Object Entity, Name, L1526680:Reference Architecture)', '(R869510:Evaluation Method Entity, Name, L1522395:Field Experiment)', '(R869508:Evaluation, Has Guideline, L1522396:False)', '(R869514:Research Object Entity, Name, L1522399:Architecture Optimization Method)']",clustering_strategy,R659055,Software Architecture and Design,6,Which research objects that have the evaluation method [Content Data: evaluation method name] do not use evaluation guidelines?
100,c75b3cf0921537bf3249b9a498522306,d98023c9-a612-455c-8189-c898a8244e9e,"

The only research object that is explicitly identified as having been evaluated **without** a guideline is **“First Research Object 2.”** The source records for this object list **Has Guideline = False**, indicating that the evaluation was carried out without a guideline [1][2][3]. However, the texts do not state that the evaluation employed grounded theory, so it cannot be confirmed whether “First Research Object 2” belongs to the subset of publications that apply grounded theory in their evaluation.

[1] Source: COCOS: A Scalable Architecture for Containerized Heterogeneous Systems, 10.1109/ICSA47634.2020.00018
[2] Source: Trace Link Recovery for Software Architecture Documentation, 10.1007/978-3-030-86044-8_7
[3] Source: A Generic and Highly Scalable Framework for the Automation and Execution of Scientific Data Processing and Simulation Workflows, 10.1109/ICSA.2018.00024
",[],0.0,0.0,0.0,0.0,0.0,0.0,0.0,0.0,0.0,0.0,0.0,0.0,0.0,0.0,0.0,0.0,0.0,0.0,0.0,0.0,0.0,0.0,0.0,0.0,0.0,0.0,0.02,0.3,0.19,0.68,0.1,0.06,0.24,0.22,0.14,0.5,0.462,0.621,0.53,0.0,234.7707793712616,0.0,44176,0,0.0,,0,0.0,,,0.0,0.0,,0.0,0.0,https://wandb.ai/kastel-sdq-meta-research/experiment_cross_encoder/r/call/01a05e43-cd96-7be2-bdea-fca1152d96d3,retrieval_config,False,KitToolbox,kit.qwen3-embedding-8b,10,10,True,cosine,True,False,10,-1,8,False,False,1,False,-1,-1,False,,['R659055'],['Paper'],False,True,False,kg_retrieval,hublink,kittoolbox_kit.minimax-m2.7-229b_tmpNone_maxt-1_reasoningNone,KitToolbox,kit.minimax-m2.7-229b,,-1,,kittoolbox_kit.minimax-m2.7-229b_tmpNone_maxt-1_reasoningNone,KitToolbox,kit.minimax-m2.7-229b,,-1,,orkg_merged_ecsa_icsa.json_jsonpublicationloader_limit-1,['paper_class'],['research_level'],['first_research_object'],['second_research_object'],['validity'],['evidence'],False,False,R659055,https://sandbox.orkg.org,-1,orkg,merged_ecsa_icsa.json_jsonpublicationloader_limit-1,merged_ecsa_icsa.json,JsonPublicationLoader,-1,,4000,2,generation_kittoolbox_kit.minimax-m2.7-229b_tmpNone_maxt-1_reasoningNone,generation,kittoolbox_kit.minimax-m2.7-229b_tmpNone_maxt-1_reasoningNone,KitToolbox,kit.minimax-m2.7-229b,,-1,,"['(R870166:First Research Object 2, evaluation, R870167:Evaluation)', '(R870167:Evaluation, Has Guideline, L1523804:False)', '(R872137:First Research Object 2, evaluation, R872138:Evaluation)', '(R872138:Evaluation, Has Guideline, L1527866:False)']","Among publications that apply grounded theory in their evaluation, what are the research objects evaluated without using a guideline for the evaluation?",Architecture Pattern is the only research object for which no evaluation guideline has been used when applying the evaluation method Grounded Theory. ,"['10.1007/978-3-030-29983-5_2', '10.1007/978-3-030-29983-5_2', '10.1109/ICSA.2017.20', '10.1109/ICSA.2017.20', '10.1007/978-3-030-29983-5_2', '10.1109/ICSA.2017.20']",,"['(R873005:Evaluation Method Entity, Name, L1529647:Grounded Theory)', '(R873003:Evaluation, Has Guideline, L1529648:False)', '(R869035:Evaluation Method Entity, Name, L1521380:Grounded Theory)', '(R869033:Evaluation, Has Guideline, L1521381:False)', '(R873010:Research Object Entity, Name, L1529652:Architecture Pattern)', '(R869040:Research Object Entity, Name, L1521385:Architecture Pattern)']",clustering_strategy,R659055,Software Architecture and Design,6,Which research objects that have the evaluation method [Content Data: evaluation method name] do not use evaluation guidelines?
101,c75b3cf0921537bf3249b9a498522306,1dd32084-dbc1-46d8-bc7a-74d6108c765f,"

The available sources indicate that the evaluation method described for papers that investigate the research object **Technical Debt** is **“Quality of Method”** [1][2].  However, the texts do not provide comparative data across multiple papers, so they do not allow us to determine which evaluation method is used most frequently in the broader set of Technical Debt studies.  Consequently, the only explicitly identified method is “Quality of Method,” but its prevalence relative to other methods cannot be established from the given information.

[1] Source: Architectural Decay as Predictor of Issue- and Change-Proneness, 10.1109/ICSA51549.2021.00017
[2] Source: Designing Robust Software Systems through Parametric Markov Chain Synthesis, 10.1109/ICSA.2017.16
",[],0.167,0.167,0.167,0.1,1.0,1.0,0.2,0.17,0.18,0.17,0.25,0.17,0.2,0.18,0.2,0.17,0.18,0.17,0.25,0.17,0.2,0.18,0.2,0.25,0.2,0.25,0.02,0.26,0.16,0.76,0.12,0.07,0.38,0.2,0.12,0.59,0.473,0.672,0.555,0.0,163.18067812919617,0.0039609,23616,0,0.0,,0,0.0,,,0.0,0.0,,0.0,0.0,https://wandb.ai/kastel-sdq-meta-research/experiment_cross_encoder/r/call/01a05e45-9110-7ab2-96f1-49689ce3de37,retrieval_config,False,KitToolbox,kit.qwen3-embedding-8b,10,10,True,cosine,True,False,10,-1,8,False,False,1,False,-1,-1,False,,['R659055'],['Paper'],False,True,False,kg_retrieval,hublink,kittoolbox_kit.minimax-m2.7-229b_tmpNone_maxt-1_reasoningNone,KitToolbox,kit.minimax-m2.7-229b,,-1,,kittoolbox_kit.minimax-m2.7-229b_tmpNone_maxt-1_reasoningNone,KitToolbox,kit.minimax-m2.7-229b,,-1,,orkg_merged_ecsa_icsa.json_jsonpublicationloader_limit-1,['paper_class'],['research_level'],['first_research_object'],['second_research_object'],['validity'],['evidence'],False,False,R659055,https://sandbox.orkg.org,-1,orkg,merged_ecsa_icsa.json_jsonpublicationloader_limit-1,merged_ecsa_icsa.json,JsonPublicationLoader,-1,,4000,2,generation_kittoolbox_kit.minimax-m2.7-229b_tmpNone_maxt-1_reasoningNone,generation,kittoolbox_kit.minimax-m2.7-229b_tmpNone_maxt-1_reasoningNone,KitToolbox,kit.minimax-m2.7-229b,,-1,,"['(R872808:Research Object Entity, Name, L1529238:Technical Debt)', '(R868432:Property, Name, L1520082:Quality of Method)', '(R872801:First Research Object 2, evaluation, R872802:Evaluation)', '(R872802:Evaluation, properties, R872805:Property)', '(R872805:Property, Name, L1529237:Quality of Method)']",What is the evaluation method that has been applied the most in papers that investigate the research object Technical Debt?,The evaluation method that has been applied most frequently in papers investigating Technical Debt is case study.,"['10.1007/978-3-319-65831-5_4', '10.1007/978-3-319-65831-5_4', '10.1109/ICSA51549.2021.00017', '10.1109/ICSA51549.2021.00017', '10.1007/978-3-030-58923-3_14', '10.1007/978-3-030-58923-3_14']",,"['(R869132:Research Object Entity, Name, L1521578:Technical Debt)', '(R869128:Evaluation Method Entity, Name, L1521574:Data Science)', '(R872808:Research Object Entity, Name, L1529238:Technical Debt)', '(R872804:Evaluation Method Entity, Name, L1529234:Data Science)', '(R872632:Research Object Entity, Name, L1528881:Technical Debt)', '(R872627:Evaluation Method Entity, Name, L1528876:Grounded Theory)']",clustering_strategy,R659055,Software Architecture and Design,6,What is the name of the evaluation method that has been used the most in papers that investigate the research object with the name [Content Data: research object name]?
102,c75b3cf0921537bf3249b9a498522306,00011b5b-8881-404f-bbc3-5cfec430c28f,"

The studies that examined the research object **Technical Debt** most often focused on the property **Product Quality** as the primary attribute of interest (see [1] and [2]). In addition, **Compatibility** is mentioned as another property that was evaluated for the same object, although it appears less frequently in the reported investigations (see [3]). No other specific properties are identified in the provided passages.

[1] Source: The Evolution of Technical Debt in the Apache Ecosystem, 10.1007/978-3-319-65831-5_4
[2] Source: Architectural Technical Debt: A Grounded Theory, 10.1007/978-3-030-58923-3_14
[3] Source: Mitigating the Influence of Embedded Software Development Environments and Toolsets (ESDT) on Software Architecture, 10.1109/ICSA.2019.00020
",[],0.143,0.0,0.048,0.117,0.333,0.5,0.1,0.14,0.12,0.13,0.14,0.14,0.14,0.14,0.09,0.14,0.11,0.13,0.13,0.14,0.14,0.14,0.1,0.143,0.091,0.133,0.03,0.33,0.21,0.87,0.21,0.13,0.57,0.21,0.13,0.53,0.487,0.735,0.586,1.0,214.66184902191162,0.0,33536,0,0.0,,0,0.0,,,0.0,0.0,,0.0,0.0,https://wandb.ai/kastel-sdq-meta-research/experiment_cross_encoder/r/call/01a05e46-1d9f-749f-982d-e140a4db0cbc,retrieval_config,False,KitToolbox,kit.qwen3-embedding-8b,10,10,True,cosine,True,False,10,-1,8,False,False,1,False,-1,-1,False,,['R659055'],['Paper'],False,True,False,kg_retrieval,hublink,kittoolbox_kit.minimax-m2.7-229b_tmpNone_maxt-1_reasoningNone,KitToolbox,kit.minimax-m2.7-229b,,-1,,kittoolbox_kit.minimax-m2.7-229b_tmpNone_maxt-1_reasoningNone,KitToolbox,kit.minimax-m2.7-229b,,-1,,orkg_merged_ecsa_icsa.json_jsonpublicationloader_limit-1,['paper_class'],['research_level'],['first_research_object'],['second_research_object'],['validity'],['evidence'],False,False,R659055,https://sandbox.orkg.org,-1,orkg,merged_ecsa_icsa.json_jsonpublicationloader_limit-1,merged_ecsa_icsa.json,JsonPublicationLoader,-1,,4000,2,generation_kittoolbox_kit.minimax-m2.7-229b_tmpNone_maxt-1_reasoningNone,generation,kittoolbox_kit.minimax-m2.7-229b_tmpNone_maxt-1_reasoningNone,KitToolbox,kit.minimax-m2.7-229b,,-1,,"['(R869125:First Research Object 2, Object, R869131:Research Object List)', '(R869131:Research Object List, Entity, R869132:Research Object Entity)', '(R869132:Research Object Entity, Name, L1521578:Technical Debt)', '(R868883:Property, Name, L1521052:Compatibility)', '(R868882:Property, Name, L1521053:Product Quality)', '(R872624:First Research Object 2, evaluation, R872625:Evaluation)', '(R872625:Evaluation, properties, R872628:Property)', '(R872628:Property, Name, L1528880:Product Quality)', '(R869125:First Research Object 2, evaluation, R869126:Evaluation)', '(R869126:Evaluation, properties, R869129:Property)', '(R869129:Property, Name, L1521577:Product Quality)']",What are the properties that are most often investigated for the research object Technical Debt?,The property that is investigated most often for the research object Technical Debt is Maintainability.,"['10.1109/ICSA51549.2021.00017', '10.1109/ICSA51549.2021.00017', '10.1007/978-3-030-58923-3_14', '10.1007/978-3-030-58923-3_14', '10.1007/978-3-030-58923-3_14', '10.1007/978-3-319-65831-5_4', '10.1007/978-3-319-65831-5_4']",,"['(R872808:Research Object Entity, Name, L1529238:Technical Debt)', '(R872806:Property, Name, L1529236:Accuracy)', '(R872632:Research Object Entity, Name, L1528881:Technical Debt)', '(R869130:Property, Name, L1521576:Maintainability)', '(R872629:Property, Name, L1528878:Functional Suitability)', '(R869132:Research Object Entity, Name, L1521578:Technical Debt)', '(R872630:Property, Name, L1528879:Maintainability)']",clustering_strategy,R659055,Software Architecture and Design,6,Which is the most used sub-property that is used with the research object [Content Data: research object name]?
103,c75b3cf0921537bf3249b9a498522306,c7642d08-74a9-4bff-8f66-19c5caa46f6d,"

Across the publications that investigate architectural assumptions, the property that has been evaluated most often is **Functional Suitability** – it is explicitly mentioned in four of the sources [1, 5, 6, 7].  

Two other properties follow at the next level of frequency:

* **Product Quality** – appears three times (twice in the same source [2] and once more in [5]).  
* **Performance efficiency** – also appears three times [2, 3, 7].

All remaining properties are evaluated only once: **Satisfaction** and **Quality in Use** are each noted in [6], and **Effectiveness** is noted in [8].

[2] Source: Predicting the Performance of Privacy-Preserving Data Analytics Using Architecture Modelling and Simulation, 10.1109/ICSA.2018.00026
[5] Source: Enabling Continuous Software Engineering for Embedded Systems Architectures with Virtual Prototypes, 10.1007/978-3-030-00761-4_8
[6] Source: Data-Centric Communication and Containerization for Future Automotive Software Architectures, 10.1109/ICSA.2018.00016
[8] Source: Determining Microservice Boundaries: A Case Study Using Static and Dynamic Software Analysis, 10.1007/978-3-030-58923-3_21
",[],0.125,0.062,0.013,0.01,0.1,0.1,0.1,0.12,0.11,0.12,0.11,0.12,0.12,0.12,0.09,0.12,0.11,0.12,0.1,0.12,0.11,0.12,0.1,0.111,0.091,0.1,0.01,0.23,0.13,0.75,0.04,0.02,0.13,0.11,0.07,0.38,0.376,0.664,0.48,1.0,257.14578008651733,0.0,26585,0,0.0,,0,0.0,,,0.0,0.0,,0.0,0.0,https://wandb.ai/kastel-sdq-meta-research/experiment_cross_encoder/r/call/01a05e46-2840-7b02-8af3-38970b926094,retrieval_config,False,KitToolbox,kit.qwen3-embedding-8b,10,10,True,cosine,True,False,10,-1,8,False,False,1,False,-1,-1,False,,['R659055'],['Paper'],False,True,False,kg_retrieval,hublink,kittoolbox_kit.minimax-m2.7-229b_tmpNone_maxt-1_reasoningNone,KitToolbox,kit.minimax-m2.7-229b,,-1,,kittoolbox_kit.minimax-m2.7-229b_tmpNone_maxt-1_reasoningNone,KitToolbox,kit.minimax-m2.7-229b,,-1,,orkg_merged_ecsa_icsa.json_jsonpublicationloader_limit-1,['paper_class'],['research_level'],['first_research_object'],['second_research_object'],['validity'],['evidence'],False,False,R659055,https://sandbox.orkg.org,-1,orkg,merged_ecsa_icsa.json_jsonpublicationloader_limit-1,merged_ecsa_icsa.json,JsonPublicationLoader,-1,,4000,2,generation_kittoolbox_kit.minimax-m2.7-229b_tmpNone_maxt-1_reasoningNone,generation,kittoolbox_kit.minimax-m2.7-229b_tmpNone_maxt-1_reasoningNone,KitToolbox,kit.minimax-m2.7-229b,,-1,,"['(R872687:Property, Name, L1528975:Satisfaction)', '(R873404:Property, Name, L1530443:Product Quality)', '(R872677:Property, Name, L1528968:Functional Suitability)', '(R870431:Determining Microservice Boundaries: A Case Study Using Static and Dynamic Software Analysis, contribution, R2156155:First Research Object 2)', '(R2156155:First Research Object 2, evaluation, R2156167:Evaluation)', '(R2156167:Evaluation, properties, R2156172:Property)', '(R2156180:Property, Name, L2809558:Effectiveness)', '(R870623:Property, Name, L1524746:Product Quality)', '(R870624:Property, Name, L1524745:Functional Suitability)', '(R873405:Property, Name, L1530442:Performance efficiency)', '(R872686:Property, Name, L1528977:Quality in Use)']","Among publications that investigate architectural assumptions, what properties have been evaluated the most often?",The most commonly used property that is evaluated for the research object Architectural Assumptions is Satisfaction.,"['10.1109/ICSA.2018.00026', '10.1109/ICSA.2018.00026', '10.1109/ICSA.2019.00024', '10.1109/ICSA.2019.00024', '10.1109/ICSA.2019.00024', '10.1109/ICSA.2019.00024', '10.1007/978-3-319-65831-5_14', '10.1007/978-3-319-65831-5_14']",,"['(R873407:Research Object Entity, Name, L1530444:Architectural Assumptions)', '(R873405:Property, Name, L1530442:Performance efficiency)', '(R873641:Research Object Entity, Name, L1530909:Architectural Assumptions)', '(R873633:Property, Name, L1530901:Satisfaction)', '(R873632:Property, Name, L1530900:Effectiveness)', '(R873635:Property, Name, L1530903:Functional Suitability)', '(R868687:Research Object Entity, Name, L1520620:Architectural Assumptions)', '(R868685:Property, Name, L1520618:Satisfaction)']",clustering_strategy,R659055,Software Architecture and Design,6,Which is the most used sub-property that is used with the research object [Content Data: research object name]?
104,c75b3cf0921537bf3249b9a498522306,fca46ea1-13e0-4d34-a94e-7631105830bb,"

In the 2021 literature that addresses the research object **Architecture Evolution**, the reported evaluation methods are:

* **Technical Experiment** – used in “Continuous API Evolution in Heterogeneous Enterprise Software Systems” [3]  
* **Questionnaire** – also reported in the same paper [3]  
* **Quality of Method** – reported for “Enabling Consistency between Software Artefacts for Software Adaption and Evolution” [2]

Each of these three methods appears only once across the identified 2021 papers. Consequently, there is no single evaluation method that dominates; **Technical Experiment, Questionnaire, and Quality of Method are all applied equally** in the 2021 Architecture Evolution studies.

[2] Source: Enabling Consistency between Software Artefacts for Software Adaption and Evolution, 10.1109/ICSA51549.2021.00009
[3] Source: Continuous API Evolution in Heterogenous Enterprise Software Systems, 10.1109/ICSA51549.2021.00014
",['2021'],0.571,0.429,0.176,0.498,0.25,1.0,0.4,0.57,0.47,0.53,0.69,0.64,0.67,0.65,0.3,0.86,0.44,0.62,0.52,0.86,0.65,0.76,0.4,0.692,0.3,0.522,0.03,0.34,0.22,0.77,0.16,0.1,0.36,0.22,0.14,0.5,0.439,0.67,0.531,0.0,671.5024130344391,0.0,4068,0,0.0,,0,0.0,,,0.0,0.0,,0.0,0.0,https://wandb.ai/kastel-sdq-meta-research/experiment_cross_encoder/r/call/01a05e47-5b89-7d21-a127-1060951eecf3,retrieval_config,False,KitToolbox,kit.qwen3-embedding-8b,10,10,True,cosine,True,False,10,-1,8,False,False,1,False,-1,-1,False,,['R659055'],['Paper'],False,True,False,kg_retrieval,hublink,kittoolbox_kit.minimax-m2.7-229b_tmpNone_maxt-1_reasoningNone,KitToolbox,kit.minimax-m2.7-229b,,-1,,kittoolbox_kit.minimax-m2.7-229b_tmpNone_maxt-1_reasoningNone,KitToolbox,kit.minimax-m2.7-229b,,-1,,orkg_merged_ecsa_icsa.json_jsonpublicationloader_limit-1,['paper_class'],['research_level'],['first_research_object'],['second_research_object'],['validity'],['evidence'],False,False,R659055,https://sandbox.orkg.org,-1,orkg,merged_ecsa_icsa.json_jsonpublicationloader_limit-1,merged_ecsa_icsa.json,JsonPublicationLoader,-1,,4000,2,generation_kittoolbox_kit.minimax-m2.7-229b_tmpNone_maxt-1_reasoningNone,generation,kittoolbox_kit.minimax-m2.7-229b_tmpNone_maxt-1_reasoningNone,KitToolbox,kit.minimax-m2.7-229b,,-1,,"['(R874338:Continuous API Evolution in Heterogenous Enterprise Software Systems, contribution, R874367:First Research Object 2)', '(R874367:First Research Object 2, Object, R874381:Research Object List)', '(R874381:Research Object List, Entity, R874382:Research Object Entity)', '(R874382:Research Object Entity, Name, L1532476:Architecture Evolution)', '(R874367:First Research Object 2, evaluation, R874374:Evaluation)', '(R874374:Evaluation, Evaluation method, R874375:Evaluation Method List)', '(R874375:Evaluation Method List, Entity, R874376:Evaluation Method Entity)', '(R874376:Evaluation Method Entity, Name, L1532470:Technical Experiment)', '(R868698:Enabling Consistency between Software Artefacts for Software Adaption and Evolution, publication year, L1520654:2021)', '(R874370:Evaluation Method Entity, Name, L1532465:Questionnaire)', '(R874338:Continuous API Evolution in Heterogenous Enterprise Software Systems, publication year, L1532404:2021)', '(R868698:Enabling Consistency between Software Artefacts for Software Adaption and Evolution, contribution, R868723:First Research Object 2)', '(R868723:First Research Object 2, Object, R868733:Research Object List)', '(R868733:Research Object List, Entity, R868734:Research Object Entity)', '(R868734:Research Object Entity, Name, L1520720:Architecture Evolution)', '(R868723:First Research Object 2, evaluation, R868724:Evaluation)', '(R868724:Evaluation, properties, R868727:Property)', '(R868727:Property, Name, L1520715:Quality of Method)', '(R868724:Evaluation, properties, R868731:Property)', '(R868731:Property, Name, L1520719:Product Quality)']","In the publication year 2021, what is the evaluation method that has been applied the most in papers that investigate the research object Architecture Evolution?",The evaluation method that has been applied the most in papers that investigate the research object Architecture Evolution in the publication year 2021 is Technical Experiment.,"['10.1109/ICSA51549.2021.00014', '10.1109/ICSA51549.2021.00014', '10.1109/ICSA51549.2021.00014', '10.1109/ICSA51549.2021.00014', '10.1109/ICSA51549.2021.00009', '10.1109/ICSA51549.2021.00009', '10.1109/ICSA51549.2021.00009']",,"['(R874382:Research Object Entity, Name, L1532476:Architecture Evolution)', '(R874338:Continuous API Evolution in Heterogenous Enterprise Software Systems, publication year, L1532404:2021)', '(R874370:Evaluation Method Entity, Name, L1532465:Questionnaire)', '(R874376:Evaluation Method Entity, Name, L1532470:Technical Experiment)', '(R868734:Research Object Entity, Name, L1520720:Architecture Evolution)', '(R868698:Enabling Consistency between Software Artefacts for Software Adaption and Evolution, publication year, L1520654:2021)', '(R868726:Evaluation Method Entity, Name, L1520712:Technical Experiment)']",clustering_strategy,R659055,Software Architecture and Design,6,"In the year [Metadata: year], what is the name of the most used evaluation method that is applied in papers that investigate the research object with the name [Content Data: research object name]?"
105,c75b3cf0921537bf3249b9a498522306,25e23886-0754-4387-8b4e-2a56a5d5f19a,No context has been found for the given question.,[],0.0,0.0,0.0,0.0,0.0,0.0,0.0,0.0,0.0,0.0,0.0,0.0,0.0,0.0,0.0,0.0,0.0,0.0,0.0,0.0,0.0,0.0,0.0,0.0,0.0,0.0,0.0,0.05,0.11,0.03,0.0,0.0,0.0,0.05,0.11,0.03,0.605,0.446,0.514,0.0,132.48063611984253,0.0,19704,0,0.0,,0,0.0,,,0.0,0.0,,0.0,0.0,https://wandb.ai/kastel-sdq-meta-research/experiment_cross_encoder/r/call/01a05e51-c1ea-7834-8729-25edbea4cad1,retrieval_config,False,KitToolbox,kit.qwen3-embedding-8b,10,10,True,cosine,True,False,10,-1,8,False,False,1,False,-1,-1,False,,['R659055'],['Paper'],False,True,False,kg_retrieval,hublink,kittoolbox_kit.minimax-m2.7-229b_tmpNone_maxt-1_reasoningNone,KitToolbox,kit.minimax-m2.7-229b,,-1,,kittoolbox_kit.minimax-m2.7-229b_tmpNone_maxt-1_reasoningNone,KitToolbox,kit.minimax-m2.7-229b,,-1,,orkg_merged_ecsa_icsa.json_jsonpublicationloader_limit-1,['paper_class'],['research_level'],['first_research_object'],['second_research_object'],['validity'],['evidence'],False,False,R659055,https://sandbox.orkg.org,-1,orkg,merged_ecsa_icsa.json_jsonpublicationloader_limit-1,merged_ecsa_icsa.json,JsonPublicationLoader,-1,,4000,2,generation_kittoolbox_kit.minimax-m2.7-229b_tmpNone_maxt-1_reasoningNone,generation,kittoolbox_kit.minimax-m2.7-229b_tmpNone_maxt-1_reasoningNone,KitToolbox,kit.minimax-m2.7-229b,,-1,,,How frequently is the research object Technical Debt investigated per publication year?,"The frequency with which the research object Technical Debt is investigated per publication year is as follows: it was investigated once in 2017, once in 2020, and once in 2021.","['10.1007/978-3-030-58923-3_14', '10.1007/978-3-030-58923-3_14', '10.1007/978-3-319-65831-5_4', '10.1007/978-3-319-65831-5_4', '10.1109/ICSA51549.2021.00017', '10.1109/ICSA51549.2021.00017']",,"['(R872808:Research Object Entity, Name, L1529238:Technical Debt)', '(R872607:Architectural Technical Debt: A Grounded Theory, publication year, L1528844:2020)', '(R869132:Research Object Entity, Name, L1521578:Technical Debt)', '(R869104:The Evolution of Technical Debt in the Apache Ecosystem, publication year, L1521523:2017)', '(R872632:Research Object Entity, Name, L1528881:Technical Debt)', '(R872780:Architectural Decay as Predictor of Issue- and Change-Proneness, publication year, L1529184:2021)']",clustering_strategy,R659055,Software Architecture and Design,5,How frequently per year is the research object with the name [Content Data: research object name] investigated?
106,c75b3cf0921537bf3249b9a498522306,ea8f3778-bb1a-4a82-9a13-1ba205970f97,"

**Distribution of publications that investigate architectural assumptions, by year**

| Year | Publications (titles) | Source IDs |
|------|-----------------------|------------|
| **2017** | “Semantic Differencing for Message‑Driven Component & Connector Architectures” | [7] |
| **2018** | “Data‑Centric Communication and Containerization for Future Automotive Software Architectures” | [2] |
|      | “Predicting the Performance of Privacy‑Preserving Data Analytics Using Architecture Modelling and Simulation” | [4] |
|      | “Availability‑Driven Architectural Change Propagation Through Bidirectional Model Transformations Between UML and Petri Net Models” | [6] |
| **2019** | “A Platform Architecture for Multi‑Tenant Blockchain‑Based Systems” | [1] |
|      | “Synchronous Reconfiguration of Distributed Embedded Applications During Operation” | [3] |
|      | “Supporting Architectural Decision Making on Data Management in Microservice Architectures” | [5] |

**Summary**

- **2017:** 1 publication  
- **2018:** 3 publications  
- **2019:** 3 publications  

Thus, among the publications that investigate architectural assumptions, the available data show a concentration in the years 2018 and 2019, each containing three works, with a single earlier work from 2017. No other years are represented in the provided information.

[1] Source: A Platform Architecture for Multi-Tenant Blockchain-Based Systems, 10.1109/ICSA.2019.00019
[2] Source: Data-Centric Communication and Containerization for Future Automotive Software Architectures, 10.1109/ICSA.2018.00016
[3] Source: Synchronous Reconfiguration of Distributed Embedded Applications During Operation, 10.1109/ICSA.2019.00021
[4] Source: Predicting the Performance of Privacy-Preserving Data Analytics Using Architecture Modelling and Simulation, 10.1109/ICSA.2018.00026
[5] Source: Supporting Architectural Decision Making on Data Management in Microservice Architectures, 10.1007/978-3-030-29983-5_2
[6] Source: Availability-Driven Architectural Change Propagation Through Bidirectional Model Transformations Between UML and Petri Net Models, 10.1109/ICSA.2018.00022
[7] Source: Semantic Differencing for Message-Driven Component & Connector Architectures, 10.1109/ICSA.2017.34
",[],0.0,0.083,0.0,0.02,0.0,0.2,0.0,0.0,0.0,0.0,0.06,0.08,0.07,0.08,0.08,0.17,0.11,0.14,0.1,0.17,0.12,0.15,0.0,0.059,0.077,0.1,0.01,0.25,0.16,0.64,0.07,0.04,0.17,0.15,0.1,0.39,0.383,0.533,0.446,1.0,321.7383825778961,0.0,46421,0,0.0,,0,0.0,,,0.0,0.0,,0.0,0.0,https://wandb.ai/kastel-sdq-meta-research/experiment_cross_encoder/r/call/01a05e52-3125-79ff-b5a9-db47676f9d45,retrieval_config,False,KitToolbox,kit.qwen3-embedding-8b,10,10,True,cosine,True,False,10,-1,8,False,False,1,False,-1,-1,False,,['R659055'],['Paper'],False,True,False,kg_retrieval,hublink,kittoolbox_kit.minimax-m2.7-229b_tmpNone_maxt-1_reasoningNone,KitToolbox,kit.minimax-m2.7-229b,,-1,,kittoolbox_kit.minimax-m2.7-229b_tmpNone_maxt-1_reasoningNone,KitToolbox,kit.minimax-m2.7-229b,,-1,,orkg_merged_ecsa_icsa.json_jsonpublicationloader_limit-1,['paper_class'],['research_level'],['first_research_object'],['second_research_object'],['validity'],['evidence'],False,False,R659055,https://sandbox.orkg.org,-1,orkg,merged_ecsa_icsa.json_jsonpublicationloader_limit-1,merged_ecsa_icsa.json,JsonPublicationLoader,-1,,4000,2,generation_kittoolbox_kit.minimax-m2.7-229b_tmpNone_maxt-1_reasoningNone,generation,kittoolbox_kit.minimax-m2.7-229b_tmpNone_maxt-1_reasoningNone,KitToolbox,kit.minimax-m2.7-229b,,-1,,"['(R873116:Semantic Differencing for Message-Driven Component & Connector Architectures, contribution, R873145:First Research Object 2)', '(R873160:Research Object Entity, Name, L1529932:Architecture Analysis Method)', '(R873290:Research Object Entity, Name, L1530188:Architectural Aspects)', '(R872980:Supporting Architectural Decision Making on Data Management in Microservice Architectures, publication year, L1529596:2019)', '(R873379:Predicting the Performance of Privacy-Preserving Data Analytics Using Architecture Modelling and Simulation, research field, R659055:Software Architecture and Design)', '(R871726:A Platform Architecture for Multi-Tenant Blockchain-Based Systems, research field, R659055:Software Architecture and Design)', '(R871726:A Platform Architecture for Multi-Tenant Blockchain-Based Systems, publication year, L1527024:2019)', '(R873260:Synchronous Reconfiguration of Distributed Embedded Applications During Operation, publication year, L1530133:2019)', '(R873116:Semantic Differencing for Message-Driven Component & Connector Architectures, doi, L1529861:10.1109/ICSA.2017.34)', '(R872636:Data-Centric Communication and Containerization for Future Automotive Software Architectures, publication year, L1528895:2018)', '(R873379:Predicting the Performance of Privacy-Preserving Data Analytics Using Architecture Modelling and Simulation, publication year, L1530392:2018)', '(R872741:Availability-Driven Architectural Change Propagation Through Bidirectional Model Transformations Between UML and Petri Net Models, publication year, L1529102:2018)', '(R873260:Synchronous Reconfiguration of Distributed Embedded Applications During Operation, research field, R659055:Software Architecture and Design)']","Among publications that investigate architectural assumptions, how are they distributed per year?","The research object Architectural Assumptions was investigated in three publications across the years: 2017, 2018, and 2019. The distribution of the research object Architectural Assumptions applied per year is one per year over the three years.","['10.1109/ICSA.2019.00024', '10.1109/ICSA.2019.00024', '10.1109/ICSA.2018.00026', '10.1109/ICSA.2018.00026', '10.1007/978-3-319-65831-5_14', '10.1007/978-3-319-65831-5_14']",,"['(R873641:Research Object Entity, Name, L1530909:Architectural Assumptions)', '(R873599:Improving the Consistency and Usefulness of Architecture Descriptions: Guidelines for Architects, publication year, L1530833:2019)', '(R873407:Research Object Entity, Name, L1530444:Architectural Assumptions)', '(R873379:Predicting the Performance of Privacy-Preserving Data Analytics Using Architecture Modelling and Simulation, publication year, L1530392:2018)', '(R868687:Research Object Entity, Name, L1520620:Architectural Assumptions)', '(R868651:Architectural Assumptions and Their Management in Industry – An Exploratory Study, publication year, L1520562:2017)']",clustering_strategy,R659055,Software Architecture and Design,5,What is the proportion of the research object [Content Data: research object name] that is applied per year?
107,c75b3cf0921537bf3249b9a498522306,66f35b8f-b2a8-4455-8a84-b10360f7de30,"

The texts show that the evaluation method **Benchmark** appears only once in the study’s “Evaluation Method List” and that the paper that mentions it was published in 2020 (DOI 10.1109/ICSA47634.2020.00009) [2]. Because there is no indication of Benchmark being used in any other year or additional publications, the only concrete frequency that can be inferred from the provided sources is **once per publication year**—i.e., a single occurrence in the 2020 publication [1][2]. The sources do not provide any data on its application in other years.

[1] Source: Evaluating the Effectiveness of Multi-level Greedy Modularity Clustering for Software Architecture Recovery, 10.1007/978-3-030-29983-5_5
[2] Source: Employment of Optimal Approximations on Apache Hadoop Checkpoint Technique for Performance Improvements, 10.1109/ICSA47634.2020.00009
",[],0.125,0.188,0.042,0.192,0.333,0.5,0.25,0.12,0.17,0.14,0.5,0.19,0.27,0.21,0.25,0.12,0.17,0.14,0.5,0.19,0.27,0.21,0.25,0.5,0.25,0.5,0.01,0.24,0.14,0.81,0.09,0.05,0.33,0.18,0.11,0.62,0.387,0.627,0.478,0.0,229.6117446422577,0.0,6233,0,0.0,,0,0.0,,,0.0,0.0,,0.0,0.0,https://wandb.ai/kastel-sdq-meta-research/experiment_cross_encoder/r/call/01a05e52-5b3c-755f-a836-fb2f17eaea27,retrieval_config,False,KitToolbox,kit.qwen3-embedding-8b,10,10,True,cosine,True,False,10,-1,8,False,False,1,False,-1,-1,False,,['R659055'],['Paper'],False,True,False,kg_retrieval,hublink,kittoolbox_kit.minimax-m2.7-229b_tmpNone_maxt-1_reasoningNone,KitToolbox,kit.minimax-m2.7-229b,,-1,,kittoolbox_kit.minimax-m2.7-229b_tmpNone_maxt-1_reasoningNone,KitToolbox,kit.minimax-m2.7-229b,,-1,,orkg_merged_ecsa_icsa.json_jsonpublicationloader_limit-1,['paper_class'],['research_level'],['first_research_object'],['second_research_object'],['validity'],['evidence'],False,False,R659055,https://sandbox.orkg.org,-1,orkg,merged_ecsa_icsa.json_jsonpublicationloader_limit-1,merged_ecsa_icsa.json,JsonPublicationLoader,-1,,4000,2,generation_kittoolbox_kit.minimax-m2.7-229b_tmpNone_maxt-1_reasoningNone,generation,kittoolbox_kit.minimax-m2.7-229b_tmpNone_maxt-1_reasoningNone,KitToolbox,kit.minimax-m2.7-229b,,-1,,"['(R874282:Evaluation, Evaluation method, R874283:Evaluation Method List)', '(R874283:Evaluation Method List, Entity, R874284:Evaluation Method Entity)', '(R874284:Evaluation Method Entity, Name, L1532280:Benchmark)', '(R874260:Employment of Optimal Approximations on Apache Hadoop Checkpoint Technique for Performance Improvements, doi, L1532228:10.1109/ICSA47634.2020.00009)']",How often is the evaluation method Benchmark applied per publication year?,"The evaluation method Benchmark was used twice in 2020, once in 2017, and once in 2019.","['10.1007/978-3-030-58923-3_2', '10.1007/978-3-030-58923-3_2', '10.1109/ICSA47634.2020.00009', '10.1109/ICSA47634.2020.00009', '10.1109/ICSA.2017.27', '10.1109/ICSA.2017.27', '10.1007/978-3-030-29983-5_5', '10.1007/978-3-030-29983-5_5']",,"['(R871169:Evaluation Method Entity, Name, L1525874:Benchmark)', '(R871143:Formal Software Architectural Migration Towards Emerging Architectural Styles, publication year, L1525821:2020)', '(R874284:Evaluation Method Entity, Name, L1532280:Benchmark)', '(R874260:Employment of Optimal Approximations on Apache Hadoop Checkpoint Technique for Performance Improvements, publication year, L1532232:2020)', '(R871616:Evaluation Method Entity, Name, L1526778:Benchmark)', '(R871582:Experiments in Curation: Towards Machine-Assisted Construction of Software Architecture Knowledge Bases, publication year, L1526719:2017)', '(R874546:Evaluation Method Entity, Name, L1532835:Benchmark)', '(R874518:Evaluating the Effectiveness of Multi-level Greedy Modularity Clustering for Software Architecture Recovery, publication year, L1532779:2019)']",clustering_strategy,R659055,Software Architecture and Design,6,What is the proportion of the evaluation method [Content Data: evaluation method name] that is applied per year?
108,c75b3cf0921537bf3249b9a498522306,f86e6a44-1e26-457c-8c53-2be336c61e7f,No context has been found for the given question.,[],0.0,0.0,0.0,0.0,0.0,0.0,0.0,0.0,0.0,0.0,0.0,0.0,0.0,0.0,0.0,0.0,0.0,0.0,0.0,0.0,0.0,0.0,0.0,0.0,0.0,0.0,0.01,0.13,0.22,0.09,0.0,0.0,0.0,0.06,0.11,0.05,0.615,0.463,0.528,0.0,165.69326829910278,0.0,43998,0,0.0,,0,0.0,,,0.0,0.0,,0.0,0.0,https://wandb.ai/kastel-sdq-meta-research/experiment_cross_encoder/r/call/01a05e53-379d-7d06-afbf-ce433e32ef28,retrieval_config,False,KitToolbox,kit.qwen3-embedding-8b,10,10,True,cosine,True,False,10,-1,8,False,False,1,False,-1,-1,False,,['R659055'],['Paper'],False,True,False,kg_retrieval,hublink,kittoolbox_kit.minimax-m2.7-229b_tmpNone_maxt-1_reasoningNone,KitToolbox,kit.minimax-m2.7-229b,,-1,,kittoolbox_kit.minimax-m2.7-229b_tmpNone_maxt-1_reasoningNone,KitToolbox,kit.minimax-m2.7-229b,,-1,,orkg_merged_ecsa_icsa.json_jsonpublicationloader_limit-1,['paper_class'],['research_level'],['first_research_object'],['second_research_object'],['validity'],['evidence'],False,False,R659055,https://sandbox.orkg.org,-1,orkg,merged_ecsa_icsa.json_jsonpublicationloader_limit-1,merged_ecsa_icsa.json,JsonPublicationLoader,-1,,4000,2,generation_kittoolbox_kit.minimax-m2.7-229b_tmpNone_maxt-1_reasoningNone,generation,kittoolbox_kit.minimax-m2.7-229b_tmpNone_maxt-1_reasoningNone,KitToolbox,kit.minimax-m2.7-229b,,-1,,,How often per year are field experiments used for evaluation?,"The frequency per year that field experiments are used for evaluation is once in 2019, once in 2018, and once in 2017.","['10.1007/978-3-030-29983-5_18', '10.1007/978-3-030-29983-5_18', '10.1007/978-3-319-65831-5_11', '10.1007/978-3-319-65831-5_11', '10.1109/ICSA.2018.00017', '10.1109/ICSA.2018.00017']",,"['(R869510:Evaluation Method Entity, Name, L1522395:Field Experiment)', '(R869486:ACE: Easy Deployment of Field Optimization Experiments, publication year, L1522347:2019)', '(R869418:Evaluation Method Entity, Name, L1522201:Field Experiment)', '(R869392:Decision Models for Microservices: Design Areas, Stakeholders, Use Cases, and Requirements, publication year, L1522148:2017)', '(R871557:Evaluation Method Entity, Name, L1526667:Field Experiment)', '(R871523:An Architecture for Decentralized, Collaborative, and Autonomous Robots, publication year, L1526604:2018)']",clustering_strategy,R659055,Software Architecture and Design,6,What is the proportion of the evaluation method [Content Data: evaluation method name] that is applied per year?
109,c75b3cf0921537bf3249b9a498522306,997f2c00-4d34-4801-81f6-aa3b52186e51,"

The paper evaluates the **Architecture Design Method** on several distinct properties. According to [1], the evaluation looks at **Context Coverage** and **Quality in Use**; [2] reports that the examined property also includes **Product Quality** (which contains the sub‑property Compatibility); [4] notes that **Functional Suitability** is likewise assessed; and [3] indicates that the assessment is carried out using an **evaluation method** called a **Questionnaire** (also described as a **Technical Experiment**). In sum, the Architecture Design Method is evaluated with respect to Context Coverage, Quality in Use, Functional Suitability, and Product Quality (including Compatibility), employing a questionnaire/technical‑experiment approach.

[1] Source: Design Criteria to Architect Continuous Experimentation for Self-Driving Vehicles, 10.1109/ICSA.2017.36
[2] Source: Mitigating the Influence of Embedded Software Development Environments and Toolsets (ESDT) on Software Architecture, 10.1109/ICSA.2019.00020
[3] Source: Continuous Analysis of Collaborative Design, 10.1109/ICSA.2017.45
[4] Source: Enabling Continuous Software Engineering for Embedded Systems Architectures with Virtual Prototypes, 10.1007/978-3-030-00761-4_8
",['Enabling Continuous Software Engineering for Embedded Systems Architectures with Virtual Prototypes'],1.0,0.0,0.143,0.071,0.143,0.143,0.1,1.0,0.18,0.36,0.12,1.0,0.21,0.4,0.03,1.0,0.06,0.14,0.04,1.0,0.09,0.19,0.1,0.118,0.032,0.044,0.01,0.24,0.15,0.56,0.06,0.04,0.15,0.17,0.11,0.41,0.381,0.547,0.449,0.0,523.4337291717529,0.0,31844,0,0.0,,0,0.0,,,0.0,0.0,,0.0,0.0,https://wandb.ai/kastel-sdq-meta-research/experiment_cross_encoder/r/call/01a05e53-fddf-708a-89a2-60667bc38a27,retrieval_config,False,KitToolbox,kit.qwen3-embedding-8b,10,10,True,cosine,True,False,10,-1,8,False,False,1,False,-1,-1,False,,['R659055'],['Paper'],False,True,False,kg_retrieval,hublink,kittoolbox_kit.minimax-m2.7-229b_tmpNone_maxt-1_reasoningNone,KitToolbox,kit.minimax-m2.7-229b,,-1,,kittoolbox_kit.minimax-m2.7-229b_tmpNone_maxt-1_reasoningNone,KitToolbox,kit.minimax-m2.7-229b,,-1,,orkg_merged_ecsa_icsa.json_jsonpublicationloader_limit-1,['paper_class'],['research_level'],['first_research_object'],['second_research_object'],['validity'],['evidence'],False,False,R659055,https://sandbox.orkg.org,-1,orkg,merged_ecsa_icsa.json_jsonpublicationloader_limit-1,merged_ecsa_icsa.json,JsonPublicationLoader,-1,,4000,2,generation_kittoolbox_kit.minimax-m2.7-229b_tmpNone_maxt-1_reasoningNone,generation,kittoolbox_kit.minimax-m2.7-229b_tmpNone_maxt-1_reasoningNone,KitToolbox,kit.minimax-m2.7-229b,,-1,,"['(R2156203:Research Object Entity, Name, L2809570:Architecture Design Method)', '(R2156138:Research Object Entity, Name, L2809492:Architecture Design Method)', '(R2156194:First Research Object 2, evaluation, R2156206:Evaluation)', '(R2156206:Evaluation, properties, R2156217:Property)', '(R2156221:Property, Name, L2809593:Functional Suitability)', '(R870619:First Research Object 2, evaluation, R870620:Evaluation)', '(R870624:Property, Name, L1524745:Functional Suitability)', '(R870620:Evaluation, properties, R870623:Property)', '(R870623:Property, Name, L1524746:Product Quality)', '(R2156131:First Research Object 2, evaluation, R2156139:Evaluation)', '(R2156201:Research Object List, Entity, R2156203:Research Object Entity)', '(R870626:Research Object Entity, Name, L1524747:Architecture Design Method)', '(R2156217:Property, Name, L2809588:Product Quality)', '(R870291:First Research Object 2, evaluation, R870292:Evaluation)', '(R870292:Evaluation, properties, R870295:Property)', '(R870296:Property, Name, L1524084:Context Coverage)', '(R868879:Evaluation, properties, R868882:Property)', '(R868882:Property, Name, L1521053:Product Quality)', '(R2156139:Evaluation, properties, R2156150:Property)', '(R2156152:Property, Name, L2809503:Context Coverage)', '(R2156150:Property, Name, L2809501:Quality in Use)', '(R870295:Property, Name, L1524085:Quality in Use)', '(R870298:Research Object Entity, Name, L1524086:Architecture Design Method)', '(R872850:First Research Object 2, evaluation, R872851:Evaluation)', '(R872851:Evaluation, Evaluation method, R872852:Evaluation Method List)', '(R872852:Evaluation Method List, Entity, R872853:Evaluation Method Entity)', '(R872853:Evaluation Method Entity, Name, L1529335:Questionnaire)', '(R872850:First Research Object 2, evaluation, R872860:Evaluation)', '(R872860:Evaluation, Evaluation method, R872861:Evaluation Method List)', '(R872861:Evaluation Method List, Entity, R872862:Evaluation Method Entity)', '(R872862:Evaluation Method Entity, Name, L1529342:Technical Experiment)']",What is the property that is evaluated for the research object Architecture Design Method in the paper with the title 'Enabling Continuous Software Engineering for Embedded Systems Architectures with Virtual Prototypes'?,The property investigated on the research object Architecture Design Method in the paper 'Enabling Continuous Software Engineering for Embedded Systems Architectures with Virtual Prototypes' is Functional Suitability.,['10.1007/978-3-030-00761-4_8'],,"['(R870624:Property, Name, L1524745:Functional Suitability)']",publication_subgraph_strategy,R659055,Software Architecture and Design,6,What is the name of the sub-property that is evaluated for the research object with the name [Content Data: research object name] in the paper with the title '[Metadata: paper title]'?
110,c75b3cf0921537bf3249b9a498522306,0747eb71-bded-4b8d-8e36-ad0417e51a7a,"

The architecture‑decision‑making investigation in the paper **“Empirical Insights into the Evolving Role of Architects in Decision‑Making in an Agile Context”** evaluates several properties of the research object. The most frequently cited property is **Product Quality** – it is highlighted as the primary property used to assess the architecture‑decision‑making process and appears in all of the source summaries [1][3][4][5]. Alongside this, the evaluation also examined additional properties, including:

* **Effectiveness** (with sub‑properties such as Accuracy and Functional Suitability) [1][2]  
* **Satisfaction** of stakeholders [2]  
* **Quality in Use** [1][2]  
* **Context coverage** [2]  
* **Maintainability** (including its own sub‑properties) [3]  
* **Quality of Method** [1]

Thus, while **Product Quality** is the core property assessed, the study’s evaluation encompasses a broader set of attributes—effectiveness, satisfaction, quality in use, context coverage, maintainability, and quality of method—to provide a comprehensive view of the architecture‑decision‑making investigation.

[1] Source: Recovering Architectural Design Decisions, 10.1109/ICSA.2018.00019
[2] Source: Understanding Architecture Decisions in Context, 10.1007/978-3-030-00761-4_19
[3] Source: On Interfaces to Support Agile Architecting in Automotive: An Exploratory Case Study, 10.1109/ICSA.2019.00025
[4] Source: Empirical Insights into the Evolving Role of Architects in Decision-Making in an Agile Context, 10.1007/978-3-030-00761-4_17
[5] Source: Reducing Development Overheads with a Generic and Model-Centric Architecture for Online Games, 10.1109/ICSA.2018.00011
",['Empirical Insights into the Evolving Role of Architects in Decision-Making in an Agile Context'],0.0,0.0,0.0,0.0,0.0,0.0,0.0,0.0,0.0,0.0,0.0,0.0,0.0,0.0,0.0,0.0,0.0,0.0,0.0,0.0,0.0,0.0,0.0,0.0,0.0,0.0,0.05,0.33,0.2,0.91,0.22,0.13,0.62,0.26,0.16,0.73,0.442,0.782,0.565,0.0,358.94259572029114,0.0,14004,0,0.0,,0,0.0,,,0.0,0.0,,0.0,0.0,https://wandb.ai/kastel-sdq-meta-research/experiment_cross_encoder/r/call/01a05e54-d6e5-74f6-95ef-31d269fb1102,retrieval_config,False,KitToolbox,kit.qwen3-embedding-8b,10,10,True,cosine,True,False,10,-1,8,False,False,1,False,-1,-1,False,,['R659055'],['Paper'],False,True,False,kg_retrieval,hublink,kittoolbox_kit.minimax-m2.7-229b_tmpNone_maxt-1_reasoningNone,KitToolbox,kit.minimax-m2.7-229b,,-1,,kittoolbox_kit.minimax-m2.7-229b_tmpNone_maxt-1_reasoningNone,KitToolbox,kit.minimax-m2.7-229b,,-1,,orkg_merged_ecsa_icsa.json_jsonpublicationloader_limit-1,['paper_class'],['research_level'],['first_research_object'],['second_research_object'],['validity'],['evidence'],False,False,R659055,https://sandbox.orkg.org,-1,orkg,merged_ecsa_icsa.json_jsonpublicationloader_limit-1,merged_ecsa_icsa.json,JsonPublicationLoader,-1,,4000,2,generation_kittoolbox_kit.minimax-m2.7-229b_tmpNone_maxt-1_reasoningNone,generation,kittoolbox_kit.minimax-m2.7-229b_tmpNone_maxt-1_reasoningNone,KitToolbox,kit.minimax-m2.7-229b,,-1,,"['(R873326:Property, Name, L1530275:Product Quality)', '(R872102:Property, Name, L1527783:Product Quality)', '(R868844:First Research Object 2, evaluation, R868845:Evaluation)', '(R868845:Evaluation, properties, R868848:Property)', '(R868848:Property, Name, L1520984:Product Quality)', '(R874017:First Research Object 2, evaluation, R874018:Evaluation)', '(R874018:Evaluation, properties, R874021:Property)', '(R874021:Property, Name, L1531722:Product Quality)', '(R868636:Property, Name, L1520520:Satisfaction)', '(R868638:Property, Name, L1520522:Effectiveness)', '(R868635:Property, Name, L1520523:Quality in Use)', '(R868637:Property, Name, L1520521:Context coverage)', '(R868849:Property, Name, L1520983:Maintainability)', '(R872101:Property, Name, L1527780:Effectiveness)', '(R872099:Property, Name, L1527778:Accuracy)', '(R872103:Property, Name, L1527782:Functional Suitability)', '(R872100:Property, Name, L1527781:Quality in Use)', '(R872098:Property, Name, L1527779:Quality of Method)']",What property is evaluated in the architecture decision making investigation of the paper 'Empirical Insights into the Evolving Role of Architects in Decision-Making in an Agile Context'?,The property that is evaluated on the research object Architecture Decision Making in the publication 'Empirical Insights into the Evolving Role of Architects in Decision-Making in an Agile Context' is Functional Suitability.,"['10.1007/978-3-030-00761-4_17', '10.1007/978-3-030-00761-4_17']",,"['(R873327:Property, Name, L1530274:Functional Suitability)', '(R873329:Research Object Entity, Name, L1530276:Architecture Decision Making)']",publication_subgraph_strategy,R873301,Empirical Insights into the Evolving Role of Architects in Decision-Making in an Agile Context,5,What is the evaluation sub-property used on the research object [Content Data: research object name] in the publication '[Metadata: paper title]'?
111,c75b3cf0921537bf3249b9a498522306,16af36ed-fb1f-4147-908d-737e9e33aee1,"

The evaluation method applied to evaluate the research object **Architecture Analysis Method** in the paper **“Accurate Analysis of Quality Properties of Software with Observation‑Based Markov Chain Refinement”** is described by the sources in multiple ways:

* **Technical Experiment** – reported in sources [2], [4] and [6]  
* **Case Study** – reported in sources [1] and [7]  
* **Benchmark** – reported in sources [3] and [5]

Additionally, some sources note that the texts refer to an “Architecture Design Method” rather than explicitly mentioning “Architecture Analysis Method” [4][7].

[1] Source: Accurate Analysis of Quality Properties of Software with Observation-Based Markov Chain Refinement, 10.1109/ICSA.2017.14
[2] Source: Component-Based Refinement and Verification of Information-Flow Security Policies for Cyber-Physical Microservice Architectures, 10.1109/ICSA.2019.00015
[3] Source: Evaluating the Effectiveness of Multi-level Greedy Modularity Clustering for Software Architecture Recovery, 10.1007/978-3-030-29983-5_5
[4] Source: Designing Robust Software Systems through Parametric Markov Chain Synthesis, 10.1109/ICSA.2017.16
[5] Source: Formal Software Architectural Migration Towards Emerging Architectural Styles, 10.1007/978-3-030-58923-3_2
[6] Source: Data-Driven Software Architecture for Analyzing Confidentiality, 10.1109/ICSA.2019.00009
[7] Source: Incremental Calibration of Architectural Performance Models with Parametric Dependencies, 10.1109/ICSA47634.2020.00011
",['Accurate Analysis of Quality Properties of Software with Observation-Based Markov Chain Refinement'],0.0,0.0,0.0,0.0,0.0,0.0,0.0,0.0,0.0,0.0,0.0,0.0,0.0,0.0,0.03,1.0,0.07,0.15,0.05,1.0,0.1,0.22,0.0,0.0,0.034,0.054,0.13,0.54,0.38,0.97,0.52,0.36,0.94,0.54,0.38,0.97,0.47,0.832,0.6,0.0,486.0353031158447,0.0,42099,0,0.0,,0,0.0,,,0.0,0.0,,0.0,0.0,https://wandb.ai/kastel-sdq-meta-research/experiment_cross_encoder/r/call/01a05e56-0bc2-79f4-9940-fc8a848340cf,retrieval_config,False,KitToolbox,kit.qwen3-embedding-8b,10,10,True,cosine,True,False,10,-1,8,False,False,1,False,-1,-1,False,,['R659055'],['Paper'],False,True,False,kg_retrieval,hublink,kittoolbox_kit.minimax-m2.7-229b_tmpNone_maxt-1_reasoningNone,KitToolbox,kit.minimax-m2.7-229b,,-1,,kittoolbox_kit.minimax-m2.7-229b_tmpNone_maxt-1_reasoningNone,KitToolbox,kit.minimax-m2.7-229b,,-1,,orkg_merged_ecsa_icsa.json_jsonpublicationloader_limit-1,['paper_class'],['research_level'],['first_research_object'],['second_research_object'],['validity'],['evidence'],False,False,R659055,https://sandbox.orkg.org,-1,orkg,merged_ecsa_icsa.json_jsonpublicationloader_limit-1,merged_ecsa_icsa.json,JsonPublicationLoader,-1,,4000,2,generation_kittoolbox_kit.minimax-m2.7-229b_tmpNone_maxt-1_reasoningNone,generation,kittoolbox_kit.minimax-m2.7-229b_tmpNone_maxt-1_reasoningNone,KitToolbox,kit.minimax-m2.7-229b,,-1,,"['(R873682:Second Research Object 2, evaluation, R873683:Evaluation)', '(R868325:Component-Based Refinement and Verification of Information-Flow Security Policies for Cyber-Physical Microservice Architectures, contribution, R868346:First Research Object 2)', '(R868346:First Research Object 2, Object, R868352:Research Object List)', '(R868352:Research Object List, Entity, R868353:Research Object Entity)', '(R868353:Research Object Entity, Name, L1519903:Architecture Analysis Method)', '(R868426:First Research Object 2, evaluation, R868427:Evaluation)', '(R871166:First Research Object 2, evaluation, R871167:Evaluation)', '(R868435:Research Object Entity, Name, L1520083:Architecture Design Method)', '(R868346:First Research Object 2, evaluation, R868347:Evaluation)', '(R868240:Research Object Entity, Name, L1519649:Architecture Analysis Method)', '(R868233:First Research Object 2, evaluation, R868234:Evaluation)', '(R868234:Evaluation, Evaluation method, R868235:Evaluation Method List)', '(R868235:Evaluation Method List, Entity, R868236:Evaluation Method Entity)', '(R868236:Evaluation Method Entity, Name, L1519645:Case Study)', '(R868427:Evaluation, Evaluation method, R868428:Evaluation Method List)', '(R868428:Evaluation Method List, Entity, R868429:Evaluation Method Entity)', '(R868429:Evaluation Method Entity, Name, L1520077:Technical Experiment)', '(R874544:Evaluation, Evaluation method, R874545:Evaluation Method List)', '(R874545:Evaluation Method List, Entity, R874546:Evaluation Method Entity)', '(R874546:Evaluation Method Entity, Name, L1532835:Benchmark)', '(R868347:Evaluation, Evaluation method, R868348:Evaluation Method List)', '(R868348:Evaluation Method List, Entity, R868349:Evaluation Method Entity)', '(R868349:Evaluation Method Entity, Name, L1519899:Technical Experiment)', '(R873683:Evaluation, Evaluation method, R873684:Evaluation Method List)', '(R873684:Evaluation Method List, Entity, R873685:Evaluation Method Entity)', '(R873685:Evaluation Method Entity, Name, L1531013:Technical Experiment)', '(R871167:Evaluation, Evaluation method, R871168:Evaluation Method List)', '(R871168:Evaluation Method List, Entity, R871169:Evaluation Method Entity)', '(R871169:Evaluation Method Entity, Name, L1525874:Benchmark)']",What is the evaluation method applied to evaluate the research object Architecture Analysis Method in the paper with the title 'Accurate Analysis of Quality Properties of Software with Observation-Based Markov Chain Refinement'?,The evaluation method applied to evaluate the research object Architecture Analysis Method in the paper 'Accurate Analysis of Quality Properties of Software with Observation-Based Markov Chain Refinement' is a Case Study.,['10.1109/ICSA.2017.14'],,"['(R868236:Evaluation Method Entity, Name, L1519645:Case Study)']",publication_subgraph_strategy,R868212,Accurate Analysis of Quality Properties of Software with Observation-Based Markov Chain Refinement,5,What is the evaluation method used on the research object [Content Data: research object name] in the publication '[Metadata: paper title]'?
112,c75b3cf0921537bf3249b9a498522306,a37729e8-51ae-4396-934f-dacfdd428a13,"

The reference architecture in the paper **“FLRA: A Reference Architecture for Federated Learning Systems”** is evaluated using a **Data‑Science‑oriented approach** [1]. In this evaluation the authors assess the **Product Quality** property as one of the criteria, note that the “Has Guideline” attribute is set to **false**, and state that tool support is **not used** [2]. No additional concrete evaluation method (e.g., case study, experiment, or benchmark) is explicitly described in the provided passages.

[1] Source: FLRA: A Reference Architecture for Federated Learning Systems, 10.1007/978-3-030-86044-8_6
[2] Source: COCOS: A Scalable Architecture for Containerized Heterogeneous Systems, 10.1109/ICSA47634.2020.00018
",['FLRA: A Reference Architecture for Federated Learning Systems'],1.0,1.0,1.0,0.5,1.0,1.0,0.17,1.0,0.29,0.5,0.22,1.0,0.36,0.59,0.17,1.0,0.29,0.5,0.22,1.0,0.36,0.59,0.167,0.222,0.167,0.222,0.09,0.43,0.28,0.95,0.33,0.21,0.76,0.35,0.22,0.77,0.541,0.872,0.668,1.0,243.29095315933228,0.0,128495,0,0.0,,0,0.0,,,0.0,0.0,,0.0,0.0,https://wandb.ai/kastel-sdq-meta-research/experiment_cross_encoder/r/call/01a05e56-3caa-7566-a8e6-4b3474d71750,retrieval_config,False,KitToolbox,kit.qwen3-embedding-8b,10,10,True,cosine,True,False,10,-1,8,False,False,1,False,-1,-1,False,,['R659055'],['Paper'],False,True,False,kg_retrieval,hublink,kittoolbox_kit.minimax-m2.7-229b_tmpNone_maxt-1_reasoningNone,KitToolbox,kit.minimax-m2.7-229b,,-1,,kittoolbox_kit.minimax-m2.7-229b_tmpNone_maxt-1_reasoningNone,KitToolbox,kit.minimax-m2.7-229b,,-1,,orkg_merged_ecsa_icsa.json_jsonpublicationloader_limit-1,['paper_class'],['research_level'],['first_research_object'],['second_research_object'],['validity'],['evidence'],False,False,R659055,https://sandbox.orkg.org,-1,orkg,merged_ecsa_icsa.json_jsonpublicationloader_limit-1,merged_ecsa_icsa.json,JsonPublicationLoader,-1,,4000,2,generation_kittoolbox_kit.minimax-m2.7-229b_tmpNone_maxt-1_reasoningNone,generation,kittoolbox_kit.minimax-m2.7-229b_tmpNone_maxt-1_reasoningNone,KitToolbox,kit.minimax-m2.7-229b,,-1,,"['(R870006:Evaluation Method Entity, Name, L1523455:Data Science)', '(R872137:First Research Object 2, evaluation, R872138:Evaluation)', '(R872138:Evaluation, Has Guideline, L1527866:False)', '(R872138:Evaluation, properties, R872141:Property)', '(R872141:Property, Name, L1527868:Product Quality)', '(R872147:Tool Support, used, L1527875:False)']",Which method is applied to evaluate the reference architecture in the paper 'FLRA: A Reference Architecture for Federated Learning Systems'?,The method applied to evaluate the reference architecture in the paper 'FLRA: A Reference Architecture for Federated Learning Systems' is Data Science.,['10.1007/978-3-030-86044-8_6'],,"['(R870006:Evaluation Method Entity, Name, L1523455:Data Science)']",publication_subgraph_strategy,R659055,Software Architecture and Design,6,What is the evaluation method used on the research object [Content Data: research object name] in the publication '[Metadata: paper title]'?
113,c75b3cf0921537bf3249b9a498522306,6916bcb2-160f-4d54-82c7-7a5c12ca7ad0,"

The evaluation methods that Uwe Zdun applied in the papers that investigate the research object **Architecture Decision Making** are:

- **Grounded Theory** – used as the evaluation method in the study that directly focuses on Architecture Decision Making [1] and also in the related work on architecture conformance [4].  
- **Data Science** – employed as the evaluation method in the qualitative multi‑method study “Architectural Design Decisions for Systems Supporting Model‑Based Analysis of Runtime Events” [3].

These are the only evaluation methods explicitly linked to Uwe Zdun’s investigations of the Architecture Decision Making research object in the provided sources.

[1] Source: Guiding Architectural Decision Making on Service Mesh Based Microservice Architectures, 10.1007/978-3-030-29983-5_1
[3] Source: Architectural Design Decisions for Systems Supporting Model-Based Analysis of Runtime Events: A Qualitative Multi-method Study, 10.1109/ICSA.2018.00021
[4] Source: Assessing Architecture Conformance to Coupling-Related Patterns and Practices in Microservices, 10.1007/978-3-030-58923-3_1
",['Uwe Zdun'],0.5,0.25,0.133,0.292,0.25,0.333,0.3,0.5,0.37,0.44,0.46,0.5,0.48,0.49,0.22,1.0,0.36,0.59,0.4,1.0,0.57,0.77,0.3,0.462,0.222,0.4,0.1,0.39,0.25,0.96,0.28,0.18,0.71,0.33,0.21,0.8,0.521,0.718,0.604,1.0,548.7249538898468,0.0025264499999999995,15481,0,0.0,,0,0.0,,,0.0,0.0,,0.0,0.0,https://wandb.ai/kastel-sdq-meta-research/experiment_cross_encoder/r/call/01a05e57-996d-7571-aa35-da3caf136b4e,retrieval_config,False,KitToolbox,kit.qwen3-embedding-8b,10,10,True,cosine,True,False,10,-1,8,False,False,1,False,-1,-1,False,,['R659055'],['Paper'],False,True,False,kg_retrieval,hublink,kittoolbox_kit.minimax-m2.7-229b_tmpNone_maxt-1_reasoningNone,KitToolbox,kit.minimax-m2.7-229b,,-1,,kittoolbox_kit.minimax-m2.7-229b_tmpNone_maxt-1_reasoningNone,KitToolbox,kit.minimax-m2.7-229b,,-1,,orkg_merged_ecsa_icsa.json_jsonpublicationloader_limit-1,['paper_class'],['research_level'],['first_research_object'],['second_research_object'],['validity'],['evidence'],False,False,R659055,https://sandbox.orkg.org,-1,orkg,merged_ecsa_icsa.json_jsonpublicationloader_limit-1,merged_ecsa_icsa.json,JsonPublicationLoader,-1,,4000,2,generation_kittoolbox_kit.minimax-m2.7-229b_tmpNone_maxt-1_reasoningNone,generation,kittoolbox_kit.minimax-m2.7-229b_tmpNone_maxt-1_reasoningNone,KitToolbox,kit.minimax-m2.7-229b,,-1,,"['(R873077:Architectural Design Decisions for Systems Supporting Model-Based Analysis of Runtime Events: A Qualitative Multi-method Study, contribution, R873098:First Research Object 2)', '(R873098:First Research Object 2, Object, R873104:Research Object List)', '(R873104:Research Object List, Entity, R873105:Research Object Entity)', '(R873105:Research Object Entity, Name, L1529835:Architecture Decision Making)', '(R869566:Assessing Architecture Conformance to Coupling-Related Patterns and Practices in Microservices, authors, R869567:authors list)', '(R869567:authors list, has list element, L1522515:Uwe Zdun)', '(R873077:Architectural Design Decisions for Systems Supporting Model-Based Analysis of Runtime Events: A Qualitative Multi-method Study, authors, R873078:authors list)', '(R873078:authors list, has list element, L1529783:Uwe Zdun)', '(R873340:Guiding Architectural Decision Making on Service Mesh Based Microservice Architectures, authors, R873341:authors list)', '(R873341:authors list, has list element, L1530307:Uwe Zdun)', '(R873340:Guiding Architectural Decision Making on Service Mesh Based Microservice Architectures, contribution, R873361:First Research Object 2)', '(R873361:First Research Object 2, Object, R873367:Research Object List)', '(R873367:Research Object List, Entity, R873368:Research Object Entity)', '(R873368:Research Object Entity, Name, L1530360:Architecture Decision Making)', '(R873098:First Research Object 2, evaluation, R873099:Evaluation)', '(R873099:Evaluation, Evaluation method, R873100:Evaluation Method List)', '(R873100:Evaluation Method List, Entity, R873101:Evaluation Method Entity)', '(R873101:Evaluation Method Entity, Name, L1529831:Data Science)', '(R873361:First Research Object 2, evaluation, R873362:Evaluation)', '(R873362:Evaluation, Evaluation method, R873363:Evaluation Method List)', '(R873363:Evaluation Method List, Entity, R873364:Evaluation Method Entity)', '(R873364:Evaluation Method Entity, Name, L1530356:Grounded Theory)', '(R869566:Assessing Architecture Conformance to Coupling-Related Patterns and Practices in Microservices, contribution, R869587:First Research Object 2)', '(R869587:First Research Object 2, evaluation, R869588:Evaluation)', '(R869588:Evaluation, Evaluation method, R869589:Evaluation Method List)', '(R869589:Evaluation Method List, Entity, R869590:Evaluation Method Entity)', '(R869590:Evaluation Method Entity, Name, L1522568:Grounded Theory)']",What are the evaluation methods that the author Uwe Zdun applied in papers that investigate the research object Architecture Decision Making?,The evaluation methods that the author Uwe Zdun applied in papers that investigate the research object Architecture Decision Making are Data Science and Grounded Theory.,"['10.1109/ICSA.2018.00021', '10.1109/ICSA.2018.00021', '10.1109/ICSA.2018.00021', '10.1007/978-3-030-29983-5_1', '10.1007/978-3-030-29983-5_1', '10.1007/978-3-030-29983-5_1']",,"['(R873078:authors list, has list element, L1529783:Uwe Zdun)', '(R873105:Research Object Entity, Name, L1529835:Architecture Decision Making)', '(R873101:Evaluation Method Entity, Name, L1529831:Data Science)', '(R873341:authors list, has list element, L1530307:Uwe Zdun)', '(R873368:Research Object Entity, Name, L1530360:Architecture Decision Making)', '(R873364:Evaluation Method Entity, Name, L1530356:Grounded Theory)']",clustering_strategy,R659055,Software Architecture and Design,6,What are the names of the evaluation methods that the author Uwe Zdun applied in papers that investigate the research object with the name [Content Data: research object name]?
114,c75b3cf0921537bf3249b9a498522306,244e7283-5c10-47ba-baf6-8532b4983390,"

The only source that directly mentions a paper authored (in part) by **Duc Le** is [3]. In that work, “Architectural Decay as Predictor of Issue‑ and Change‑Proneness,” the investigated objects (Technical Debt) are evaluated with respect to an **Accuracy** property. However, the source does **not** provide any further specifics about the evaluation methodology (e.g., case‑study, experiment, grounded‑theory, etc.).  

Thus, for papers published by Duc Le, the available evidence indicates that an **accuracy evaluation** was performed, but the particular evaluation method is not stated in the supplied texts. 【3】

[3] Source: Architectural Decay as Predictor of Issue- and Change-Proneness, 10.1109/ICSA51549.2021.00017
",['Duc Le'],0.167,0.167,0.056,0.033,0.333,0.333,0.33,0.17,0.22,0.19,0.4,0.17,0.24,0.19,0.33,0.17,0.22,0.19,0.4,0.17,0.24,0.19,0.333,0.4,0.333,0.4,0.04,0.34,0.22,0.77,0.14,0.09,0.32,0.17,0.11,0.38,0.45,0.651,0.532,0.0,314.8954815864563,0.0,55972,0,0.0,,0,0.0,,,0.0,0.0,,0.0,0.0,https://wandb.ai/kastel-sdq-meta-research/experiment_cross_encoder/r/call/01a05e5a-2493-7d94-92cd-33d3e5f76dd3,retrieval_config,False,KitToolbox,kit.qwen3-embedding-8b,10,10,True,cosine,True,False,10,-1,8,False,False,1,False,-1,-1,False,,['R659055'],['Paper'],False,True,False,kg_retrieval,hublink,kittoolbox_kit.minimax-m2.7-229b_tmpNone_maxt-1_reasoningNone,KitToolbox,kit.minimax-m2.7-229b,,-1,,kittoolbox_kit.minimax-m2.7-229b_tmpNone_maxt-1_reasoningNone,KitToolbox,kit.minimax-m2.7-229b,,-1,,orkg_merged_ecsa_icsa.json_jsonpublicationloader_limit-1,['paper_class'],['research_level'],['first_research_object'],['second_research_object'],['validity'],['evidence'],False,False,R659055,https://sandbox.orkg.org,-1,orkg,merged_ecsa_icsa.json_jsonpublicationloader_limit-1,merged_ecsa_icsa.json,JsonPublicationLoader,-1,,4000,2,generation_kittoolbox_kit.minimax-m2.7-229b_tmpNone_maxt-1_reasoningNone,generation,kittoolbox_kit.minimax-m2.7-229b_tmpNone_maxt-1_reasoningNone,KitToolbox,kit.minimax-m2.7-229b,,-1,,"['(R872801:First Research Object 2, evaluation, R872802:Evaluation)', '(R872802:Evaluation, properties, R872805:Property)', '(R872806:Property, Name, L1529236:Accuracy)']",What evaluation methods have been applied to evaluate accuracy on the investigated objects in papers published by Duc Le?,The evaluation methods that have been applied to evaluate accuracy on the investigated objects in papers published by Duc Le are Technical Experiment and Data Science.,"['10.1109/ICSA.2018.00019', '10.1109/ICSA.2018.00019', '10.1109/ICSA.2018.00019', '10.1109/ICSA51549.2021.00017', '10.1109/ICSA51549.2021.00017', '10.1109/ICSA51549.2021.00017']",,"['(R872070:authors list, has list element, L1527717:Duc Le)', '(R872099:Property, Name, L1527778:Accuracy)', '(R872097:Evaluation Method Entity, Name, L1527776:Technical Experiment)', '(R872781:authors list, has list element, L1529180:Duc Le)', '(R872806:Property, Name, L1529236:Accuracy)', '(R872804:Evaluation Method Entity, Name, L1529234:Data Science)']",clustering_strategy,R659055,Software Architecture and Design,6,What evaluation methods have been published by the author [Metadata: author name] with the sub-property [Content Data: sub-property name]?
115,c75b3cf0921537bf3249b9a498522306,92bfcae2-d819-4a89-9956-d880552e8b1a,"

The papers authored by Lu Xiao evaluated the usability of the investigated objects using several distinct evaluation‑method approaches. The methods that appear across the source texts are:

* **Controlled experiment** – used to assess usability under controlled conditions【1】【4】.  
* **Technical experiment** – employed as a technical means to examine usability aspects【1】【6】.  
* **Case study** – applied as an empirical evaluation of specific objects or scenarios【2】【3】【5】【10】.  
* **Questionnaire** – a self‑report instrument used to gather usability data from users or experts【5】.  
* **Motivating example** – an illustrative example that demonstrates and argues for usability qualities【6】【7】.  
* **Argumentation** – a structured reasoning process used to evaluate usability claims【6】【7】.  

In some entries the evaluation method for usability is **not explicitly specified** (e.g., the method field is recorded as “False” or only “tool support” is mentioned)【8】【9】, which indicates that the exact method was not detailed in those particular studies.

Thus, the usability of the objects in Lu Xiao’s publications was investigated primarily through empirical methods (controlled and technical experiments, case studies), survey‑based approaches (questionnaires), and analytical methods (motivating examples and argumentation).

",['Lu Xiao'],0.167,0.0,0.056,0.033,0.333,0.333,0.1,0.17,0.12,0.15,0.11,0.17,0.13,0.15,0.04,0.5,0.07,0.14,0.06,0.5,0.11,0.2,0.1,0.111,0.037,0.059,0.02,0.21,0.12,0.88,0.11,0.06,0.46,0.16,0.09,0.68,0.393,0.659,0.492,1.0,333.80011773109436,0.0,34672,0,0.0,,0,0.0,,,0.0,0.0,,0.0,0.0,https://wandb.ai/kastel-sdq-meta-research/experiment_cross_encoder/r/call/01a05e5a-983f-7ea4-a6ce-ff167106ea27,retrieval_config,False,KitToolbox,kit.qwen3-embedding-8b,10,10,True,cosine,True,False,10,-1,8,False,False,1,False,-1,-1,False,,['R659055'],['Paper'],False,True,False,kg_retrieval,hublink,kittoolbox_kit.minimax-m2.7-229b_tmpNone_maxt-1_reasoningNone,KitToolbox,kit.minimax-m2.7-229b,,-1,,kittoolbox_kit.minimax-m2.7-229b_tmpNone_maxt-1_reasoningNone,KitToolbox,kit.minimax-m2.7-229b,,-1,,orkg_merged_ecsa_icsa.json_jsonpublicationloader_limit-1,['paper_class'],['research_level'],['first_research_object'],['second_research_object'],['validity'],['evidence'],False,False,R659055,https://sandbox.orkg.org,-1,orkg,merged_ecsa_icsa.json_jsonpublicationloader_limit-1,merged_ecsa_icsa.json,JsonPublicationLoader,-1,,4000,2,generation_kittoolbox_kit.minimax-m2.7-229b_tmpNone_maxt-1_reasoningNone,generation,kittoolbox_kit.minimax-m2.7-229b_tmpNone_maxt-1_reasoningNone,KitToolbox,kit.minimax-m2.7-229b,,-1,,"['(R869462:First Research Object 2, evaluation, R869463:Evaluation)', '(R869463:Evaluation, properties, R869466:Property)', '(R869467:Property, Name, L1522304:Usability)', '(R872587:Evaluation, properties, R872590:Property)', '(R872591:Property, Name, L1528793:Usability)', '(R874325:Property, Name, L1532370:Usability)', '(R871370:Evaluation Method Entity, Name, L1526295:Motivating Example)', '(R872581:Evaluation, properties, R872584:Property)', '(R871701:First Research Object 2, evaluation, R871702:Evaluation)', '(R871702:Evaluation, properties, R871707:Property)', '(R871707:Property, Sub-Property, R871708:Property)', '(R871708:Property, Name, L1526978:Usability)', '(R2156283:First Research Object 2, evaluation, R2156323:Evaluation)', '(R2156323:Evaluation, Evaluation method, R2156325:Evaluation Method List)', '(R2156325:Evaluation Method List, Entity, R2156327:Evaluation Method Entity)', '(R2156327:Evaluation Method Entity, Name, L2809683:Questionnaire)', '(R869462:First Research Object 2, evaluation, R869468:Evaluation)', '(R869468:Evaluation, properties, R869471:Property)', '(R868951:First Research Object 2, evaluation, R868952:Evaluation)', '(R872508:Evaluation, Evaluation method, R872509:Evaluation Method List)', '(R872509:Evaluation Method List, Entity, R872510:Evaluation Method Entity)', '(R872510:Evaluation Method Entity, Name, L1528660:Case Study)', '(R871128:Evaluation Method Entity, Name, L1525787:Case Study)', '(R2156283:First Research Object 2, evaluation, R2156299:Evaluation)', '(R2156299:Evaluation, Evaluation method, R2156306:Evaluation Method List)', '(R2156306:Evaluation Method List, Entity, R2156311:Evaluation Method Entity)', '(R2156311:Evaluation Method Entity, Name, L2809677:Case Study)', '(R872569:Evaluation, properties, R872572:Property)', '(R872573:Property, Name, L1528779:Usability)', '(R870458:First Research Object 2, evaluation, R870459:Evaluation)', '(R870459:Evaluation, Evaluation method, R870460:Evaluation Method List)', '(R870460:Evaluation Method List, Entity, R870461:Evaluation Method Entity)', '(R870461:Evaluation Method Entity, Name, L1524400:Case Study)', '(R873171:Butterfly Space: An Architectural Approach for Investigating Performance Issues, contribution, R873203:First Research Object 2)', '(R873203:First Research Object 2, evaluation, R873204:Evaluation)', '(R873204:Evaluation, Evaluation method, R873205:Evaluation Method List)', '(R873205:Evaluation Method List, Entity, R873206:Evaluation Method Entity)', '(R873206:Evaluation Method Entity, Name, L1530035:Case Study)', '(R2156155:First Research Object 2, evaluation, R2156167:Evaluation)', '(R2156167:Evaluation, Evaluation method, R2156168:Evaluation Method List)', '(R2156168:Evaluation Method List, Entity, R2156169:Evaluation Method Entity)', '(R2156169:Evaluation Method Entity, Name, L2809544:Questionnaire)', '(R871375:Evaluation Method Entity, Name, L1526299:Argumentation)', '(R874321:Evaluation, Evaluation method, R874322:Evaluation Method List)', '(R874323:Evaluation Method Entity, Name, L1532368:Controlled Experiment)', '(R872569:Evaluation, Evaluation method, R872570:Evaluation Method List)', '(R872570:Evaluation Method List, Entity, R872571:Evaluation Method Entity)', '(R872571:Evaluation Method Entity, Name, L1528777:Technical Experiment)', '(R873171:Butterfly Space: An Architectural Approach for Investigating Performance Issues, contribution, R873214:Second Research Object 2)', '(R873214:Second Research Object 2, evaluation, R873215:Evaluation)', '(R873215:Evaluation, Evaluation method, R873216:Evaluation Method List)', '(R873216:Evaluation Method List, Entity, R873217:Evaluation Method Entity)', '(R873217:Evaluation Method Entity, Name, L1530043:Case Study)', '(R2156215:Evaluation Method Entity, Name, L2809582:Case Study)', '(R870458:First Research Object 2, evaluation, R870464:Evaluation)', '(R870464:Evaluation, Evaluation method, R870465:Evaluation Method List)', '(R870465:Evaluation Method List, Entity, R870466:Evaluation Method Entity)', '(R870466:Evaluation Method Entity, Name, L1524404:Questionnaire)', '(R872580:Second Research Object 2, evaluation, R872587:Evaluation)', '(R872580:Second Research Object 2, evaluation, R872581:Evaluation)', '(R872581:Evaluation, Evaluation method, R872582:Evaluation Method List)', '(R872582:Evaluation Method List, Entity, R872583:Evaluation Method Entity)', '(R872583:Evaluation Method Entity, Name, L1528786:Motivating Example)', '(R2156155:First Research Object 2, evaluation, R2156160:Evaluation)', '(R2156160:Evaluation, Evaluation method, R2156161:Evaluation Method List)', '(R2156161:Evaluation Method List, Entity, R2156162:Evaluation Method Entity)', '(R2156162:Evaluation Method Entity, Name, L2809527:Case Study)', '(R872587:Evaluation, Evaluation method, R872588:Evaluation Method List)', '(R872588:Evaluation Method List, Entity, R872589:Evaluation Method Entity)', '(R872589:Evaluation Method Entity, Name, L1528791:Argumentation)', '(R869468:Evaluation, Evaluation method, R869469:Evaluation Method List)', '(R869469:Evaluation Method List, Entity, R869470:Evaluation Method Entity)', '(R869470:Evaluation Method Entity, Name, L1522306:Technical Experiment)', '(R869463:Evaluation, Evaluation method, R869464:Evaluation Method List)', '(R869464:Evaluation Method List, Entity, R869465:Evaluation Method Entity)', '(R869465:Evaluation Method Entity, Name, L1522302:Controlled Experiment)', '(R871711:Second Research Object 2, evaluation, R871712:Evaluation)', '(R868961:Evidence 2, Uses Tool Support, R868963:Tool Support)', '(R868963:Tool Support, used, L1521213:True)', '(R871712:Evaluation, Evaluation method, L1526981:False)']",Which methods have been applied to evaluate the usability of objects investigated in papers published by Lu Xiao?,The methods that have been applied to evaluate the usability of objects investigated in papers published by Lu Xiao are Controlled Experiment and Case Study.,"['10.1109/ICSA47634.2020.00025', '10.1109/ICSA47634.2020.00025', '10.1109/ICSA47634.2020.00025', '10.1109/ICSA51549.2021.00022', '10.1109/ICSA51549.2021.00022', '10.1109/ICSA51549.2021.00022']",,"['(R869436:authors list, has list element, L1522239:Lu Xiao)', '(R869467:Property, Name, L1522304:Usability)', '(R869465:Evaluation Method Entity, Name, L1522302:Controlled Experiment)', '(R871675:authors list, has list element, L1526905:Lu Xiao)', '(R871708:Property, Name, L1526978:Usability)', '(R871704:Evaluation Method Entity, Name, L1526974:Case Study)']",clustering_strategy,R659055,Software Architecture and Design,6,What evaluation methods have been published by the author [Metadata: author name] with the sub-property [Content Data: sub-property name]?
116,c75b3cf0921537bf3249b9a498522306,bbb345b2-5834-498e-8d3b-7c4bb40cc79e,"

Based on the partial answers provided, the evaluation method applied by the author Stephan Seifermann for the research object Architecture Analysis Method is the **Technical Experiment**. This is documented in the texts where the Architecture Analysis Method (Research Object 2) was evaluated using a Technical Experiment as its evaluation method [3][5]. No other distinct evaluation methods are specifically attributed to Stephan Seifermann for this research object in the provided sources.

[3] Source: Data-Driven Software Architecture for Analyzing Confidentiality, 10.1109/ICSA.2019.00009
[5] Source: Semi-automatic Feedback for Improving Architecture Conformance to Microservice Patterns and Practices, 10.1109/ICSA51549.2021.00012
",['Stephan Seifermann'],0.5,0.417,0.3,0.223,1.0,1.0,0.3,0.5,0.37,0.44,0.38,0.5,0.43,0.47,0.3,0.5,0.37,0.44,0.38,0.5,0.43,0.47,0.3,0.375,0.3,0.375,0.12,0.43,0.28,0.87,0.33,0.21,0.68,0.36,0.24,0.74,0.58,0.747,0.653,1.0,262.52396178245544,0.0030017999999999993,22309,0,0.0,,0,0.0,,,0.0,0.0,,0.0,0.0,https://wandb.ai/kastel-sdq-meta-research/experiment_cross_encoder/r/call/01a05e5c-539d-79c3-bce7-85f7ad809061,retrieval_config,False,KitToolbox,kit.qwen3-embedding-8b,10,10,True,cosine,True,False,10,-1,8,False,False,1,False,-1,-1,False,,['R659055'],['Paper'],False,True,False,kg_retrieval,hublink,kittoolbox_kit.minimax-m2.7-229b_tmpNone_maxt-1_reasoningNone,KitToolbox,kit.minimax-m2.7-229b,,-1,,kittoolbox_kit.minimax-m2.7-229b_tmpNone_maxt-1_reasoningNone,KitToolbox,kit.minimax-m2.7-229b,,-1,,orkg_merged_ecsa_icsa.json_jsonpublicationloader_limit-1,['paper_class'],['research_level'],['first_research_object'],['second_research_object'],['validity'],['evidence'],False,False,R659055,https://sandbox.orkg.org,-1,orkg,merged_ecsa_icsa.json_jsonpublicationloader_limit-1,merged_ecsa_icsa.json,JsonPublicationLoader,-1,,4000,2,generation_kittoolbox_kit.minimax-m2.7-229b_tmpNone_maxt-1_reasoningNone,generation,kittoolbox_kit.minimax-m2.7-229b_tmpNone_maxt-1_reasoningNone,KitToolbox,kit.minimax-m2.7-229b,,-1,,"['(R873654:authors list, has list element, L1530947:Stephan Seifermann)', '(R869264:Semi-automatic Feedback for Improving Architecture Conformance to Microservice Patterns and Practices, contribution, R869289:First Research Object 2)', '(R869296:Research Object Entity, Name, L1521933:Architecture Analysis Method)', '(R873689:Research Object Entity, Name, L1531017:Architecture Analysis Method)', '(R873682:Second Research Object 2, evaluation, R873683:Evaluation)', '(R869289:First Research Object 2, evaluation, R869290:Evaluation)', '(R869292:Evaluation Method Entity, Name, L1521929:Technical Experiment)', '(R873683:Evaluation, Evaluation method, R873684:Evaluation Method List)', '(R873684:Evaluation Method List, Entity, R873685:Evaluation Method Entity)', '(R873685:Evaluation Method Entity, Name, L1531013:Technical Experiment)']",What are the evaluation methods that have been applied by the author Stephan Seifermann with the research object Architecture Analysis Method?,The evaluation methods applied by the author Stephan Seifermann to evaluate the research object Architecture Analysis Method are Technical Experiment and Case Study.,"['10.1109/ICSA.2019.00009', '10.1109/ICSA.2019.00009', '10.1109/ICSA.2019.00009', '10.1007/978-3-030-58923-3_10', '10.1007/978-3-030-58923-3_10', '10.1007/978-3-030-58923-3_10']",,"['(R873654:authors list, has list element, L1530947:Stephan Seifermann)', '(R873689:Research Object Entity, Name, L1531017:Architecture Analysis Method)', '(R873685:Evaluation Method Entity, Name, L1531013:Technical Experiment)', '(R870337:authors list, has list element, L1524164:Stephan Seifermann)', '(R870375:Research Object Entity, Name, L1524215:Architecture Analysis Method)', '(R870363:Evaluation Method Entity, Name, L1524206:Case Study)']",clustering_strategy,R659055,Software Architecture and Design,6,What evaluation methods have been published by the author [Metadata: author name] with the research object [Content Data: research object name]?
117,c75b3cf0921537bf3249b9a498522306,92d35ad7-dbb7-4c3c-aa0f-654cec77bc70,No context has been found for the given question.,['David Monschein'],0.0,0.0,0.0,0.0,0.0,0.0,0.0,0.0,0.0,0.0,0.0,0.0,0.0,0.0,0.0,0.0,0.0,0.0,0.0,0.0,0.0,0.0,0.0,0.0,0.0,0.0,0.02,0.07,0.11,0.05,0.0,0.0,0.0,0.07,0.11,0.05,0.619,0.522,0.566,0.0,134.24191093444824,0.0001782,2479,0,0.0,,0,0.0,,,0.0,0.0,,0.0,0.0,https://wandb.ai/kastel-sdq-meta-research/experiment_cross_encoder/r/call/01a05e5d-af92-71a7-9758-9b9465cb3ab9,retrieval_config,False,KitToolbox,kit.qwen3-embedding-8b,10,10,True,cosine,True,False,10,-1,8,False,False,1,False,-1,-1,False,,['R659055'],['Paper'],False,True,False,kg_retrieval,hublink,kittoolbox_kit.minimax-m2.7-229b_tmpNone_maxt-1_reasoningNone,KitToolbox,kit.minimax-m2.7-229b,,-1,,kittoolbox_kit.minimax-m2.7-229b_tmpNone_maxt-1_reasoningNone,KitToolbox,kit.minimax-m2.7-229b,,-1,,orkg_merged_ecsa_icsa.json_jsonpublicationloader_limit-1,['paper_class'],['research_level'],['first_research_object'],['second_research_object'],['validity'],['evidence'],False,False,R659055,https://sandbox.orkg.org,-1,orkg,merged_ecsa_icsa.json_jsonpublicationloader_limit-1,merged_ecsa_icsa.json,JsonPublicationLoader,-1,,4000,2,generation_kittoolbox_kit.minimax-m2.7-229b_tmpNone_maxt-1_reasoningNone,generation,kittoolbox_kit.minimax-m2.7-229b_tmpNone_maxt-1_reasoningNone,KitToolbox,kit.minimax-m2.7-229b,,-1,,,How many different evaluation methods did the author David Monschein apply in papers that evaluate the property Efficiency?,The number of different evaluation methods that the author David Monschein applied in papers that evaluate the property Efficiency is two.,"['10.1109/ICSA51549.2021.00009', '10.1109/ICSA51549.2021.00009', '10.1109/ICSA51549.2021.00009', '10.1109/ICSA47634.2020.00011', '10.1109/ICSA47634.2020.00011', '10.1109/ICSA47634.2020.00011']",,"['(R868699:authors list, has list element, L1520650:David Monschein)', '(R868730:Property, Name, L1520716:Efficiency)', '(R868726:Evaluation Method Entity, Name, L1520712:Technical Experiment)', '(R870060:authors list, has list element, L1523561:David Monschein)', '(R870089:Property, Name, L1523619:Efficiency)', '(R870085:Evaluation Method Entity, Name, L1523615:Case Study)']",clustering_strategy,R659055,Software Architecture and Design,6,How many different evaluation methods did the author [Metadata: author name] use in papers that evaluate the sub-property with the name [Content Data: sub-property name]?
118,c75b3cf0921537bf3249b9a498522306,4968e5f5-f046-4268-b2be-993a24f49634,"

Georg Buchgeher applied **one** distinct evaluation method to assess the “Satisfaction” property – a questionnaire [2][3]. The earlier evaluation mentioned for his first research object concerned “Quality in Use” rather than satisfaction [1].

[1] Source: A Platform for the Automated Provisioning of Architecture Information for Large-Scale Service-Oriented Software Systems, 10.1007/978-3-030-00761-4_14
[2] Source: Determining Microservice Boundaries: A Case Study Using Static and Dynamic Software Analysis, 10.1007/978-3-030-58923-3_21
[3] Source: Improving the Consistency and Usefulness of Architecture Descriptions: Guidelines for Architects, 10.1109/ICSA.2019.00024
",['Georg Buchgeher'],0.0,0.0,0.0,0.0,0.0,0.0,0.0,0.0,0.0,0.0,0.0,0.0,0.0,0.0,0.0,0.0,0.0,0.0,0.0,0.0,0.0,0.0,0.0,0.0,0.0,0.0,0.02,0.42,0.3,0.67,0.09,0.06,0.14,0.25,0.18,0.4,0.509,0.728,0.599,1.0,498.2365849018097,0.0,16620,0,0.0,,0,0.0,,,0.0,0.0,,0.0,0.0,https://wandb.ai/kastel-sdq-meta-research/experiment_cross_encoder/r/call/01a05e5f-1f47-70a9-9afb-075888dd22b1,retrieval_config,False,KitToolbox,kit.qwen3-embedding-8b,10,10,True,cosine,True,False,10,-1,8,False,False,1,False,-1,-1,False,,['R659055'],['Paper'],False,True,False,kg_retrieval,hublink,kittoolbox_kit.minimax-m2.7-229b_tmpNone_maxt-1_reasoningNone,KitToolbox,kit.minimax-m2.7-229b,,-1,,kittoolbox_kit.minimax-m2.7-229b_tmpNone_maxt-1_reasoningNone,KitToolbox,kit.minimax-m2.7-229b,,-1,,orkg_merged_ecsa_icsa.json_jsonpublicationloader_limit-1,['paper_class'],['research_level'],['first_research_object'],['second_research_object'],['validity'],['evidence'],False,False,R659055,https://sandbox.orkg.org,-1,orkg,merged_ecsa_icsa.json_jsonpublicationloader_limit-1,merged_ecsa_icsa.json,JsonPublicationLoader,-1,,4000,2,generation_kittoolbox_kit.minimax-m2.7-229b_tmpNone_maxt-1_reasoningNone,generation,kittoolbox_kit.minimax-m2.7-229b_tmpNone_maxt-1_reasoningNone,KitToolbox,kit.minimax-m2.7-229b,,-1,,"['(R873633:Property, Name, L1530901:Satisfaction)', '(R870458:First Research Object 2, evaluation, R870464:Evaluation)', '(R870468:Property, Name, L1524406:Satisfaction)', '(R2156283:First Research Object 2, evaluation, R2156323:Evaluation)', '(R2156330:Property, Name, L2809686:Satisfaction)', '(R2156155:First Research Object 2, evaluation, R2156167:Evaluation)', '(R2156178:Property, Name, L2809556:Satisfaction)', '(R2156323:Evaluation, Evaluation method, R2156325:Evaluation Method List)', '(R2156325:Evaluation Method List, Entity, R2156327:Evaluation Method Entity)', '(R2156327:Evaluation Method Entity, Name, L2809683:Questionnaire)', '(R2156155:First Research Object 2, evaluation, R2156160:Evaluation)', '(R2156167:Evaluation, Evaluation method, R2156168:Evaluation Method List)', '(R2156168:Evaluation Method List, Entity, R2156169:Evaluation Method Entity)', '(R2156169:Evaluation Method Entity, Name, L2809544:Questionnaire)', '(R870464:Evaluation, Evaluation method, R870465:Evaluation Method List)', '(R870465:Evaluation Method List, Entity, R870466:Evaluation Method Entity)', '(R870466:Evaluation Method Entity, Name, L1524404:Questionnaire)', '(R873628:Evaluation, Evaluation method, R873629:Evaluation Method List)', '(R873629:Evaluation Method List, Entity, R873630:Evaluation Method Entity)', '(R873630:Evaluation Method Entity, Name, L1530898:Questionnaire)', '(R869648:A Platform for the Automated Provisioning of Architecture Information for Large-Scale Service-Oriented Software Systems, contribution, R869681:Evidence 2)', '(R869681:Evidence 2, Uses Tool Support, R869683:Tool Support)', '(R869683:Tool Support, used, L1522767:True)', '(R869671:First Research Object 2, evaluation, R869672:Evaluation)', '(R869672:Evaluation, properties, R869677:Property)', '(R869677:Property, Name, L1522760:Quality in Use)']",How many different evaluation methods have been applied by the author Georg Buchgeher to evaluate the property satisfaction?,Two evaluation methods have been applied by the author Georg Buchgeher to the property Satisfaction.,"['10.1007/978-3-030-00761-4_14', '10.1007/978-3-030-00761-4_14', '10.1007/978-3-030-00761-4_14', '10.1007/978-3-319-65831-5_11', '10.1007/978-3-319-65831-5_11', '10.1007/978-3-319-65831-5_11']",,"['(R869649:authors list, has list element, L1522699:Georg Buchgeher)', '(R869678:Property, Name, L1522759:Satisfaction)', '(R869674:Evaluation Method Entity, Name, L1522755:Case Study)', '(R869393:authors list, has list element, L1522147:Georg Buchgeher)', '(R869420:Property, Name, L1522203:Satisfaction)', '(R869418:Evaluation Method Entity, Name, L1522201:Field Experiment)']",clustering_strategy,R659055,Software Architecture and Design,6,How many evaluation methods have been published by the author [Metadata: author name] with the sub-property [Content Data: sub-property name]?
119,c75b3cf0921537bf3249b9a498522306,7605e03e-b2e5-401f-b4c5-f630c08c6393,"

The six partial answers give three different descriptions of how many evaluation methods Stefan Kugele used:

* **[1]** reports **two** distinct methods – a “Motivating Example” and a “Technical Experiment.”  
* **[2]** states that only **one** method is named – “Grounded Theory.”  
* **[3]** notes a “Case Study” in the evaluation‑method list but does not link it to Kugele.  
* **[4]** also identifies **two** methods – “Technical Experiment” and “Argumentation.”  
* **[5]** mentions **one** method – “Technical Experiment” – again without explicit attribution to Kugele.  
* **[6]** lists **two** methods – “Questionnaire” and “Case Study” – but provides no connection to Kugele.

Because the sources disagree, the texts collectively indicate that the number of different evaluation methods applied by Stefan Kugele could be either **one** (e.g., Grounded Theory or Technical Experiment) **or two** (e.g., Motivating Example + Technical Experiment, Technical Experiment + Argumentation, or Questionnaire + Case Study). The specific methods also vary across the sources, so no single definitive count can be derived from the provided passages.

[1] Source: Data-Centric Communication and Containerization for Future Automotive Software Architectures, 10.1109/ICSA.2018.00016
[2] Source: On Service-Orientation for Automotive Software, 10.1109/ICSA.2017.20
[3] Source: An Architecture Framework for Modelling and Simulation of Situational-Aware Cyber-Physical Systems, 10.1007/978-3-319-65831-5_7
[4] Source: Architectural Patterns for Cross-Domain Personalised Automotive Functions, 10.1109/ICSA47634.2020.00026
[5] Source: Semi-automatic Feedback for Improving Architecture Conformance to Microservice Patterns and Practices, 10.1109/ICSA51549.2021.00012
[6] Source: Identifying and Prioritizing Architectural Debt Through Architectural Smells: A Case Study in a Large Software Company, 10.1007/978-3-030-00761-4_21
",['Stefan Kugele'],0.429,0.143,0.371,0.26,1.0,1.0,0.3,0.43,0.35,0.39,0.33,0.43,0.38,0.41,0.22,0.57,0.32,0.43,0.3,0.57,0.39,0.48,0.3,0.333,0.222,0.296,0.02,0.18,0.1,0.76,0.08,0.05,0.35,0.11,0.06,0.48,0.329,0.602,0.425,0.0,485.1137001514435,0.0,13617,0,0.0,,0,0.0,,,0.0,0.0,,0.0,0.0,https://wandb.ai/kastel-sdq-meta-research/experiment_cross_encoder/r/call/01a05e60-0f4a-7ab8-80ad-fd27ab3d761f,retrieval_config,False,KitToolbox,kit.qwen3-embedding-8b,10,10,True,cosine,True,False,10,-1,8,False,False,1,False,-1,-1,False,,['R659055'],['Paper'],False,True,False,kg_retrieval,hublink,kittoolbox_kit.minimax-m2.7-229b_tmpNone_maxt-1_reasoningNone,KitToolbox,kit.minimax-m2.7-229b,,-1,,kittoolbox_kit.minimax-m2.7-229b_tmpNone_maxt-1_reasoningNone,KitToolbox,kit.minimax-m2.7-229b,,-1,,orkg_merged_ecsa_icsa.json_jsonpublicationloader_limit-1,['paper_class'],['research_level'],['first_research_object'],['second_research_object'],['validity'],['evidence'],False,False,R659055,https://sandbox.orkg.org,-1,orkg,merged_ecsa_icsa.json_jsonpublicationloader_limit-1,merged_ecsa_icsa.json,JsonPublicationLoader,-1,,4000,2,generation_kittoolbox_kit.minimax-m2.7-229b_tmpNone_maxt-1_reasoningNone,generation,kittoolbox_kit.minimax-m2.7-229b_tmpNone_maxt-1_reasoningNone,KitToolbox,kit.minimax-m2.7-229b,,-1,,"['(R870793:authors list, has list element, L1525112:Stefan Kugele)', '(R870826:Evaluation Method Entity, Name, L1525173:Technical Experiment)', '(R870415:Evaluation Method Entity, Name, L1524297:Questionnaire)', '(R872637:authors list, has list element, L1528892:Stefan Kugele)', '(R870821:Evaluation Method Entity, Name, L1525169:Argumentation)', '(R869292:Evaluation Method Entity, Name, L1521929:Technical Experiment)', '(R870410:Evaluation Method Entity, Name, L1524293:Case Study)', '(R872636:Data-Centric Communication and Containerization for Future Automotive Software Architectures, contribution, R872682:Second Research Object 2)', '(R872682:Second Research Object 2, evaluation, R872683:Evaluation)', '(R872683:Evaluation, Evaluation method, R872684:Evaluation Method List)', '(R872684:Evaluation Method List, Entity, R872685:Evaluation Method Entity)', '(R872685:Evaluation Method Entity, Name, L1528973:Motivating Example)', '(R869035:Evaluation Method Entity, Name, L1521380:Grounded Theory)', '(R872636:Data-Centric Communication and Containerization for Future Automotive Software Architectures, contribution, R872670:First Research Object 2)', '(R872670:First Research Object 2, evaluation, R872671:Evaluation)', '(R872671:Evaluation, Evaluation method, R872672:Evaluation Method List)', '(R872672:Evaluation Method List, Entity, R872673:Evaluation Method Entity)', '(R872673:Evaluation Method Entity, Name, L1528964:Technical Experiment)']",How many different evaluation methods have been applied by the author Stefan Kugele to evaluate architecture patterns?,The number of different evaluation methods that have been applied by the author Stefan Kugele to evaluate architecture patterns is three.,"['10.1109/ICSA.2017.20', '10.1109/ICSA.2017.20', '10.1109/ICSA.2017.20', '10.1109/ICSA47634.2020.00026', '10.1109/ICSA47634.2020.00026', '10.1109/ICSA47634.2020.00026', '10.1109/ICSA47634.2020.00026']",,"['(R869011:authors list, has list element, L1521323:Stefan Kugele)', '(R869040:Research Object Entity, Name, L1521385:Architecture Pattern)', '(R869035:Evaluation Method Entity, Name, L1521380:Grounded Theory)', '(R870793:authors list, has list element, L1525112:Stefan Kugele)', '(R870830:Research Object Entity, Name, L1525177:Architecture Pattern)', '(R870821:Evaluation Method Entity, Name, L1525169:Argumentation)', '(R870826:Evaluation Method Entity, Name, L1525173:Technical Experiment)']",clustering_strategy,R659055,Software Architecture and Design,6,How many evaluation methods have been published by the author [Metadata: author name] with the research object [Content Data: research object name]?
120,c75b3cf0921537bf3249b9a498522306,f994d2a6-dd73-426a-8680-b0d8e8c4412a,"

The source material does not contain any information about the author **Ingo Weber** or the evaluation methods he used in papers that investigate the research object **Architecture Decision Making**. All six partial answers explicitly state that Ingo Weber is not mentioned in the texts they describe, and consequently the number of evaluation methods applied by him cannot be determined from the provided sources. [1][2][3][4][5][6]

[1] Source: On Cognitive Biases in Architecture Decision Making, 10.1007/978-3-319-65831-5_9
[2] Source: Recovering Architectural Design Decisions, 10.1109/ICSA.2018.00019
[3] Source: Empirical Insights into the Evolving Role of Architects in Decision-Making in an Agile Context, 10.1007/978-3-030-00761-4_17
[4] Source: An Exploratory Study of Naturalistic Decision Making in Complex Software Architecture Environments, 10.1007/978-3-030-29983-5_4
[5] Source: Guiding Architectural Decision Making on Service Mesh Based Microservice Architectures, 10.1007/978-3-030-29983-5_1
[6] Source: Experiments in Curation: Towards Machine-Assisted Construction of Software Architecture Knowledge Bases, 10.1109/ICSA.2017.27
",['Ingo Weber'],0.0,0.0,0.0,0.0,0.0,0.0,0.0,0.0,0.0,0.0,0.0,0.0,0.0,0.0,0.0,0.0,0.0,0.0,0.0,0.0,0.0,0.0,0.0,0.0,0.0,0.0,0.1,0.4,0.26,0.86,0.32,0.21,0.7,0.31,0.2,0.67,0.498,0.751,0.599,0.0,460.82247042655945,0.0,7300,0,0.0,,0,0.0,,,0.0,0.0,,0.0,0.0,https://wandb.ai/kastel-sdq-meta-research/experiment_cross_encoder/r/call/01a05e60-1bbd-72fb-a8f3-be4527894fa8,retrieval_config,False,KitToolbox,kit.qwen3-embedding-8b,10,10,True,cosine,True,False,10,-1,8,False,False,1,False,-1,-1,False,,['R659055'],['Paper'],False,True,False,kg_retrieval,hublink,kittoolbox_kit.minimax-m2.7-229b_tmpNone_maxt-1_reasoningNone,KitToolbox,kit.minimax-m2.7-229b,,-1,,kittoolbox_kit.minimax-m2.7-229b_tmpNone_maxt-1_reasoningNone,KitToolbox,kit.minimax-m2.7-229b,,-1,,orkg_merged_ecsa_icsa.json_jsonpublicationloader_limit-1,['paper_class'],['research_level'],['first_research_object'],['second_research_object'],['validity'],['evidence'],False,False,R659055,https://sandbox.orkg.org,-1,orkg,merged_ecsa_icsa.json_jsonpublicationloader_limit-1,merged_ecsa_icsa.json,JsonPublicationLoader,-1,,4000,2,generation_kittoolbox_kit.minimax-m2.7-229b_tmpNone_maxt-1_reasoningNone,generation,kittoolbox_kit.minimax-m2.7-229b_tmpNone_maxt-1_reasoningNone,KitToolbox,kit.minimax-m2.7-229b,,-1,,"['(R873937:An Exploratory Study of Naturalistic Decision Making in Complex Software Architecture Environments, contribution, R873974:Second Research Object 2)', '(R873974:Second Research Object 2, Object, R873980:Research Object List)', '(R873980:Research Object List, Entity, R873981:Research Object Entity)', '(R873981:Research Object Entity, Name, L1531625:Architecture Decision Making)', '(R872069:Recovering Architectural Design Decisions, contribution, R872094:First Research Object 2)', '(R872105:Research Object Entity, Name, L1527784:Architecture Decision Making)', '(R872094:First Research Object 2, evaluation, R872095:Evaluation)', '(R872095:Evaluation, Evaluation method, R872096:Evaluation Method List)', '(R872096:Evaluation Method List, Entity, R872097:Evaluation Method Entity)', '(R872097:Evaluation Method Entity, Name, L1527776:Technical Experiment)', '(R873937:An Exploratory Study of Naturalistic Decision Making in Complex Software Architecture Environments, contribution, R873966:First Research Object 2)', '(R873966:First Research Object 2, evaluation, R873967:Evaluation)', '(R873967:Evaluation, Evaluation method, R873968:Evaluation Method List)', '(R873968:Evaluation Method List, Entity, R873969:Evaluation Method Entity)', '(R873969:Evaluation Method Entity, Name, L1531616:Questionnaire)', '(R873974:Second Research Object 2, evaluation, R873975:Evaluation)', '(R873977:Evaluation Method Entity, Name, L1531621:Focus Group)']",How many evaluation methods have been applied by the author Ingo Weber in papers that investigate the research object Architecture Decision Making?,Two evaluation methods have been applied by the author Ingo Weber in papers that investigate the research object Architecture Decision Making.,"['10.1109/ICSA51549.2021.00013', '10.1109/ICSA51549.2021.00013', '10.1109/ICSA51549.2021.00013', '10.1109/ICSA.2017.33', '10.1109/ICSA.2017.33', '10.1109/ICSA.2017.33']",,"['(R869313:authors list, has list element, L1521976:Ingo Weber)', '(R869342:Research Object Entity, Name, L1522034:Architecture Decision Making)', '(R869337:Evaluation Method Entity, Name, L1522029:Interview)', '(R873702:authors list, has list element, L1531053:Ingo Weber)', '(R873724:Research Object Entity, Name, L1531093:Architecture Decision Making)', '(R873720:Evaluation Method Entity, Name, L1531089:Argumentation)']",clustering_strategy,R659055,Software Architecture and Design,6,How many evaluation methods have been published by the author [Metadata: author name] with the research object [Content Data: research object name]?
121,c75b3cf0921537bf3249b9a498522306,b27c050c-ce7d-40b2-9eb4-8f3c3611e168,"

The papers authored by **Xiwei Xu** that discuss architecture‑decision making employ the following evaluation methods. (Listed in descending alphabetical order – from Z to A.)

1. **Technical Experiment** [1]  
2. **Questionnaire** [5]  
3. **Interview** [3]  
4. **Grounded Theory** [6][7]  
5. **Focus Group** [2][5]  
6. **Evaluation research** [7]  
7. **Data Science** [4]  
8. **Benchmark** [9]  
9. **Argumentation** [8]

[1] Source: Recovering Architectural Design Decisions, 10.1109/ICSA.2018.00019
[2] Source: On Cognitive Biases in Architecture Decision Making, 10.1007/978-3-319-65831-5_9
[3] Source: A Decision Model for Choosing Patterns in Blockchain-Based Applications, 10.1109/ICSA51549.2021.00013
[4] Source: Architectural Design Decisions for Systems Supporting Model-Based Analysis of Runtime Events: A Qualitative Multi-method Study, 10.1109/ICSA.2018.00021
[5] Source: An Exploratory Study of Naturalistic Decision Making in Complex Software Architecture Environments, 10.1007/978-3-030-29983-5_4
[6] Source: Guiding Architectural Decision Making on Service Mesh Based Microservice Architectures, 10.1007/978-3-030-29983-5_1
[7] Source: Supporting Architectural Decision Making on Data Management in Microservice Architectures, 10.1007/978-3-030-29983-5_2
[8] Source: A Taxonomy of Blockchain-Based Systems for Architecture Design, 10.1109/ICSA.2017.33
[9] Source: Experiments in Curation: Towards Machine-Assisted Construction of Software Architecture Knowledge Bases, 10.1109/ICSA.2017.27
",['Xiwei Xu'],0.333,0.417,0.12,0.233,0.5,1.0,0.2,0.33,0.25,0.29,0.21,0.33,0.26,0.3,0.29,0.67,0.4,0.53,0.3,0.67,0.41,0.53,0.2,0.211,0.286,0.296,0.03,0.44,0.32,0.7,0.19,0.14,0.31,0.28,0.2,0.44,0.368,0.741,0.492,1.0,360.12672877311707,0.0,207138,0,0.0,,0,0.0,,,0.0,0.0,,0.0,0.0,https://wandb.ai/kastel-sdq-meta-research/experiment_cross_encoder/r/call/01a05e60-7850-7ae9-a9e1-500b653b995d,retrieval_config,False,KitToolbox,kit.qwen3-embedding-8b,10,10,True,cosine,True,False,10,-1,8,False,False,1,False,-1,-1,False,,['R659055'],['Paper'],False,True,False,kg_retrieval,hublink,kittoolbox_kit.minimax-m2.7-229b_tmpNone_maxt-1_reasoningNone,KitToolbox,kit.minimax-m2.7-229b,,-1,,kittoolbox_kit.minimax-m2.7-229b_tmpNone_maxt-1_reasoningNone,KitToolbox,kit.minimax-m2.7-229b,,-1,,orkg_merged_ecsa_icsa.json_jsonpublicationloader_limit-1,['paper_class'],['research_level'],['first_research_object'],['second_research_object'],['validity'],['evidence'],False,False,R659055,https://sandbox.orkg.org,-1,orkg,merged_ecsa_icsa.json_jsonpublicationloader_limit-1,merged_ecsa_icsa.json,JsonPublicationLoader,-1,,4000,2,generation_kittoolbox_kit.minimax-m2.7-229b_tmpNone_maxt-1_reasoningNone,generation,kittoolbox_kit.minimax-m2.7-229b_tmpNone_maxt-1_reasoningNone,KitToolbox,kit.minimax-m2.7-229b,,-1,,"['(R873701:A Taxonomy of Blockchain-Based Systems for Architecture Design, authors, R873702:authors list)', '(R873702:authors list, has list element, L1531052:Xiwei Xu)', '(R873364:Evaluation Method Entity, Name, L1530356:Grounded Theory)', '(R872097:Evaluation Method Entity, Name, L1527776:Technical Experiment)', '(R873005:Evaluation Method Entity, Name, L1529647:Grounded Theory)', '(R873101:Evaluation Method Entity, Name, L1529831:Data Science)', '(R871508:Evaluation Method Entity, Name, L1526567:Focus Group)', '(R873977:Evaluation Method Entity, Name, L1531621:Focus Group)', '(R873720:Evaluation Method Entity, Name, L1531089:Argumentation)', '(R871616:Evaluation Method Entity, Name, L1526778:Benchmark)', '(R869337:Evaluation Method Entity, Name, L1522029:Interview)', '(R873969:Evaluation Method Entity, Name, L1531616:Questionnaire)', '(R873000:Paper Class 2, evaluation research, L1529644:True)', '(R873724:Research Object Entity, Name, L1531093:Architecture Decision Making)']",What methods have been applied to evaluate architecture decision making in the papers published by Xiwei Xu? Rank them in descending alphabetical order.,"The methods that have been applied to evaluate architecture decision making in the papers published by Xiwei Xu, ranked in descending alphabetical order, are Interview and Argumentation.","['10.1109/ICSA51549.2021.00013', '10.1109/ICSA51549.2021.00013', '10.1109/ICSA51549.2021.00013', '10.1109/ICSA.2017.33', '10.1109/ICSA.2017.33', '10.1109/ICSA.2017.33']",,"['(R869313:authors list, has list element, L1521973:Xiwei Xu)', '(R869342:Research Object Entity, Name, L1522034:Architecture Decision Making)', '(R869337:Evaluation Method Entity, Name, L1522029:Interview)', '(R873702:authors list, has list element, L1531052:Xiwei Xu)', '(R873724:Research Object Entity, Name, L1531093:Architecture Decision Making)', '(R873720:Evaluation Method Entity, Name, L1531089:Argumentation)']",clustering_strategy,R659055,Software Architecture and Design,6,What evaluation methods have been published by the author [Metadata: author name] with the research object [Content Data: research object name] ranked in descending alphabetical order?
122,c75b3cf0921537bf3249b9a498522306,4baa20c1-efb5-4061-b443-c00f05c4c08d,"

The evaluation methods Anne Koziolek used in the papers that investigate the research object **Architecture Evolution** are:

1. **Technical Experiment** – reported in the papers “Incremental Calibration of Architectural Performance Models with Parametric Dependencies” [2] and “First Research Object 2” [6].  
2. **Questionnaire** – employed in the study of the Architecture Evolution research object [3][5].  
3. **Case Study** – used in the papers “Incremental Calibration …” [1] and “Using Informal Knowledge for Improving Software Quality Trade‑Off Decisions” [4].

Ranked in descending alphabetical order (Z → A) the methods are:

**Technical Experiment, Questionnaire, Case Study**.

[1] Source: Incremental Calibration of Architectural Performance Models with Parametric Dependencies, 10.1109/ICSA47634.2020.00011
[2] Source: Enabling Consistency between Software Artefacts for Software Adaption and Evolution, 10.1109/ICSA51549.2021.00009
[3] Source: Continuous API Evolution in Heterogenous Enterprise Software Systems, 10.1109/ICSA51549.2021.00014
[4] Source: Using Informal Knowledge for Improving Software Quality Trade-Off Decisions, 10.1007/978-3-030-00761-4_18
[5] Source: Identifying and Prioritizing Architectural Debt Through Architectural Smells: A Case Study in a Large Software Company, 10.1007/978-3-030-00761-4_21
[6] Source: EASIER: An Evolutionary Approach for Multi-objective Software ArchItecturE Refactoring, 10.1109/ICSA.2018.00020
",['Anne Koziolek'],0.111,0.167,0.056,0.2,0.5,1.0,0.1,0.11,0.11,0.11,0.14,0.11,0.12,0.12,0.19,0.78,0.31,0.49,0.29,0.78,0.42,0.58,0.1,0.143,0.194,0.292,0.08,0.42,0.27,0.93,0.29,0.19,0.65,0.41,0.26,0.89,0.458,0.732,0.564,1.0,473.8969542980194,0.0,9285,0,0.0,,0,0.0,,,0.0,0.0,,0.0,0.0,https://wandb.ai/kastel-sdq-meta-research/experiment_cross_encoder/r/call/01a05e60-a536-74ce-a9db-b7ee51c9b4bd,retrieval_config,False,KitToolbox,kit.qwen3-embedding-8b,10,10,True,cosine,True,False,10,-1,8,False,False,1,False,-1,-1,False,,['R659055'],['Paper'],False,True,False,kg_retrieval,hublink,kittoolbox_kit.minimax-m2.7-229b_tmpNone_maxt-1_reasoningNone,KitToolbox,kit.minimax-m2.7-229b,,-1,,kittoolbox_kit.minimax-m2.7-229b_tmpNone_maxt-1_reasoningNone,KitToolbox,kit.minimax-m2.7-229b,,-1,,orkg_merged_ecsa_icsa.json_jsonpublicationloader_limit-1,['paper_class'],['research_level'],['first_research_object'],['second_research_object'],['validity'],['evidence'],False,False,R659055,https://sandbox.orkg.org,-1,orkg,merged_ecsa_icsa.json_jsonpublicationloader_limit-1,merged_ecsa_icsa.json,JsonPublicationLoader,-1,,4000,2,generation_kittoolbox_kit.minimax-m2.7-229b_tmpNone_maxt-1_reasoningNone,generation,kittoolbox_kit.minimax-m2.7-229b_tmpNone_maxt-1_reasoningNone,KitToolbox,kit.minimax-m2.7-229b,,-1,,"['(R870059:Incremental Calibration of Architectural Performance Models with Parametric Dependencies, authors, R870060:authors list)', '(R870060:authors list, has list element, L1523563:Anne Koziolek)', '(R870059:Incremental Calibration of Architectural Performance Models with Parametric Dependencies, contribution, R2156282:First Research Object 2)', '(R2156290:Research Object Entity, Name, L2809656:Architecture Evolution)', '(R2156289:Evaluation Method Entity, Name, L2809650:Technical Experiment)', '(R874376:Evaluation Method Entity, Name, L1532470:Technical Experiment)', '(R2156282:First Research Object 2, evaluation, R2156293:Evaluation)', '(R2156293:Evaluation, Evaluation method, R2156298:Evaluation Method List)', '(R2156298:Evaluation Method List, Entity, R2156300:Evaluation Method Entity)', '(R2156300:Evaluation Method Entity, Name, L2809658:Case Study)', '(R868698:Enabling Consistency between Software Artefacts for Software Adaption and Evolution, contribution, R868723:First Research Object 2)', '(R868723:First Research Object 2, Object, R868733:Research Object List)', '(R868733:Research Object List, Entity, R868734:Research Object Entity)', '(R868734:Research Object Entity, Name, L1520720:Architecture Evolution)', '(R870415:Evaluation Method Entity, Name, L1524297:Questionnaire)', '(R2156234:Evaluation Method Entity, Name, L2809603:Technical Experiment)', '(R874370:Evaluation Method Entity, Name, L1532465:Questionnaire)', '(R873459:Using Informal Knowledge for Improving Software Quality Trade-Off Decisions, contribution, R873475:First Research Object 2)', '(R873475:First Research Object 2, Object, R873481:Research Object List)', '(R873481:Research Object List, Entity, R873482:Research Object Entity)', '(R873482:Research Object Entity, Name, L1530596:Architecture Evolution)', '(R868698:Enabling Consistency between Software Artefacts for Software Adaption and Evolution, authors, R868699:authors list)', '(R868699:authors list, has list element, L1520653:Anne Koziolek)', '(R871330:Evaluation Method Entity, Name, L1526220:Technical Experiment)', '(R873459:Using Informal Knowledge for Improving Software Quality Trade-Off Decisions, authors, R873460:authors list)', '(R873460:authors list, has list element, L1530562:Anne Koziolek)', '(R870410:Evaluation Method Entity, Name, L1524293:Case Study)', '(R2156268:Evaluation Method Entity, Name, L2809639:Case Study)', '(R868723:First Research Object 2, evaluation, R868724:Evaluation)', '(R868724:Evaluation, Evaluation method, R868725:Evaluation Method List)', '(R868725:Evaluation Method List, Entity, R868726:Evaluation Method Entity)', '(R868726:Evaluation Method Entity, Name, L1520712:Technical Experiment)', '(R873475:First Research Object 2, evaluation, R873476:Evaluation)', '(R873476:Evaluation, Evaluation method, R873477:Evaluation Method List)', '(R873477:Evaluation Method List, Entity, R873478:Evaluation Method Entity)', '(R873478:Evaluation Method Entity, Name, L1530592:Case Study)']",What are the evaluation methods that the author Anne Koziolek applied in papers that investigate the research object Architecture Evolution? Rank the evaluation methods in descending alphabetical order.,"The evaluation methods applied by Anne Koziolek in papers that investigate the research object Architecture Evolution, ranked in descending alphabetical order, are: Technical Experiment and Case Study.","['10.1007/978-3-030-00761-4_18', '10.1007/978-3-030-00761-4_18', '10.1007/978-3-030-00761-4_18', '10.1109/ICSA51549.2021.00009', '10.1109/ICSA51549.2021.00009', '10.1109/ICSA51549.2021.00009', '10.1109/ICSA47634.2020.00011', '10.1109/ICSA47634.2020.00011', '10.1109/ICSA47634.2020.00011']",,"['(R873460:authors list, has list element, L1530562:Anne Koziolek)', '(R870091:Research Object Entity, Name, L1523621:Architecture Evolution)', '(R870085:Evaluation Method Entity, Name, L1523615:Case Study)', '(R868699:authors list, has list element, L1520653:Anne Koziolek)', '(R868734:Research Object Entity, Name, L1520720:Architecture Evolution)', '(R868726:Evaluation Method Entity, Name, L1520712:Technical Experiment)', '(R870060:authors list, has list element, L1523563:Anne Koziolek)', '(R873482:Research Object Entity, Name, L1530596:Architecture Evolution)', '(R873478:Evaluation Method Entity, Name, L1530592:Case Study)']",clustering_strategy,R659055,Software Architecture and Design,6,What are the names of the evaluation methods that the author [Metadata: author name] applied in papers that investigate the research object with the name [Content Data: research object name]? Rank the names of the methods in descending alphabetical order.
123,c75b3cf0921537bf3249b9a498522306,4b35bdf2-e3fe-4368-811d-3550d93ba344,"

The properties that have been identified as being evaluated with a technical experiment in papers authored by Mohamed Soliman are:

- **Quality of Method** [3][10]  
- **Quality in Use** [6]  
- **Product Quality** [1][4][7][8]  
- **Performance efficiency** [6][9]  
- **Functional Suitability** [2][5][8][9]  
- **Effectiveness** [6]  
- **Accuracy** [10]  

When these properties are listed in descending alphabetical order, the sequence is:

1. Quality of Method  
2. Quality in Use  
3. Product Quality  
4. Performance efficiency  
5. Functional Suitability  
6. Effectiveness  
7. Accuracy

[1] Source: An Exploratory Study on Architectural Knowledge in Issue Tracking Systems, 10.1007/978-3-030-86044-8_8
[2] Source: Determination and Enforcement of Least-Privilege Architecture in Android, 10.1109/ICSA.2017.18
[3] Source: Improving the Search for Architecture Knowledge in Online Developer Communities, 10.1109/ICSA.2018.00028
[4] Source: Integrating Statistical Response Time Models in Architectural Performance Models, 10.1109/ICSA.2019.00016
[5] Source: Continuous Experimentation for Automotive Software on the Example of a Heavy Commercial Vehicle in Daily Operation, 10.1007/978-3-030-58923-3_5
[6] Source: Quantitative Verification-Aided Machine Learning: A Tandem Approach for Architecting Self-Adaptive IoT Systems, 10.1109/ICSA47634.2020.00010
[7] Source: Model-Based Analysis of Microservice Resiliency Patterns, 10.1109/ICSA47634.2020.00019
[8] Source: DesignDiff: Continuously Modeling Software Design Difference from Code Revisions, 10.1109/ICSA47634.2020.00025
[9] Source: Continuous Analysis of Collaborative Design, 10.1109/ICSA.2017.45
[10] Source: Architectural Patterns for Cross-Domain Personalised Automotive Functions, 10.1109/ICSA47634.2020.00026
",[],0.0,0.0,0.0,0.0,0.0,0.0,0.0,0.0,0.0,0.0,0.0,0.0,0.0,0.0,0.02,0.17,0.04,0.07,0.03,0.17,0.05,0.08,0.0,0.0,0.02,0.027,0.09,0.43,0.28,0.88,0.32,0.21,0.68,0.41,0.27,0.85,0.337,0.772,0.47,1.0,362.6462094783783,0.0,144898,0,0.0,,0,0.0,,,0.0,0.0,,0.0,0.0,https://wandb.ai/kastel-sdq-meta-research/experiment_cross_encoder/r/call/01a05e66-2d4b-7e1c-a94d-95f9e65987b4,retrieval_config,False,KitToolbox,kit.qwen3-embedding-8b,10,10,True,cosine,True,False,10,-1,8,False,False,1,False,-1,-1,False,,['R659055'],['Paper'],False,True,False,kg_retrieval,hublink,kittoolbox_kit.minimax-m2.7-229b_tmpNone_maxt-1_reasoningNone,KitToolbox,kit.minimax-m2.7-229b,,-1,,kittoolbox_kit.minimax-m2.7-229b_tmpNone_maxt-1_reasoningNone,KitToolbox,kit.minimax-m2.7-229b,,-1,,orkg_merged_ecsa_icsa.json_jsonpublicationloader_limit-1,['paper_class'],['research_level'],['first_research_object'],['second_research_object'],['validity'],['evidence'],False,False,R659055,https://sandbox.orkg.org,-1,orkg,merged_ecsa_icsa.json_jsonpublicationloader_limit-1,merged_ecsa_icsa.json,JsonPublicationLoader,-1,,4000,2,generation_kittoolbox_kit.minimax-m2.7-229b_tmpNone_maxt-1_reasoningNone,generation,kittoolbox_kit.minimax-m2.7-229b_tmpNone_maxt-1_reasoningNone,KitToolbox,kit.minimax-m2.7-229b,,-1,,"['(R873053:Evaluation Method Entity, Name, L1529741:Technical Experiment)', '(R870818:First Research Object 2, evaluation, R870824:Evaluation)', '(R870824:Evaluation, Evaluation method, R870825:Evaluation Method List)', '(R870825:Evaluation Method List, Entity, R870826:Evaluation Method Entity)', '(R870826:Evaluation Method Entity, Name, L1525173:Technical Experiment)', '(R870654:Evaluation, Evaluation method, R870655:Evaluation Method List)', '(R870655:Evaluation Method List, Entity, R870656:Evaluation Method Entity)', '(R870656:Evaluation Method Entity, Name, L1524812:Technical Experiment)', '(R869889:Evaluation, Evaluation method, R869890:Evaluation Method List)', '(R869890:Evaluation Method List, Entity, R869891:Evaluation Method Entity)', '(R869891:Evaluation Method Entity, Name, L1523203:Technical Experiment)', '(R872862:Evaluation Method Entity, Name, L1529342:Technical Experiment)', '(R869462:First Research Object 2, evaluation, R869468:Evaluation)', '(R869468:Evaluation, Evaluation method, R869469:Evaluation Method List)', '(R869469:Evaluation Method List, Entity, R869470:Evaluation Method Entity)', '(R869470:Evaluation Method Entity, Name, L1522306:Technical Experiment)', '(R869249:Evaluation Method Entity, Name, L1521832:Technical Experiment)', '(R871289:Evaluation Method Entity, Name, L1526133:Technical Experiment)', '(R872218:Evaluation Method Entity, Name, L1528030:Technical Experiment)', '(R869462:First Research Object 2, evaluation, R869463:Evaluation)', '(R869463:Evaluation, Evaluation method, R869464:Evaluation Method List)', '(R869464:Evaluation Method List, Entity, R869465:Evaluation Method Entity)', '(R870654:Evaluation, properties, R870657:Property)', '(R870657:Property, Name, L1524815:Quality in Use)', '(R870824:Evaluation, properties, R870827:Property)', '(R870827:Property, Name, L1525176:Quality of Method)', '(R869468:Evaluation, properties, R869471:Property)', '(R869473:Property, Name, L1522309:Functional Suitability)', '(R871287:Evaluation, properties, R871290:Property)', '(R871292:Property, Name, L1526136:Functional Suitability)', '(R873051:Evaluation, properties, R873054:Property)', '(R873055:Property, Name, L1529743:Functional Suitability)', '(R872865:Property, Name, L1529345:Functional Suitability)', '(R869247:Evaluation, properties, R869250:Property)', '(R869250:Property, Name, L1521835:Product Quality)', '(R870818:First Research Object 2, evaluation, R870819:Evaluation)', '(R870819:Evaluation, Evaluation method, R870820:Evaluation Method List)', '(R870820:Evaluation Method List, Entity, R870821:Evaluation Method Entity)', '(R870819:Evaluation, properties, R870822:Property)', '(R874428:Property, Name, L1532579:Quality of Method)', '(R869471:Property, Name, L1522310:Product Quality)', '(R872864:Property, Name, L1529344:Performance efficiency)', '(R869889:Evaluation, properties, R869892:Property)', '(R869892:Property, Name, L1523206:Product Quality)', '(R870658:Property, Name, L1524814:Effectiveness)', '(R872216:Evaluation, properties, R872219:Property)', '(R872219:Property, Name, L1528033:Product Quality)', '(R870660:Property, Name, L1524816:Performance efficiency)', '(R870828:Property, Name, L1525175:Accuracy)', '(R869463:Evaluation, properties, R869466:Property)', '(R869466:Property, Name, L1522305:Product Quality)']",What properties have been evaluated with a technical experiment in papers published by Mohamed Soliman? Rank them in descending alphabetical order.,"The properties that have been evaluated with a technical experiment in papers published by Mohamed Soliman are Accuracy and Functional Suitability, ranked in descending alphabetical order.","['10.1007/978-3-030-86044-8_8', '10.1007/978-3-030-86044-8_8', '10.1007/978-3-030-86044-8_8', '10.1109/ICSA.2018.00028', '10.1109/ICSA.2018.00028', '10.1109/ICSA.2018.00028']",,"['(R869226:authors list, has list element, L1521780:Mohamed Soliman)', '(R869249:Evaluation Method Entity, Name, L1521832:Technical Experiment)', '(R869251:Property, Name, L1521834:Functional Suitability)', '(R874394:authors list, has list element, L1532510:Mohamed Soliman)', '(R874427:Evaluation Method Entity, Name, L1532576:Technical Experiment)', '(R874429:Property, Name, L1532578:Accuracy)']",clustering_strategy,R659055,Software Architecture and Design,6,What evaluation sub-properties have been published by the author [Metadata: author name] with the evaluation method [Content Data: evaluation method name] ranked in descending alphabetical order?
124,c75b3cf0921537bf3249b9a498522306,9121d47b-2eb2-4506-9569-faf4f1d0d1a9,"

The partial answers that refer to the **Technical Experiment** evaluation method list the following evaluation properties:

- Product Quality【1】【2】【5】【6】【7】【8】【9】  
- Performance efficiency【1】【5】【6】【7】【9】  
- Functional Suitability【3】【5】【7】【8】  
- Satisfaction【6】  
- Quality in Use【6】【8】  
- Efficiency【6】  
- Context coverage【6】  
- Accuracy【8】  
- Quality of Method【8】【9】  
- Effectiveness【8】  
- Robustness【9】

When these property names are sorted in **descending alphabetical order** (Z → A) they appear as:

1. Satisfaction  
2. Robustness  
3. Quality of Method  
4. Quality in Use  
5. Product Quality  
6. Performance efficiency  
7. Functional Suitability  
8. Efficiency  
9. Effectiveness  
10. Context coverage  
11. Accuracy  

However, several of the provided sources explicitly note that **no mention of the author Andreas Burger** appears in the texts【2】【5】【7】【9】. Consequently, while the properties above are associated with the Technical Experiment method in the given excerpts, the information does **not** confirm which (if any) of these properties were investigated by Andreas Burger. Therefore, the specific evaluation properties investigated by Andreas Burger using the Technical Experiment method cannot be determined from the provided partial answers.

",['Andreas Burger'],0.286,0.071,0.049,0.067,0.143,0.143,0.2,0.29,0.24,0.26,0.27,0.29,0.28,0.28,0.05,0.43,0.1,0.18,0.07,0.43,0.12,0.21,0.2,0.267,0.055,0.07,0.03,0.21,0.12,0.88,0.1,0.05,0.42,0.11,0.07,0.48,0.29,0.568,0.384,0.0,541.6459465026855,0.0,29380,0,0.0,,0,0.0,,,0.0,0.0,,0.0,0.0,https://wandb.ai/kastel-sdq-meta-research/experiment_cross_encoder/r/call/01a05e67-1b9d-7322-92f3-4d50d3d2ad42,retrieval_config,False,KitToolbox,kit.qwen3-embedding-8b,10,10,True,cosine,True,False,10,-1,8,False,False,1,False,-1,-1,False,,['R659055'],['Paper'],False,True,False,kg_retrieval,hublink,kittoolbox_kit.minimax-m2.7-229b_tmpNone_maxt-1_reasoningNone,KitToolbox,kit.minimax-m2.7-229b,,-1,,kittoolbox_kit.minimax-m2.7-229b_tmpNone_maxt-1_reasoningNone,KitToolbox,kit.minimax-m2.7-229b,,-1,,orkg_merged_ecsa_icsa.json_jsonpublicationloader_limit-1,['paper_class'],['research_level'],['first_research_object'],['second_research_object'],['validity'],['evidence'],False,False,R659055,https://sandbox.orkg.org,-1,orkg,merged_ecsa_icsa.json_jsonpublicationloader_limit-1,merged_ecsa_icsa.json,JsonPublicationLoader,-1,,4000,2,generation_kittoolbox_kit.minimax-m2.7-229b_tmpNone_maxt-1_reasoningNone,generation,kittoolbox_kit.minimax-m2.7-229b_tmpNone_maxt-1_reasoningNone,KitToolbox,kit.minimax-m2.7-229b,,-1,,"['(R872860:Evaluation, Evaluation method, R872861:Evaluation Method List)', '(R872861:Evaluation Method List, Entity, R872862:Evaluation Method Entity)', '(R872862:Evaluation Method Entity, Name, L1529342:Technical Experiment)', '(R869891:Evaluation Method Entity, Name, L1523203:Technical Experiment)', '(R872155:Self-Commissioning Industrial IoT-Systems in Process Automation: A Reference Architecture, contribution, R872176:First Research Object 2)', '(R872176:First Research Object 2, evaluation, R872177:Evaluation)', '(R872179:Evaluation Method Entity, Name, L1527946:Technical Experiment)', '(R870916:Property, Name, L1525358:Usability)', '(R872155:Self-Commissioning Industrial IoT-Systems in Process Automation: A Reference Architecture, authors, R872156:authors list)', '(R872156:authors list, has list element, L1527897:Andreas Burger)', '(R872097:Evaluation Method Entity, Name, L1527776:Technical Experiment)', '(R870913:Property, Name, L1525355:Efficiency)', '(R874374:Evaluation, Evaluation method, R874375:Evaluation Method List)', '(R874375:Evaluation Method List, Entity, R874376:Evaluation Method Entity)', '(R874376:Evaluation Method Entity, Name, L1532470:Technical Experiment)', '(R872095:Evaluation, properties, R872098:Property)', '(R872099:Property, Name, L1527778:Accuracy)', '(R869883:Evaluation Method Entity, Name, L1523198:Technical Experiment)', '(R872095:Evaluation, properties, R872102:Property)', '(R872103:Property, Name, L1527782:Functional Suitability)', '(R872860:Evaluation, properties, R872863:Property)', '(R872865:Property, Name, L1529345:Functional Suitability)', '(R872864:Property, Name, L1529344:Performance efficiency)', '(R870914:Property, Name, L1525356:Satisfaction)', '(R869892:Property, Name, L1523206:Product Quality)', '(R872098:Property, Name, L1527779:Quality of Method)', '(R872095:Evaluation, properties, R872100:Property)', '(R872101:Property, Name, L1527780:Effectiveness)', '(R869885:Property, Name, L1523200:Performance efficiency)', '(R870912:Property, Name, L1525357:Quality in Use)', '(R869893:Property, Name, L1523205:Functional Suitability)', '(R869884:Property, Name, L1523201:Product Quality)', '(R872863:Property, Name, L1529346:Product Quality)', '(R870915:Property, Name, L1525359:Product Quality)', '(R872177:Evaluation, properties, R872180:Property)', '(R872180:Property, Name, L1527949:Product Quality)', '(R874374:Evaluation, properties, R874377:Property)', '(R874377:Property, Name, L1532473:Product Quality)', '(R874378:Property, Name, L1532472:Performance efficiency)', '(R872102:Property, Name, L1527783:Product Quality)', '(R874368:Evaluation, properties, R874371:Property)', '(R874372:Property, Name, L1532467:Satisfaction)', '(R872100:Property, Name, L1527781:Quality in Use)', '(R872181:Property, Name, L1527948:Performance efficiency)', '(R874373:Property, Name, L1532468:Efficiency)', '(R874374:Evaluation, properties, R874379:Property)', '(R874379:Property, Name, L1532475:Quality in Use)', '(R874380:Property, Name, L1532474:Context coverage)', '(R873050:First Research Object 2, evaluation, R873051:Evaluation)', '(R873051:Evaluation, Evaluation method, R873052:Evaluation Method List)', '(R873052:Evaluation Method List, Entity, R873053:Evaluation Method Entity)', '(R873053:Evaluation Method Entity, Name, L1529741:Technical Experiment)', '(R873051:Evaluation, properties, R873054:Property)', '(R873055:Property, Name, L1529743:Functional Suitability)', '(R871617:Property, Name, L1526781:Product Quality)']",What are the evaluation properties that have been investigated by the author Andreas Burger by applying the evaluation method Technical Experiment ranked in descending alphabetical order?,"The evaluation properties investigated by the author Andreas Burger that have been evaluated with the evaluation method Technical Experiment are performance efficiency, efficiency, and effectiveness.","['10.1109/ICSA.2018.00029', '10.1109/ICSA.2018.00029', '10.1007/978-3-030-86044-8_1', '10.1007/978-3-030-86044-8_1', '10.1109/ICSA.2018.00029', '10.1007/978-3-030-86044-8_1', '10.1007/978-3-030-86044-8_1']",,"['(R872156:authors list, has list element, L1527897:Andreas Burger)', '(R872179:Evaluation Method Entity, Name, L1527946:Technical Experiment)', '(R871984:authors list, has list element, L1527535:Andreas Burger)', '(R872008:Evaluation Method Entity, Name, L1527589:Technical Experiment)', '(R872181:Property, Name, L1527948:Performance efficiency)', '(R872011:Property, Name, L1527592:Efficiency)', '(R872010:Property, Name, L1527591:Effectiveness)']",clustering_strategy,R659055,Software Architecture and Design,6,What evaluation sub-properties have been published by the author [Metadata: author name] with the evaluation method [Content Data: evaluation method name] ranked in descending alphabetical order?
125,c75b3cf0921537bf3249b9a498522306,361e4d2b-3e80-4fe3-85ff-35a81b857637,"

The information gathered from the supplied texts shows that the research object **Architecture Extraction** is addressed in at least one study from 2018 and in at least one study from 2020:

* **2018** – Architecture Extraction is investigated in the paper **“Towards Micro Service Architecture Recovery: An Empirical Study”**【3】. It is also listed as a research‑object entity in the “First Research Object 2” list for a 2018 publication【2】.  
* **2020** – A paper that includes the research object **Architecture Extraction** is explicitly dated to 2020【1】.

Beyond these single instances, the texts do not provide additional details about how many times Architecture Extraction is examined in either year. Consequently, while the available sources confirm that the research object appears in publications from both 2018 and 2020, they do not contain sufficient data to determine or compare the frequency of its investigation across those two years.

","['2018', '2020']",0.333,0.5,0.07,0.426,0.2,0.5,0.2,0.33,0.25,0.29,0.5,0.58,0.54,0.56,0.38,1.0,0.55,0.75,0.6,1.0,0.75,0.88,0.2,0.5,0.375,0.6,0.03,0.22,0.12,0.95,0.09,0.05,0.39,0.17,0.1,0.74,0.427,0.62,0.506,0.0,362.4156630039215,0.0,25529,0,0.0,,0,0.0,,,0.0,0.0,,0.0,0.0,https://wandb.ai/kastel-sdq-meta-research/experiment_cross_encoder/r/call/01a05e67-50ec-7f10-9866-0c42c3f1c032,retrieval_config,False,KitToolbox,kit.qwen3-embedding-8b,10,10,True,cosine,True,False,10,-1,8,False,False,1,False,-1,-1,False,,['R659055'],['Paper'],False,True,False,kg_retrieval,hublink,kittoolbox_kit.minimax-m2.7-229b_tmpNone_maxt-1_reasoningNone,KitToolbox,kit.minimax-m2.7-229b,,-1,,kittoolbox_kit.minimax-m2.7-229b_tmpNone_maxt-1_reasoningNone,KitToolbox,kit.minimax-m2.7-229b,,-1,,orkg_merged_ecsa_icsa.json_jsonpublicationloader_limit-1,['paper_class'],['research_level'],['first_research_object'],['second_research_object'],['validity'],['evidence'],False,False,R659055,https://sandbox.orkg.org,-1,orkg,merged_ecsa_icsa.json_jsonpublicationloader_limit-1,merged_ecsa_icsa.json,JsonPublicationLoader,-1,,4000,2,generation_kittoolbox_kit.minimax-m2.7-229b_tmpNone_maxt-1_reasoningNone,generation,kittoolbox_kit.minimax-m2.7-229b_tmpNone_maxt-1_reasoningNone,KitToolbox,kit.minimax-m2.7-229b,,-1,,"['(R871714:Research Object Entity, Name, L1526984:Architecture Extraction)', '(R869648:A Platform for the Automated Provisioning of Architecture Information for Large-Scale Service-Oriented Software Systems, contribution, R869671:First Research Object 2)', '(R869671:First Research Object 2, Object, R869679:Research Object List)', '(R869679:Research Object List, Entity, R869680:Research Object Entity)', '(R869680:Research Object Entity, Name, L1522761:Architecture Extraction)', '(R870521:From Monolithic Architecture Style to Microservice one Based on a Semi-Automatic Approach, contribution, R870542:First Research Object 2)', '(R870542:First Research Object 2, Object, R870548:Research Object List)', '(R870548:Research Object List, Entity, R870549:Research Object Entity)', '(R870549:Research Object Entity, Name, L1524582:Architecture Extraction)', '(R873855:Towards Micro Service Architecture Recovery: An Empirical Study, contribution, R873878:First Research Object 2)', '(R873878:First Research Object 2, Object, R873886:Research Object List)', '(R873886:Research Object List, Entity, R873887:Research Object Entity)', '(R873887:Research Object Entity, Name, L1531437:Architecture Extraction)', '(R873855:Towards Micro Service Architecture Recovery: An Empirical Study, publication year, L1531379:2018)', '(R869648:A Platform for the Automated Provisioning of Architecture Information for Large-Scale Service-Oriented Software Systems, publication year, L1522702:2018)', '(R870521:From Monolithic Architecture Style to Microservice one Based on a Semi-Automatic Approach, publication year, L1524530:2020)']",How often is the research object Architecture Extraction investigated in papers published in the publication year 2018 in comparison to the publication year 2020?,"The research object Architecture Extraction is investigated in two papers published in 2018, compared to one paper in 2020.","['10.1109/ICSA.2018.00014', '10.1109/ICSA.2018.00014', '10.1109/ICSA47634.2020.00023', '10.1109/ICSA47634.2020.00023', '10.1007/978-3-030-00761-4_14', '10.1007/978-3-030-00761-4_14']",,"['(R873887:Research Object Entity, Name, L1531437:Architecture Extraction)', '(R873855:Towards Micro Service Architecture Recovery: An Empirical Study, publication year, L1531379:2018)', '(R870549:Research Object Entity, Name, L1524582:Architecture Extraction)', '(R870521:From Monolithic Architecture Style to Microservice one Based on a Semi-Automatic Approach, publication year, L1524530:2020)', '(R869680:Research Object Entity, Name, L1522761:Architecture Extraction)', '(R869648:A Platform for the Automated Provisioning of Architecture Information for Large-Scale Service-Oriented Software Systems, publication year, L1522702:2018)']",clustering_strategy,R659055,Software Architecture and Design,5,How many research objects with the name [Content Data: research object name] have been investigated in papers published in the publication year [year 1] in comparison to the publication year [year 2]?
126,c75b3cf0921537bf3249b9a498522306,3c251bef-217a-4f5c-9ea7-584cf535dfdc,"

Based on the provided sources, only limited information is available regarding investigations of architecture patterns in 2018 and 2020.

According to source [2], a study of architectural choices was conducted in 2018. Meanwhile, source [1] indicates that the paper ""Architectural Patterns for Cross‑Domain Personalised Automotive Functions"" was published in 2020.

However, neither source provides a quantitative count or comparison of investigations between the two years. Source [1] does not mention any investigations of architecture patterns in 2018, while source [2] does not provide information about architecture pattern investigations in 2020. Therefore, a direct numerical comparison between the number of investigations in 2018 versus 2020 cannot be determined from the given partial answers.

The available information suggests at least one investigation occurred in 2018, and at least one relevant paper was published in 2020, but the exact frequency or comparison of investigations between these years remains unspecified in the provided sources.

[1] Source: Architectural Patterns for Cross-Domain Personalised Automotive Functions, 10.1109/ICSA47634.2020.00026
[2] Source: Architectural Design Decisions for Systems Supporting Model-Based Analysis of Runtime Events: A Qualitative Multi-method Study, 10.1109/ICSA.2018.00021
","['2018', '2020']",0.125,0.125,0.125,0.1,1.0,1.0,0.5,0.12,0.2,0.15,0.5,0.12,0.2,0.15,0.5,0.12,0.2,0.15,0.5,0.12,0.2,0.15,0.5,0.5,0.5,0.5,0.02,0.24,0.15,0.76,0.1,0.06,0.32,0.19,0.11,0.59,0.441,0.589,0.504,0.0,266.92372393608093,0.0015008999999999999,18926,0,0.0,,0,0.0,,,0.0,0.0,,0.0,0.0,https://wandb.ai/kastel-sdq-meta-research/experiment_cross_encoder/r/call/01a05e67-c3e7-7e4a-b8e9-36a401849de0,retrieval_config,False,KitToolbox,kit.qwen3-embedding-8b,10,10,True,cosine,True,False,10,-1,8,False,False,1,False,-1,-1,False,,['R659055'],['Paper'],False,True,False,kg_retrieval,hublink,kittoolbox_kit.minimax-m2.7-229b_tmpNone_maxt-1_reasoningNone,KitToolbox,kit.minimax-m2.7-229b,,-1,,kittoolbox_kit.minimax-m2.7-229b_tmpNone_maxt-1_reasoningNone,KitToolbox,kit.minimax-m2.7-229b,,-1,,orkg_merged_ecsa_icsa.json_jsonpublicationloader_limit-1,['paper_class'],['research_level'],['first_research_object'],['second_research_object'],['validity'],['evidence'],False,False,R659055,https://sandbox.orkg.org,-1,orkg,merged_ecsa_icsa.json_jsonpublicationloader_limit-1,merged_ecsa_icsa.json,JsonPublicationLoader,-1,,4000,2,generation_kittoolbox_kit.minimax-m2.7-229b_tmpNone_maxt-1_reasoningNone,generation,kittoolbox_kit.minimax-m2.7-229b_tmpNone_maxt-1_reasoningNone,KitToolbox,kit.minimax-m2.7-229b,,-1,,"['(R870792:Architectural Patterns for Cross-Domain Personalised Automotive Functions, publication year, L1525115:2020)', '(R873077:Architectural Design Decisions for Systems Supporting Model-Based Analysis of Runtime Events: A Qualitative Multi-method Study, publication year, L1529784:2018)']",How many times have architecture patterns been investigated in 2018 in comparison to 2020?,The number of times architecture patterns have been investigated in 2018 in comparison to 2020 is the same; architecture patterns were investigated twice in 2018 and twice in 2020.,"['10.1109/ICSA47634.2020.00019', '10.1109/ICSA47634.2020.00019', '10.1109/ICSA47634.2020.00026', '10.1109/ICSA47634.2020.00026', '10.1109/ICSA.2018.00011', '10.1109/ICSA.2018.00011', '10.1007/978-3-030-00761-4_21', '10.1007/978-3-030-00761-4_21']",,"['(R869887:Research Object Entity, Name, L1523202:Architecture Pattern)', '(R869851:Model-Based Analysis of Microservice Resiliency Patterns, publication year, L1523137:2020)', '(R870830:Research Object Entity, Name, L1525177:Architecture Pattern)', '(R870792:Architectural Patterns for Cross-Domain Personalised Automotive Functions, publication year, L1525115:2020)', '(R874027:Research Object Entity, Name, L1531723:Architecture Pattern)', '(R873993:Reducing Development Overheads with a Generic and Model-Centric Architecture for Online Games, publication year, L1531662:2018)', '(R870420:Research Object Entity, Name, L1524302:Architecture Pattern)', '(R870380:Identifying and Prioritizing Architectural Debt Through Architectural Smells: A Case Study in a Large Software Company, publication year, L1524234:2018)']",clustering_strategy,R659055,Software Architecture and Design,5,How many research objects with the name [Content Data: research object name] have been published in [Metadata: year] in comparison to [Metadata: year]?
127,c75b3cf0921537bf3249b9a498522306,eafdb4ba-3efe-495d-a4e4-efe1b9ae8a83,"

The supplied fragments show that the **Questionnaire** evaluation method appears in several studies, but they do not provide enough year‑specific data to compare how often the method is used in papers published in 2020 versus 2021.

- **2021 papers**  
  - “How Software Architects Focus Their Attention” explicitly states that it uses a Questionnaire as its evaluation method [1].  
  - “Continuous API Evolution in Heterogenous Enterprise Software Systems” also lists a Questionnaire as part of its evaluation method list [9].  

- **Other years (2018‑2019)**  
  - “Migrating Towards Microservice Architectures: An Industrial Survey” (2018) uses a Questionnaire [6].  
  - “A Survey on Big Data Analytics Solutions Deployment” (2019) employs a Questionnaire for its first research object [7].  
  - “An Exploratory Study of Naturalistic Decision Making in Complex Software Architecture Environments” (2019) also uses a questionnaire [8].  

- **Papers without a specified year**  
  - “Continuous Analysis of Collaborative Design” [2], “Architectural Assumptions and Their Management in Industry – An Exploratory Study” [3], “Identifying and Prioritizing Architectural Debt Through Architectural Smells: A Case Study in a Large Software Company” [4], and “Determining Microservice Boundaries: A Case Study Using Static and Dynamic Software Analysis” [5] all mention a Questionnaire, but none of these texts provide a publication year.

**Result:** The only papers with a confirmed publication year that use the Questionnaire method are from **2021** (at least two) [1][9]. No source mentions any paper published in **2020** that employs the Questionnaire method. Consequently, because the available evidence does not include any 2020 data, the relative frequency of Questionnaire use in 2020 compared with 2021 cannot be determined from the provided contexts.

[1] Source: How Software Architects Focus Their Attention, 10.1007/978-3-030-86044-8_21
[2] Source: Continuous Analysis of Collaborative Design, 10.1109/ICSA.2017.45
[3] Source: Architectural Assumptions and Their Management in Industry – An Exploratory Study, 10.1007/978-3-319-65831-5_14
[4] Source: Identifying and Prioritizing Architectural Debt Through Architectural Smells: A Case Study in a Large Software Company, 10.1007/978-3-030-00761-4_21
[5] Source: Determining Microservice Boundaries: A Case Study Using Static and Dynamic Software Analysis, 10.1007/978-3-030-58923-3_21
[6] Source: Migrating Towards Microservice Architectures: An Industrial Survey, 10.1109/ICSA.2018.00012
[7] Source: A Survey on Big Data Analytics Solutions Deployment, 10.1007/978-3-030-29983-5_13
[8] Source: An Exploratory Study of Naturalistic Decision Making in Complex Software Architecture Environments, 10.1007/978-3-030-29983-5_4
[9] Source: Continuous API Evolution in Heterogenous Enterprise Software Systems, 10.1109/ICSA51549.2021.00014
","['2020', '2021']",0.667,0.333,0.322,0.193,0.333,0.333,0.4,0.67,0.5,0.59,0.4,0.67,0.5,0.59,0.42,0.83,0.56,0.69,0.42,0.83,0.56,0.69,0.4,0.4,0.417,0.417,0.01,0.17,0.09,0.83,0.06,0.03,0.29,0.12,0.07,0.59,0.39,0.545,0.455,0.0,397.04681372642517,0.0,56403,0,0.0,,0,0.0,,,0.0,0.0,,0.0,0.0,https://wandb.ai/kastel-sdq-meta-research/experiment_cross_encoder/r/call/01a05e68-1f11-7bd9-b974-df9dc8966e74,retrieval_config,False,KitToolbox,kit.qwen3-embedding-8b,10,10,True,cosine,True,False,10,-1,8,False,False,1,False,-1,-1,False,,['R659055'],['Paper'],False,True,False,kg_retrieval,hublink,kittoolbox_kit.minimax-m2.7-229b_tmpNone_maxt-1_reasoningNone,KitToolbox,kit.minimax-m2.7-229b,,-1,,kittoolbox_kit.minimax-m2.7-229b_tmpNone_maxt-1_reasoningNone,KitToolbox,kit.minimax-m2.7-229b,,-1,,orkg_merged_ecsa_icsa.json_jsonpublicationloader_limit-1,['paper_class'],['research_level'],['first_research_object'],['second_research_object'],['validity'],['evidence'],False,False,R659055,https://sandbox.orkg.org,-1,orkg,merged_ecsa_icsa.json_jsonpublicationloader_limit-1,merged_ecsa_icsa.json,JsonPublicationLoader,-1,,4000,2,generation_kittoolbox_kit.minimax-m2.7-229b_tmpNone_maxt-1_reasoningNone,generation,kittoolbox_kit.minimax-m2.7-229b_tmpNone_maxt-1_reasoningNone,KitToolbox,kit.minimax-m2.7-229b,,-1,,"['(R2156327:Evaluation Method Entity, Name, L2809683:Questionnaire)', '(R873839:Evaluation Method Entity, Name, L1531340:Questionnaire)', '(R868509:Evaluation Method Entity, Name, L1520249:Questionnaire)', '(R874370:Evaluation Method Entity, Name, L1532465:Questionnaire)', '(R868485:How Software Architects Focus Their Attention, publication year, L1520199:2021)', '(R2156193:Evaluation Method Entity, Name, L2809564:Questionnaire)', '(R2156169:Evaluation Method Entity, Name, L2809544:Questionnaire)', '(R870466:Evaluation Method Entity, Name, L1524404:Questionnaire)', '(R871016:Evaluation Method Entity, Name, L1525564:Questionnaire)', '(R870989:Migrating Towards Microservice Architectures: An Industrial Survey, publication year, L1525510:2018)', '(R873814:A Survey on Big Data Analytics Solutions Deployment, publication year, L1531288:2019)', '(R874338:Continuous API Evolution in Heterogenous Enterprise Software Systems, publication year, L1532404:2021)']",How often is the evaluation method Questionnaire applied in papers published in the publication year 2020 in comparison to the publication year 2021?,"The evaluation method Questionnaire is applied once in papers published in the publication year 2020, in comparison to being applied twice in papers published in the publication year 2021.","['10.1109/ICSA51549.2021.00014', '10.1109/ICSA51549.2021.00014', '10.1007/978-3-030-86044-8_21', '10.1007/978-3-030-86044-8_21', '10.1007/978-3-030-58923-3_21', '10.1007/978-3-030-58923-3_21']",,"['(R874370:Evaluation Method Entity, Name, L1532465:Questionnaire)', '(R874338:Continuous API Evolution in Heterogenous Enterprise Software Systems, publication year, L1532404:2021)', '(R868509:Evaluation Method Entity, Name, L1520249:Questionnaire)', '(R868485:How Software Architects Focus Their Attention, publication year, L1520199:2021)', '(R870466:Evaluation Method Entity, Name, L1524404:Questionnaire)', '(R870431:Determining Microservice Boundaries: A Case Study Using Static and Dynamic Software Analysis, publication year, L1524342:2020)']",clustering_strategy,R659055,Software Architecture and Design,6,How many evaluation methods with the name [Content Data: evaluation method name] have been published in [Metadata: year] in comparison to [Metadata: year]?
128,c75b3cf0921537bf3249b9a498522306,c38533ba-7e3f-4307-be53-2862558ba6c3,"

The source texts indicate that an **Interview** was employed as an evaluation method for the relevant research objects (e.g., First Research Object 2) in several studies [1][2][3][4][5][6]. However, none of the provided excerpts report how many times the interview method was actually applied in the year 2020, in 2021, or provide any comparative count between the two years. In other words, the texts confirm the use of interviews as an evaluation method but do not contain quantitative data on the frequency of its use for those specific years.

[1] Source: Architectural Assumptions and Their Management in Industry – An Exploratory Study, 10.1007/978-3-319-65831-5_14
[2] Source: Aligning Architecture with Business Goals in the Automotive Domain, 10.1109/ICSA51549.2021.00020
[3] Source: System- and Software-level Architecting Harmonization Practices for Systems-of-Systems : An exploratory case study on a long-running large-scale scientific instrument, 10.1109/ICSA51549.2021.00010
[4] Source: State of the Practice in Application Programming Interfaces (APIs): A Case Study, 10.1007/978-3-030-86044-8_14
[5] Source: Empirical Insights into the Evolving Role of Architects in Decision-Making in an Agile Context, 10.1007/978-3-030-00761-4_17
[6] Source: An Architecture for Decentralized, Collaborative, and Autonomous Robots, 10.1109/ICSA.2018.00017
","['2020', '2021']",0.25,0.25,0.081,0.143,0.25,0.333,0.4,0.25,0.31,0.27,0.5,0.25,0.33,0.28,0.4,0.25,0.31,0.27,0.5,0.25,0.33,0.28,0.4,0.5,0.4,0.5,0.02,0.27,0.18,0.5,0.05,0.03,0.09,0.19,0.13,0.35,0.447,0.574,0.503,0.0,237.933598279953,0.004948799999999999,36433,0,0.0,,0,0.0,,,0.0,0.0,,0.0,0.0,https://wandb.ai/kastel-sdq-meta-research/experiment_cross_encoder/r/call/01a05e6c-09a9-7745-8554-b85a7855ef03,retrieval_config,False,KitToolbox,kit.qwen3-embedding-8b,10,10,True,cosine,True,False,10,-1,8,False,False,1,False,-1,-1,False,,['R659055'],['Paper'],False,True,False,kg_retrieval,hublink,kittoolbox_kit.minimax-m2.7-229b_tmpNone_maxt-1_reasoningNone,KitToolbox,kit.minimax-m2.7-229b,,-1,,kittoolbox_kit.minimax-m2.7-229b_tmpNone_maxt-1_reasoningNone,KitToolbox,kit.minimax-m2.7-229b,,-1,,orkg_merged_ecsa_icsa.json_jsonpublicationloader_limit-1,['paper_class'],['research_level'],['first_research_object'],['second_research_object'],['validity'],['evidence'],False,False,R659055,https://sandbox.orkg.org,-1,orkg,merged_ecsa_icsa.json_jsonpublicationloader_limit-1,merged_ecsa_icsa.json,JsonPublicationLoader,-1,,4000,2,generation_kittoolbox_kit.minimax-m2.7-229b_tmpNone_maxt-1_reasoningNone,generation,kittoolbox_kit.minimax-m2.7-229b_tmpNone_maxt-1_reasoningNone,KitToolbox,kit.minimax-m2.7-229b,,-1,,"['(R873325:Evaluation Method Entity, Name, L1530272:Interview)', '(R873512:Evaluation, Evaluation method, R873513:Evaluation Method List)', '(R873513:Evaluation Method List, Entity, R873514:Evaluation Method Entity)', '(R873514:Evaluation Method Entity, Name, L1530665:Interview)', '(R873486:State of the Practice in Application Programming Interfaces (APIs): A Case Study, publication year, L1530611:2021)']",How many times have interviews been applied for evaluation in 2020 in comparison to 2021?,"The number of times interviews have been applied for evaluation in 2020 in comparison to 2021 is as follows: in 2020, interviews were not applied, while in 2021, interviews were applied in three papers.","['10.1109/ICSA51549.2021.00013', '10.1109/ICSA51549.2021.00013', '10.1109/ICSA51549.2021.00010', '10.1109/ICSA51549.2021.00010', '10.1109/ICSA51549.2021.00020', '10.1109/ICSA51549.2021.00020', '10.1007/978-3-030-86044-8_14', '10.1007/978-3-030-86044-8_14']",,"['(R869337:Evaluation Method Entity, Name, L1522029:Interview)', '(R869312:A Decision Model for Choosing Patterns in Blockchain-Based Applications, publication year, L1521979:2021)', '(R874237:Evaluation Method Entity, Name, L1532186:Interview)', '(R874205:System- and Software-level Architecting Harmonization Practices for Systems-of-Systems : An exploratory case study on a long-running large-scale scientific instrument, publication year, L1532127:2021)', '(R873514:Evaluation Method Entity, Name, L1530665:Interview)', '(R873233:Aligning Architecture with Business Goals in the Automotive Domain, publication year, L1530089:2021)', '(R873252:Evaluation Method Entity, Name, L1530118:Interview)', '(R873486:State of the Practice in Application Programming Interfaces (APIs): A Case Study, publication year, L1530611:2021)']",clustering_strategy,R659055,Software Architecture and Design,6,How many evaluation methods with the name [Content Data: evaluation method name] have been published in [Metadata: year] in comparison to [Metadata: year]?
129,c75b3cf0921537bf3249b9a498522306,2025048a-6b67-4553-bb99-8330bad2bd56,"

The partial answers give two different pictures of the research objects that appear in Uwe Zdun’s papers:

| Research object (as named in the sources) | Evaluation method reported | Sources that claim **no** evaluation method |
|-------------------------------------------|---------------------------|--------------------------------------------|
| **Second Research Object 2** (also described as *Architectural Aspects*) | – (no evaluation method recorded) | [1] and [3] |
| **Architecture Analysis Method**           | Grounded Theory | [2] |
| **Architecture Decision Making** (referred to as *First Research Object 2*) | Data‑Science method | [4] |
| **First Research Object 2** (an *Architecture Pattern*) | Grounded Theory | [5] |
| **First Research Object 2** (same object) | Technical Experiment, Questionnaire, various property assessments | [6] |

**Synthesis**

- **Objects without an evaluation method** – According to the texts, the research object labelled **“Second Research Object 2”** (also termed *Architectural Aspects*) is the only one that is explicitly reported as having **no evaluation method** applied [1][3].

- **Objects that were evaluated** – All other research objects mentioned in the provided extracts were linked to at least one evaluation method:
  - “Architecture Analysis Method” was evaluated using **Grounded Theory** [2].
  - “Architecture Decision Making” (First Research Object 2) was evaluated with a **Data‑Science method** [4].
  - “First Research Object 2” (Architecture Pattern) was evaluated with **Grounded Theory** [5] and also with a **Technical Experiment** and **Questionnaire** [6].

Because the sources disagree on whether any research objects lack an evaluation, the only research object that is consistently identified as **un‑evaluated** is **Second Research Object 2** (or *Architectural Aspects*) [1][3]; the remaining objects are reported to have been evaluated by the methods listed above.

[1] Source: Semi-automatic Feedback for Improving Architecture Conformance to Microservice Patterns and Practices, 10.1109/ICSA51549.2021.00012
[2] Source: Assessing Architecture Conformance to Coupling-Related Patterns and Practices in Microservices, 10.1007/978-3-030-58923-3_1
[3] Source: Identifying Domain-Based Cyclic Dependencies in Microservice APIs Using Source Code Detectors, 10.1007/978-3-030-86044-8_15
[4] Source: Architectural Design Decisions for Systems Supporting Model-Based Analysis of Runtime Events: A Qualitative Multi-method Study, 10.1109/ICSA.2018.00021
[5] Source: Supporting Architectural Decision Making on Data Management in Microservice Architectures, 10.1007/978-3-030-29983-5_2
[6] Source: Continuous API Evolution in Heterogenous Enterprise Software Systems, 10.1109/ICSA51549.2021.00014
",['Uwe Zdun'],0.167,0.083,0.167,0.1,1.0,1.0,0.1,0.17,0.12,0.15,0.13,0.17,0.15,0.16,0.1,0.67,0.17,0.31,0.17,0.75,0.28,0.45,0.1,0.133,0.098,0.173,0.01,0.17,0.09,0.79,0.07,0.04,0.32,0.12,0.07,0.59,0.318,0.572,0.408,0.0,538.7062394618988,0.0,19067,0,0.0,,0,0.0,,,0.0,0.0,,0.0,0.0,https://wandb.ai/kastel-sdq-meta-research/experiment_cross_encoder/r/call/01a05e6c-3fca-7353-944a-a4a0c1187803,retrieval_config,False,KitToolbox,kit.qwen3-embedding-8b,10,10,True,cosine,True,False,10,-1,8,False,False,1,False,-1,-1,False,,['R659055'],['Paper'],False,True,False,kg_retrieval,hublink,kittoolbox_kit.minimax-m2.7-229b_tmpNone_maxt-1_reasoningNone,KitToolbox,kit.minimax-m2.7-229b,,-1,,kittoolbox_kit.minimax-m2.7-229b_tmpNone_maxt-1_reasoningNone,KitToolbox,kit.minimax-m2.7-229b,,-1,,orkg_merged_ecsa_icsa.json_jsonpublicationloader_limit-1,['paper_class'],['research_level'],['first_research_object'],['second_research_object'],['validity'],['evidence'],False,False,R659055,https://sandbox.orkg.org,-1,orkg,merged_ecsa_icsa.json_jsonpublicationloader_limit-1,merged_ecsa_icsa.json,JsonPublicationLoader,-1,,4000,2,generation_kittoolbox_kit.minimax-m2.7-229b_tmpNone_maxt-1_reasoningNone,generation,kittoolbox_kit.minimax-m2.7-229b_tmpNone_maxt-1_reasoningNone,KitToolbox,kit.minimax-m2.7-229b,,-1,,"['(R869265:authors list, has list element, L1521866:Uwe Zdun)', '(R869566:Assessing Architecture Conformance to Coupling-Related Patterns and Practices in Microservices, authors, R869567:authors list)', '(R869567:authors list, has list element, L1522515:Uwe Zdun)', '(R873078:authors list, has list element, L1529783:Uwe Zdun)', '(R872981:authors list, has list element, L1529591:Uwe Zdun)', '(R869566:Assessing Architecture Conformance to Coupling-Related Patterns and Practices in Microservices, contribution, R869587:First Research Object 2)', '(R869587:First Research Object 2, Object, R869593:Research Object List)', '(R869593:Research Object List, Entity, R869594:Research Object Entity)', '(R869594:Research Object Entity, Name, L1522572:Architecture Analysis Method)', '(R874367:First Research Object 2, evaluation, R874374:Evaluation)', '(R871896:Identifying Domain-Based Cyclic Dependencies in Microservice APIs Using Source Code Detectors, authors, R871897:authors list)', '(R871897:authors list, has list element, L1527351:Uwe Zdun)', '(R872980:Supporting Architectural Decision Making on Data Management in Microservice Architectures, contribution, R873002:First Research Object 2)', '(R873010:Research Object Entity, Name, L1529652:Architecture Pattern)', '(R873077:Architectural Design Decisions for Systems Supporting Model-Based Analysis of Runtime Events: A Qualitative Multi-method Study, contribution, R873098:First Research Object 2)', '(R873098:First Research Object 2, evaluation, R873099:Evaluation)', '(R874367:First Research Object 2, evaluation, R874368:Evaluation)', '(R873098:First Research Object 2, Object, R873104:Research Object List)', '(R873104:Research Object List, Entity, R873105:Research Object Entity)', '(R873105:Research Object Entity, Name, L1529835:Architecture Decision Making)', '(R873099:Evaluation, Evaluation method, R873100:Evaluation Method List)', '(R873100:Evaluation Method List, Entity, R873101:Evaluation Method Entity)', '(R873101:Evaluation Method Entity, Name, L1529831:Data Science)', '(R873002:First Research Object 2, evaluation, R873003:Evaluation)', '(R869587:First Research Object 2, evaluation, R869588:Evaluation)', '(R869588:Evaluation, properties, R869591:Property)', '(R869591:Property, Name, L1522571:Quality of Method)', '(R869264:Semi-automatic Feedback for Improving Architecture Conformance to Microservice Patterns and Practices, contribution, R869297:Second Research Object 2)', '(R869588:Evaluation, Has Guideline, L1522569:True)', '(R869588:Evaluation, Evaluation method, R869589:Evaluation Method List)', '(R869589:Evaluation Method List, Entity, R869590:Evaluation Method Entity)', '(R869590:Evaluation Method Entity, Name, L1522568:Grounded Theory)', '(R873005:Evaluation Method Entity, Name, L1529647:Grounded Theory)', '(R869297:Second Research Object 2, evaluation, R869298:Evaluation)', '(R869298:Evaluation, Evaluation method, L1521934:False)', '(R871896:Identifying Domain-Based Cyclic Dependencies in Microservice APIs Using Source Code Detectors, contribution, R871929:Second Research Object 2)', '(R871929:Second Research Object 2, Object, R871931:Research Object List)', '(R871931:Research Object List, Entity, R871932:Research Object Entity)', '(R871932:Research Object Entity, Name, L1527418:Architectural Aspects)', '(R871929:Second Research Object 2, evaluation, R871930:Evaluation)', '(R871930:Evaluation, properties, L1527417:False)']",What are the research objects that have been investigated in papers by the author Uwe Zdun to which no evaluation method has been applied?,The research objects that have been investigated in papers by the author Uwe Zdun to which no evaluation method has been applied are Architecture Optimization Method and Architectural Aspects.,"['10.1109/ICSA51549.2021.00012', '10.1109/ICSA51549.2021.00012', '10.1109/ICSA51549.2021.00012', '10.1007/978-3-030-86044-8_15', '10.1007/978-3-030-86044-8_15', '10.1007/978-3-030-86044-8_15']",,"['(R869265:authors list, has list element, L1521866:Uwe Zdun)', '(R869298:Evaluation, Evaluation method, L1521934:False)', '(R869300:Research Object Entity, Name, L1521937:Architecture Optimization Method)', '(R871897:authors list, has list element, L1527351:Uwe Zdun)', '(R871930:Evaluation, Evaluation method, L1527415:False)', '(R871932:Research Object Entity, Name, L1527418:Architectural Aspects)']",clustering_strategy,R659055,Software Architecture and Design,5,"What are the names of the research objects, that have been investigated in papers by the author [Metadata: author name], where no evaluation method has been applied to?"
130,c75b3cf0921537bf3249b9a498522306,f08d5a22-a10b-41f8-b6da-8e5451777861,"

Muhammad Babar is reported to have used the following evaluation methods **without applying an evaluation guideline**:

| Evaluation method | Source(s) | Notes on guideline |
|-------------------|-----------|--------------------|
| **Technical experiment** | [1] | “Has Guideline = False” |
| **Case study** | [2], [4] | “Has Guideline = False” |
| **Controlled experiment** | [3] | Reported as “Has Guideline = False”, but the source notes that it does **not** explicitly reference Muhammad Babar, so attribution to him is uncertain. |
| **Grounded Theory** | [5] | Described as the evaluation method used by Muhammad Babar, but the source provides **contradictory** information about whether a guideline was present (one entry says a guideline exists, another indicates a “false” property). |

Other evaluation approaches mentioned in the supplied texts (e.g., questionnaire, data‑science method, “Quality of Method” property) are either not linked to Muhammad Babar or are associated with conflicting information regarding the presence of a guideline [6]–[9].

[1] Source: An Architecture-Driven Adaptation Approach for Big Data Cyber Security Analytics, 10.1109/ICSA.2019.00013
[2] Source: Architecture-Centric Support for Integrating Security Tools in a Security Orchestration Platform, 10.1007/978-3-030-58923-3_11
[3] Source: Two Architectural Threat Analysis Techniques Compared, 10.1007/978-3-030-00761-4_23
[4] Source: Anatomy, Concept, and Design Space of Blockchain Networks, 10.1109/ICSA47634.2020.00020
[5] Source: How Developers Discuss Architecture Smells? An Exploratory Study on Stack Overflow, 10.1109/ICSA.2019.00018
[6] Source: Data-Driven Software Architecture for Analyzing Confidentiality, 10.1109/ICSA.2019.00009
[9] Source: Architectural Design Decisions for Systems Supporting Model-Based Analysis of Runtime Events: A Qualitative Multi-method Study, 10.1109/ICSA.2018.00021
",['Muhammad Babar'],0.444,0.167,0.269,0.546,0.5,1.0,0.4,0.44,0.42,0.43,0.47,0.44,0.46,0.45,0.25,0.78,0.38,0.55,0.36,0.78,0.49,0.63,0.4,0.471,0.25,0.359,0.01,0.26,0.15,0.81,0.1,0.06,0.32,0.14,0.08,0.42,0.367,0.627,0.463,0.0,453.97395157814026,0.0,187912,0,0.0,,0,0.0,,,0.0,0.0,,0.0,0.0,https://wandb.ai/kastel-sdq-meta-research/experiment_cross_encoder/r/call/01a05e6d-1448-7bc8-a8de-faad3b52a297,retrieval_config,False,KitToolbox,kit.qwen3-embedding-8b,10,10,True,cosine,True,False,10,-1,8,False,False,1,False,-1,-1,False,,['R659055'],['Paper'],False,True,False,kg_retrieval,hublink,kittoolbox_kit.minimax-m2.7-229b_tmpNone_maxt-1_reasoningNone,KitToolbox,kit.minimax-m2.7-229b,,-1,,kittoolbox_kit.minimax-m2.7-229b_tmpNone_maxt-1_reasoningNone,KitToolbox,kit.minimax-m2.7-229b,,-1,,orkg_merged_ecsa_icsa.json_jsonpublicationloader_limit-1,['paper_class'],['research_level'],['first_research_object'],['second_research_object'],['validity'],['evidence'],False,False,R659055,https://sandbox.orkg.org,-1,orkg,merged_ecsa_icsa.json_jsonpublicationloader_limit-1,merged_ecsa_icsa.json,JsonPublicationLoader,-1,,4000,2,generation_kittoolbox_kit.minimax-m2.7-229b_tmpNone_maxt-1_reasoningNone,generation,kittoolbox_kit.minimax-m2.7-229b_tmpNone_maxt-1_reasoningNone,KitToolbox,kit.minimax-m2.7-229b,,-1,,"['(R870014:An Architecture-Driven Adaptation Approach for Big Data Cyber Security Analytics, authors, R870015:authors list)', '(R870015:authors list, has list element, L1523469:Muhammad Babar)', '(R869183:authors list, has list element, L1521691:Muhammad Babar)', '(R871384:authors list, has list element, L1526315:Muhammad Babar)', '(R868291:authors list, has list element, L1519765:Muhammad Babar)', '(R2156177:Evaluation, Has Guideline, L2809559:False)', '(R869205:First Research Object 2, evaluation, R869206:Evaluation)', '(R869206:Evaluation, Has Guideline, L1521745:False)', '(R873686:Property, Name, L1531016:Quality of Method)', '(R869206:Evaluation, Evaluation method, R869207:Evaluation Method List)', '(R869208:Evaluation Method Entity, Name, L1521744:Case Study)', '(R868290:How Developers Discuss Architecture Smells? An Exploratory Study on Stack Overflow, contribution, R868309:First Research Object 2)', '(R868309:First Research Object 2, evaluation, R868310:Evaluation)', '(R868310:Evaluation, Evaluation method, R868311:Evaluation Method List)', '(R868311:Evaluation Method List, Entity, R868312:Evaluation Method Entity)', '(R868312:Evaluation Method Entity, Name, L1519814:Grounded Theory)', '(R871383:Architecture-Centric Support for Integrating Security Tools in a Security Orchestration Platform, contribution, R871404:First Research Object 2)', '(R871404:First Research Object 2, evaluation, R871405:Evaluation)', '(R871405:Evaluation, Has Guideline, L1526367:False)', '(R871405:Evaluation, Evaluation method, R871406:Evaluation Method List)', '(R871406:Evaluation Method List, Entity, R871407:Evaluation Method Entity)', '(R871407:Evaluation Method Entity, Name, L1526366:Case Study)', '(R2156177:Evaluation, Evaluation method, R2156181:Evaluation Method List)', '(R2156181:Evaluation Method List, Entity, R2156183:Evaluation Method Entity)', '(R2156183:Evaluation Method Entity, Name, L2809557:Technical Experiment)', '(R868310:Evaluation, Has Guideline, L1519815:True)', '(R868310:Evaluation, properties, L1519816:False)', '(R873683:Evaluation, Has Guideline, L1531014:False)']",What evaluation methods have been used by the author Muhammad Babar and were not applied with an evaluation guideline?,The evaluation methods that have been used by the author Muhammad Babar and were not applied with an evaluation guideline are Technical Experiment and Case Study.,"['10.1109/ICSA.2019.00013', '10.1109/ICSA.2019.00013', '10.1109/ICSA.2019.00013', '10.1109/ICSA47634.2020.00020', '10.1109/ICSA47634.2020.00020', '10.1109/ICSA47634.2020.00020', '10.1007/978-3-030-58923-3_11', '10.1007/978-3-030-58923-3_11', '10.1007/978-3-030-58923-3_11']",,"['(R870015:authors list, has list element, L1523469:Muhammad Babar)', '(R870039:Evaluation, Has Guideline, L1523524:False)', '(R870041:Evaluation Method Entity, Name, L1523523:Technical Experiment)', '(R869183:authors list, has list element, L1521691:Muhammad Babar)', '(R869206:Evaluation, Has Guideline, L1521745:False)', '(R869208:Evaluation Method Entity, Name, L1521744:Case Study)', '(R871384:authors list, has list element, L1526315:Muhammad Babar)', '(R871405:Evaluation, Has Guideline, L1526367:False)', '(R871407:Evaluation Method Entity, Name, L1526366:Case Study)']",clustering_strategy,R659055,Software Architecture and Design,6,What evaluation methods that have been published by the author [Metadata: author name] have no evaluation guidelines?
131,c75b3cf0921537bf3249b9a498522306,64fa2927-d8ea-48b1-b16d-c1736a6eb076,"

Johannes Grohmann’s publications employ several evaluation methods **without** adhering to a guideline.  The methods that are explicitly reported as “without a guideline” are:

| Evaluation method | Context (paper/research object) | Source |
|-------------------|--------------------------------|--------|
| **Technical Experiment** | Used for First Research Object 2 in “Integrating Statistical Response Time Models in Architectural Performance Models” | [2] [5] |
| **Case Study** | Performed in “Incremental Calibration of Architectural Performance Models with Parametric Dependencies” and for First Research Object 2 (no guideline) | [1] [4] |
| **Questionnaire** | Reported without a guideline in one of Grohmann’s works | [3] |
| **Controlled experiment** | Explicitly noted as being carried out without a guideline | [6] |
| **Argumentation** | Applied to Second Research Object 2 without a guideline | [5] |
| **Motivating Example** | Applied to Second Research Object 2 without a guideline | [5] |

Thus, the evaluation methods that were applied **without a guideline** in Grohmann’s papers are:

- **Technical Experiment**  
- **Case Study**  
- **Questionnaire**  
- **Controlled experiment**  
- **Argumentation**  
- **Motivating Example**  

No other evaluation methods are reported as being performed without a guideline in the cited sources.

[1] Source: Incremental Calibration of Architectural Performance Models with Parametric Dependencies, 10.1109/ICSA47634.2020.00011
[2] Source: Integrating Statistical Response Time Models in Architectural Performance Models, 10.1109/ICSA.2019.00016
[3] Source: Determining Microservice Boundaries: A Case Study Using Static and Dynamic Software Analysis, 10.1007/978-3-030-58923-3_21
[4] Source: Applying Architecture-Based Adaptation to Automate the Management of Internet-of-Things, 10.1007/978-3-030-00761-4_4
[5] Source: Towards a Reference Architecture for Cloud-Based Plant Genotyping and Phenotyping Analysis Frameworks, 10.1109/ICSA.2017.42
[6] Source: Two Architectural Threat Analysis Techniques Compared, 10.1007/978-3-030-00761-4_23
",['Johannes Grohmann'],0.167,0.25,0.167,0.12,1.0,1.0,0.1,0.17,0.12,0.15,0.18,0.25,0.21,0.23,0.1,0.67,0.17,0.31,0.13,0.67,0.22,0.37,0.1,0.176,0.098,0.133,0.03,0.21,0.12,0.9,0.14,0.08,0.65,0.17,0.1,0.76,0.332,0.6,0.428,1.0,498.2914819717407,0.0,49059,0,0.0,,0,0.0,,,0.0,0.0,,0.0,0.0,https://wandb.ai/kastel-sdq-meta-research/experiment_cross_encoder/r/call/01a05e6e-869c-7e2e-bace-06f27a840e44,retrieval_config,False,KitToolbox,kit.qwen3-embedding-8b,10,10,True,cosine,True,False,10,-1,8,False,False,1,False,-1,-1,False,,['R659055'],['Paper'],False,True,False,kg_retrieval,hublink,kittoolbox_kit.minimax-m2.7-229b_tmpNone_maxt-1_reasoningNone,KitToolbox,kit.minimax-m2.7-229b,,-1,,kittoolbox_kit.minimax-m2.7-229b_tmpNone_maxt-1_reasoningNone,KitToolbox,kit.minimax-m2.7-229b,,-1,,orkg_merged_ecsa_icsa.json_jsonpublicationloader_limit-1,['paper_class'],['research_level'],['first_research_object'],['second_research_object'],['validity'],['evidence'],False,False,R659055,https://sandbox.orkg.org,-1,orkg,merged_ecsa_icsa.json_jsonpublicationloader_limit-1,merged_ecsa_icsa.json,JsonPublicationLoader,-1,,4000,2,generation_kittoolbox_kit.minimax-m2.7-229b_tmpNone_maxt-1_reasoningNone,generation,kittoolbox_kit.minimax-m2.7-229b_tmpNone_maxt-1_reasoningNone,KitToolbox,kit.minimax-m2.7-229b,,-1,,"['(R872195:authors list, has list element, L1527978:Johannes Grohmann)', '(R872568:First Research Object 2, evaluation, R872569:Evaluation)', '(R872569:Evaluation, Has Guideline, L1528778:False)', '(R869375:Evaluation, Has Guideline, L1522114:False)', '(R2156167:Evaluation, Has Guideline, L2809549:False)', '(R871654:First Research Object 2, evaluation, R871655:Evaluation)', '(R871655:Evaluation, Has Guideline, L1526869:False)', '(R2156327:Evaluation Method Entity, Name, L2809683:Questionnaire)', '(R872194:Integrating Statistical Response Time Models in Architectural Performance Models, contribution, R872215:First Research Object 2)', '(R872215:First Research Object 2, evaluation, R872216:Evaluation)', '(R872216:Evaluation, Has Guideline, L1528031:False)', '(R2156300:Evaluation Method Entity, Name, L2809658:Case Study)', '(R872580:Second Research Object 2, evaluation, R872587:Evaluation)', '(R872587:Evaluation, Evaluation method, R872588:Evaluation Method List)', '(R872588:Evaluation Method List, Entity, R872589:Evaluation Method Entity)', '(R872589:Evaluation Method Entity, Name, L1528791:Argumentation)', '(R869375:Evaluation, Evaluation method, R869376:Evaluation Method List)', '(R869376:Evaluation Method List, Entity, R869377:Evaluation Method Entity)', '(R869377:Evaluation Method Entity, Name, L1522113:Controlled Experiment)', '(R870461:Evaluation Method Entity, Name, L1524400:Case Study)', '(R2156323:Evaluation, Has Guideline, L2809684:False)', '(R2156293:Evaluation, Has Guideline, L2809659:False)', '(R870464:Evaluation, Has Guideline, L1524405:False)', '(R870085:Evaluation Method Entity, Name, L1523615:Case Study)', '(R871655:Evaluation, Evaluation method, R871656:Evaluation Method List)', '(R871656:Evaluation Method List, Entity, R871657:Evaluation Method Entity)', '(R871657:Evaluation Method Entity, Name, L1526868:Case Study)', '(R2156299:Evaluation, Has Guideline, L2809679:False)', '(R2156311:Evaluation Method Entity, Name, L2809677:Case Study)', '(R872587:Evaluation, Has Guideline, L1528792:False)', '(R872581:Evaluation, Evaluation method, R872582:Evaluation Method List)', '(R872582:Evaluation Method List, Entity, R872583:Evaluation Method Entity)', '(R872583:Evaluation Method Entity, Name, L1528786:Motivating Example)', '(R2156169:Evaluation Method Entity, Name, L2809544:Questionnaire)', '(R872216:Evaluation, Evaluation method, R872217:Evaluation Method List)', '(R872217:Evaluation Method List, Entity, R872218:Evaluation Method Entity)', '(R872218:Evaluation Method Entity, Name, L1528030:Technical Experiment)', '(R870466:Evaluation Method Entity, Name, L1524404:Questionnaire)', '(R872569:Evaluation, Evaluation method, R872570:Evaluation Method List)', '(R872570:Evaluation Method List, Entity, R872571:Evaluation Method Entity)', '(R872571:Evaluation Method Entity, Name, L1528777:Technical Experiment)']",What are the evaluation methods that were applied without a guideline in papers published by Johannes Grohmann?,The evaluation methods that were applied without a guideline in papers published by Johannes Grohmann are Technical Experiment and Case Study.,"['10.1109/ICSA.2019.00016', '10.1109/ICSA.2019.00016', '10.1109/ICSA.2019.00016', '10.1109/ICSA47634.2020.00011', '10.1109/ICSA47634.2020.00011', '10.1109/ICSA47634.2020.00011']",,"['(R872195:authors list, has list element, L1527978:Johannes Grohmann)', '(R872216:Evaluation, Has Guideline, L1528031:False)', '(R872218:Evaluation Method Entity, Name, L1528030:Technical Experiment)', '(R870060:authors list, has list element, L1523562:Johannes Grohmann)', '(R870083:Evaluation, Has Guideline, L1523616:False)', '(R870085:Evaluation Method Entity, Name, L1523615:Case Study)']",clustering_strategy,R659055,Software Architecture and Design,6,What evaluation methods that have been published by the author [Metadata: author name] have no evaluation guidelines?
132,c75b3cf0921537bf3249b9a498522306,783f1a51-be51-4c07-8098-073401b81bd4,"

**Research objects investigated by Davide Arcelli’s publications that were **not** based on input data**

| Research object (as named in the papers) | Publications (source) | Does the work use input data? |
|---|---|---|
| **Architecture Analysis Method** (often labelled *First Research Object 2*) | • “Optimized Dependency Weights in Source Code Clustering” – [1]  <br>• “Quality Evaluation of PaaS Cloud Application Design Using Generated Prototypes” – [10]  <br>• ArCode paper – [6]  <br>• Co‑authored study that also mentions *Architecture Design Method* – [5] | No input data is reported for any of these studies. |
| **Architecture Evolution** (also *First Research Object 2*) | • “Enabling Consistency between Software Artefacts for Software Adaption and Evolution” – [2] | No input data is used. |
| **Architecture Pattern** | • Study on architectural security tactics (empirical investigation of Chromium, PHP, Thunderbird) – [3] | Input data were **not** used. |
| **Architecture Optimization Method** (as *First Research Object 2*) | • “EASIER: An Evolutionary Approach for Multi‑objective Software Architecture Refactoring” – [4] | No input data is employed. |
| **Architecture Design Method** (part of *First Research Object 2*) | • Co‑authored publication – [5] | No input data is used. |
| **Architecture Decision Making** (also *First Research Object 2*) | • “On Cognitive Biases in Architecture Decision Making” – [8] | No input data are used. |
| **Architecture Description** (as *First Research Object 2*) | • Unnamed study – [9] | Input data are not used. |
| **Second Research Object 2** | • ArCode paper – [6] | No input data are reported. |

### Summary
Across all of Davide Arcelli’s works that meet the “no input data” criterion, the investigated research objects are:

- **Architecture Analysis Method** (multiple papers)  
- **Architecture Evolution**  
- **Architecture Pattern**  
- **Architecture Optimization Method**  
- **Architecture Design Method**  
- **Architecture Decision Making**  
- **Architecture Description**  
- **Second Research Object 2**

Each of these objects appears in the cited publications and is explicitly reported as **not using input data**.

[1] Source: Optimized Dependency Weights in Source Code Clustering, 10.1007/978-3-030-86044-8_16
[2] Source: Enabling Consistency between Software Artefacts for Software Adaption and Evolution, 10.1109/ICSA51549.2021.00009
[3] Source: Understanding Software Vulnerabilities Related to Architectural Security Tactics: An Empirical Investigation of Chromium, PHP and Thunderbird, 10.1109/ICSA.2017.39
[4] Source: EASIER: An Evolutionary Approach for Multi-objective Software ArchItecturE Refactoring, 10.1109/ICSA.2018.00020
[5] Source: Exploiting Architecture/Runtime Model-Driven Traceability for Performance Improvement, 10.1109/ICSA.2019.00017
[6] Source: ArCode: Facilitating the Use of Application Frameworks to Implement Tactics and Patterns, 10.1109/ICSA51549.2021.00021
[8] Source: On Cognitive Biases in Architecture Decision Making, 10.1007/978-3-319-65831-5_9
[9] Source: An Exploratory Study on Architectural Knowledge in Issue Tracking Systems, 10.1007/978-3-030-86044-8_8
[10] Source: Quality Evaluation of PaaS Cloud Application Design Using Generated Prototypes, 10.1109/ICSA.2017.43
",['Davide Arcelli'],0.286,0.0,0.143,0.4,0.5,1.0,0.2,0.29,0.24,0.26,0.25,0.29,0.27,0.28,0.07,0.57,0.13,0.24,0.13,0.71,0.22,0.38,0.2,0.25,0.071,0.133,0.01,0.16,0.09,0.93,0.09,0.05,0.5,0.13,0.07,0.74,0.358,0.578,0.442,1.0,424.481121301651,0.0016871999999999998,13843,0,0.0,,0,0.0,,,0.0,0.0,,0.0,0.0,https://wandb.ai/kastel-sdq-meta-research/experiment_cross_encoder/r/call/01a05e6f-c79a-7e5d-ab7f-ed42fe20ea89,retrieval_config,False,KitToolbox,kit.qwen3-embedding-8b,10,10,True,cosine,True,False,10,-1,8,False,False,1,False,-1,-1,False,,['R659055'],['Paper'],False,True,False,kg_retrieval,hublink,kittoolbox_kit.minimax-m2.7-229b_tmpNone_maxt-1_reasoningNone,KitToolbox,kit.minimax-m2.7-229b,,-1,,kittoolbox_kit.minimax-m2.7-229b_tmpNone_maxt-1_reasoningNone,KitToolbox,kit.minimax-m2.7-229b,,-1,,orkg_merged_ecsa_icsa.json_jsonpublicationloader_limit-1,['paper_class'],['research_level'],['first_research_object'],['second_research_object'],['validity'],['evidence'],False,False,R659055,https://sandbox.orkg.org,-1,orkg,merged_ecsa_icsa.json_jsonpublicationloader_limit-1,merged_ecsa_icsa.json,JsonPublicationLoader,-1,,4000,2,generation_kittoolbox_kit.minimax-m2.7-229b_tmpNone_maxt-1_reasoningNone,generation,kittoolbox_kit.minimax-m2.7-229b_tmpNone_maxt-1_reasoningNone,KitToolbox,kit.minimax-m2.7-229b,,-1,,"['(R871305:EASIER: An Evolutionary Approach for Multi-objective Software ArchItecturE Refactoring, authors, R871306:authors list)', '(R871306:authors list, has list element, L1526166:Davide Arcelli)', '(R871814:Exploiting Architecture/Runtime Model-Driven Traceability for Performance Improvement, authors, R871815:authors list)', '(R871815:authors list, has list element, L1527181:Davide Arcelli)', '(R871484:On Cognitive Biases in Architecture Decision Making, contribution, R871513:Evidence 2)', '(R871514:Input Data, None, L1526575:True)', '(R868736:Input Data, None, L1520724:False)', '(R871474:Input Data, None, L1526482:False)', '(R871514:Input Data, available, L1526573:False)', '(R871814:Exploiting Architecture/Runtime Model-Driven Traceability for Performance Improvement, contribution, R871847:Evidence 2)', '(R871847:Evidence 2, Uses Input Data, R871848:Input Data)', '(R869001:Input Data, used, L1521296:False)', '(R871474:Input Data, used, L1526481:False)', '(R868736:Input Data, available, L1520722:False)', '(R871337:Input Data, available, L1526227:False)', '(R869255:Input Data, used, L1521839:False)', '(R872233:Understanding Software Vulnerabilities Related to Architectural Security Tactics: An Empirical Investigation of Chromium, PHP and Thunderbird, contribution, R872262:Evidence 2)', '(R872262:Evidence 2, Uses Input Data, R872263:Input Data)', '(R871422:ArCode: Facilitating the Use of Application Frameworks to Implement Tactics and Patterns, contribution, R871463:Second Research Object 2)', '(R871422:ArCode: Facilitating the Use of Application Frameworks to Implement Tactics and Patterns, contribution, R871454:First Research Object 2)', '(R871472:Research Object Entity, Name, L1526478:Architecture Analysis Method)', '(R871484:On Cognitive Biases in Architecture Decision Making, contribution, R871505:First Research Object 2)', '(R869225:An Exploratory Study on Architectural Knowledge in Issue Tracking Systems, contribution, R869246:First Research Object 2)', '(R872263:Input Data, used, L1528124:False)', '(R871814:Exploiting Architecture/Runtime Model-Driven Traceability for Performance Improvement, contribution, R871837:First Research Object 2)', '(R871514:Input Data, used, L1526574:False)', '(R872233:Understanding Software Vulnerabilities Related to Architectural Security Tactics: An Empirical Investigation of Chromium, PHP and Thunderbird, contribution, R872254:First Research Object 2)', '(R872254:First Research Object 2, Object, R872260:Research Object List)', '(R872260:Research Object List, Entity, R872261:Research Object Entity)', '(R872261:Research Object Entity, Name, L1528121:Architecture Pattern)', '(R869246:First Research Object 2, Object, R869252:Research Object List)', '(R869252:Research Object List, Entity, R869253:Research Object Entity)', '(R869253:Research Object Entity, Name, L1521836:Architecture Description)', '(R868698:Enabling Consistency between Software Artefacts for Software Adaption and Evolution, contribution, R868723:First Research Object 2)', '(R871337:Input Data, used, L1526228:False)', '(R868971:Optimized Dependency Weights in Source Code Clustering, contribution, R868992:First Research Object 2)', '(R868734:Research Object Entity, Name, L1520720:Architecture Evolution)', '(R871848:Input Data, used, L1527243:False)', '(R871104:Quality Evaluation of PaaS Cloud Application Design Using Generated Prototypes, contribution, R871125:First Research Object 2)', '(R871125:First Research Object 2, Object, R871131:Research Object List)', '(R871131:Research Object List, Entity, R871132:Research Object Entity)', '(R871132:Research Object Entity, Name, L1525791:Architecture Analysis Method)', '(R871305:EASIER: An Evolutionary Approach for Multi-objective Software ArchItecturE Refactoring, contribution, R2156211:First Research Object 2)', '(R2156222:Research Object Entity, Name, L2809602:Architecture Optimization Method)', '(R871837:First Research Object 2, Object, R871845:Research Object List)', '(R871845:Research Object List, Entity, R871846:Research Object Entity)', '(R871846:Research Object Entity, Name, L1527240:Architecture Design Method)', '(R871843:Research Object List, Entity, R871844:Research Object Entity)', '(R871844:Research Object Entity, Name, L1527239:Architecture Analysis Method)', '(R871505:First Research Object 2, Object, R871511:Research Object List)', '(R871511:Research Object List, Entity, R871512:Research Object Entity)', '(R871512:Research Object Entity, Name, L1526571:Architecture Decision Making)', '(R871104:Quality Evaluation of PaaS Cloud Application Design Using Generated Prototypes, contribution, R2156196:First Research Object 2)', '(R2156196:First Research Object 2, Object, R2156202:Research Object List)', '(R2156202:Research Object List, Entity, R2156205:Research Object Entity)', '(R2156205:Research Object Entity, Name, L2809576:Architecture Analysis Method)']",What are the research objects that are investigated in publications from Davide Arcelli that have not used input data?,"The research objects published by Davide Arcelli that have not used input data are the Architecture Optimization Method, the Architecture Analysis Method, and the Architecture Design Method.","['10.1109/ICSA.2018.00020', '10.1109/ICSA.2018.00020', '10.1109/ICSA.2019.00017', '10.1109/ICSA.2019.00017', '10.1109/ICSA.2018.00020', '10.1109/ICSA.2019.00017', '10.1109/ICSA.2019.00017']",,"['(R871306:authors list, has list element, L1526166:Davide Arcelli)', '(R871337:Input Data, None, L1526229:True)', '(R871815:authors list, has list element, L1527181:Davide Arcelli)', '(R871848:Input Data, None, L1527244:True)', '(R871335:Research Object Entity, Name, L1526225:Architecture Optimization Method)', '(R871844:Research Object Entity, Name, L1527239:Architecture Analysis Method)', '(R871846:Research Object Entity, Name, L1527240:Architecture Design Method)']",clustering_strategy,R659055,Software Architecture and Design,5,"What research objects, that have been published by the author [Metadata: author name] have their input data set to none?"
133,c75b3cf0921537bf3249b9a498522306,ce07faf7-c907-424b-8c06-a01beaa2c95e,"

The papers that investigate architecture‑analysis methods evaluate a range of properties – **Effectiveness**, **Functional Suitability**, **Product Quality**, **Performance efficiency**, **Satisfaction**, **Accuracy**, **Quality of Method**, and **Quality in Use** – as reflected in the various partial answers [1‑7].  

However, none of the provided excerpts contain comparative frequency data (e.g., a count of how many papers evaluate each property) or any explicit reference to **Romina Eramo** as the author of the papers under consideration. Consequently, the available context does **not** allow us to determine which single property is evaluated most often in the specific set of papers published by Romina Eramo.  

That said, among the properties listed across the partial answers, **Functional Suitability** is the most frequently mentioned, appearing in the discussions of several research objects (see [2, 3, 4, 6, 7]), while **Effectiveness** is also highlighted multiple times (see [1, 5, 7]). Other properties such as **Product Quality**, **Performance efficiency**, **Satisfaction**, **Accuracy**, **Quality of Method**, and **Quality in Use** are noted but appear less frequently.  

Thus, while the evidence shows that a variety of properties are evaluated in architecture‑analysis methods, the information needed to identify the single most‑evaluated property for Romina Eramo’s publications is not present in the provided sources.

",['Romina Eramo'],0.0,0.0,0.0,0.0,0.0,0.0,0.0,0.0,0.0,0.0,0.0,0.0,0.0,0.0,0.0,0.0,0.0,0.0,0.0,0.0,0.0,0.0,0.0,0.0,0.0,0.0,0.01,0.21,0.12,1.0,0.1,0.05,0.48,0.14,0.08,0.67,0.357,0.61,0.45,0.0,333.0312888622284,0.0,12074,0,0.0,,0,0.0,,,0.0,0.0,,0.0,0.0,https://wandb.ai/kastel-sdq-meta-research/experiment_cross_encoder/r/call/01a05e6f-f70f-7ffd-a0e8-b47fed42e499,retrieval_config,False,KitToolbox,kit.qwen3-embedding-8b,10,10,True,cosine,True,False,10,-1,8,False,False,1,False,-1,-1,False,,['R659055'],['Paper'],False,True,False,kg_retrieval,hublink,kittoolbox_kit.minimax-m2.7-229b_tmpNone_maxt-1_reasoningNone,KitToolbox,kit.minimax-m2.7-229b,,-1,,kittoolbox_kit.minimax-m2.7-229b_tmpNone_maxt-1_reasoningNone,KitToolbox,kit.minimax-m2.7-229b,,-1,,orkg_merged_ecsa_icsa.json_jsonpublicationloader_limit-1,['paper_class'],['research_level'],['first_research_object'],['second_research_object'],['validity'],['evidence'],False,False,R659055,https://sandbox.orkg.org,-1,orkg,merged_ecsa_icsa.json_jsonpublicationloader_limit-1,merged_ecsa_icsa.json,JsonPublicationLoader,-1,,4000,2,generation_kittoolbox_kit.minimax-m2.7-229b_tmpNone_maxt-1_reasoningNone,generation,kittoolbox_kit.minimax-m2.7-229b_tmpNone_maxt-1_reasoningNone,KitToolbox,kit.minimax-m2.7-229b,,-1,,"['(R869375:Evaluation, properties, R869378:Property)', '(R869379:Property, Name, L1522115:Effectiveness)', '(R874154:Research Object Entity, Name, L1531992:Architecture Analysis Method)', '(R869246:First Research Object 2, evaluation, R869247:Evaluation)', '(R869247:Evaluation, properties, R869250:Property)', '(R869251:Property, Name, L1521834:Functional Suitability)', '(R872099:Property, Name, L1527778:Accuracy)', '(R873103:Property, Name, L1529833:Effectiveness)', '(R869250:Property, Name, L1521835:Product Quality)', '(R872101:Property, Name, L1527780:Effectiveness)', '(R872103:Property, Name, L1527782:Functional Suitability)', '(R872098:Property, Name, L1527779:Quality of Method)', '(R872100:Property, Name, L1527781:Quality in Use)', '(R872102:Property, Name, L1527783:Product Quality)', '(R872069:Recovering Architectural Design Decisions, contribution, R872092:Paper Class 2)', '(R872092:Paper Class 2, evaluation research, L1527773:True)', '(R869225:An Exploratory Study on Architectural Knowledge in Issue Tracking Systems, contribution, R869246:First Research Object 2)', '(R869633:Property, Name, L1522662:Functional Suitability)', '(R869635:Property, Name, L1522664:Satisfaction)', '(R874155:Second Research Object 2, evaluation, R874156:Evaluation)', '(R874156:Evaluation, properties, R874159:Property)', '(R874160:Property, Name, L1531995:Performance efficiency)', '(R874147:First Research Object 2, evaluation, R874148:Evaluation)', '(R874148:Evaluation, properties, R874151:Property)', '(R874152:Property, Name, L1531990:Functional Suitability)']",What is the property that is evaluated the most often in papers that investigate architecture analysis methods published by Romina Eramo?,The property that is evaluated the most often for the research object Architecture Analysis Method published by the author Romina Eramo is Functional Suitability.,"['10.1109/ICSA.2018.00022', '10.1109/ICSA.2018.00022', '10.1109/ICSA.2018.00022', '10.1109/ICSA.2019.00017', '10.1109/ICSA.2019.00017', '10.1109/ICSA.2019.00017']",,"['(R872742:authors list, has list element, L1529100:Romina Eramo)', '(R872769:Research Object Entity, Name, L1529153:Architecture Analysis Method)', '(R872767:Property, Name, L1529151:Functional Suitability)', '(R871815:authors list, has list element, L1527184:Romina Eramo)', '(R871844:Research Object Entity, Name, L1527239:Architecture Analysis Method)', '(R871842:Property, Name, L1527237:Effectiveness)']",clustering_strategy,R659055,Software Architecture and Design,6,Which is the sub-property that appears the most for the research object [Content Data: research object name] published by the author [Metadata: author name]?
134,c75b3cf0921537bf3249b9a498522306,56365c6d-0fc1-47fb-9d5b-15c56f380b8b,"

**Evaluation methods most frequently used in “proposal‑of‑solution” papers that investigate the research object *Architecture Extraction***  

| Evaluation method (property) | Number of papers in which it is reported | Source(s) |
|------------------------------|--------------------------------------------|-----------|
| **Quality of Method**        | 4 (appears in several description blocks and is counted twice in one paper) | **[1], [3], [7] (twice), [8]** |
| **Product Quality**         | 2 (one mention as a distinct property, one as a product‑quality evaluation) | **[6], [7]** |
| **Quality in Use**          | 1 (explicitly reported as the evaluation property) | **[4]** |
| **Technical Experiment**    | 1 (the only method listed for one paper) | **[5]** |
| Other specific assessments (e.g., guideline‑compliance evaluation, tool‑support assessment, threats‑to‑validity review) | each reported once | **[6]** |

**Synthesis**

- The **dominant evaluation approach** for the subset of papers that satisfy both the *paper‑class “proposal of solution”* and the *research object “Architecture Extraction”* is the examination of the **“Quality of Method”** property. This method is explicitly mentioned in several sources and is the only one that recurs across multiple papers, making it the **most applied** evaluation method in this context.  

- In many of those cases the “Quality of Method” evaluation is performed **without formal guidelines** (“Has Guideline = False”) and is **supported by tools** (“Uses Tool Support = True”), indicating a common experimental‑tool‑driven evaluation style.  

- **Other evaluation properties** such as **Product Quality**, **Quality in Use**, and **Technical Experiment** are also present, but each appears only once or twice across the identified papers.  

- Additional evaluation practices reported in the literature include **product‑quality evaluation**, **guideline‑compliance evaluation**, **tool‑support assessment**, and a **threats‑to‑validity review**; however, these are less frequent than the “Quality of Method” assessment.  

Thus, when aggregating the evidence from the provided sources, the evaluation method that has been applied the most in papers of the specified class and research object is **“Quality of Method,”** often complemented by tool support and carried out without strict guideline adherence.

[1] Source: Designing Robust Software Systems through Parametric Markov Chain Synthesis, 10.1109/ICSA.2017.16
[3] Source: From Monolithic Architecture Style to Microservice one Based on a Semi-Automatic Approach, 10.1109/ICSA47634.2020.00023
[4] Source: A Platform for the Automated Provisioning of Architecture Information for Large-Scale Service-Oriented Software Systems, 10.1007/978-3-030-00761-4_14
[5] Source: Towards Micro Service Architecture Recovery: An Empirical Study, 10.1109/ICSA.2018.00014
[6] Source: Determination and Enforcement of Least-Privilege Architecture in Android, 10.1109/ICSA.2017.18
[7] Source: Evaluating the Effectiveness of Multi-level Greedy Modularity Clustering for Software Architecture Recovery, 10.1007/978-3-030-29983-5_5
[8] Source: A Machine Learning Approach to Service Discovery for Microservice Architectures, 10.1007/978-3-030-86044-8_5
",[],0.222,0.0,0.148,0.133,1.0,1.0,0.2,0.22,0.21,0.22,0.24,0.22,0.23,0.22,0.05,0.22,0.08,0.13,0.08,0.22,0.11,0.16,0.2,0.235,0.051,0.077,0.02,0.14,0.08,0.92,0.09,0.05,0.6,0.1,0.05,0.65,0.308,0.577,0.401,1.0,524.8762183189392,0.0,120032,0,0.0,,0,0.0,,,0.0,0.0,,0.0,0.0,https://wandb.ai/kastel-sdq-meta-research/experiment_cross_encoder/r/call/01a05e74-4fcb-76f3-b5dc-0ef85af976a4,retrieval_config,False,KitToolbox,kit.qwen3-embedding-8b,10,10,True,cosine,True,False,10,-1,8,False,False,1,False,-1,-1,False,,['R659055'],['Paper'],False,True,False,kg_retrieval,hublink,kittoolbox_kit.minimax-m2.7-229b_tmpNone_maxt-1_reasoningNone,KitToolbox,kit.minimax-m2.7-229b,,-1,,kittoolbox_kit.minimax-m2.7-229b_tmpNone_maxt-1_reasoningNone,KitToolbox,kit.minimax-m2.7-229b,,-1,,orkg_merged_ecsa_icsa.json_jsonpublicationloader_limit-1,['paper_class'],['research_level'],['first_research_object'],['second_research_object'],['validity'],['evidence'],False,False,R659055,https://sandbox.orkg.org,-1,orkg,merged_ecsa_icsa.json_jsonpublicationloader_limit-1,merged_ecsa_icsa.json,JsonPublicationLoader,-1,,4000,2,generation_kittoolbox_kit.minimax-m2.7-229b_tmpNone_maxt-1_reasoningNone,generation,kittoolbox_kit.minimax-m2.7-229b_tmpNone_maxt-1_reasoningNone,KitToolbox,kit.minimax-m2.7-229b,,-1,,"['(R869680:Research Object Entity, Name, L1522761:Architecture Extraction)', '(R870521:From Monolithic Architecture Style to Microservice one Based on a Semi-Automatic Approach, contribution, R870542:First Research Object 2)', '(R870542:First Research Object 2, Object, R870548:Research Object List)', '(R870548:Research Object List, Entity, R870549:Research Object Entity)', '(R870549:Research Object Entity, Name, L1524582:Architecture Extraction)', '(R874554:Research Object Entity, Name, L1532843:Architecture Extraction)', '(R873887:Research Object Entity, Name, L1531437:Architecture Extraction)', '(R868432:Property, Name, L1520082:Quality of Method)', '(R874547:Property, Name, L1532838:Quality of Method)', '(R2156247:Evaluation, properties, R2156257:Property)', '(R2156257:Property, Name, L2809633:Quality of Method)', '(R870542:First Research Object 2, evaluation, R870543:Evaluation)', '(R870543:Evaluation, properties, R870546:Property)', '(R870546:Property, Name, L1524581:Quality of Method)', '(R2156247:Evaluation, Has Guideline, L2809622:False)', '(R869671:First Research Object 2, evaluation, R869672:Evaluation)', '(R871286:First Research Object 2, evaluation, R871287:Evaluation)', '(R871287:Evaluation, Has Guideline, L1526134:False)', '(R870543:Evaluation, Has Guideline, L1524579:False)', '(R869672:Evaluation, properties, R869677:Property)', '(R869677:Property, Name, L1522760:Quality in Use)', '(R874551:Property, Name, L1532842:Product Quality)', '(R871287:Evaluation, properties, R871290:Property)', '(R871290:Property, Name, L1526137:Product Quality)', '(R873878:First Research Object 2, evaluation, R873879:Evaluation)', '(R869681:Evidence 2, Uses Tool Support, R869683:Tool Support)', '(R869683:Tool Support, used, L1522767:True)', '(R870521:From Monolithic Architecture Style to Microservice one Based on a Semi-Automatic Approach, contribution, R870550:Evidence 2)', '(R870550:Evidence 2, Uses Tool Support, R870552:Tool Support)', '(R870552:Tool Support, used, L1524588:True)', '(R871264:Determination and Enforcement of Least-Privilege Architecture in Android, contribution, R871295:Evidence 2)', '(R871295:Evidence 2, Uses Tool Support, R871297:Tool Support)', '(R871297:Tool Support, used, L1526144:False)', '(R870521:From Monolithic Architecture Style to Microservice one Based on a Semi-Automatic Approach, contribution, R2156185:Paper Class 2)', '(R871264:Determination and Enforcement of Least-Privilege Architecture in Android, contribution, R871298:Validity 2)', '(R871298:Validity 2, Referenced Threats to Validity Guideline, L1526151:False)', '(R873879:Evaluation, Evaluation method, R873880:Evaluation Method List)', '(R873880:Evaluation Method List, Entity, R873881:Evaluation Method Entity)', '(R873881:Evaluation Method Entity, Name, L1531431:Technical Experiment)']",What are the evaluation methods that have been applied the most in papers with the paper class proposal of solution and the investigated research object Architecture Extraction?,The evaluation method that has been applied the most to the research object Architecture Extraction and in papers classified as proposals of solutions is Case Study.,"['10.1007/978-3-030-29983-5_17', '10.1007/978-3-030-29983-5_17', '10.1007/978-3-030-29983-5_17', '10.1007/978-3-030-00761-4_14', '10.1007/978-3-030-00761-4_14', '10.1007/978-3-030-00761-4_14', '10.1007/978-3-030-29983-5_5', '10.1007/978-3-030-29983-5_5', '10.1007/978-3-030-29983-5_5']",,"['(R872455:Paper Class 2, proposal of solution, L1528559:True)', '(R872464:Research Object Entity, Name, L1528569:Architecture Extraction)', '(R872468:Evaluation Method Entity, Name, L1528570:Case Study)', '(R869669:Paper Class 2, proposal of solution, L1522749:True)', '(R869680:Research Object Entity, Name, L1522761:Architecture Extraction)', '(R869674:Evaluation Method Entity, Name, L1522755:Case Study)', '(R874541:Paper Class 2, proposal of solution, L1532829:True)', '(R874554:Research Object Entity, Name, L1532843:Architecture Extraction)', '(R874546:Evaluation Method Entity, Name, L1532835:Benchmark)']",clustering_strategy,R659055,Software Architecture and Design,6,What evaluation method has been used the most in the paper class [Metadata: paper class name] with the research object [Content Data: research object name]?
135,c75b3cf0921537bf3249b9a498522306,2b9b4085-f916-4608-86e7-5604954ea102,"

The partial answers report a variety of evaluation methods that have been used in individual studies of architecture evolution, but they do not provide a comparative view across multiple papers published in 2020.  The methods mentioned include **Technical Experiment**, **Interview**, **Questionnaire**, **Data Science**, **Grounded Theory**, and **Case Study** [1][2][3][4][5][6].  Because each method appears only in the context of a single paper and there is no aggregated data showing how often each method is used across the set of 2020 publications, it is not possible to determine which evaluation method has been applied the most to evaluate architecture evolution in papers from that year.

[1] Source: EASIER: An Evolutionary Approach for Multi-objective Software ArchItecturE Refactoring, 10.1109/ICSA.2018.00020
[2] Source: Empirical Insights into the Evolving Role of Architects in Decision-Making in an Agile Context, 10.1007/978-3-030-00761-4_17
[3] Source: Continuous API Evolution in Heterogenous Enterprise Software Systems, 10.1109/ICSA51549.2021.00014
[4] Source: An Empirical Study of Architectural Decay in Open-Source Software, 10.1109/ICSA.2018.00027
[5] Source: Assessing Architecture Conformance to Coupling-Related Patterns and Practices in Microservices, 10.1007/978-3-030-58923-3_1
[6] Source: Identifying and Prioritizing Architectural Debt Through Architectural Smells: A Case Study in a Large Software Company, 10.1007/978-3-030-00761-4_21
",['2020'],0.0,0.0,0.0,0.0,0.0,0.0,0.0,0.0,0.0,0.0,0.0,0.0,0.0,0.0,0.0,0.0,0.0,0.0,0.0,0.0,0.0,0.0,0.0,0.0,0.0,0.0,0.02,0.26,0.16,0.81,0.14,0.08,0.45,0.19,0.11,0.57,0.453,0.688,0.546,0.0,171.86483454704285,0.0,17371,0,0.0,,0,0.0,,,0.0,0.0,,0.0,0.0,https://wandb.ai/kastel-sdq-meta-research/experiment_cross_encoder/r/call/01a05e74-b667-72b5-8fe0-fa1aa4635ef9,retrieval_config,False,KitToolbox,kit.qwen3-embedding-8b,10,10,True,cosine,True,False,10,-1,8,False,False,1,False,-1,-1,False,,['R659055'],['Paper'],False,True,False,kg_retrieval,hublink,kittoolbox_kit.minimax-m2.7-229b_tmpNone_maxt-1_reasoningNone,KitToolbox,kit.minimax-m2.7-229b,,-1,,kittoolbox_kit.minimax-m2.7-229b_tmpNone_maxt-1_reasoningNone,KitToolbox,kit.minimax-m2.7-229b,,-1,,orkg_merged_ecsa_icsa.json_jsonpublicationloader_limit-1,['paper_class'],['research_level'],['first_research_object'],['second_research_object'],['validity'],['evidence'],False,False,R659055,https://sandbox.orkg.org,-1,orkg,merged_ecsa_icsa.json_jsonpublicationloader_limit-1,merged_ecsa_icsa.json,JsonPublicationLoader,-1,,4000,2,generation_kittoolbox_kit.minimax-m2.7-229b_tmpNone_maxt-1_reasoningNone,generation,kittoolbox_kit.minimax-m2.7-229b_tmpNone_maxt-1_reasoningNone,KitToolbox,kit.minimax-m2.7-229b,,-1,,"['(R869566:Assessing Architecture Conformance to Coupling-Related Patterns and Practices in Microservices, publication year, L1522519:2020)', '(R2156289:Evaluation Method Entity, Name, L2809650:Technical Experiment)', '(R2156234:Evaluation Method Entity, Name, L2809603:Technical Experiment)', '(R873325:Evaluation Method Entity, Name, L1530272:Interview)', '(R874382:Research Object Entity, Name, L1532476:Architecture Evolution)', '(R870415:Evaluation Method Entity, Name, L1524297:Questionnaire)', '(R874374:Evaluation, Evaluation method, R874375:Evaluation Method List)', '(R874375:Evaluation Method List, Entity, R874376:Evaluation Method Entity)', '(R874376:Evaluation Method Entity, Name, L1532470:Technical Experiment)', '(R871330:Evaluation Method Entity, Name, L1526220:Technical Experiment)', '(R870410:Evaluation Method Entity, Name, L1524293:Case Study)', '(R2156268:Evaluation Method Entity, Name, L2809639:Case Study)', '(R869590:Evaluation Method Entity, Name, L1522568:Grounded Theory)', '(R874368:Evaluation, Evaluation method, R874369:Evaluation Method List)', '(R874369:Evaluation Method List, Entity, R874370:Evaluation Method Entity)', '(R874370:Evaluation Method Entity, Name, L1532465:Questionnaire)', '(R874381:Research Object List, Entity, R874382:Research Object Entity)']",Which is the evaluation method that has been applied the most to evaluate architecture evolution in papers published in 2020?,The evaluation method that was applied the most to the research object Architecture Evolution in the year 2020 was Case Study.,"['10.1007/978-3-030-58923-3_18', '10.1007/978-3-030-58923-3_18', '10.1007/978-3-030-58923-3_18', '10.1109/ICSA47634.2020.00011', '10.1109/ICSA47634.2020.00011', '10.1109/ICSA47634.2020.00011']",,"['(R869762:Research Object Entity, Name, L1522941:Architecture Evolution)', '(R869730:Architectural Concerns for Digital Twin of the Organization, publication year, L1522884:2020)', '(R869756:Evaluation Method Entity, Name, L1522935:Case Study)', '(R870091:Research Object Entity, Name, L1523621:Architecture Evolution)', '(R870059:Incremental Calibration of Architectural Performance Models with Parametric Dependencies, publication year, L1523564:2020)', '(R870085:Evaluation Method Entity, Name, L1523615:Case Study)']",clustering_strategy,R659055,Software Architecture and Design,6,Which is the most used evaluation method that is used with the research object [Content Data: research object name] in the year [Metadata: year]?
136,c75b3cf0921537bf3249b9a498522306,2e757068-c06f-4798-8cd3-f6c5e5e8027f,"

Within the 2019‑2021 interval, the only documented evaluation of a research object using the **Data Science** method is a single instance in **2021** – the evaluation of *First Research Object 2* of the paper **FLRA: A Reference Architecture for Federated Learning Systems** (published in 2021)【5】. This evaluation is also confirmed by the texts that state *First Research Object 2* was evaluated with the Data Science method【1】【2】.

No sources provide evidence of research objects being evaluated with the Data Science method in **2019** or **2020**; the remaining partial answers either lack publication‑year information for this method or report other evaluation approaches or years【3】【4】【6】.

**Frequency per publication year (2019‑2021):**  

- 2019: 0  
- 2020: 0  
- 2021: 1  

Thus, the Data Science evaluation occurred **once in 2021** and **zero times in 2019 and 2020** according to the provided sources.

","['2019', '2020', '2021', 'Data Science']",0.0,0.111,0.0,0.013,0.0,0.125,0.0,0.0,0.0,0.0,0.07,0.06,0.06,0.06,0.16,0.44,0.24,0.33,0.24,0.44,0.31,0.38,0.0,0.071,0.16,0.242,0.02,0.31,0.2,0.78,0.1,0.06,0.26,0.21,0.13,0.53,0.448,0.616,0.519,1.0,644.1733496189117,0.007487400000000002,41536,0,0.0,,0,0.0,,,0.0,0.0,,0.0,0.0,https://wandb.ai/kastel-sdq-meta-research/experiment_cross_encoder/r/call/01a05e75-4aa1-78bb-943d-7ee77cf2ccbd,retrieval_config,False,KitToolbox,kit.qwen3-embedding-8b,10,10,True,cosine,True,False,10,-1,8,False,False,1,False,-1,-1,False,,['R659055'],['Paper'],False,True,False,kg_retrieval,hublink,kittoolbox_kit.minimax-m2.7-229b_tmpNone_maxt-1_reasoningNone,KitToolbox,kit.minimax-m2.7-229b,,-1,,kittoolbox_kit.minimax-m2.7-229b_tmpNone_maxt-1_reasoningNone,KitToolbox,kit.minimax-m2.7-229b,,-1,,orkg_merged_ecsa_icsa.json_jsonpublicationloader_limit-1,['paper_class'],['research_level'],['first_research_object'],['second_research_object'],['validity'],['evidence'],False,False,R659055,https://sandbox.orkg.org,-1,orkg,merged_ecsa_icsa.json_jsonpublicationloader_limit-1,merged_ecsa_icsa.json,JsonPublicationLoader,-1,,4000,2,generation_kittoolbox_kit.minimax-m2.7-229b_tmpNone_maxt-1_reasoningNone,generation,kittoolbox_kit.minimax-m2.7-229b_tmpNone_maxt-1_reasoningNone,KitToolbox,kit.minimax-m2.7-229b,,-1,,"['(R870123:First Research Object 2, evaluation, R870124:Evaluation)', '(R870126:Evaluation Method Entity, Name, L1523703:Data Science)', '(R869104:The Evolution of Technical Debt in the Apache Ecosystem, contribution, R869125:First Research Object 2)', '(R869125:First Research Object 2, evaluation, R869126:Evaluation)', '(R869126:Evaluation, Evaluation method, R869127:Evaluation Method List)', '(R869127:Evaluation Method List, Entity, R869128:Evaluation Method Entity)', '(R869128:Evaluation Method Entity, Name, L1521574:Data Science)', '(R869987:FLRA: A Reference Architecture for Federated Learning Systems, contribution, R870003:First Research Object 2)', '(R870003:First Research Object 2, evaluation, R870004:Evaluation)', '(R870004:Evaluation, Evaluation method, R870005:Evaluation Method List)', '(R870005:Evaluation Method List, Entity, R870006:Evaluation Method Entity)', '(R870006:Evaluation Method Entity, Name, L1523455:Data Science)', '(R872801:First Research Object 2, evaluation, R872802:Evaluation)', '(R872802:Evaluation, Evaluation method, R872803:Evaluation Method List)', '(R872803:Evaluation Method List, Entity, R872804:Evaluation Method Entity)', '(R872804:Evaluation Method Entity, Name, L1529234:Data Science)', '(R873814:A Survey on Big Data Analytics Solutions Deployment, contribution, R873836:First Research Object 2)', '(R873836:First Research Object 2, evaluation, R873837:Evaluation)', '(R873839:Evaluation Method Entity, Name, L1531340:Questionnaire)', '(R873814:A Survey on Big Data Analytics Solutions Deployment, publication year, L1531288:2019)', '(R870102:An Empirical Study of Architectural Decay in Open-Source Software, publication year, L1523654:2018)', '(R869987:FLRA: A Reference Architecture for Federated Learning Systems, publication year, L1523426:2021)', '(R872801:First Research Object 2, Object, R872807:Research Object List)', '(R872807:Research Object List, Entity, R872808:Research Object Entity)', '(R872808:Research Object Entity, Name, L1529238:Technical Debt)']","From the publication years 2019 to 2021, how frequently per publication year have the research objects of papers been evaluated using the evaluation method Data Science?","The frequency per publication year from 2019 to 2021 at which the research objects of papers have been evaluated using the evaluation method Data Science is: one in 2019, one in 2020, and one in 2021.","['10.1109/ICSA51549.2021.00017', '10.1109/ICSA51549.2021.00017', '10.1109/ICSA51549.2021.00017', '10.1109/ICSA.2019.00012', '10.1109/ICSA.2019.00012', '10.1109/ICSA.2019.00012', '10.1007/978-3-030-86044-8_6', '10.1007/978-3-030-86044-8_6', '10.1007/978-3-030-86044-8_6']",,"['(R872804:Evaluation Method Entity, Name, L1529234:Data Science)', '(R872780:Architectural Decay as Predictor of Issue- and Change-Proneness, publication year, L1529184:2021)', '(R872808:Research Object Entity, Name, L1529238:Technical Debt)', '(R870777:Evaluation Method Entity, Name, L1525079:Data Science)', '(R870753:Architectural Security Weaknesses in Industrial Control Systems (ICS) an Empirical Study Based on Disclosed Software Vulnerabilities, publication year, L1525030:2019)', '(R870781:Research Object Entity, Name, L1525083:Architectural Aspects)', '(R870006:Evaluation Method Entity, Name, L1523455:Data Science)', '(R869987:FLRA: A Reference Architecture for Federated Learning Systems, publication year, L1523426:2021)', '(R870010:Research Object Entity, Name, L1523459:Reference Architecture)']",clustering_strategy,R659055,Software Architecture and Design,6,"From [year 1] to [year 2], how frequently per year have the research objects of papers been evaluated with the evaluation method with the name [Content Data: evaluation method name]?"
137,c75b3cf0921537bf3249b9a498522306,2f44c85e-9744-4716-aa28-90716e166b1f,"

The only research object that is explicitly identified as being evaluated with **Grounded Theory** is **First Research Object 2**.  The sources that confirm the use of Grounded Theory locate the evaluation in different years, and other sources either do not mention Grounded Theory or do not link the object to a specific year.  Consequently, the distribution of research objects evaluated with Grounded Theory between 2019 and 2021 can be described as follows **according to the provided partial answers**:

| Year | Research object(s) evaluated with Grounded Theory | Source(s) |
|------|---------------------------------------------------|-----------|
| **2019** | **First Research Object 2** – tied to the contribution *“Supporting Architectural Decision Making on Data Management in Microservice Architectures”* (see also the study “How Developers Discuss Architecture Smells? An Exploratory Study on Stack Overflow”) | [[1], [3], [4]] |
| **2020** | **First Research Object 2** – appears in the papers *“Assessing Architecture Conformance to Coupling‑Related Patterns and Practices in Microservices”* and *“Architectural Technical Debt: A Grounded Theory”* | [[5], [6]] |
| **2021** | No explicit confirmation that **First Research Object 2** was evaluated with Grounded Theory. A 2021 study (“A Decision Model for Choosing Patterns in Blockchain‑Based Applications”) discusses an evaluation of the same object but does not state that Grounded Theory was the method used, and another source notes the lack of any mention of Grounded Theory for the 2021 period. | [[7], [8]] |

**Summary of the evidence**

- **Positive Grounded‑Theory attribution** appears in sources **[1]–[6]**, which together point to **First Research Object 2** as the object evaluated with Grounded Theory, but they disagree on whether the publication year is **2019** [[1], [3], [4]] or **2020** [[5], [6]].
- **Uncertain or missing Grounded‑Theory attribution** for 2021 is reported in **[7]** (the evaluation is described but the method is not specified) and **[8]** (no mention of Grounded Theory at all for 2021).

Therefore, based solely on the information provided, the only research object that can be said to have been evaluated with Grounded Theory during the 2019‑2021 window is **First Research Object 2**, with the timing of that evaluation being unclear or contested between 2019 and 2020, and with no conclusive evidence linking it to Grounded Theory in 2021.

[1] Source: Supporting Architectural Decision Making on Data Management in Microservice Architectures, 10.1007/978-3-030-29983-5_2
[3] Source: Guiding Architectural Decision Making on Service Mesh Based Microservice Architectures, 10.1007/978-3-030-29983-5_1
[4] Source: How Developers Discuss Architecture Smells? An Exploratory Study on Stack Overflow, 10.1109/ICSA.2019.00018
[5] Source: Assessing Architecture Conformance to Coupling-Related Patterns and Practices in Microservices, 10.1007/978-3-030-58923-3_1
[6] Source: Architectural Technical Debt: A Grounded Theory, 10.1007/978-3-030-58923-3_14
[7] Source: A Decision Model for Choosing Patterns in Blockchain-Based Applications, 10.1109/ICSA51549.2021.00013
[8] Source: Microservice Architecture in Reality: An Industrial Inquiry, 10.1109/ICSA.2019.00014
","['2019', '2021']",0.222,0.167,0.065,0.361,0.333,1.0,0.2,0.22,0.21,0.22,0.4,0.33,0.36,0.34,0.22,0.67,0.33,0.48,0.32,0.67,0.44,0.55,0.2,0.4,0.222,0.324,0.01,0.13,0.07,0.86,0.08,0.05,0.59,0.12,0.06,0.79,0.346,0.545,0.423,0.0,530.4522142410278,0.0,57791,0,0.0,,0,0.0,,,0.0,0.0,,0.0,0.0,https://wandb.ai/kastel-sdq-meta-research/experiment_cross_encoder/r/call/01a05e76-66cf-7dc7-a1f3-aa4c1973a4b5,retrieval_config,False,KitToolbox,kit.qwen3-embedding-8b,10,10,True,cosine,True,False,10,-1,8,False,False,1,False,-1,-1,False,,['R659055'],['Paper'],False,True,False,kg_retrieval,hublink,kittoolbox_kit.minimax-m2.7-229b_tmpNone_maxt-1_reasoningNone,KitToolbox,kit.minimax-m2.7-229b,,-1,,kittoolbox_kit.minimax-m2.7-229b_tmpNone_maxt-1_reasoningNone,KitToolbox,kit.minimax-m2.7-229b,,-1,,orkg_merged_ecsa_icsa.json_jsonpublicationloader_limit-1,['paper_class'],['research_level'],['first_research_object'],['second_research_object'],['validity'],['evidence'],False,False,R659055,https://sandbox.orkg.org,-1,orkg,merged_ecsa_icsa.json_jsonpublicationloader_limit-1,merged_ecsa_icsa.json,JsonPublicationLoader,-1,,4000,2,generation_kittoolbox_kit.minimax-m2.7-229b_tmpNone_maxt-1_reasoningNone,generation,kittoolbox_kit.minimax-m2.7-229b_tmpNone_maxt-1_reasoningNone,KitToolbox,kit.minimax-m2.7-229b,,-1,,"['(R868290:How Developers Discuss Architecture Smells? An Exploratory Study on Stack Overflow, contribution, R868309:First Research Object 2)', '(R868309:First Research Object 2, evaluation, R868310:Evaluation)', '(R868312:Evaluation Method Entity, Name, L1519814:Grounded Theory)', '(R872980:Supporting Architectural Decision Making on Data Management in Microservice Architectures, contribution, R873002:First Research Object 2)', '(R873002:First Research Object 2, evaluation, R873003:Evaluation)', '(R873003:Evaluation, Evaluation method, R873004:Evaluation Method List)', '(R873004:Evaluation Method List, Entity, R873005:Evaluation Method Entity)', '(R873005:Evaluation Method Entity, Name, L1529647:Grounded Theory)', '(R869587:First Research Object 2, evaluation, R869588:Evaluation)', '(R869590:Evaluation Method Entity, Name, L1522568:Grounded Theory)', '(R873340:Guiding Architectural Decision Making on Service Mesh Based Microservice Architectures, contribution, R873361:First Research Object 2)', '(R873361:First Research Object 2, evaluation, R873362:Evaluation)', '(R873362:Evaluation, Evaluation method, R873363:Evaluation Method List)', '(R873364:Evaluation Method Entity, Name, L1530356:Grounded Theory)', '(R872607:Architectural Technical Debt: A Grounded Theory, contribution, R872624:First Research Object 2)', '(R872624:First Research Object 2, evaluation, R872625:Evaluation)', '(R869312:A Decision Model for Choosing Patterns in Blockchain-Based Applications, publication year, L1521979:2021)', '(R872625:Evaluation, Evaluation method, R872626:Evaluation Method List)', '(R872626:Evaluation Method List, Entity, R872627:Evaluation Method Entity)', '(R872627:Evaluation Method Entity, Name, L1528876:Grounded Theory)', '(R872607:Architectural Technical Debt: A Grounded Theory, publication year, L1528844:2020)', '(R872980:Supporting Architectural Decision Making on Data Management in Microservice Architectures, publication year, L1529596:2019)', '(R873340:Guiding Architectural Decision Making on Service Mesh Based Microservice Architectures, publication year, L1530308:2019)', '(R869566:Assessing Architecture Conformance to Coupling-Related Patterns and Practices in Microservices, publication year, L1522519:2020)', '(R868290:How Developers Discuss Architecture Smells? An Exploratory Study on Stack Overflow, publication year, L1519766:2019)', '(R869312:A Decision Model for Choosing Patterns in Blockchain-Based Applications, contribution, R869334:First Research Object 2)', '(R869334:First Research Object 2, evaluation, R869335:Evaluation)']",How are the research objects that are evaluated with grounded theory distributed between 2019 and 2021?,"The distribution of research objects that are evaluated with grounded theory between 2019 and 2021 is as follows: three in 2019, none in 2020, and none in 2021.","['10.1007/978-3-030-29983-5_2', '10.1007/978-3-030-29983-5_2', '10.1007/978-3-030-29983-5_2', '10.1007/978-3-030-29983-5_1', '10.1007/978-3-030-29983-5_1', '10.1007/978-3-030-29983-5_1', '10.1109/ICSA.2019.00018', '10.1109/ICSA.2019.00018', '10.1109/ICSA.2019.00018']",,"['(R873005:Evaluation Method Entity, Name, L1529647:Grounded Theory)', '(R872980:Supporting Architectural Decision Making on Data Management in Microservice Architectures, publication year, L1529596:2019)', '(R873010:Research Object Entity, Name, L1529652:Architecture Pattern)', '(R873364:Evaluation Method Entity, Name, L1530356:Grounded Theory)', '(R873340:Guiding Architectural Decision Making on Service Mesh Based Microservice Architectures, publication year, L1530308:2019)', '(R873368:Research Object Entity, Name, L1530360:Architecture Decision Making)', '(R868312:Evaluation Method Entity, Name, L1519814:Grounded Theory)', '(R868290:How Developers Discuss Architecture Smells? An Exploratory Study on Stack Overflow, publication year, L1519766:2019)', '(R868314:Research Object Entity, Name, L1519817:Architecture Pattern)']",clustering_strategy,R659055,Software Architecture and Design,6,What is the proportion of the research objects that are used in conjunction with the evaluation method [Content Data: evaluation method name] between [Metadata: year] and [Metadata: year]?
138,c75b3cf0921537bf3249b9a498522306,58317488-7918-4978-92bc-233751841d59,"

The only research object that the supplied texts identify as being evaluated with the **Argumentation** method is **First Research Object 2**. This object appears in a paper dated **2019** [5][6]. No other research objects evaluated with Argumentation are reported for the years 2020 or 2021 in the given sources [5][6].

**Distribution of research objects evaluated with Argumentation (2019‑2021)**  
- **2019:** 1 research object (First Research Object 2)  
- **2020:** 0 research objects  
- **2021:** 0 research objects  

Thus, the available evidence indicates a single instance of a research object evaluated by the Argumentation method, occurring in 2019.

[5] Source: Assessing Adaptability of Software Architectures for Cyber Physical Production Systems, 10.1007/978-3-030-29983-5_10
[6] Source: A Platform Architecture for Multi-Tenant Blockchain-Based Systems, 10.1109/ICSA.2019.00019
","['2019', '2021']",0.333,0.417,0.067,0.392,0.2,1.0,0.2,0.33,0.25,0.29,0.5,0.5,0.5,0.5,0.33,0.67,0.44,0.56,0.57,0.67,0.62,0.65,0.2,0.5,0.333,0.571,0.02,0.41,0.28,0.77,0.09,0.06,0.18,0.24,0.16,0.46,0.445,0.624,0.519,1.0,595.3413925170898,0.00017429999999999998,5104,0,0.0,,0,0.0,,,0.0,0.0,,0.0,0.0,https://wandb.ai/kastel-sdq-meta-research/experiment_cross_encoder/r/call/01a05e76-d47f-743c-8b44-28d6c5a89ac1,retrieval_config,False,KitToolbox,kit.qwen3-embedding-8b,10,10,True,cosine,True,False,10,-1,8,False,False,1,False,-1,-1,False,,['R659055'],['Paper'],False,True,False,kg_retrieval,hublink,kittoolbox_kit.minimax-m2.7-229b_tmpNone_maxt-1_reasoningNone,KitToolbox,kit.minimax-m2.7-229b,,-1,,kittoolbox_kit.minimax-m2.7-229b_tmpNone_maxt-1_reasoningNone,KitToolbox,kit.minimax-m2.7-229b,,-1,,orkg_merged_ecsa_icsa.json_jsonpublicationloader_limit-1,['paper_class'],['research_level'],['first_research_object'],['second_research_object'],['validity'],['evidence'],False,False,R659055,https://sandbox.orkg.org,-1,orkg,merged_ecsa_icsa.json_jsonpublicationloader_limit-1,merged_ecsa_icsa.json,JsonPublicationLoader,-1,,4000,2,generation_kittoolbox_kit.minimax-m2.7-229b_tmpNone_maxt-1_reasoningNone,generation,kittoolbox_kit.minimax-m2.7-229b_tmpNone_maxt-1_reasoningNone,KitToolbox,kit.minimax-m2.7-229b,,-1,,"['(R871726:A Platform Architecture for Multi-Tenant Blockchain-Based Systems, contribution, R871757:First Research Object 2)', '(R871757:First Research Object 2, evaluation, R871758:Evaluation)', '(R871758:Evaluation, Evaluation method, R871759:Evaluation Method List)', '(R871759:Evaluation Method List, Entity, R871760:Evaluation Method Entity)', '(R871760:Evaluation Method Entity, Name, L1527086:Argumentation)', '(R871346:Assessing Adaptability of Software Architectures for Cyber Physical Production Systems, contribution, R871367:First Research Object 2)', '(R871367:First Research Object 2, evaluation, R871373:Evaluation)', '(R871373:Evaluation, Evaluation method, R871374:Evaluation Method List)', '(R871374:Evaluation Method List, Entity, R871375:Evaluation Method Entity)', '(R871375:Evaluation Method Entity, Name, L1526299:Argumentation)', '(R871346:Assessing Adaptability of Software Architectures for Cyber Physical Production Systems, publication year, L1526260:2019)', '(R871726:A Platform Architecture for Multi-Tenant Blockchain-Based Systems, publication year, L1527024:2019)']",What is the distribution of the research objects that are evaluated with the evaluation method Argumentation between the publication years 2019 and 2021?,"The distribution of the research objects that are evaluated with the evaluation method Argumentation between the publication years 2019 and 2021 is as follows: two objects in 2019, none in 2020, and none in 2021.","['10.1007/978-3-030-29983-5_10', '10.1007/978-3-030-29983-5_10', '10.1109/ICSA.2019.00019', '10.1109/ICSA.2019.00019', '10.1007/978-3-030-29983-5_10', '10.1109/ICSA.2019.00019']",,"['(R871760:Evaluation Method Entity, Name, L1527086:Argumentation)', '(R871346:Assessing Adaptability of Software Architectures for Cyber Physical Production Systems, publication year, L1526260:2019)', '(R871375:Evaluation Method Entity, Name, L1526299:Argumentation)', '(R871726:A Platform Architecture for Multi-Tenant Blockchain-Based Systems, publication year, L1527024:2019)', '(R871774:Research Object Entity, Name, L1527099:Reference Architecture)', '(R871379:Research Object Entity, Name, L1526303:Reference Architecture)']",clustering_strategy,R659055,Software Architecture and Design,6,What is the distribution of the research objects that are used in conjunction with the evaluation method [Content Data: evaluation method name] between [Metadata: year] and [Metadata: year]?
139,c75b3cf0921537bf3249b9a498522306,a11b4521-7e9b-4897-a881-4876cc385c11,"

The texts identify three publications that assess **compatibility** and report the evaluation methods that were used.

* In the discussion of the first research object, the authors state that the Compatibility property was evaluated by means of an **Interview** and a **Field Experiment**【3】.  No year is provided for this study in the extracted information.

* The work on **ADOOPLA** is dated **2019** and reports that compatibility was examined using a **Case‑Study** evaluation method【4】.

* Another 2019 publication – “Mitigating the Influence of Embedded Software Development Environments and Toolsets (ESDT) on Software Architecture” – also evaluates the Compatibility property, but the specific evaluation technique is not detailed in the source【5】.

All other sources either do not mention a compatibility evaluation【1】【2】【6】 or provide no year‑specific data.

### Distribution of evaluation methods (2017‑2019)

| Year | Reported evaluation methods for compatibility‑focused publications |
|------|-------------------------------------------------------------------|
| **2017** | No publications that evaluate compatibility are reported. |
| **2018** | No publications that evaluate compatibility are reported. |
| **2019** | • **Case Study** – used in the ADOOPLA study【4】.<br>• **Interview** and **Field Experiment** – reported for a compatibility evaluation, but the year is not specified【3】.<br>• **Unspecified method** – the ESDT paper evaluates compatibility but does not state the method【5】. |

Thus, the only evaluation method that can be placed definitively in a specific year is the **Case Study** in **2019**. The remaining methods (Interview, Field Experiment) are documented but cannot be assigned to a particular year within the 2017‑2019 window, and one 2019 study provides no information on its evaluation approach.

","['2017', '2019']",0.286,0.143,0.19,0.176,1.0,1.0,0.2,0.29,0.24,0.26,0.26,0.36,0.3,0.33,0.26,0.71,0.38,0.53,0.31,0.71,0.43,0.57,0.2,0.263,0.263,0.312,0.01,0.16,0.09,0.71,0.04,0.02,0.2,0.1,0.06,0.45,0.372,0.568,0.449,1.0,531.788553237915,0.0,20134,0,0.0,,0,0.0,,,0.0,0.0,,0.0,0.0,https://wandb.ai/kastel-sdq-meta-research/experiment_cross_encoder/r/call/01a05e77-be37-7db4-987a-e1601ae1108c,retrieval_config,False,KitToolbox,kit.qwen3-embedding-8b,10,10,True,cosine,True,False,10,-1,8,False,False,1,False,-1,-1,False,,['R659055'],['Paper'],False,True,False,kg_retrieval,hublink,kittoolbox_kit.minimax-m2.7-229b_tmpNone_maxt-1_reasoningNone,KitToolbox,kit.minimax-m2.7-229b,,-1,,kittoolbox_kit.minimax-m2.7-229b_tmpNone_maxt-1_reasoningNone,KitToolbox,kit.minimax-m2.7-229b,,-1,,orkg_merged_ecsa_icsa.json_jsonpublicationloader_limit-1,['paper_class'],['research_level'],['first_research_object'],['second_research_object'],['validity'],['evidence'],False,False,R659055,https://sandbox.orkg.org,-1,orkg,merged_ecsa_icsa.json_jsonpublicationloader_limit-1,merged_ecsa_icsa.json,JsonPublicationLoader,-1,,4000,2,generation_kittoolbox_kit.minimax-m2.7-229b_tmpNone_maxt-1_reasoningNone,generation,kittoolbox_kit.minimax-m2.7-229b_tmpNone_maxt-1_reasoningNone,KitToolbox,kit.minimax-m2.7-229b,,-1,,"['(R871569:Property, Name, L1526678:Compatibility)', '(R872702:Safety Analysis Method for Cooperative Driving Systems, publication year, L1529019:2019)', '(R873260:Synchronous Reconfiguration of Distributed Embedded Applications During Operation, publication year, L1530133:2019)', '(R869812:ADOOPLA - Combining Product-Line- and Product-Level Criteria in Multi-objective Optimization of Product Line Architectures, publication year, L1523055:2019)', '(R873285:Evaluation Method Entity, Name, L1530183:Case Study)', '(R871562:Property, Name, L1526672:Compatibility)', '(R868862:Mitigating the Influence of Embedded Software Development Environments and Toolsets (ESDT) on Software Architecture, contribution, R868878:First Research Object 2)', '(R868878:First Research Object 2, evaluation, R868879:Evaluation)', '(R868883:Property, Name, L1521052:Compatibility)', '(R869836:Evaluation Method Entity, Name, L1523102:Case Study)', '(R868862:Mitigating the Influence of Embedded Software Development Environments and Toolsets (ESDT) on Software Architecture, publication year, L1521021:2019)', '(R872721:Paper Class 2, evaluation research, L1529064:True)', '(R871565:Evaluation, Evaluation method, R871566:Evaluation Method List)', '(R871566:Evaluation Method List, Entity, R871567:Evaluation Method Entity)', '(R871567:Evaluation Method Entity, Name, L1526676:Interview)', '(R872726:Evaluation Method Entity, Name, L1529067:Motivating Example)', '(R871555:Evaluation, Evaluation method, R871556:Evaluation Method List)', '(R871556:Evaluation Method List, Entity, R871557:Evaluation Method Entity)', '(R871557:Evaluation Method Entity, Name, L1526667:Field Experiment)']","Among those publications that evaluate compatibility, how are the evaluation methods that have been applied distributed between 2017 and 2019?",The evaluation methods that have been applied to evaluate compatibility between 2017 and 2019 are distributed as follows: one method was applied in 2018 and one method was applied in 2019.,"['10.1109/ICSA.2019.00020', '10.1109/ICSA.2019.00020', '10.1109/ICSA.2019.00020', '10.1109/ICSA.2018.00017', '10.1109/ICSA.2018.00017', '10.1109/ICSA.2018.00017', '10.1109/ICSA.2018.00017']",,"['(R871562:Property, Name, L1526672:Compatibility)', '(R868862:Mitigating the Influence of Embedded Software Development Environments and Toolsets (ESDT) on Software Architecture, publication year, L1521021:2019)', '(R868881:Evaluation Method Entity, Name, L1521050:Technical Experiment)', '(R871569:Property, Name, L1526678:Compatibility)', '(R871523:An Architecture for Decentralized, Collaborative, and Autonomous Robots, publication year, L1526604:2018)', '(R871567:Evaluation Method Entity, Name, L1526676:Interview)', '(R871557:Evaluation Method Entity, Name, L1526667:Field Experiment)']",clustering_strategy,R659055,Software Architecture and Design,6,What is the proportion of the evaluation methods that are used in conjunction with the sub-property [sub property name] between [Metadata: year] and [Metadata: year]?
140,c75b3cf0921537bf3249b9a498522306,14f1dbb3-809b-43dc-8f62-e7d6a1173f68,"

The paper that both investigates the research object **Architecture Decision Making** and is classified as a **philosophical paper** is titled **“Continuous Architecture: Towards the Goldilocks Zone and Away from Vicious Circles.”** [10]

[10] Source: Continuous Architecture: Towards the Goldilocks Zone and Away from Vicious Circles, 10.1109/ICSA.2019.00022
",[],0.0,0.0,0.0,0.0,0.0,0.0,0.0,0.0,0.0,0.0,0.0,0.0,0.0,0.0,0.0,0.0,0.0,0.0,0.0,0.0,0.0,0.0,0.0,0.0,0.0,0.0,0.09,0.51,0.56,0.47,0.32,0.35,0.3,0.43,0.47,0.39,0.673,0.714,0.693,1.0,248.02863264083862,0.0,28249,0,0.0,,0,0.0,,,0.0,0.0,,0.0,0.0,https://wandb.ai/kastel-sdq-meta-research/experiment_cross_encoder/r/call/01a05e7d-a623-7a05-99c1-82c3ddf09eba,retrieval_config,False,KitToolbox,kit.qwen3-embedding-8b,10,10,True,cosine,True,False,10,-1,8,False,False,1,False,-1,-1,False,,['R659055'],['Paper'],False,True,False,kg_retrieval,hublink,kittoolbox_kit.minimax-m2.7-229b_tmpNone_maxt-1_reasoningNone,KitToolbox,kit.minimax-m2.7-229b,,-1,,kittoolbox_kit.minimax-m2.7-229b_tmpNone_maxt-1_reasoningNone,KitToolbox,kit.minimax-m2.7-229b,,-1,,orkg_merged_ecsa_icsa.json_jsonpublicationloader_limit-1,['paper_class'],['research_level'],['first_research_object'],['second_research_object'],['validity'],['evidence'],False,False,R659055,https://sandbox.orkg.org,-1,orkg,merged_ecsa_icsa.json_jsonpublicationloader_limit-1,merged_ecsa_icsa.json,JsonPublicationLoader,-1,,4000,2,generation_kittoolbox_kit.minimax-m2.7-229b_tmpNone_maxt-1_reasoningNone,generation,kittoolbox_kit.minimax-m2.7-229b_tmpNone_maxt-1_reasoningNone,KitToolbox,kit.minimax-m2.7-229b,,-1,,"['(R873775:Continuous Architecture: Towards the Goldilocks Zone and Away from Vicious Circles, contribution, R873796:First Research Object 2)', '(R873796:First Research Object 2, Object, R873802:Research Object List)', '(R873802:Research Object List, Entity, R873803:Research Object Entity)', '(R873803:Research Object Entity, Name, L1531255:Architecture Decision Making)', '(R873775:Continuous Architecture: Towards the Goldilocks Zone and Away from Vicious Circles, contribution, R873794:Paper Class 2)', '(R873794:Paper Class 2, philosophical paper, L1531247:False)']",What is the title of the paper that investigates the research object Architecture Decision Making and has the paper class philosophical paper?,The title of the paper that investigates the research object Architecture Decision Making and has the paper class philosophical paper is 'Architectural Design Decisions for Systems Supporting Model-Based Analysis of Runtime Events: A Qualitative Multi-method Study.'',['10.1109/ICSA.2018.00021'],,"['(R873096:Paper Class 2, philosophical paper, L1529827:True)']",publication_subgraph_strategy,R873077,Architectural Design Decisions for Systems Supporting Model-Based Analysis of Runtime Events: A Qualitative Multi-method Study,2,What is the title of the paper that investigates the research object with the name [Content Data: research object name] and has the paper class [Metadata: paper class name]?
141,c75b3cf0921537bf3249b9a498522306,aca4e265-6743-420f-a626-c6c2cab7d94e,"

The only paper among the provided sources that both investigates the research object **Technical Debt** and was published in the year **2017** is:

- **“The Evolution of Technical Debt in the Apache Ecosystem.”** – published in 2017 and focuses on Technical Debt【1】.

All other partial answers indicate papers that either (i) investigate Technical Debt but appear in different publication years (e.g., 2020, 2021) or (ii) do not specify a publication year, and none of them mention an additional 2017 paper that addresses Technical Debt.

",['2017'],1.0,0.25,0.2,0.5,0.2,0.5,0.2,1.0,0.33,0.56,0.31,1.0,0.47,0.69,0.14,1.0,0.25,0.45,0.21,1.0,0.35,0.57,0.2,0.308,0.143,0.211,0.07,0.4,0.26,0.88,0.26,0.17,0.58,0.33,0.21,0.72,0.461,0.697,0.555,1.0,237.48160433769226,0.0,41112,0,0.0,,0,0.0,,,0.0,0.0,,0.0,0.0,https://wandb.ai/kastel-sdq-meta-research/experiment_cross_encoder/r/call/01a05e7f-3fb8-7e05-a677-3cd502421cca,retrieval_config,False,KitToolbox,kit.qwen3-embedding-8b,10,10,True,cosine,True,False,10,-1,8,False,False,1,False,-1,-1,False,,['R659055'],['Paper'],False,True,False,kg_retrieval,hublink,kittoolbox_kit.minimax-m2.7-229b_tmpNone_maxt-1_reasoningNone,KitToolbox,kit.minimax-m2.7-229b,,-1,,kittoolbox_kit.minimax-m2.7-229b_tmpNone_maxt-1_reasoningNone,KitToolbox,kit.minimax-m2.7-229b,,-1,,orkg_merged_ecsa_icsa.json_jsonpublicationloader_limit-1,['paper_class'],['research_level'],['first_research_object'],['second_research_object'],['validity'],['evidence'],False,False,R659055,https://sandbox.orkg.org,-1,orkg,merged_ecsa_icsa.json_jsonpublicationloader_limit-1,merged_ecsa_icsa.json,JsonPublicationLoader,-1,,4000,2,generation_kittoolbox_kit.minimax-m2.7-229b_tmpNone_maxt-1_reasoningNone,generation,kittoolbox_kit.minimax-m2.7-229b_tmpNone_maxt-1_reasoningNone,KitToolbox,kit.minimax-m2.7-229b,,-1,,"['(R872632:Research Object Entity, Name, L1528881:Technical Debt)', '(R869104:The Evolution of Technical Debt in the Apache Ecosystem, contribution, R869125:First Research Object 2)', '(R869125:First Research Object 2, Object, R869131:Research Object List)', '(R869131:Research Object List, Entity, R869132:Research Object Entity)', '(R869132:Research Object Entity, Name, L1521578:Technical Debt)', '(R872780:Architectural Decay as Predictor of Issue- and Change-Proneness, contribution, R872801:First Research Object 2)', '(R872801:First Research Object 2, Object, R872807:Research Object List)', '(R872807:Research Object List, Entity, R872808:Research Object Entity)', '(R872808:Research Object Entity, Name, L1529238:Technical Debt)', '(R869104:The Evolution of Technical Debt in the Apache Ecosystem, publication year, L1521523:2017)', '(R872607:Architectural Technical Debt: A Grounded Theory, publication year, L1528844:2020)', '(R870380:Identifying and Prioritizing Architectural Debt Through Architectural Smells: A Case Study in a Large Software Company, contribution, R870407:First Research Object 2)', '(R870380:Identifying and Prioritizing Architectural Debt Through Architectural Smells: A Case Study in a Large Software Company, contribution, R2156260:First Research Object 2)', '(R872780:Architectural Decay as Predictor of Issue- and Change-Proneness, publication year, L1529184:2021)']",Which papers investigate the research object Technical Debt in the publication year 2017?,The paper with the title 'The Evolution of Technical Debt in the Apache Ecosystem' investigated Technical Debt as a research object in the year 2017.,"['10.1007/978-3-319-65831-5_4', '10.1007/978-3-319-65831-5_4']",,"['(R869132:Research Object Entity, Name, L1521578:Technical Debt)', '(R869104:The Evolution of Technical Debt in the Apache Ecosystem, publication year, L1521523:2017)']",clustering_strategy,R659055,Software Architecture and Design,5,Which papers investigate [Content Data: research object name] as a research object in the publication year [Metadata: year]?
142,c75b3cf0921537bf3249b9a498522306,59b4d582-cf50-46bd-bf70-08e506b80a06,"

Final Answer: The papers that investigate architectural assumptions and were published in 2019 are:

- **“Improving the Consistency and Usefulness of Architecture Descriptions: Guidelines for Architects.”** This 2019 work is listed as a contribution to the “Architectural Assumptions” research object, directly investigating architectural assumptions [1].

- **“Architectural Security Weaknesses in Industrial Control Systems (ICS) an Empirical Study Based on Disclosed Software Vulnerabilities.”** This 2019 study examines security weaknesses at the architectural level, which can be regarded as an investigation of architectural‑related assumptions [6].

No other 2019 papers were explicitly reported as investigating architectural assumptions in the provided sources.

[1] Source: Improving the Consistency and Usefulness of Architecture Descriptions: Guidelines for Architects, 10.1109/ICSA.2019.00024
[6] Source: Architectural Security Weaknesses in Industrial Control Systems (ICS) an Empirical Study Based on Disclosed Software Vulnerabilities, 10.1109/ICSA.2019.00012
",['2019'],1.0,1.0,0.325,0.804,0.25,1.0,0.33,1.0,0.5,0.71,0.5,1.0,0.67,0.83,0.33,1.0,0.5,0.71,0.5,1.0,0.67,0.83,0.333,0.5,0.333,0.5,0.09,0.38,0.24,0.96,0.27,0.17,0.7,0.33,0.21,0.83,0.532,0.753,0.624,1.0,282.56199383735657,0.0,55954,0,0.0,,0,0.0,,,0.0,0.0,,0.0,0.0,https://wandb.ai/kastel-sdq-meta-research/experiment_cross_encoder/r/call/01a05e7f-9483-7b70-a63e-f7bf727707df,retrieval_config,False,KitToolbox,kit.qwen3-embedding-8b,10,10,True,cosine,True,False,10,-1,8,False,False,1,False,-1,-1,False,,['R659055'],['Paper'],False,True,False,kg_retrieval,hublink,kittoolbox_kit.minimax-m2.7-229b_tmpNone_maxt-1_reasoningNone,KitToolbox,kit.minimax-m2.7-229b,,-1,,kittoolbox_kit.minimax-m2.7-229b_tmpNone_maxt-1_reasoningNone,KitToolbox,kit.minimax-m2.7-229b,,-1,,orkg_merged_ecsa_icsa.json_jsonpublicationloader_limit-1,['paper_class'],['research_level'],['first_research_object'],['second_research_object'],['validity'],['evidence'],False,False,R659055,https://sandbox.orkg.org,-1,orkg,merged_ecsa_icsa.json_jsonpublicationloader_limit-1,merged_ecsa_icsa.json,JsonPublicationLoader,-1,,4000,2,generation_kittoolbox_kit.minimax-m2.7-229b_tmpNone_maxt-1_reasoningNone,generation,kittoolbox_kit.minimax-m2.7-229b_tmpNone_maxt-1_reasoningNone,KitToolbox,kit.minimax-m2.7-229b,,-1,,"['(R873599:Improving the Consistency and Usefulness of Architecture Descriptions: Guidelines for Architects, contribution, R873638:Second Research Object 2)', '(R873638:Second Research Object 2, Object, R873640:Research Object List)', '(R873640:Research Object List, Entity, R873641:Research Object Entity)', '(R873641:Research Object Entity, Name, L1530909:Architectural Assumptions)', '(R873599:Improving the Consistency and Usefulness of Architecture Descriptions: Guidelines for Architects, publication year, L1530833:2019)', '(R870753:Architectural Security Weaknesses in Industrial Control Systems (ICS) an Empirical Study Based on Disclosed Software Vulnerabilities, publication year, L1525030:2019)']",Which papers investigate architectural assumptions in 2019?,The paper 'Improving the Consistency and Usefulness of Architecture Descriptions: Guidelines for Architects' investigated Architectural Assumptions as a research object in the year 2019.,"['10.1109/ICSA.2019.00024', '10.1109/ICSA.2019.00024']",,"['(R873641:Research Object Entity, Name, L1530909:Architectural Assumptions)', '(R873599:Improving the Consistency and Usefulness of Architecture Descriptions: Guidelines for Architects, publication year, L1530833:2019)']",clustering_strategy,R659055,Software Architecture and Design,5,Which papers used [Content Data: research object name] as a research object in the year [Metadata: year]?
143,c75b3cf0921537bf3249b9a498522306,20e5a40b-fe6b-409a-b87c-446972739d6f,"

The papers that used the evaluation method **Argumentation** and were published in **2020** are:

* **“Continuous Experimentation for Automotive Software on the Example of a Heavy Commercial Vehicle in Daily Operation”** – applied Argumentation as its evaluation method and appeared in 2020 [1].  
* **“Architectural Patterns for Cross‑Domain Personalised Automotive Functions”** – also employed Argumentation as its evaluation method and was published in 2020 [2].

These are the only contributions identified in the provided sources that satisfy both criteria.

[1] Source: Continuous Experimentation for Automotive Software on the Example of a Heavy Commercial Vehicle in Daily Operation, 10.1007/978-3-030-58923-3_5
[2] Source: Architectural Patterns for Cross-Domain Personalised Automotive Functions, 10.1109/ICSA47634.2020.00026
",['2020'],0.333,0.417,0.067,0.392,0.2,1.0,0.2,0.33,0.25,0.29,0.5,0.5,0.5,0.5,0.33,0.67,0.44,0.56,0.57,0.67,0.62,0.65,0.2,0.5,0.333,0.571,0.18,0.6,0.5,0.76,0.47,0.39,0.59,0.56,0.46,0.7,0.591,0.779,0.672,1.0,349.2010271549225,0.0,83157,0,0.0,,0,0.0,,,0.0,0.0,,0.0,0.0,https://wandb.ai/kastel-sdq-meta-research/experiment_cross_encoder/r/call/01a05e80-3869-7622-b726-37feda53818e,retrieval_config,False,KitToolbox,kit.qwen3-embedding-8b,10,10,True,cosine,True,False,10,-1,8,False,False,1,False,-1,-1,False,,['R659055'],['Paper'],False,True,False,kg_retrieval,hublink,kittoolbox_kit.minimax-m2.7-229b_tmpNone_maxt-1_reasoningNone,KitToolbox,kit.minimax-m2.7-229b,,-1,,kittoolbox_kit.minimax-m2.7-229b_tmpNone_maxt-1_reasoningNone,KitToolbox,kit.minimax-m2.7-229b,,-1,,orkg_merged_ecsa_icsa.json_jsonpublicationloader_limit-1,['paper_class'],['research_level'],['first_research_object'],['second_research_object'],['validity'],['evidence'],False,False,R659055,https://sandbox.orkg.org,-1,orkg,merged_ecsa_icsa.json_jsonpublicationloader_limit-1,merged_ecsa_icsa.json,JsonPublicationLoader,-1,,4000,2,generation_kittoolbox_kit.minimax-m2.7-229b_tmpNone_maxt-1_reasoningNone,generation,kittoolbox_kit.minimax-m2.7-229b_tmpNone_maxt-1_reasoningNone,KitToolbox,kit.minimax-m2.7-229b,,-1,,"['(R873021:Continuous Experimentation for Automotive Software on the Example of a Heavy Commercial Vehicle in Daily Operation, contribution, R873058:Second Research Object 2)', '(R873058:Second Research Object 2, evaluation, R873059:Evaluation)', '(R873059:Evaluation, Evaluation method, R873060:Evaluation Method List)', '(R873060:Evaluation Method List, Entity, R873061:Evaluation Method Entity)', '(R873061:Evaluation Method Entity, Name, L1529746:Argumentation)', '(R870792:Architectural Patterns for Cross-Domain Personalised Automotive Functions, contribution, R870818:First Research Object 2)', '(R870818:First Research Object 2, evaluation, R870819:Evaluation)', '(R870819:Evaluation, Evaluation method, R870820:Evaluation Method List)', '(R870820:Evaluation Method List, Entity, R870821:Evaluation Method Entity)', '(R870821:Evaluation Method Entity, Name, L1525169:Argumentation)', '(R873021:Continuous Experimentation for Automotive Software on the Example of a Heavy Commercial Vehicle in Daily Operation, publication year, L1529684:2020)', '(R870792:Architectural Patterns for Cross-Domain Personalised Automotive Functions, publication year, L1525115:2020)']",Which papers applied the evaluation method Argumentation in the publication year 2020?,"The papers that applied the evaluation method Argumentation in the publication year 2020 are: 'Unlimited Rulebook: a Reference Architecture for Economy Mechanics in Digital Games', 'Continuous Experimentation for Automotive Software on the Example of a Heavy Commercial Vehicle in Daily Operation', and 'Architectural Patterns for Cross-Domain Personalised Automotive Functions'.","['10.1109/ICSA47634.2020.00014', '10.1109/ICSA47634.2020.00014', '10.1007/978-3-030-58923-3_5', '10.1007/978-3-030-58923-3_5', '10.1109/ICSA47634.2020.00026', '10.1109/ICSA47634.2020.00026']",,"['(R869089:Evaluation Method Entity, Name, L1521482:Argumentation)', '(R869051:Unlimited Rulebook: a Reference Architecture for Economy Mechanics in Digital Games, publication year, L1521417:2020)', '(R873061:Evaluation Method Entity, Name, L1529746:Argumentation)', '(R873021:Continuous Experimentation for Automotive Software on the Example of a Heavy Commercial Vehicle in Daily Operation, publication year, L1529684:2020)', '(R870821:Evaluation Method Entity, Name, L1525169:Argumentation)', '(R870792:Architectural Patterns for Cross-Domain Personalised Automotive Functions, publication year, L1525115:2020)']",clustering_strategy,R659055,Software Architecture and Design,6,Which papers used the evaluation method [Content Data: evaluation method name] in the year [Metadata: year]?
144,c75b3cf0921537bf3249b9a498522306,3655dda4-9389-4db1-9699-c402d546436d,"

Based on the information provided in the source texts, **no 2017 paper is explicitly identified as using interviews for evaluation**.  

- The 2017 paper listed – “Accurate Analysis of Quality Properties of Software with Observation‑Based Markov Chain Refinement” – employs a **Case Study** evaluation method and does **not** mention interviews【9】.  

- Several other papers in the collection **do** use interviews as an evaluation method, but their publication years are either not specified or are later than 2017:  

  - “State of the Practice in Application Programming Interfaces (APIs): A Case Study”【1】  
  - “Microservice Architecture in Reality: An Industrial Inquiry”【2】  
  - “Migrating Towards Microservice Architectures: An Industrial Survey” (2018)【4】  
  - “Empirical Insights into the Evolving Role of Architects in Decision‑Making in an Agile Context” (2018)【5】  
  - “System‑ and Software‑level Architecting Harmonization Practices for Systems‑of‑Systems: An exploratory case study on a long‑running large‑scale scientific instrument”【6】  
  - “Architectural Assumptions and Their Management in Industry – An Exploratory Study”【7】  
  - “Aligning Architecture with Business Goals in the Automotive Domain”【8】  

Because the source texts do not associate any of these interview‑based evaluations with the year 2017, the answer to the question is that **there is no evidence in the provided material that a 2017 paper applied interviews for evaluation**.

",['2017'],0.0,0.125,0.0,0.0,0.0,0.0,0.0,0.0,0.0,0.0,0.0,0.0,0.0,0.0,0.03,0.25,0.05,0.09,0.06,0.38,0.1,0.18,0.0,0.0,0.025,0.06,0.05,0.23,0.14,0.88,0.12,0.07,0.45,0.18,0.1,0.66,0.459,0.691,0.552,0.0,411.20110297203064,0.0005133,5999,0,0.0,,0,0.0,,,0.0,0.0,,0.0,0.0,https://wandb.ai/kastel-sdq-meta-research/experiment_cross_encoder/r/call/01a05e80-a8db-7182-98ff-ebc6042cf637,retrieval_config,False,KitToolbox,kit.qwen3-embedding-8b,10,10,True,cosine,True,False,10,-1,8,False,False,1,False,-1,-1,False,,['R659055'],['Paper'],False,True,False,kg_retrieval,hublink,kittoolbox_kit.minimax-m2.7-229b_tmpNone_maxt-1_reasoningNone,KitToolbox,kit.minimax-m2.7-229b,,-1,,kittoolbox_kit.minimax-m2.7-229b_tmpNone_maxt-1_reasoningNone,KitToolbox,kit.minimax-m2.7-229b,,-1,,orkg_merged_ecsa_icsa.json_jsonpublicationloader_limit-1,['paper_class'],['research_level'],['first_research_object'],['second_research_object'],['validity'],['evidence'],False,False,R659055,https://sandbox.orkg.org,-1,orkg,merged_ecsa_icsa.json_jsonpublicationloader_limit-1,merged_ecsa_icsa.json,JsonPublicationLoader,-1,,4000,2,generation_kittoolbox_kit.minimax-m2.7-229b_tmpNone_maxt-1_reasoningNone,generation,kittoolbox_kit.minimax-m2.7-229b_tmpNone_maxt-1_reasoningNone,KitToolbox,kit.minimax-m2.7-229b,,-1,,"['(R874205:System- and Software-level Architecting Harmonization Practices for Systems-of-Systems : An exploratory case study on a long-running large-scale scientific instrument, contribution, R874234:First Research Object 2)', '(R874234:First Research Object 2, evaluation, R874241:Evaluation)', '(R874234:First Research Object 2, evaluation, R874235:Evaluation)', '(R874235:Evaluation, Evaluation method, R874236:Evaluation Method List)', '(R874236:Evaluation Method List, Entity, R874237:Evaluation Method Entity)', '(R874237:Evaluation Method Entity, Name, L1532186:Interview)', '(R873301:Empirical Insights into the Evolving Role of Architects in Decision-Making in an Agile Context, contribution, R873322:First Research Object 2)', '(R873322:First Research Object 2, evaluation, R873323:Evaluation)', '(R873323:Evaluation, Evaluation method, R873324:Evaluation Method List)', '(R873324:Evaluation Method List, Entity, R873325:Evaluation Method Entity)', '(R873325:Evaluation Method Entity, Name, L1530272:Interview)', '(R873486:State of the Practice in Application Programming Interfaces (APIs): A Case Study, contribution, R873511:First Research Object 2)', '(R873511:First Research Object 2, evaluation, R873512:Evaluation)', '(R873512:Evaluation, Evaluation method, R873513:Evaluation Method List)', '(R873513:Evaluation Method List, Entity, R873514:Evaluation Method Entity)', '(R873514:Evaluation Method Entity, Name, L1530665:Interview)', '(R868651:Architectural Assumptions and Their Management in Industry – An Exploratory Study, contribution, R868676:First Research Object 2)', '(R868676:First Research Object 2, evaluation, R868677:Evaluation)', '(R868677:Evaluation, Evaluation method, R868680:Evaluation Method List)', '(R868680:Evaluation Method List, Entity, R868681:Evaluation Method Entity)', '(R868681:Evaluation Method Entity, Name, L1520615:Interview)', '(R869143:PARAD Repository: On the Capitalization of the Performance Analysis Process for AADL Designs, publication year, L1521612:2017)', '(R870188:Microservice Architecture in Reality: An Industrial Inquiry, contribution, R870209:First Research Object 2)', '(R870209:First Research Object 2, evaluation, R870210:Evaluation)', '(R870210:Evaluation, Evaluation method, R870211:Evaluation Method List)', '(R870211:Evaluation Method List, Entity, R870212:Evaluation Method Entity)', '(R870212:Evaluation Method Entity, Name, L1523902:Interview)', '(R868212:Accurate Analysis of Quality Properties of Software with Observation-Based Markov Chain Refinement, publication year, L1519594:2017)', '(R873233:Aligning Architecture with Business Goals in the Automotive Domain, contribution, R873249:First Research Object 2)', '(R873249:First Research Object 2, evaluation, R873250:Evaluation)', '(R873250:Evaluation, Evaluation method, R873251:Evaluation Method List)', '(R873251:Evaluation Method List, Entity, R873252:Evaluation Method Entity)', '(R873252:Evaluation Method Entity, Name, L1530118:Interview)', '(R874241:Evaluation, Evaluation method, R874242:Evaluation Method List)', '(R874242:Evaluation Method List, Entity, R874243:Evaluation Method Entity)', '(R873301:Empirical Insights into the Evolving Role of Architects in Decision-Making in an Agile Context, publication year, L1530222:2018)', '(R868236:Evaluation Method Entity, Name, L1519645:Case Study)', '(R869165:Evaluation, Evaluation method, R869166:Evaluation Method List)', '(R869166:Evaluation Method List, Entity, R869167:Evaluation Method Entity)', '(R869167:Evaluation Method Entity, Name, L1521659:Motivating Example)']","In 2017, which papers applied interviews for evaluation?",The papers that applied the evaluation method Interview in the year 2017 are 'Architectural Assumptions and Their Management in Industry – An Exploratory Study' and 'Continuous Integration Impediments in Large-Scale Industry Projects'.,"['10.1007/978-3-319-65831-5_14', '10.1007/978-3-319-65831-5_14', '10.1109/ICSA.2017.11', '10.1109/ICSA.2017.11']",,"['(R868681:Evaluation Method Entity, Name, L1520615:Interview)', '(R868651:Architectural Assumptions and Their Management in Industry – An Exploratory Study, publication year, L1520562:2017)', '(R868593:Evaluation Method Entity, Name, L1520429:Interview)', '(R868569:Continuous Integration Impediments in Large-Scale Industry Projects, publication year, L1520380:2017)']",clustering_strategy,R659055,Software Architecture and Design,6,Which papers used the evaluation method [Content Data: evaluation method name] in the year [Metadata: year]?
145,c75b3cf0921537bf3249b9a498522306,13fc2ea0-097a-4b2f-861a-758a7177065c,"

The only source that explicitly shows a paper published in 2018 using the **Controlled Experiment** evaluation method is the study **“Two Architectural Threat Analysis Techniques Compared”** [1].  

Other provided sources describe papers that employed the Controlled Experiment method but either do not give a publication year or report a year other than 2018 [2][3][4][5]. Consequently, based on the information given, **one paper** applied the Controlled Experiment evaluation method in the publication year 2018.

[1] Source: Two Architectural Threat Analysis Techniques Compared, 10.1007/978-3-030-00761-4_23
[2] Source: REST vs GraphQL: A Controlled Experiment, 10.1109/ICSA47634.2020.00016
[3] Source: Unlimited Rulebook: a Reference Architecture for Economy Mechanics in Digital Games, 10.1109/ICSA47634.2020.00014
[4] Source: DesignDiff: Continuously Modeling Software Design Difference from Code Revisions, 10.1109/ICSA47634.2020.00025
[5] Source: On the Understandability of Semantic Constraints for Behavioral Software Architecture Compliance: A Controlled Experiment, 10.1109/ICSA.2017.10
",['2018'],0.0,0.25,0.0,0.013,0.0,0.1,0.0,0.0,0.0,0.0,0.07,0.12,0.09,0.11,0.15,0.5,0.24,0.34,0.21,0.5,0.3,0.39,0.0,0.071,0.154,0.211,0.05,0.34,0.21,0.89,0.17,0.11,0.47,0.26,0.16,0.67,0.435,0.652,0.522,1.0,313.136919260025,0.0,46755,0,0.0,,0,0.0,,,0.0,0.0,,0.0,0.0,https://wandb.ai/kastel-sdq-meta-research/experiment_cross_encoder/r/call/01a05e81-d906-7d9a-b123-129e752cd23f,retrieval_config,False,KitToolbox,kit.qwen3-embedding-8b,10,10,True,cosine,True,False,10,-1,8,False,False,1,False,-1,-1,False,,['R659055'],['Paper'],False,True,False,kg_retrieval,hublink,kittoolbox_kit.minimax-m2.7-229b_tmpNone_maxt-1_reasoningNone,KitToolbox,kit.minimax-m2.7-229b,,-1,,kittoolbox_kit.minimax-m2.7-229b_tmpNone_maxt-1_reasoningNone,KitToolbox,kit.minimax-m2.7-229b,,-1,,orkg_merged_ecsa_icsa.json_jsonpublicationloader_limit-1,['paper_class'],['research_level'],['first_research_object'],['second_research_object'],['validity'],['evidence'],False,False,R659055,https://sandbox.orkg.org,-1,orkg,merged_ecsa_icsa.json_jsonpublicationloader_limit-1,merged_ecsa_icsa.json,JsonPublicationLoader,-1,,4000,2,generation_kittoolbox_kit.minimax-m2.7-229b_tmpNone_maxt-1_reasoningNone,generation,kittoolbox_kit.minimax-m2.7-229b_tmpNone_maxt-1_reasoningNone,KitToolbox,kit.minimax-m2.7-229b,,-1,,"['(R874299:On the Understandability of Semantic Constraints for Behavioral Software Architecture Compliance: A Controlled Experiment, contribution, R874320:First Research Object 2)', '(R874320:First Research Object 2, evaluation, R874321:Evaluation)', '(R874321:Evaluation, Evaluation method, R874322:Evaluation Method List)', '(R874322:Evaluation Method List, Entity, R874323:Evaluation Method Entity)', '(R874323:Evaluation Method Entity, Name, L1532368:Controlled Experiment)', '(R870911:Evaluation Method Entity, Name, L1525353:Controlled Experiment)', '(R869082:Evaluation Method Entity, Name, L1521476:Controlled Experiment)', '(R869374:First Research Object 2, evaluation, R869375:Evaluation)', '(R869375:Evaluation, Evaluation method, R869376:Evaluation Method List)', '(R869376:Evaluation Method List, Entity, R869377:Evaluation Method Entity)', '(R869377:Evaluation Method Entity, Name, L1522113:Controlled Experiment)', '(R869353:Two Architectural Threat Analysis Techniques Compared, publication year, L1522065:2018)', '(R869465:Evaluation Method Entity, Name, L1522302:Controlled Experiment)']",How many papers applied the evaluation method Controlled Experiment in the publication year 2018?,The number of papers that applied the evaluation method Controlled Experiment in the publication year 2018 is two.,"['10.1109/ICSA.2018.00028', '10.1109/ICSA.2018.00028', '10.1007/978-3-030-00761-4_23', '10.1007/978-3-030-00761-4_23']",,"['(R874422:Evaluation Method Entity, Name, L1532572:Controlled Experiment)', '(R874393:Improving the Search for Architecture Knowledge in Online Developer Communities, publication year, L1532515:2018)', '(R869377:Evaluation Method Entity, Name, L1522113:Controlled Experiment)', '(R869353:Two Architectural Threat Analysis Techniques Compared, publication year, L1522065:2018)']",clustering_strategy,R659055,Software Architecture and Design,6,How many papers applied the evaluation method with the name [Content Data: evaluation method name] in the publication year [Metadata: year]?
146,c75b3cf0921537bf3249b9a498522306,0f89c912-fced-46b6-89f5-f3a54145f683,"

Two papers were evaluated with grounded‑theory in 2020.  

- “Assessing Architecture Conformance to Coupling‑Related Patterns and Practices in Microservices” was evaluated using grounded theory in 2020 [1].  
- “Architectural Technical Debt: A Grounded Theory” (published in 2020) was also evaluated with grounded theory [3].  

The other sources mention additional papers that used grounded theory, but they either were published in years other than 2020 or do not specify a year, so they are not counted in the 2020 tally.

[1] Source: Assessing Architecture Conformance to Coupling-Related Patterns and Practices in Microservices, 10.1007/978-3-030-58923-3_1
[3] Source: Architectural Technical Debt: A Grounded Theory, 10.1007/978-3-030-58923-3_14
",['2020'],0.75,0.75,0.24,0.435,0.2,1.0,0.43,0.75,0.55,0.65,0.67,0.75,0.71,0.73,0.43,0.75,0.55,0.65,0.67,0.75,0.71,0.73,0.429,0.667,0.429,0.667,0.06,0.24,0.14,0.79,0.15,0.09,0.54,0.17,0.1,0.57,0.425,0.642,0.511,1.0,230.89299964904785,0.0028007999999999996,19641,0,0.0,,0,0.0,,,0.0,0.0,,0.0,0.0,https://wandb.ai/kastel-sdq-meta-research/experiment_cross_encoder/r/call/01a05e83-4a0b-7693-83d5-d38dd64636ce,retrieval_config,False,KitToolbox,kit.qwen3-embedding-8b,10,10,True,cosine,True,False,10,-1,8,False,False,1,False,-1,-1,False,,['R659055'],['Paper'],False,True,False,kg_retrieval,hublink,kittoolbox_kit.minimax-m2.7-229b_tmpNone_maxt-1_reasoningNone,KitToolbox,kit.minimax-m2.7-229b,,-1,,kittoolbox_kit.minimax-m2.7-229b_tmpNone_maxt-1_reasoningNone,KitToolbox,kit.minimax-m2.7-229b,,-1,,orkg_merged_ecsa_icsa.json_jsonpublicationloader_limit-1,['paper_class'],['research_level'],['first_research_object'],['second_research_object'],['validity'],['evidence'],False,False,R659055,https://sandbox.orkg.org,-1,orkg,merged_ecsa_icsa.json_jsonpublicationloader_limit-1,merged_ecsa_icsa.json,JsonPublicationLoader,-1,,4000,2,generation_kittoolbox_kit.minimax-m2.7-229b_tmpNone_maxt-1_reasoningNone,generation,kittoolbox_kit.minimax-m2.7-229b_tmpNone_maxt-1_reasoningNone,KitToolbox,kit.minimax-m2.7-229b,,-1,,"['(R869566:Assessing Architecture Conformance to Coupling-Related Patterns and Practices in Microservices, contribution, R869587:First Research Object 2)', '(R869587:First Research Object 2, evaluation, R869588:Evaluation)', '(R869588:Evaluation, Evaluation method, R869589:Evaluation Method List)', '(R869589:Evaluation Method List, Entity, R869590:Evaluation Method Entity)', '(R869590:Evaluation Method Entity, Name, L1522568:Grounded Theory)', '(R869566:Assessing Architecture Conformance to Coupling-Related Patterns and Practices in Microservices, publication year, L1522519:2020)', '(R872607:Architectural Technical Debt: A Grounded Theory, publication year, L1528844:2020)']",How many papers were evaluated with grounded theory in 2020?,The number of papers that were evaluated with grounded theory in 2020 is two.,"['10.1007/978-3-030-58923-3_14', '10.1007/978-3-030-58923-3_14', '10.1007/978-3-030-58923-3_1', '10.1007/978-3-030-58923-3_1']",,"['(R869590:Evaluation Method Entity, Name, L1522568:Grounded Theory)', '(R872607:Architectural Technical Debt: A Grounded Theory, publication year, L1528844:2020)', '(R872627:Evaluation Method Entity, Name, L1528876:Grounded Theory)', '(R869566:Assessing Architecture Conformance to Coupling-Related Patterns and Practices in Microservices, publication year, L1522519:2020)']",clustering_strategy,R659055,Software Architecture and Design,6,How many papers used [Content Data: evaluation method name] as a evaluation method in the year [Metadata: year]?
147,c75b3cf0921537bf3249b9a498522306,45980771-43fe-4c67-8e6a-36b7a3df9772,"

According to the source material, **two** papers investigated the research object **Architecture Extraction** in the publication year 2019:

1. **“Evaluating the Effectiveness of Multi‑level Greedy Modularity Clustering for Software Architecture Recovery”** – published in 2019【1】.  
2. **“Tool Support for the Migration to Microservice Architecture: An Industrial Case Study”** – also listed as a 2019 study that addresses Architecture Extraction【3】.

Other partial answers refer to additional papers that examined Architecture Extraction, but those works are dated either 2018, 2017, or do not specify a publication year, and therefore do not satisfy the 2019 criterion. 

**Sources:** 【1】, 【3】.

",['2019'],0.5,0.25,0.125,0.585,0.25,1.0,0.2,0.5,0.29,0.38,0.46,0.75,0.57,0.67,0.14,1.0,0.25,0.45,0.22,1.0,0.36,0.59,0.2,0.462,0.143,0.222,0.01,0.24,0.13,1.0,0.13,0.07,0.58,0.16,0.09,0.69,0.394,0.684,0.5,1.0,256.3662748336792,0.0,52935,0,0.0,,0,0.0,,,0.0,0.0,,0.0,0.0,https://wandb.ai/kastel-sdq-meta-research/experiment_cross_encoder/r/call/01a05e84-449f-7691-8634-7f188c291fd1,retrieval_config,False,KitToolbox,kit.qwen3-embedding-8b,10,10,True,cosine,True,False,10,-1,8,False,False,1,False,-1,-1,False,,['R659055'],['Paper'],False,True,False,kg_retrieval,hublink,kittoolbox_kit.minimax-m2.7-229b_tmpNone_maxt-1_reasoningNone,KitToolbox,kit.minimax-m2.7-229b,,-1,,kittoolbox_kit.minimax-m2.7-229b_tmpNone_maxt-1_reasoningNone,KitToolbox,kit.minimax-m2.7-229b,,-1,,orkg_merged_ecsa_icsa.json_jsonpublicationloader_limit-1,['paper_class'],['research_level'],['first_research_object'],['second_research_object'],['validity'],['evidence'],False,False,R659055,https://sandbox.orkg.org,-1,orkg,merged_ecsa_icsa.json_jsonpublicationloader_limit-1,merged_ecsa_icsa.json,JsonPublicationLoader,-1,,4000,2,generation_kittoolbox_kit.minimax-m2.7-229b_tmpNone_maxt-1_reasoningNone,generation,kittoolbox_kit.minimax-m2.7-229b_tmpNone_maxt-1_reasoningNone,KitToolbox,kit.minimax-m2.7-229b,,-1,,"['(R872428:Tool Support for the Migration to Microservice Architecture: An Industrial Case Study, contribution, R872457:First Research Object 2)', '(R872457:First Research Object 2, Object, R872463:Research Object List)', '(R872463:Research Object List, Entity, R872464:Research Object Entity)', '(R872464:Research Object Entity, Name, L1528569:Architecture Extraction)', '(R874518:Evaluating the Effectiveness of Multi-level Greedy Modularity Clustering for Software Architecture Recovery, contribution, R874543:First Research Object 2)', '(R874543:First Research Object 2, Object, R874553:Research Object List)', '(R874553:Research Object List, Entity, R874554:Research Object Entity)', '(R874554:Research Object Entity, Name, L1532843:Architecture Extraction)', '(R871264:Determination and Enforcement of Least-Privilege Architecture in Android, contribution, R871286:First Research Object 2)', '(R871286:First Research Object 2, Object, R871293:Research Object List)', '(R871293:Research Object List, Entity, R871294:Research Object Entity)', '(R871294:Research Object Entity, Name, L1526138:Architecture Extraction)', '(R869648:A Platform for the Automated Provisioning of Architecture Information for Large-Scale Service-Oriented Software Systems, contribution, R869671:First Research Object 2)', '(R869671:First Research Object 2, Object, R869679:Research Object List)', '(R869679:Research Object List, Entity, R869680:Research Object Entity)', '(R869680:Research Object Entity, Name, L1522761:Architecture Extraction)', '(R871674:Constructing a Shared Infrastructure for Software Architecture Analysis and Maintenance, contribution, R871711:Second Research Object 2)', '(R871711:Second Research Object 2, Object, R871713:Research Object List)', '(R871713:Research Object List, Entity, R871714:Research Object Entity)', '(R871714:Research Object Entity, Name, L1526984:Architecture Extraction)', '(R870521:From Monolithic Architecture Style to Microservice one Based on a Semi-Automatic Approach, contribution, R870542:First Research Object 2)', '(R870549:Research Object Entity, Name, L1524582:Architecture Extraction)', '(R874518:Evaluating the Effectiveness of Multi-level Greedy Modularity Clustering for Software Architecture Recovery, publication year, L1532779:2019)', '(R869648:A Platform for the Automated Provisioning of Architecture Information for Large-Scale Service-Oriented Software Systems, publication year, L1522702:2018)', '(R871264:Determination and Enforcement of Least-Privilege Architecture in Android, publication year, L1526084:2017)', '(R872428:Tool Support for the Migration to Microservice Architecture: An Industrial Case Study, publication year, L1528508:2019)', '(R871287:Evaluation, properties, R871290:Property)', '(R871287:Evaluation, Has Guideline, L1526134:False)']",How many papers investigated the research object Architecture Extraction in the publication year 2019?,Two papers investigate Architecture Extraction as a research object in the year 2019.,"['10.1007/978-3-030-29983-5_17', '10.1007/978-3-030-29983-5_17', '10.1007/978-3-030-29983-5_5', '10.1007/978-3-030-29983-5_5']",,"['(R872464:Research Object Entity, Name, L1528569:Architecture Extraction)', '(R872428:Tool Support for the Migration to Microservice Architecture: An Industrial Case Study, publication year, L1528508:2019)', '(R874554:Research Object Entity, Name, L1532843:Architecture Extraction)', '(R874518:Evaluating the Effectiveness of Multi-level Greedy Modularity Clustering for Software Architecture Recovery, publication year, L1532779:2019)']",clustering_strategy,R659055,Software Architecture and Design,5,How many papers used [Content Data: research object name] as a research object in the year [Metadata: year]?
148,c75b3cf0921537bf3249b9a498522306,019f3671-5dd5-4d43-9a4d-a753cc79649d,"

The partial answers give conflicting signals about papers that investigate **architecture evolution in 2020**:

* **Positive evidence** – Two sources state that a 2020 paper does investigate architecture evolution:
  * [1] points to **“Architectural Concerns for Digital Twin of the Organization”** (2020) and notes that its research‑object list includes the term “Architecture Evolution.”  
  * [3] cites **“Incremental Calibration of Architectural Performance Models with Parametric Dependencies”** (2020) as a contribution to the “Architecture Evolution” Research‑Object Entity.

* **Negative or inconclusive evidence** – Several other sources either assert that no architecture‑evolution paper dated 2020 is mentioned or do not confirm a 2020‑year connection for any architecture‑evolution work:
  * [2] reports only a 2019 paper on architecture evolution and explicitly states that no 2020 paper on this topic is identified.  
  * [4]–[9] list other papers (e.g., “EASIER,” “Migrating Towards Microservice Architectures,” “Continuous API Evolution…”, “An Empirical Study of Architectural Decay…”, “Formal Software Architectural Migration…”, “On Interfaces to Support Agile Architecting…”) that are either not dated 2020 or do not explicitly investigate architecture evolution.

Because some sources claim there is **one or two** such papers in 2020, while the majority of the remaining sources either deny their existence or provide no confirmation, the information is contradictory. Consequently, **the exact number of papers investigating architecture evolution in 2020 cannot be determined unambiguously from the provided partial answers**.

[1] Source: Architectural Concerns for Digital Twin of the Organization, 10.1007/978-3-030-58923-3_18
[2] Source: Improving the Consistency and Usefulness of Architecture Descriptions: Guidelines for Architects, 10.1109/ICSA.2019.00024
[3] Source: Incremental Calibration of Architectural Performance Models with Parametric Dependencies, 10.1109/ICSA47634.2020.00011
[4] Source: EASIER: An Evolutionary Approach for Multi-objective Software ArchItecturE Refactoring, 10.1109/ICSA.2018.00020
[9] Source: On Interfaces to Support Agile Architecting in Automotive: An Exploratory Case Study, 10.1109/ICSA.2019.00025
",['2020'],0.5,0.0,0.056,0.028,0.111,0.111,0.1,0.5,0.17,0.28,0.14,0.5,0.22,0.33,0.1,1.0,0.17,0.34,0.15,1.0,0.27,0.48,0.1,0.143,0.095,0.154,0.01,0.06,0.03,1.0,0.04,0.02,0.83,0.06,0.03,1.0,0.283,0.583,0.381,0.0,228.5796401500702,0.0,16532,0,0.0,,0,0.0,,,0.0,0.0,,0.0,0.0,https://wandb.ai/kastel-sdq-meta-research/experiment_cross_encoder/r/call/01a05e85-ca54-7918-b748-fe974581faff,retrieval_config,False,KitToolbox,kit.qwen3-embedding-8b,10,10,True,cosine,True,False,10,-1,8,False,False,1,False,-1,-1,False,,['R659055'],['Paper'],False,True,False,kg_retrieval,hublink,kittoolbox_kit.minimax-m2.7-229b_tmpNone_maxt-1_reasoningNone,KitToolbox,kit.minimax-m2.7-229b,,-1,,kittoolbox_kit.minimax-m2.7-229b_tmpNone_maxt-1_reasoningNone,KitToolbox,kit.minimax-m2.7-229b,,-1,,orkg_merged_ecsa_icsa.json_jsonpublicationloader_limit-1,['paper_class'],['research_level'],['first_research_object'],['second_research_object'],['validity'],['evidence'],False,False,R659055,https://sandbox.orkg.org,-1,orkg,merged_ecsa_icsa.json_jsonpublicationloader_limit-1,merged_ecsa_icsa.json,JsonPublicationLoader,-1,,4000,2,generation_kittoolbox_kit.minimax-m2.7-229b_tmpNone_maxt-1_reasoningNone,generation,kittoolbox_kit.minimax-m2.7-229b_tmpNone_maxt-1_reasoningNone,KitToolbox,kit.minimax-m2.7-229b,,-1,,"['(R873599:Improving the Consistency and Usefulness of Architecture Descriptions: Guidelines for Architects, contribution, R873627:First Research Object 2)', '(R873627:First Research Object 2, Object, R873636:Research Object List)', '(R873636:Research Object List, Entity, R873637:Research Object Entity)', '(R873637:Research Object Entity, Name, L1530905:Architecture Evolution)', '(R868823:On Interfaces to Support Agile Architecting in Automotive: An Exploratory Case Study, contribution, R868844:First Research Object 2)', '(R868844:First Research Object 2, Object, R868850:Research Object List)', '(R868850:Research Object List, Entity, R868851:Research Object Entity)', '(R868851:Research Object Entity, Name, L1520985:Architecture Evolution)', '(R869730:Architectural Concerns for Digital Twin of the Organization, publication year, L1522884:2020)', '(R870059:Incremental Calibration of Architectural Performance Models with Parametric Dependencies, contribution, R2156282:First Research Object 2)', '(R2156282:First Research Object 2, Object, R2156285:Research Object List)', '(R2156285:Research Object List, Entity, R2156290:Research Object Entity)', '(R2156290:Research Object Entity, Name, L2809656:Architecture Evolution)', '(R869762:Research Object Entity, Name, L1522941:Architecture Evolution)', '(R870059:Incremental Calibration of Architectural Performance Models with Parametric Dependencies, publication year, L1523564:2020)', '(R870059:Incremental Calibration of Architectural Performance Models with Parametric Dependencies, contribution, R870082:First Research Object 2)', '(R870082:First Research Object 2, Object, R870090:Research Object List)', '(R870090:Research Object List, Entity, R870091:Research Object Entity)', '(R870091:Research Object Entity, Name, L1523621:Architecture Evolution)', '(R868823:On Interfaces to Support Agile Architecting in Automotive: An Exploratory Case Study, publication year, L1520929:2019)', '(R873599:Improving the Consistency and Usefulness of Architecture Descriptions: Guidelines for Architects, publication year, L1530833:2019)']",How many papers investigate architecture evolution in 2020?,Two papers investigate architecture evolution in 2020.,"['10.1007/978-3-030-58923-3_18', '10.1007/978-3-030-58923-3_18']",,"['(R869762:Research Object Entity, Name, L1522941:Architecture Evolution)', '(R869730:Architectural Concerns for Digital Twin of the Organization, publication year, L1522884:2020)']",clustering_strategy,R659055,Software Architecture and Design,5,How many papers used [Content Data: research object name] as a research object in the year [Metadata: year]?
149,c75b3cf0921537bf3249b9a498522306,18b9f0d0-ddcf-4b4d-8193-0452d1de1368,"

**Papers that have Ingo Weber as an author **and** use the evaluation method “Argumentation”**

| Paper (author Ingo Weber) | Evaluation method “Argumentation” present? |
|----------------------------|--------------------------------------------|
| **A Taxonomy of Blockchain‑Based Systems for Architecture Design** | Yes – the evaluation‑method list includes “Argumentation”【1】 |
| **A Platform Architecture for Multi‑Tenant Blockchain‑Based Systems** | Yes – the evaluation of the second research object is identified with the evaluation‑method entity “Argumentation”【3】 |

All other partial answers either associate Ingo Weber with papers that employ a different evaluation method (e.g., Interview, Case Study) or do not list Ingo Weber as an author for a paper that uses Argumentation【2】【4】【5】【6】.

**Ranking by publication year**

The supplied texts do not provide a publication‑year for either of the two qualifying papers. Consequently, a descending‑order ranking by year cannot be produced.

",['Ingo Weber'],0.167,0.25,0.083,0.109,0.5,0.5,0.1,0.17,0.12,0.15,0.29,0.33,0.31,0.32,0.17,0.67,0.28,0.43,0.3,0.75,0.43,0.58,0.1,0.286,0.174,0.3,0.09,0.45,0.3,0.87,0.33,0.22,0.65,0.3,0.2,0.57,0.46,0.642,0.536,0.0,478.83438062667847,0.0,49661,0,0.0,,0,0.0,,,0.0,0.0,,0.0,0.0,https://wandb.ai/kastel-sdq-meta-research/experiment_cross_encoder/r/call/01a05e86-e506-70f7-9d66-6bfa9bc1b294,retrieval_config,False,KitToolbox,kit.qwen3-embedding-8b,10,10,True,cosine,True,False,10,-1,8,False,False,1,False,-1,-1,False,,['R659055'],['Paper'],False,True,False,kg_retrieval,hublink,kittoolbox_kit.minimax-m2.7-229b_tmpNone_maxt-1_reasoningNone,KitToolbox,kit.minimax-m2.7-229b,,-1,,kittoolbox_kit.minimax-m2.7-229b_tmpNone_maxt-1_reasoningNone,KitToolbox,kit.minimax-m2.7-229b,,-1,,orkg_merged_ecsa_icsa.json_jsonpublicationloader_limit-1,['paper_class'],['research_level'],['first_research_object'],['second_research_object'],['validity'],['evidence'],False,False,R659055,https://sandbox.orkg.org,-1,orkg,merged_ecsa_icsa.json_jsonpublicationloader_limit-1,merged_ecsa_icsa.json,JsonPublicationLoader,-1,,4000,2,generation_kittoolbox_kit.minimax-m2.7-229b_tmpNone_maxt-1_reasoningNone,generation,kittoolbox_kit.minimax-m2.7-229b_tmpNone_maxt-1_reasoningNone,KitToolbox,kit.minimax-m2.7-229b,,-1,,"['(R869313:authors list, has list element, L1521976:Ingo Weber)', '(R871760:Evaluation Method Entity, Name, L1527086:Argumentation)', '(R871367:First Research Object 2, evaluation, R871373:Evaluation)', '(R871373:Evaluation, Evaluation method, R871374:Evaluation Method List)', '(R871374:Evaluation Method List, Entity, R871375:Evaluation Method Entity)', '(R871375:Evaluation Method Entity, Name, L1526299:Argumentation)', '(R873701:A Taxonomy of Blockchain-Based Systems for Architecture Design, contribution, R873717:First Research Object 2)', '(R873717:First Research Object 2, evaluation, R873718:Evaluation)', '(R873718:Evaluation, Evaluation method, R873719:Evaluation Method List)', '(R873719:Evaluation Method List, Entity, R873720:Evaluation Method Entity)', '(R873720:Evaluation Method Entity, Name, L1531089:Argumentation)', '(R871346:Assessing Adaptability of Software Architectures for Cyber Physical Production Systems, authors, R871347:authors list)', '(R871347:authors list, has list element, L1526259:Alexander Egyed)', '(R873380:authors list, has list element, L1530390:Ingo Weber)', '(R871727:authors list, has list element, L1527018:Ingo Weber)', '(R873701:A Taxonomy of Blockchain-Based Systems for Architecture Design, authors, R873702:authors list)', '(R873702:authors list, has list element, L1531053:Ingo Weber)', '(R871367:First Research Object 2, evaluation, R871368:Evaluation)', '(R871368:Evaluation, Evaluation method, R871369:Evaluation Method List)', '(R871369:Evaluation Method List, Entity, R871370:Evaluation Method Entity)', '(R871347:authors list, has list element, L1526255:Christoph Mayr-Dorn)', '(R871347:authors list, has list element, L1526254:Michael Mayrhofer)', '(R871347:authors list, has list element, L1526258:Georg Weichhart)']",Which papers have Ingo Weber as an author and apply the evaluation method Argumentation? Rank the papers in descending order of their publication year.,"The papers that have Ingo Weber as an author and that apply the evaluation method Argumentation, ranked in descending order of their publication year, are: 1. A Platform Architecture for Multi-Tenant Blockchain-Based Systems (2019), 2. A Taxonomy of Blockchain-Based Systems for Architecture Design (2017).","['10.1109/ICSA.2019.00019', '10.1109/ICSA.2019.00019', '10.1109/ICSA.2019.00019', '10.1109/ICSA.2017.33', '10.1109/ICSA.2017.33', '10.1109/ICSA.2017.33']",,"['(R871727:authors list, has list element, L1527018:Ingo Weber)', '(R871760:Evaluation Method Entity, Name, L1527086:Argumentation)', '(R871726:A Platform Architecture for Multi-Tenant Blockchain-Based Systems, publication year, L1527024:2019)', '(R873702:authors list, has list element, L1531053:Ingo Weber)', '(R873720:Evaluation Method Entity, Name, L1531089:Argumentation)', '(R873701:A Taxonomy of Blockchain-Based Systems for Architecture Design, publication year, L1531060:2017)']",clustering_strategy,R659055,Software Architecture and Design,6,Which papers have [Metadata: author name] as an author and apply the evaluation method with the name [Content Data: evaluation method name]? Rank them in descending order of their publication year.
150,c75b3cf0921537bf3249b9a498522306,e75424e6-51f2-4794-9a7f-1175bda62e3a,"

The publications authored by **Patrizia Scandurra** that are explicitly reported to use a *motivating example* for evaluation are:

| Year (descending) | Publication title |
|-------------------|-------------------|
| **2019** | *Assessing Adaptability of Software Architectures for Cyber Physical Production Systems* – reported as using a motivating example for evaluation【2】 |
| **2018** | *A DSL for MAPE Patterns Representation in Self‑adapting Systems* – reported as using a motivating example for evaluation【1】 |

Thus, when ranked by publication year (newest first), the list is:

1. *Assessing Adaptability of Software Architectures for Cyber Physical Production Systems* (2019)  
2. *A DSL for MAPE Patterns Representation in Self‑adapting Systems* (2018)  

No other works by Patrizia Scandurra were identified in the supplied texts that both bear her authorship and employ a motivating‑example evaluation.

",['Patrizia Scandurra'],0.0,0.083,0.0,0.0,0.0,0.0,0.0,0.0,0.0,0.0,0.0,0.0,0.0,0.0,0.08,0.5,0.14,0.25,0.13,0.5,0.21,0.32,0.0,0.0,0.081,0.13,0.09,0.44,0.3,0.82,0.26,0.18,0.49,0.37,0.25,0.68,0.463,0.6,0.523,1.0,360.95660638809204,0.0,85952,0,0.0,,0,0.0,,,0.0,0.0,,0.0,0.0,https://wandb.ai/kastel-sdq-meta-research/experiment_cross_encoder/r/call/01a05e87-46a3-781a-8d9f-e6e8ad7f51c0,retrieval_config,False,KitToolbox,kit.qwen3-embedding-8b,10,10,True,cosine,True,False,10,-1,8,False,False,1,False,-1,-1,False,,['R659055'],['Paper'],False,True,False,kg_retrieval,hublink,kittoolbox_kit.minimax-m2.7-229b_tmpNone_maxt-1_reasoningNone,KitToolbox,kit.minimax-m2.7-229b,,-1,,kittoolbox_kit.minimax-m2.7-229b_tmpNone_maxt-1_reasoningNone,KitToolbox,kit.minimax-m2.7-229b,,-1,,orkg_merged_ecsa_icsa.json_jsonpublicationloader_limit-1,['paper_class'],['research_level'],['first_research_object'],['second_research_object'],['validity'],['evidence'],False,False,R659055,https://sandbox.orkg.org,-1,orkg,merged_ecsa_icsa.json_jsonpublicationloader_limit-1,merged_ecsa_icsa.json,JsonPublicationLoader,-1,,4000,2,generation_kittoolbox_kit.minimax-m2.7-229b_tmpNone_maxt-1_reasoningNone,generation,kittoolbox_kit.minimax-m2.7-229b_tmpNone_maxt-1_reasoningNone,KitToolbox,kit.minimax-m2.7-229b,,-1,,"['(R872527:Towards a Reference Architecture for Cloud-Based Plant Genotyping and Phenotyping Analysis Frameworks, contribution, R872580:Second Research Object 2)', '(R872580:Second Research Object 2, evaluation, R872581:Evaluation)', '(R872581:Evaluation, Evaluation method, R872582:Evaluation Method List)', '(R872582:Evaluation Method List, Entity, R872583:Evaluation Method Entity)', '(R872583:Evaluation Method Entity, Name, L1528786:Motivating Example)', '(R869143:PARAD Repository: On the Capitalization of the Performance Analysis Process for AADL Designs, contribution, R869164:First Research Object 2)', '(R869164:First Research Object 2, evaluation, R869165:Evaluation)', '(R869165:Evaluation, Evaluation method, R869166:Evaluation Method List)', '(R869166:Evaluation Method List, Entity, R869167:Evaluation Method Entity)', '(R869167:Evaluation Method Entity, Name, L1521659:Motivating Example)', '(R872636:Data-Centric Communication and Containerization for Future Automotive Software Architectures, contribution, R872682:Second Research Object 2)', '(R872682:Second Research Object 2, evaluation, R872683:Evaluation)', '(R872683:Evaluation, Evaluation method, R872684:Evaluation Method List)', '(R872685:Evaluation Method Entity, Name, L1528973:Motivating Example)', '(R871346:Assessing Adaptability of Software Architectures for Cyber Physical Production Systems, contribution, R871367:First Research Object 2)', '(R871367:First Research Object 2, evaluation, R871368:Evaluation)', '(R871368:Evaluation, Evaluation method, R871369:Evaluation Method List)', '(R871369:Evaluation Method List, Entity, R871370:Evaluation Method Entity)', '(R871370:Evaluation Method Entity, Name, L1526295:Motivating Example)', '(R871785:Microservice Ambients: An Architectural Meta-Modelling Approach for Microservice Granularity, contribution, R871802:First Research Object 2)', '(R871802:First Research Object 2, evaluation, R871803:Evaluation)', '(R871803:Evaluation, Evaluation method, R871804:Evaluation Method List)', '(R871804:Evaluation Method List, Entity, R871805:Evaluation Method Entity)', '(R871805:Evaluation Method Entity, Name, L1527166:Motivating Example)', '(R871034:A DSL for MAPE Patterns Representation in Self-adapting Systems, contribution, R871050:First Research Object 2)', '(R871050:First Research Object 2, evaluation, R871051:Evaluation)', '(R871034:A DSL for MAPE Patterns Representation in Self-adapting Systems, authors, R871035:authors list)', '(R871035:authors list, has list element, L1525605:Patrizia Scandurra)', '(R2156146:Evaluation Method Entity, Name, L2809495:Motivating Example)', '(R871051:Evaluation, Evaluation method, R871052:Evaluation Method List)', '(R871052:Evaluation Method List, Entity, R871053:Evaluation Method Entity)', '(R871053:Evaluation Method Entity, Name, L1525635:Motivating Example)', '(R870294:Evaluation Method Entity, Name, L1524082:Motivating Example)', '(R871034:A DSL for MAPE Patterns Representation in Self-adapting Systems, publication year, L1525606:2018)', '(R871346:Assessing Adaptability of Software Architectures for Cyber Physical Production Systems, publication year, L1526260:2019)', '(R869143:PARAD Repository: On the Capitalization of the Performance Analysis Process for AADL Designs, publication year, L1521612:2017)', '(R871785:Microservice Ambients: An Architectural Meta-Modelling Approach for Microservice Granularity, publication year, L1527135:2017)']",What are the publications by Patrizia Scandurra that use a motivating example for evaluation? Rank them in descending order of their publication year.,"The publications by Patrizia Scandurra that use a motivating example for evaluation, ranked in descending order of their publication year, are: 1. A Runtime Safety Enforcement Approach by Monitoring and Adaptation (2021), 2. A DSL for MAPE Patterns Representation in Self-adapting Systems (2018).","['10.1007/978-3-030-86044-8_2', '10.1007/978-3-030-86044-8_2', '10.1007/978-3-030-86044-8_2', '10.1007/978-3-030-00761-4_1', '10.1007/978-3-030-00761-4_1', '10.1007/978-3-030-00761-4_1']",,"['(R874566:authors list, has list element, L1532877:Patrizia Scandurra)', '(R874589:Evaluation Method Entity, Name, L1532925:Motivating Example)', '(R874565:A Runtime Safety Enforcement Approach by Monitoring and Adaptation, publication year, L1532878:2021)', '(R871035:authors list, has list element, L1525605:Patrizia Scandurra)', '(R871053:Evaluation Method Entity, Name, L1525635:Motivating Example)', '(R871034:A DSL for MAPE Patterns Representation in Self-adapting Systems, publication year, L1525606:2018)']",clustering_strategy,R659055,Software Architecture and Design,6,"Which publications, ranked in descending order of their publication year, have [Metadata: author name] as an author have and have evaluation method [evaluation_method_name]?"
151,c75b3cf0921537bf3249b9a498522306,f6bd29ea-8729-46f7-b292-0b2d303ea582,"

**Papers that satisfy both conditions (personal‑experience‑paper class + Technical‑Experiment evaluation method)**  

| Rank (descending year) | Paper title | Publication year | Paper class | Evaluation method | Source |
|------------------------|-------------|------------------|-------------|-------------------|--------|
| 1 | *Architectural Patterns for Cross‑Domain Personalised Automotive Functions* | 2020 | Personal‑experience paper | Technical Experiment | [9] |
| 2 | *Reducing Development Overheads with a Generic and Model‑Centric Architecture for Online Games* | 2018 | Personal‑experience paper | Technical Experiment | [1] |

**Explanation**  
- The two papers above are explicitly identified as belonging to the *personal‑experience‑paper* class and as having used the *Technical Experiment* evaluation method.  
- No other papers described in the supplied texts meet **both** criteria; the remaining sources list papers that either are classified as *Paper Class 2* (i.e., not personal‑experience papers) or do not use the Technical‑Experiment method.  

Thus, the only papers that satisfy the required combination of class and evaluation method, ranked by publication year (newest first), are the two listed above.

[1] Source: Reducing Development Overheads with a Generic and Model-Centric Architecture for Online Games, 10.1109/ICSA.2018.00011
[9] Source: Architectural Patterns for Cross-Domain Personalised Automotive Functions, 10.1109/ICSA47634.2020.00026
",[],0.0,0.0,0.0,0.0,0.0,0.0,0.0,0.0,0.0,0.0,0.0,0.0,0.0,0.0,0.0,0.0,0.0,0.0,0.0,0.0,0.0,0.0,0.0,0.0,0.0,0.0,0.01,0.34,0.23,0.65,0.09,0.06,0.17,0.2,0.13,0.37,0.455,0.657,0.538,1.0,669.2293064594269,0.0,75743,0,0.0,,0,0.0,,,0.0,0.0,,0.0,0.0,https://wandb.ai/kastel-sdq-meta-research/experiment_cross_encoder/r/call/01a05e87-83f7-7c1a-ad7d-baba7b0b1758,retrieval_config,False,KitToolbox,kit.qwen3-embedding-8b,10,10,True,cosine,True,False,10,-1,8,False,False,1,False,-1,-1,False,,['R659055'],['Paper'],False,True,False,kg_retrieval,hublink,kittoolbox_kit.minimax-m2.7-229b_tmpNone_maxt-1_reasoningNone,KitToolbox,kit.minimax-m2.7-229b,,-1,,kittoolbox_kit.minimax-m2.7-229b_tmpNone_maxt-1_reasoningNone,KitToolbox,kit.minimax-m2.7-229b,,-1,,orkg_merged_ecsa_icsa.json_jsonpublicationloader_limit-1,['paper_class'],['research_level'],['first_research_object'],['second_research_object'],['validity'],['evidence'],False,False,R659055,https://sandbox.orkg.org,-1,orkg,merged_ecsa_icsa.json_jsonpublicationloader_limit-1,merged_ecsa_icsa.json,JsonPublicationLoader,-1,,4000,2,generation_kittoolbox_kit.minimax-m2.7-229b_tmpNone_maxt-1_reasoningNone,generation,kittoolbox_kit.minimax-m2.7-229b_tmpNone_maxt-1_reasoningNone,KitToolbox,kit.minimax-m2.7-229b,,-1,,"['(R873993:Reducing Development Overheads with a Generic and Model-Centric Architecture for Online Games, publication year, L1531662:2018)', '(R870792:Architectural Patterns for Cross-Domain Personalised Automotive Functions, publication year, L1525115:2020)', '(R873993:Reducing Development Overheads with a Generic and Model-Centric Architecture for Online Games, contribution, R874015:Paper Class 2)', '(R874015:Paper Class 2, personal experience paper, L1531709:False)', '(R870792:Architectural Patterns for Cross-Domain Personalised Automotive Functions, contribution, R870816:Paper Class 2)', '(R870816:Paper Class 2, personal experience paper, L1525162:False)', '(R870792:Architectural Patterns for Cross-Domain Personalised Automotive Functions, contribution, R870818:First Research Object 2)', '(R870818:First Research Object 2, evaluation, R870824:Evaluation)', '(R870824:Evaluation, Evaluation method, R870825:Evaluation Method List)', '(R870825:Evaluation Method List, Entity, R870826:Evaluation Method Entity)', '(R870826:Evaluation Method Entity, Name, L1525173:Technical Experiment)', '(R873993:Reducing Development Overheads with a Generic and Model-Centric Architecture for Online Games, contribution, R874017:First Research Object 2)', '(R874017:First Research Object 2, evaluation, R874018:Evaluation)', '(R874018:Evaluation, Evaluation method, R874019:Evaluation Method List)', '(R874019:Evaluation Method List, Entity, R874020:Evaluation Method Entity)', '(R874020:Evaluation Method Entity, Name, L1531716:Technical Experiment)']",Which papers have personal experience paper as their paper class and applied the evaluation method Technical Experiment? Rank the papers in descending order of their publication year.,"The papers that have personal experience paper as their paper class and applied the evaluation method Technical Experiment, ranked in descending order of their publication year, are: 1. Data-Centric Communication and Containerization for Future Automotive Software Architectures (2018), 2. Towards a Reference Architecture for Cloud-Based Plant Genotyping and Phenotyping Analysis Frameworks (2017).","['10.1109/ICSA.2018.00016', '10.1109/ICSA.2018.00016', '10.1109/ICSA.2018.00016', '10.1109/ICSA.2017.42', '10.1109/ICSA.2017.42', '10.1109/ICSA.2017.42']",,"['(R872668:Paper Class 2, personal experience paper, L1528957:True)', '(R872673:Evaluation Method Entity, Name, L1528964:Technical Experiment)', '(R872636:Data-Centric Communication and Containerization for Future Automotive Software Architectures, publication year, L1528895:2018)', '(R872566:Paper Class 2, personal experience paper, L1528770:True)', '(R872571:Evaluation Method Entity, Name, L1528777:Technical Experiment)', '(R872527:Towards a Reference Architecture for Cloud-Based Plant Genotyping and Phenotyping Analysis Frameworks, publication year, L1528701:2017)']",clustering_strategy,R659055,Software Architecture and Design,6,"Which publications, ranked in descending order of their publication year, have [Metadata: paper class name] as their paper class and include the evaluation method [Content Data: evaluation method name]?"
152,c75b3cf0921537bf3249b9a498522306,b0d856cf-7352-47ed-ad29-f0afdedad32e,"

The only publication that satisfies **both** of the requested criteria is:

- **Guiding Architectural Decision Making on Service Mesh Based Microservice Architectures** – classified as evaluation research (i.e., validation research) and evaluated using **Grounded Theory** [1].

No additional publications in the provided texts are explicitly classified as validation research and also evaluated with Grounded Theory. Because publication dates are not supplied, the set cannot be ordered chronologically from newest to oldest beyond this single entry.

[1] Source: Guiding Architectural Decision Making on Service Mesh Based Microservice Architectures, 10.1007/978-3-030-29983-5_1
",[],0.0,0.0,0.0,0.0,0.0,0.0,0.0,0.0,0.0,0.0,0.0,0.0,0.0,0.0,0.0,0.0,0.0,0.0,0.0,0.0,0.0,0.0,0.0,0.0,0.0,0.0,0.08,0.44,0.32,0.69,0.26,0.19,0.41,0.31,0.23,0.49,0.53,0.632,0.577,1.0,483.86897468566895,0.0,43388,0,0.0,,0,0.0,,,0.0,0.0,,0.0,0.0,https://wandb.ai/kastel-sdq-meta-research/experiment_cross_encoder/r/call/01a05e88-67d9-7673-bd27-c7370066ec5b,retrieval_config,False,KitToolbox,kit.qwen3-embedding-8b,10,10,True,cosine,True,False,10,-1,8,False,False,1,False,-1,-1,False,,['R659055'],['Paper'],False,True,False,kg_retrieval,hublink,kittoolbox_kit.minimax-m2.7-229b_tmpNone_maxt-1_reasoningNone,KitToolbox,kit.minimax-m2.7-229b,,-1,,kittoolbox_kit.minimax-m2.7-229b_tmpNone_maxt-1_reasoningNone,KitToolbox,kit.minimax-m2.7-229b,,-1,,orkg_merged_ecsa_icsa.json_jsonpublicationloader_limit-1,['paper_class'],['research_level'],['first_research_object'],['second_research_object'],['validity'],['evidence'],False,False,R659055,https://sandbox.orkg.org,-1,orkg,merged_ecsa_icsa.json_jsonpublicationloader_limit-1,merged_ecsa_icsa.json,JsonPublicationLoader,-1,,4000,2,generation_kittoolbox_kit.minimax-m2.7-229b_tmpNone_maxt-1_reasoningNone,generation,kittoolbox_kit.minimax-m2.7-229b_tmpNone_maxt-1_reasoningNone,KitToolbox,kit.minimax-m2.7-229b,,-1,,"['(R873340:Guiding Architectural Decision Making on Service Mesh Based Microservice Architectures, contribution, R873361:First Research Object 2)', '(R873361:First Research Object 2, evaluation, R873362:Evaluation)', '(R873362:Evaluation, Evaluation method, R873363:Evaluation Method List)', '(R873364:Evaluation Method Entity, Name, L1530356:Grounded Theory)', '(R873340:Guiding Architectural Decision Making on Service Mesh Based Microservice Architectures, contribution, R873359:Paper Class 2)', '(R873359:Paper Class 2, evaluation research, L1530353:True)']","Which publications, sorted from newest to oldest, are classified as validation research and evaluated with grounded theory?","The publications that are classified as validation research and evaluated with grounded theory, sorted from newest to oldest, are: 1. Architectural Technical Debt: A Grounded Theory (2020), 2. On Service-Orientation for Automotive Software (2017).","['10.1007/978-3-030-58923-3_14', '10.1007/978-3-030-58923-3_14', '10.1007/978-3-030-58923-3_14', '10.1109/ICSA.2017.20', '10.1109/ICSA.2017.20', '10.1109/ICSA.2017.20']",,"['(R872622:Paper Class 2, validation research, L1528868:True)', '(R869035:Evaluation Method Entity, Name, L1521380:Grounded Theory)', '(R872607:Architectural Technical Debt: A Grounded Theory, publication year, L1528844:2020)', '(R869030:Paper Class 2, validation research, L1521372:True)', '(R872627:Evaluation Method Entity, Name, L1528876:Grounded Theory)', '(R869010:On Service-Orientation for Automotive Software, publication year, L1521329:2017)']",clustering_strategy,R659055,Software Architecture and Design,6,"Which publications, ranked in descending order of their publication year, have [Metadata: paper class name] as their paper class and include the evaluation method [Content Data: evaluation method name]?"
153,c75b3cf0921537bf3249b9a498522306,887fd851-2249-44df-b32e-904befa42b80,"

According to the provided sources, there is at least **one** paper that investigates the research object Architecture Evolution in 2020 (see [2] and [5]) and at least **one** such paper in 2021 (see [3] and [4]).  

Sources [1], [6] and [7] do not give any information about papers for the years 2020 or 2021, so they do not affect the count.  

Consequently, the available data indicate **one** paper in 2020 and **one** paper in 2021, but the exact numbers cannot be determined beyond these references.

[1] Source: Improving the Consistency and Usefulness of Architecture Descriptions: Guidelines for Architects, 10.1109/ICSA.2019.00024
[2] Source: Architectural Concerns for Digital Twin of the Organization, 10.1007/978-3-030-58923-3_18
[3] Source: Continuous API Evolution in Heterogenous Enterprise Software Systems, 10.1109/ICSA51549.2021.00014
[4] Source: Enabling Consistency between Software Artefacts for Software Adaption and Evolution, 10.1109/ICSA51549.2021.00009
[5] Source: Incremental Calibration of Architectural Performance Models with Parametric Dependencies, 10.1109/ICSA47634.2020.00011
[6] Source: On Interfaces to Support Agile Architecting in Automotive: An Exploratory Case Study, 10.1109/ICSA.2019.00025
[7] Source: An Empirical Study of Architectural Decay in Open-Source Software, 10.1109/ICSA.2018.00027
","['2020', '2021']",0.25,0.188,0.153,0.215,1.0,1.0,0.2,0.25,0.22,0.24,0.31,0.25,0.28,0.26,0.27,0.88,0.41,0.6,0.41,0.88,0.56,0.71,0.2,0.308,0.269,0.412,0.04,0.32,0.21,0.64,0.13,0.08,0.26,0.27,0.18,0.54,0.438,0.647,0.522,0.0,534.1240620613098,0.0,2726,0,0.0,,0,0.0,,,0.0,0.0,,0.0,0.0,https://wandb.ai/kastel-sdq-meta-research/experiment_cross_encoder/r/call/01a05e89-a589-714e-aa96-a905238d8774,retrieval_config,False,KitToolbox,kit.qwen3-embedding-8b,10,10,True,cosine,True,False,10,-1,8,False,False,1,False,-1,-1,False,,['R659055'],['Paper'],False,True,False,kg_retrieval,hublink,kittoolbox_kit.minimax-m2.7-229b_tmpNone_maxt-1_reasoningNone,KitToolbox,kit.minimax-m2.7-229b,,-1,,kittoolbox_kit.minimax-m2.7-229b_tmpNone_maxt-1_reasoningNone,KitToolbox,kit.minimax-m2.7-229b,,-1,,orkg_merged_ecsa_icsa.json_jsonpublicationloader_limit-1,['paper_class'],['research_level'],['first_research_object'],['second_research_object'],['validity'],['evidence'],False,False,R659055,https://sandbox.orkg.org,-1,orkg,merged_ecsa_icsa.json_jsonpublicationloader_limit-1,merged_ecsa_icsa.json,JsonPublicationLoader,-1,,4000,2,generation_kittoolbox_kit.minimax-m2.7-229b_tmpNone_maxt-1_reasoningNone,generation,kittoolbox_kit.minimax-m2.7-229b_tmpNone_maxt-1_reasoningNone,KitToolbox,kit.minimax-m2.7-229b,,-1,,"['(R868698:Enabling Consistency between Software Artefacts for Software Adaption and Evolution, publication year, L1520654:2021)', '(R873599:Improving the Consistency and Usefulness of Architecture Descriptions: Guidelines for Architects, contribution, R873627:First Research Object 2)', '(R873627:First Research Object 2, Object, R873636:Research Object List)', '(R873636:Research Object List, Entity, R873637:Research Object Entity)', '(R873637:Research Object Entity, Name, L1530905:Architecture Evolution)', '(R868698:Enabling Consistency between Software Artefacts for Software Adaption and Evolution, contribution, R868723:First Research Object 2)', '(R868723:First Research Object 2, Object, R868733:Research Object List)', '(R868733:Research Object List, Entity, R868734:Research Object Entity)', '(R868734:Research Object Entity, Name, L1520720:Architecture Evolution)', '(R868823:On Interfaces to Support Agile Architecting in Automotive: An Exploratory Case Study, contribution, R868844:First Research Object 2)', '(R868851:Research Object Entity, Name, L1520985:Architecture Evolution)', '(R870059:Incremental Calibration of Architectural Performance Models with Parametric Dependencies, contribution, R2156282:First Research Object 2)', '(R2156290:Research Object Entity, Name, L2809656:Architecture Evolution)', '(R869730:Architectural Concerns for Digital Twin of the Organization, contribution, R869753:First Research Object 2)', '(R869753:First Research Object 2, Object, R869761:Research Object List)', '(R869761:Research Object List, Entity, R869762:Research Object Entity)', '(R869762:Research Object Entity, Name, L1522941:Architecture Evolution)', '(R874338:Continuous API Evolution in Heterogenous Enterprise Software Systems, contribution, R874367:First Research Object 2)', '(R874367:First Research Object 2, Object, R874381:Research Object List)', '(R874381:Research Object List, Entity, R874382:Research Object Entity)', '(R874382:Research Object Entity, Name, L1532476:Architecture Evolution)', '(R869730:Architectural Concerns for Digital Twin of the Organization, publication year, L1522884:2020)', '(R868823:On Interfaces to Support Agile Architecting in Automotive: An Exploratory Case Study, publication year, L1520929:2019)', '(R874338:Continuous API Evolution in Heterogenous Enterprise Software Systems, publication year, L1532404:2021)', '(R873599:Improving the Consistency and Usefulness of Architecture Descriptions: Guidelines for Architects, publication year, L1530833:2019)', '(R870059:Incremental Calibration of Architectural Performance Models with Parametric Dependencies, publication year, L1523564:2020)']",What is the number of papers investigating the research object Architecture Evolution in the publication year 2020 versus the publication year 2021?,"The number of papers investigating the research object Architecture Evolution in the publication year 2020 is two, whereas the number in the publication year 2021 is also two.","['10.1109/ICSA51549.2021.00009', '10.1109/ICSA51549.2021.00009', '10.1109/ICSA51549.2021.00014', '10.1109/ICSA51549.2021.00014', '10.1109/ICSA47634.2020.00011', '10.1109/ICSA47634.2020.00011', '10.1007/978-3-030-58923-3_18', '10.1007/978-3-030-58923-3_18']",,"['(R868734:Research Object Entity, Name, L1520720:Architecture Evolution)', '(R868698:Enabling Consistency between Software Artefacts for Software Adaption and Evolution, publication year, L1520654:2021)', '(R874382:Research Object Entity, Name, L1532476:Architecture Evolution)', '(R874338:Continuous API Evolution in Heterogenous Enterprise Software Systems, publication year, L1532404:2021)', '(R870091:Research Object Entity, Name, L1523621:Architecture Evolution)', '(R870059:Incremental Calibration of Architectural Performance Models with Parametric Dependencies, publication year, L1523564:2020)', '(R869762:Research Object Entity, Name, L1522941:Architecture Evolution)', '(R869730:Architectural Concerns for Digital Twin of the Organization, publication year, L1522884:2020)']",clustering_strategy,R659055,Software Architecture and Design,5,What is the number of studies investigating the research object with the name [Content Data: research object name] in [year 1] versus [year 2]?
154,c75b3cf0921537bf3249b9a498522306,35732a64-099c-4ebc-ba5a-dbd904d28a7d,"

The source material indicates that **one** paper published in 2020 investigated architecture‑decision‑making, while **two** papers published in 2021 examined the same topic.

- **2020:** “Enforcing Architectural Security Decisions” focuses on architecture‑related security decisions, which is a form of architecture decision making【5】.  
- **2021:** Two works address architecture decision making:  
  - *How Software Architects Focus Their Attention*【1】  
  - *System‑ and Software‑level Architecting Harmonization Practices for Systems‑of‑Systems: An exploratory case study on a long‑running large‑scale scientific instrument*【2】

Thus, the available evidence shows a higher number of papers on architecture decision making in 2021 (2) compared with 2020 (1).

","['2020', '2021']",0.375,0.25,0.098,0.079,0.167,0.167,0.3,0.38,0.33,0.36,0.35,0.38,0.36,0.37,0.22,0.5,0.31,0.4,0.3,0.5,0.37,0.44,0.3,0.353,0.222,0.296,0.04,0.3,0.19,0.65,0.12,0.08,0.27,0.18,0.12,0.39,0.439,0.599,0.507,1.0,284.8675706386566,0.0,4023,0,0.0,,0,0.0,,,0.0,0.0,,0.0,0.0,https://wandb.ai/kastel-sdq-meta-research/experiment_cross_encoder/r/call/01a05e8d-7472-7f55-b360-da0fb7f6aac4,retrieval_config,False,KitToolbox,kit.qwen3-embedding-8b,10,10,True,cosine,True,False,10,-1,8,False,False,1,False,-1,-1,False,,['R659055'],['Paper'],False,True,False,kg_retrieval,hublink,kittoolbox_kit.minimax-m2.7-229b_tmpNone_maxt-1_reasoningNone,KitToolbox,kit.minimax-m2.7-229b,,-1,,kittoolbox_kit.minimax-m2.7-229b_tmpNone_maxt-1_reasoningNone,KitToolbox,kit.minimax-m2.7-229b,,-1,,orkg_merged_ecsa_icsa.json_jsonpublicationloader_limit-1,['paper_class'],['research_level'],['first_research_object'],['second_research_object'],['validity'],['evidence'],False,False,R659055,https://sandbox.orkg.org,-1,orkg,merged_ecsa_icsa.json_jsonpublicationloader_limit-1,merged_ecsa_icsa.json,JsonPublicationLoader,-1,,4000,2,generation_kittoolbox_kit.minimax-m2.7-229b_tmpNone_maxt-1_reasoningNone,generation,kittoolbox_kit.minimax-m2.7-229b_tmpNone_maxt-1_reasoningNone,KitToolbox,kit.minimax-m2.7-229b,,-1,,"['(R873077:Architectural Design Decisions for Systems Supporting Model-Based Analysis of Runtime Events: A Qualitative Multi-method Study, contribution, R873098:First Research Object 2)', '(R873098:First Research Object 2, Object, R873104:Research Object List)', '(R873104:Research Object List, Entity, R873105:Research Object Entity)', '(R873105:Research Object Entity, Name, L1529835:Architecture Decision Making)', '(R872878:Enforcing Architectural Security Decisions, publication year, L1529384:2020)', '(R874249:Research Object Entity, Name, L1532197:Architecture Decision Making)', '(R874205:System- and Software-level Architecting Harmonization Practices for Systems-of-Systems : An exploratory case study on a long-running large-scale scientific instrument, publication year, L1532127:2021)', '(R873981:Research Object Entity, Name, L1531625:Architecture Decision Making)', '(R868485:How Software Architects Focus Their Attention, publication year, L1520199:2021)', '(R871484:On Cognitive Biases in Architecture Decision Making, publication year, L1526519:2017)', '(R872878:Enforcing Architectural Security Decisions, doi, L1529382:10.1109/ICSA47634.2020.00012)', '(R868485:How Software Architects Focus Their Attention, contribution, R868506:First Research Object 2)', '(R868506:First Research Object 2, Object, R868512:Research Object List)', '(R868512:Research Object List, Entity, R868513:Research Object Entity)', '(R868513:Research Object Entity, Name, L1520253:Architecture Decision Making)', '(R872980:Supporting Architectural Decision Making on Data Management in Microservice Architectures, publication year, L1529596:2019)', '(R873077:Architectural Design Decisions for Systems Supporting Model-Based Analysis of Runtime Events: A Qualitative Multi-method Study, publication year, L1529784:2018)', '(R873937:An Exploratory Study of Naturalistic Decision Making in Complex Software Architecture Environments, publication year, L1531555:2019)']",How many papers investigate architecture decision making in 2020 in comparison to 2021?,"The number of papers that investigate architecture decision making in 2020 in comparison to 2021 is as follows: there are no papers in 2020, while there are four papers in 2021.","['10.1007/978-3-030-86044-8_21', '10.1007/978-3-030-86044-8_21', '10.1109/ICSA51549.2021.00010', '10.1109/ICSA51549.2021.00010', '10.1109/ICSA51549.2021.00013', '10.1109/ICSA51549.2021.00013', '10.1007/978-3-030-86044-8_14', '10.1007/978-3-030-86044-8_14']",,"['(R868513:Research Object Entity, Name, L1520253:Architecture Decision Making)', '(R868485:How Software Architects Focus Their Attention, publication year, L1520199:2021)', '(R874249:Research Object Entity, Name, L1532197:Architecture Decision Making)', '(R874205:System- and Software-level Architecting Harmonization Practices for Systems-of-Systems : An exploratory case study on a long-running large-scale scientific instrument, publication year, L1532127:2021)', '(R869342:Research Object Entity, Name, L1522034:Architecture Decision Making)', '(R869312:A Decision Model for Choosing Patterns in Blockchain-Based Applications, publication year, L1521979:2021)', '(R873522:Research Object Entity, Name, L1530672:Architecture Decision Making)', '(R873486:State of the Practice in Application Programming Interfaces (APIs): A Case Study, publication year, L1530611:2021)']",clustering_strategy,R659055,Software Architecture and Design,5,How many papers have the research object [Content Data: research object name] in the year [Metadata: year] in comparison to [Metadata: year]?
155,c75b3cf0921537bf3249b9a498522306,f9475f8a-f43e-494c-9643-51fe82786c35,"

The source materials provide the following information about papers that evaluate the **Maintainability** property:

* **2017** – One paper is identified as evaluating Maintainability and being published in 2017. The paper is titled **“The Evolution of Technical Debt in the Apache Ecosystem”**【1】.  
* **2020** – Two papers are identified as evaluating Maintainability and being published in 2020:  
  * **“A Comparison of MQTT Brokers for Distributed IoT Edge Computing”**【2】  
  * **“Architectural Technical Debt: A Grounded Theory”**【9】

**Comparison**

| Publication Year | Number of papers evaluating Maintainability |
|------------------|---------------------------------------------|
| 2017             | 1                                           |
| 2020             | 2                                           |

Thus, the available evidence shows **one paper evaluating Maintainability in 2017** and **two papers evaluating Maintainability in 2020**.

","['2017', '2020']",0.25,0.0,0.077,0.126,0.333,0.333,0.2,0.25,0.22,0.24,0.33,0.31,0.32,0.32,0.15,0.75,0.25,0.42,0.2,0.75,0.32,0.49,0.2,0.333,0.15,0.203,0.01,0.29,0.19,0.66,0.08,0.05,0.18,0.23,0.15,0.52,0.426,0.58,0.492,1.0,335.96550965309143,0.0,51093,0,0.0,,0,0.0,,,0.0,0.0,,0.0,0.0,https://wandb.ai/kastel-sdq-meta-research/experiment_cross_encoder/r/call/01a05e8e-7fc4-72b2-89fc-00df5fbb3af6,retrieval_config,False,KitToolbox,kit.qwen3-embedding-8b,10,10,True,cosine,True,False,10,-1,8,False,False,1,False,-1,-1,False,,['R659055'],['Paper'],False,True,False,kg_retrieval,hublink,kittoolbox_kit.minimax-m2.7-229b_tmpNone_maxt-1_reasoningNone,KitToolbox,kit.minimax-m2.7-229b,,-1,,kittoolbox_kit.minimax-m2.7-229b_tmpNone_maxt-1_reasoningNone,KitToolbox,kit.minimax-m2.7-229b,,-1,,orkg_merged_ecsa_icsa.json_jsonpublicationloader_limit-1,['paper_class'],['research_level'],['first_research_object'],['second_research_object'],['validity'],['evidence'],False,False,R659055,https://sandbox.orkg.org,-1,orkg,merged_ecsa_icsa.json_jsonpublicationloader_limit-1,merged_ecsa_icsa.json,JsonPublicationLoader,-1,,4000,2,generation_kittoolbox_kit.minimax-m2.7-229b_tmpNone_maxt-1_reasoningNone,generation,kittoolbox_kit.minimax-m2.7-229b_tmpNone_maxt-1_reasoningNone,KitToolbox,kit.minimax-m2.7-229b,,-1,,"['(R869125:First Research Object 2, evaluation, R869126:Evaluation)', '(R869126:Evaluation, properties, R869129:Property)', '(R869130:Property, Name, L1521576:Maintainability)', '(R873728:A Comparison of MQTT Brokers for Distributed IoT Edge Computing, contribution, R873753:First Research Object 2)', '(R873753:First Research Object 2, evaluation, R873754:Evaluation)', '(R873754:Evaluation, properties, R873757:Property)', '(R873761:Property, Name, L1531165:Maintainability)', '(R873993:Reducing Development Overheads with a Generic and Model-Centric Architecture for Online Games, contribution, R874017:First Research Object 2)', '(R874017:First Research Object 2, evaluation, R874018:Evaluation)', '(R874018:Evaluation, properties, R874021:Property)', '(R874024:Property, Name, L1531720:Maintainability)', '(R868823:On Interfaces to Support Agile Architecting in Automotive: An Exploratory Case Study, contribution, R868844:First Research Object 2)', '(R868844:First Research Object 2, evaluation, R868845:Evaluation)', '(R868845:Evaluation, properties, R868848:Property)', '(R868849:Property, Name, L1520983:Maintainability)', '(R874077:Abstraction Layered Architecture: Writing Maintainable Embedded Code, contribution, R874099:First Research Object 2)', '(R874099:First Research Object 2, evaluation, R874100:Evaluation)', '(R874100:Evaluation, properties, R874103:Property)', '(R874105:Property, Name, L1531896:Maintainability)', '(R870102:An Empirical Study of Architectural Decay in Open-Source Software, contribution, R870123:First Research Object 2)', '(R870123:First Research Object 2, evaluation, R870124:Evaluation)', '(R870124:Evaluation, properties, R870127:Property)', '(R870128:Property, Name, L1523705:Maintainability)', '(R872636:Data-Centric Communication and Containerization for Future Automotive Software Architectures, contribution, R872670:First Research Object 2)', '(R872670:First Research Object 2, evaluation, R872671:Evaluation)', '(R872671:Evaluation, properties, R872674:Property)', '(R872676:Property, Name, L1528967:Maintainability)', '(R2156272:Property, Name, L2809644:Maintainability)', '(R870412:Property, Name, L1524295:Maintainability)', '(R873728:A Comparison of MQTT Brokers for Distributed IoT Edge Computing, publication year, L1531105:2020)', '(R874077:Abstraction Layered Architecture: Writing Maintainable Embedded Code, publication year, L1531844:2018)', '(R872630:Property, Name, L1528879:Maintainability)', '(R869104:The Evolution of Technical Debt in the Apache Ecosystem, publication year, L1521523:2017)', '(R870127:Property, Sub-Property, R870128:Property)', '(R868823:On Interfaces to Support Agile Architecting in Automotive: An Exploratory Case Study, publication year, L1520929:2019)', '(R873993:Reducing Development Overheads with a Generic and Model-Centric Architecture for Online Games, publication year, L1531662:2018)', '(R872636:Data-Centric Communication and Containerization for Future Automotive Software Architectures, publication year, L1528895:2018)', '(R870102:An Empirical Study of Architectural Decay in Open-Source Software, publication year, L1523654:2018)', '(R869123:Paper Class 2, evaluation research, L1521571:True)', '(R872607:Architectural Technical Debt: A Grounded Theory, publication year, L1528844:2020)']",How many papers evaluate the property Maintainability in the publication year 2017 in comparison to the publication year 2020?,"In the year 2017, there were three papers that evaluated the property Maintainability. In comparison, in the year 2020, there were also three papers that evaluated the property Maintainability.","['10.1007/978-3-030-58923-3_23', '10.1007/978-3-030-58923-3_23', '10.1007/978-3-319-65831-5_4', '10.1007/978-3-319-65831-5_4', '10.1007/978-3-030-58923-3_14', '10.1007/978-3-030-58923-3_14', '10.1109/ICSA.2017.42', '10.1109/ICSA.2017.42']",,"['(R873761:Property, Name, L1531165:Maintainability)', '(R873728:A Comparison of MQTT Brokers for Distributed IoT Edge Computing, publication year, L1531105:2020)', '(R869130:Property, Name, L1521576:Maintainability)', '(R869104:The Evolution of Technical Debt in the Apache Ecosystem, publication year, L1521523:2017)', '(R872575:Property, Name, L1528781:Maintainability)', '(R872607:Architectural Technical Debt: A Grounded Theory, publication year, L1528844:2020)', '(R872630:Property, Name, L1528879:Maintainability)', '(R872527:Towards a Reference Architecture for Cloud-Based Plant Genotyping and Phenotyping Analysis Frameworks, publication year, L1528701:2017)']",clustering_strategy,R659055,Software Architecture and Design,6,How many papers have the sub-property [sub property name] in the year [Metadata: year] in comparison to [Metadata: year]?
156,c75b3cf0921537bf3249b9a498522306,b5cabd4d-446b-4422-9c66-8c704ac2485d,"

The texts identify **one** paper that evaluated the property security in 2017 and **at least one** paper that evaluated security in 2020, with a possible additional security‑evaluation in 2020 whose publication year is not explicitly stated.

* **2017:** “Understanding Software Vulnerabilities Related to Architectural Security Tactics: An Empirical Investigation of Chromium, PHP and Thunderbird” explicitly reports an evaluation of the security property (see [3]).

* **2020:** “Enforcing Architectural Security Decisions” is a 2020 publication that, by its title, concerns security decisions (see [1]).  
  In addition, the source “Architectural Security Weaknesses in Industrial Control Systems (ICS) an Empirical Study Based on Disclosed Software Vulnerabilities” includes an evaluation of the security property (see [2]), but the texts do not specify its year; it may also belong to the 2020 timeframe.

Because the supplied texts do not give a definitive count for 2020 beyond the two papers mentioned, we can only conclude that there is **at least one** security evaluation in 2017 and **at least one** (possibly two) in 2020. The available information therefore suggests a larger number of security‑property evaluations in 2020 compared with 2017, but a precise numerical comparison cannot be derived from the given sources.

[1] Source: Enforcing Architectural Security Decisions, 10.1109/ICSA47634.2020.00012
[2] Source: Architectural Security Weaknesses in Industrial Control Systems (ICS) an Empirical Study Based on Disclosed Software Vulnerabilities, 10.1109/ICSA.2019.00012
[3] Source: Understanding Software Vulnerabilities Related to Architectural Security Tactics: An Empirical Investigation of Chromium, PHP and Thunderbird, 10.1109/ICSA.2017.39
","['2017', '2020']",0.333,0.083,0.052,0.031,0.111,0.111,0.2,0.33,0.25,0.29,0.24,0.33,0.28,0.31,0.2,0.33,0.25,0.29,0.24,0.33,0.28,0.31,0.2,0.235,0.2,0.235,0.03,0.22,0.13,0.89,0.09,0.05,0.37,0.16,0.09,0.64,0.413,0.586,0.484,0.0,238.78601217269897,0.0,3323,0,0.0,,0,0.0,,,0.0,0.0,,0.0,0.0,https://wandb.ai/kastel-sdq-meta-research/experiment_cross_encoder/r/call/01a05e90-0381-7307-99cc-1e10f4a5f850,retrieval_config,False,KitToolbox,kit.qwen3-embedding-8b,10,10,True,cosine,True,False,10,-1,8,False,False,1,False,-1,-1,False,,['R659055'],['Paper'],False,True,False,kg_retrieval,hublink,kittoolbox_kit.minimax-m2.7-229b_tmpNone_maxt-1_reasoningNone,KitToolbox,kit.minimax-m2.7-229b,,-1,,kittoolbox_kit.minimax-m2.7-229b_tmpNone_maxt-1_reasoningNone,KitToolbox,kit.minimax-m2.7-229b,,-1,,orkg_merged_ecsa_icsa.json_jsonpublicationloader_limit-1,['paper_class'],['research_level'],['first_research_object'],['second_research_object'],['validity'],['evidence'],False,False,R659055,https://sandbox.orkg.org,-1,orkg,merged_ecsa_icsa.json_jsonpublicationloader_limit-1,merged_ecsa_icsa.json,JsonPublicationLoader,-1,,4000,2,generation_kittoolbox_kit.minimax-m2.7-229b_tmpNone_maxt-1_reasoningNone,generation,kittoolbox_kit.minimax-m2.7-229b_tmpNone_maxt-1_reasoningNone,KitToolbox,kit.minimax-m2.7-229b,,-1,,"['(R870753:Architectural Security Weaknesses in Industrial Control Systems (ICS) an Empirical Study Based on Disclosed Software Vulnerabilities, contribution, R870774:First Research Object 2)', '(R870774:First Research Object 2, evaluation, R870775:Evaluation)', '(R870775:Evaluation, properties, R870778:Property)', '(R872252:Paper Class 2, evaluation research, L1528114:True)', '(R870779:Property, Name, L1525081:Security)', '(R872878:Enforcing Architectural Security Decisions, publication year, L1529384:2020)', '(R872254:First Research Object 2, evaluation, R872255:Evaluation)', '(R872255:Evaluation, properties, R872258:Property)', '(R872259:Property, Name, L1528119:Security)', '(R872233:Understanding Software Vulnerabilities Related to Architectural Security Tactics: An Empirical Investigation of Chromium, PHP and Thunderbird, publication year, L1528068:2017)']",How many papers evaluated the property security in 2017 in comparison to 2020?,"In the year 2017, there were two papers that evaluated the property Security. In comparison, in the year 2020, there was one paper that evaluated the property Security.","['10.1109/ICSA.2017.39', '10.1109/ICSA.2017.39', '10.1109/ICSA.2017.42', '10.1109/ICSA.2017.42', '10.1007/978-3-030-58923-3_23', '10.1007/978-3-030-58923-3_23']",,"['(R872259:Property, Name, L1528119:Security)', '(R872233:Understanding Software Vulnerabilities Related to Architectural Security Tactics: An Empirical Investigation of Chromium, PHP and Thunderbird, publication year, L1528068:2017)', '(R872574:Property, Name, L1528780:Security)', '(R872527:Towards a Reference Architecture for Cloud-Based Plant Genotyping and Phenotyping Analysis Frameworks, publication year, L1528701:2017)', '(R873760:Property, Name, L1531164:Security)', '(R873728:A Comparison of MQTT Brokers for Distributed IoT Edge Computing, publication year, L1531105:2020)']",clustering_strategy,R659055,Software Architecture and Design,6,How many papers have the sub-property [sub property name] in the year [Metadata: year] in comparison to [Metadata: year]?
157,c75b3cf0921537bf3249b9a498522306,39427c97-424f-42a1-b8ee-5726c77283c7,"

Based on the information provided in the source texts, two papers satisfy **all three** of the specified conditions (published in 2017, investigate the research object **Architecture Design Method**, and have **not used input data**):

| Paper (title) | Publication Year | Research Object Investigated | Input‑data usage |
|---------------|------------------|-----------------------------|-------------------|
| **Continuous Analysis of Collaborative Design** | 2017 | Architecture Design Method | Input data **not used**【1】 |
| **Design Criteria to Architect Continuous Experimentation for Self‑Driving Vehicles** | 2017 | Architecture Design Method | Input data **not used** (the data are reported as unavailable and therefore not actually employed)【3】 |

These two sources explicitly state that the papers were published in 2017, that their investigation focuses on the **Architecture Design Method**, and that the contributions do not involve the use of input data.  

All other papers discussed in the partial answers either (i) are tied to a different research object (e.g., “Architecture Analysis Method”), (ii) use input data, or (iii) lack explicit confirmation of the 2017 publication year. Consequently, they do not meet the full set of criteria required by the question.

","['2017', 'Architecture Design Method']",0.0,0.0,0.0,0.0,0.0,0.0,0.0,0.0,0.0,0.0,0.0,0.0,0.0,0.0,0.02,0.11,0.03,0.05,0.04,0.17,0.07,0.1,0.0,0.0,0.016,0.041,0.04,0.32,0.22,0.65,0.19,0.12,0.38,0.24,0.16,0.47,0.427,0.609,0.502,1.0,290.79170656204224,0.0,92898,0,0.0,,0,0.0,,,0.0,0.0,,0.0,0.0,https://wandb.ai/kastel-sdq-meta-research/experiment_cross_encoder/r/call/01a05e92-0c31-7bf3-ac48-d589a9bdb002,retrieval_config,False,KitToolbox,kit.qwen3-embedding-8b,10,10,True,cosine,True,False,10,-1,8,False,False,1,False,-1,-1,False,,['R659055'],['Paper'],False,True,False,kg_retrieval,hublink,kittoolbox_kit.minimax-m2.7-229b_tmpNone_maxt-1_reasoningNone,KitToolbox,kit.minimax-m2.7-229b,,-1,,kittoolbox_kit.minimax-m2.7-229b_tmpNone_maxt-1_reasoningNone,KitToolbox,kit.minimax-m2.7-229b,,-1,,orkg_merged_ecsa_icsa.json_jsonpublicationloader_limit-1,['paper_class'],['research_level'],['first_research_object'],['second_research_object'],['validity'],['evidence'],False,False,R659055,https://sandbox.orkg.org,-1,orkg,merged_ecsa_icsa.json_jsonpublicationloader_limit-1,merged_ecsa_icsa.json,JsonPublicationLoader,-1,,4000,2,generation_kittoolbox_kit.minimax-m2.7-229b_tmpNone_maxt-1_reasoningNone,generation,kittoolbox_kit.minimax-m2.7-229b_tmpNone_maxt-1_reasoningNone,KitToolbox,kit.minimax-m2.7-229b,,-1,,"['(R873233:Aligning Architecture with Business Goals in the Automotive Domain, contribution, R873249:First Research Object 2)', '(R873249:First Research Object 2, Object, R873255:Research Object List)', '(R873255:Research Object List, Entity, R873256:Research Object Entity)', '(R873256:Research Object Entity, Name, L1530122:Architecture Design Method)', '(R868403:Designing Robust Software Systems through Parametric Markov Chain Synthesis, contribution, R868426:First Research Object 2)', '(R868426:First Research Object 2, Object, R868434:Research Object List)', '(R868434:Research Object List, Entity, R868435:Research Object Entity)', '(R868435:Research Object Entity, Name, L1520083:Architecture Design Method)', '(R872819:Continuous Analysis of Collaborative Design, contribution, R872850:First Research Object 2)', '(R872850:First Research Object 2, Object, R872866:Research Object List)', '(R872866:Research Object List, Entity, R872867:Research Object Entity)', '(R872867:Research Object Entity, Name, L1529347:Architecture Design Method)', '(R873814:A Survey on Big Data Analytics Solutions Deployment, contribution, R873836:First Research Object 2)', '(R873836:First Research Object 2, Object, R873843:Research Object List)', '(R873843:Research Object List, Entity, R873844:Research Object Entity)', '(R873844:Research Object Entity, Name, L1531345:Architecture Design Method)', '(R870270:Design Criteria to Architect Continuous Experimentation for Self-Driving Vehicles, contribution, R2156131:First Research Object 2)', '(R2156138:Research Object Entity, Name, L2809492:Architecture Design Method)', '(R872690:Research Object Entity, Name, L1528978:Architecture Design Method)', '(R870270:Design Criteria to Architect Continuous Experimentation for Self-Driving Vehicles, publication year, L1524035:2017)', '(R868403:Designing Robust Software Systems through Parametric Markov Chain Synthesis, publication year, L1520024:2017)', '(R873107:Input Data, available, L1529837:False)', '(R872819:Continuous Analysis of Collaborative Design, publication year, L1529271:2017)', '(R870431:Determining Microservice Boundaries: A Case Study Using Static and Dynamic Software Analysis, contribution, R870458:First Research Object 2)', '(R870458:First Research Object 2, Object, R870470:Research Object List)', '(R870470:Research Object List, Entity, R870471:Research Object Entity)', '(R870471:Research Object Entity, Name, L1524409:Architecture Design Method)', '(R870431:Determining Microservice Boundaries: A Case Study Using Static and Dynamic Software Analysis, contribution, R2156155:First Research Object 2)', '(R2156155:First Research Object 2, Object, R2156158:Research Object List)', '(R2156158:Research Object List, Entity, R2156159:Research Object Entity)', '(R2156159:Research Object Entity, Name, L2809524:Architecture Design Method)', '(R873105:Research Object Entity, Name, L1529835:Architecture Decision Making)', '(R870431:Determining Microservice Boundaries: A Case Study Using Static and Dynamic Software Analysis, contribution, R2156283:First Research Object 2)', '(R2156283:First Research Object 2, Object, R2156288:Research Object List)', '(R2156288:Research Object List, Entity, R2156292:Research Object Entity)', '(R2156292:Research Object Entity, Name, L2809675:Architecture Design Method)', '(R873107:Input Data, None, L1529839:False)', '(R870270:Design Criteria to Architect Continuous Experimentation for Self-Driving Vehicles, contribution, R870299:Evidence 2)', '(R870299:Evidence 2, Uses Input Data, R870300:Input Data)', '(R870300:Input Data, used, L1524089:False)', '(R870300:Input Data, available, L1524088:False)', '(R873233:Aligning Architecture with Business Goals in the Automotive Domain, contribution, R874823:Evidence 2)', '(R874823:Evidence 2, Uses Input Data, R874824:Input Data)', '(R874824:Input Data, available, L1533443:False)', '(R874824:Input Data, used, L1533444:False)', '(R872691:Evidence 2, Uses Input Data, R872692:Input Data)', '(R872692:Input Data, available, L1528980:False)', '(R868403:Designing Robust Software Systems through Parametric Markov Chain Synthesis, contribution, R868436:Evidence 2)', '(R868436:Evidence 2, Uses Input Data, R868437:Input Data)', '(R868437:Input Data, available, L1520085:False)', '(R872819:Continuous Analysis of Collaborative Design, contribution, R872868:Evidence 2)', '(R872868:Evidence 2, Uses Input Data, R872869:Input Data)', '(R872869:Input Data, used, L1529350:False)', '(R868403:Designing Robust Software Systems through Parametric Markov Chain Synthesis, doi, L1520018:10.1109/ICSA.2017.16)', '(R868437:Input Data, used, L1520086:True)', '(R868403:Designing Robust Software Systems through Parametric Markov Chain Synthesis, research field, R659055:Software Architecture and Design)', '(R870431:Determining Microservice Boundaries: A Case Study Using Static and Dynamic Software Analysis, contribution, R870472:Evidence 2)', '(R870472:Evidence 2, Uses Input Data, R870473:Input Data)', '(R870473:Input Data, used, L1524412:False)', '(R873814:A Survey on Big Data Analytics Solutions Deployment, contribution, R873845:Evidence 2)', '(R873845:Evidence 2, Uses Input Data, R873846:Input Data)', '(R873846:Input Data, available, L1531347:False)', '(R873846:Input Data, used, L1531348:True)']",Which papers published in the publication year 2017 investigate the research object Architecture Design Method and have not used input data?,"The papers that investigate the research object Architecture Design Method and do not have input data available in the publication year 2017 are 'An Architecture Framework for Modelling and Simulation of Situational-Aware Cyber-Physical Systems', 'Microservice Ambients: An Architectural Meta-Modelling Approach for Microservice Granularity', and 'Design Criteria to Architect Continuous Experimentation for Self-Driving Vehicles'.","['10.1007/978-3-319-65831-5_7', '10.1007/978-3-319-65831-5_7', '10.1007/978-3-319-65831-5_7', '10.1109/ICSA.2017.32', '10.1109/ICSA.2017.32', '10.1109/ICSA.2017.32', '10.1109/ICSA.2017.36', '10.1109/ICSA.2017.36', '10.1109/ICSA.2017.36']",,"['(R868917:Research Object Entity, Name, L1521119:Architecture Design Method)', '(R868889:An Architecture Framework for Modelling and Simulation of Situational-Aware Cyber-Physical Systems, publication year, L1521067:2017)', '(R868919:Input Data, None, L1521123:True)', '(R870298:Research Object Entity, Name, L1524086:Architecture Design Method)', '(R871785:Microservice Ambients: An Architectural Meta-Modelling Approach for Microservice Granularity, publication year, L1527135:2017)', '(R870300:Input Data, None, L1524090:True)', '(R871810:Research Object Entity, Name, L1527171:Architecture Design Method)', '(R870270:Design Criteria to Architect Continuous Experimentation for Self-Driving Vehicles, publication year, L1524035:2017)', '(R874792:Input Data, None, L1533368:True)']",clustering_strategy,R659055,Software Architecture and Design,5,Which papers that have been published in the year [Metadata: year] investigate the research object with the name [Content Data: research object name] and have not used input data in their work?
158,c75b3cf0921537bf3249b9a498522306,2708b852-ea55-4c37-8278-b18f533bc2cf,"

The papers that **explicitly** satisfy both of the requested conditions – they investigate **architecture‑decision‑making** and their **input data is not available** and are dated **2018** – are:

| Paper (2018) | Input‑data availability | Source |
|--------------|------------------------|--------|
| *Understanding Architecture Decisions in Context* | Input data is marked “not available” (False) | [1] |
| *Empirical Insights into the Evolving Role of Architects in Decision‑Making in an Agile Context* | Input data is marked “not available” (False) | [2] |
| *Architectural Design Decisions for Systems Supporting Model‑Based Analysis of Runtime Events: A Qualitative Multi‑method Study* | Input data is marked “not available” (False) | [3] |
| *Recovering Architectural Design Decisions* | Input data is marked “not available” (False) | [5] |

These four contributions are the only ones in the provided texts that simultaneously meet the three criteria (investigate architecture‑decision‑making, have no available input data, and are explicitly dated 2018).

**Other papers that satisfy the first two criteria but lack an explicit 2018 reference**

- *An Exploratory Study of Naturalistic Decision Making in Complex Software Architecture Environments* – investigates architecture‑decision‑making and reports that input data are not available, but the year 2018 is not stated in the source texts [6].
- *Guiding Architectural Decision Making on Service Mesh Based Microservice Architectures* – also investigates architecture‑decision‑making and indicates input data are not present/not used, yet no publication year is given in the provided sources [8].

These additional papers do **not** satisfy the “in 2018” requirement because the texts do not confirm the year.

[1] Source: Understanding Architecture Decisions in Context, 10.1007/978-3-030-00761-4_19
[2] Source: Empirical Insights into the Evolving Role of Architects in Decision-Making in an Agile Context, 10.1007/978-3-030-00761-4_17
[3] Source: Architectural Design Decisions for Systems Supporting Model-Based Analysis of Runtime Events: A Qualitative Multi-method Study, 10.1109/ICSA.2018.00021
[5] Source: Recovering Architectural Design Decisions, 10.1109/ICSA.2018.00019
[6] Source: An Exploratory Study of Naturalistic Decision Making in Complex Software Architecture Environments, 10.1007/978-3-030-29983-5_4
[8] Source: Guiding Architectural Decision Making on Service Mesh Based Microservice Architectures, 10.1007/978-3-030-29983-5_1
",['2018'],0.333,0.333,0.117,0.102,0.5,0.5,0.2,0.33,0.25,0.29,0.28,0.42,0.33,0.38,0.17,0.67,0.28,0.43,0.26,0.83,0.4,0.58,0.2,0.278,0.174,0.263,0.04,0.28,0.16,1.0,0.21,0.12,0.76,0.23,0.13,0.82,0.434,0.697,0.535,0.0,519.2283720970154,0.0,147592,0,0.0,,0,0.0,,,0.0,0.0,,0.0,0.0,https://wandb.ai/kastel-sdq-meta-research/experiment_cross_encoder/r/call/01a05e92-4195-7e28-b7aa-e852705607ab,retrieval_config,False,KitToolbox,kit.qwen3-embedding-8b,10,10,True,cosine,True,False,10,-1,8,False,False,1,False,-1,-1,False,,['R659055'],['Paper'],False,True,False,kg_retrieval,hublink,kittoolbox_kit.minimax-m2.7-229b_tmpNone_maxt-1_reasoningNone,KitToolbox,kit.minimax-m2.7-229b,,-1,,kittoolbox_kit.minimax-m2.7-229b_tmpNone_maxt-1_reasoningNone,KitToolbox,kit.minimax-m2.7-229b,,-1,,orkg_merged_ecsa_icsa.json_jsonpublicationloader_limit-1,['paper_class'],['research_level'],['first_research_object'],['second_research_object'],['validity'],['evidence'],False,False,R659055,https://sandbox.orkg.org,-1,orkg,merged_ecsa_icsa.json_jsonpublicationloader_limit-1,merged_ecsa_icsa.json,JsonPublicationLoader,-1,,4000,2,generation_kittoolbox_kit.minimax-m2.7-229b_tmpNone_maxt-1_reasoningNone,generation,kittoolbox_kit.minimax-m2.7-229b_tmpNone_maxt-1_reasoningNone,KitToolbox,kit.minimax-m2.7-229b,,-1,,"['(R873370:Input Data, None, L1530364:False)', '(R868608:Understanding Architecture Decisions in Context, publication year, L1520464:2018)', '(R873983:Input Data, available, L1531627:False)', '(R872069:Recovering Architectural Design Decisions, publication year, L1527720:2018)', '(R873981:Research Object Entity, Name, L1531625:Architecture Decision Making)', '(R873077:Architectural Design Decisions for Systems Supporting Model-Based Analysis of Runtime Events: A Qualitative Multi-method Study, contribution, R873106:Evidence 2)', '(R873106:Evidence 2, Uses Input Data, R873107:Input Data)', '(R873107:Input Data, available, L1529837:False)', '(R868642:Input Data, available, L1520526:False)', '(R873329:Research Object Entity, Name, L1530276:Architecture Decision Making)', '(R872107:Input Data, available, L1527786:False)', '(R873301:Empirical Insights into the Evolving Role of Architects in Decision-Making in an Agile Context, publication year, L1530222:2018)', '(R873105:Research Object Entity, Name, L1529835:Architecture Decision Making)', '(R873077:Architectural Design Decisions for Systems Supporting Model-Based Analysis of Runtime Events: A Qualitative Multi-method Study, publication year, L1529784:2018)', '(R873331:Input Data, available, L1530278:False)', '(R868608:Understanding Architecture Decisions in Context, contribution, R868631:First Research Object 2)', '(R868631:First Research Object 2, Object, R868639:Research Object List)', '(R868639:Research Object List, Entity, R868640:Research Object Entity)', '(R868640:Research Object Entity, Name, L1520524:Architecture Decision Making)', '(R873340:Guiding Architectural Decision Making on Service Mesh Based Microservice Architectures, contribution, R873361:First Research Object 2)', '(R873368:Research Object Entity, Name, L1530360:Architecture Decision Making)', '(R873370:Input Data, used, L1530363:False)', '(R872105:Research Object Entity, Name, L1527784:Architecture Decision Making)']",Which papers investigate architecture decision making and do not have input data available in 2018?,The papers that investigate architecture decision and do not have input data available in the year 2018 are 'Understanding Architecture Decisions in Context' and 'Empirical Insights into the Evolving Role of Architects in Decision-Making in an Agile Context'.,"['10.1007/978-3-030-00761-4_19', '10.1007/978-3-030-00761-4_19', '10.1007/978-3-030-00761-4_19', '10.1007/978-3-030-00761-4_17', '10.1007/978-3-030-00761-4_17', '10.1007/978-3-030-00761-4_17']",,"['(R868640:Research Object Entity, Name, L1520524:Architecture Decision Making)', '(R868608:Understanding Architecture Decisions in Context, publication year, L1520464:2018)', '(R868642:Input Data, None, L1520528:True)', '(R873329:Research Object Entity, Name, L1530276:Architecture Decision Making)', '(R873301:Empirical Insights into the Evolving Role of Architects in Decision-Making in an Agile Context, publication year, L1530222:2018)', '(R873331:Input Data, None, L1530280:True)']",clustering_strategy,R659055,Software Architecture and Design,5,Which papers with the research object [research object name do not have input data available in the year [Metadata: year]?
159,c75b3cf0921537bf3249b9a498522306,3ba8a537-4a5c-4e4f-85e5-ca580c68e6b7,"

**Papers that meet the three‑part query (Focus‑Group evaluation + no use of input data + published in 2017)**  

| Source | Paper (title) | Evaluation method | Input‑data used? | Publication year |
|--------|----------------|-------------------|------------------|------------------|
| **[2]** | “On Cognitive Biases in Architecture Decision Making” | Focus Group | **No** (input‑data field is “None” / unavailable) | 2017 |
| **[3]** | “Architectural Assumptions and Their Management in Industry – An Exploratory Study” | Focus Group | **No** (evidence shows “input‑data = False”) | 2017 |

**Sources that indicate no paper satisfies all three conditions**

| Source | Reason why no paper meets the query |
|--------|--------------------------------------|
| **[1]** | The only Focus‑Group paper identified does not use input data, but its publication year is **2018**, not 2017. |
| **[4]** | A Focus‑Group paper exists, but it uses input data and is dated **2017** (so the “no‑input‑data” condition fails). |
| **[5]** | “Technical Architectures for Automotive Systems” has a Focus‑Group evaluation and does **not** use input data, but the **publication year 2017 is not confirmed** in the text. |
| **[6]** | The Focus‑Group paper found uses input data and was published in **2019** (does not meet the year or input‑data condition). |
| **[7]** | The only Focus‑Group paper is dated **2021** and uses input data, thus failing all three criteria. |
| **[8]** | “Continuous Architecture: Towards the Goldilocks Zone and Away from Vicious Circles” has a Focus‑Group evaluation and no input‑data usage, but its publication year is **not stated as 2017**. |
| **[9]** | “Designing Robust Software Systems through Parametric Markov Chain Synthesis” does not use input data and is dated **2017**, but its evaluation method is **Quality of Method**, not Focus Group. |

**Summary**

- According to the information provided, two sources ([2] and [3]) explicitly state that a single paper each meets **all three** required conditions: Focus‑Group evaluation, no use of input data, and a 2017 publication year.
- The remaining sources either (i) identify a Focus‑Group paper that does not use input data but whose publication year is not 2017, (ii) find a Focus‑Group paper that uses input data, or (iii) do not associate a Focus‑Group evaluation with a 2017 paper at all. Consequently, they report that **no paper in the supplied texts satisfies the exact three‑part criterion**.

[1] Source: Understanding Architecture Decisions in Context, 10.1007/978-3-030-00761-4_19
[2] Source: On Cognitive Biases in Architecture Decision Making, 10.1007/978-3-319-65831-5_9
[3] Source: Architectural Assumptions and Their Management in Industry – An Exploratory Study, 10.1007/978-3-319-65831-5_14
[4] Source: Quality Evaluation of PaaS Cloud Application Design Using Generated Prototypes, 10.1109/ICSA.2017.43
[5] Source: Technical Architectures for Automotive Systems, 10.1109/ICSA47634.2020.00013
[6] Source: An Exploratory Study of Naturalistic Decision Making in Complex Software Architecture Environments, 10.1007/978-3-030-29983-5_4
[7] Source: System- and Software-level Architecting Harmonization Practices for Systems-of-Systems : An exploratory case study on a long-running large-scale scientific instrument, 10.1109/ICSA51549.2021.00010
[8] Source: Continuous Architecture: Towards the Goldilocks Zone and Away from Vicious Circles, 10.1109/ICSA.2019.00022
[9] Source: Designing Robust Software Systems through Parametric Markov Chain Synthesis, 10.1109/ICSA.2017.16
",['2017'],0.0,0.25,0.0,0.0,0.0,0.0,0.0,0.0,0.0,0.0,0.0,0.0,0.0,0.0,0.08,0.67,0.14,0.26,0.13,0.83,0.23,0.4,0.0,0.0,0.077,0.132,0.03,0.18,0.1,0.95,0.12,0.07,0.67,0.12,0.07,0.65,0.356,0.654,0.461,0.0,582.2754738330841,0.00253245,25589,0,0.0,,0,0.0,,,0.0,0.0,,0.0,0.0,https://wandb.ai/kastel-sdq-meta-research/experiment_cross_encoder/r/call/01a05e92-7271-747b-b69c-05c239dd41fb,retrieval_config,False,KitToolbox,kit.qwen3-embedding-8b,10,10,True,cosine,True,False,10,-1,8,False,False,1,False,-1,-1,False,,['R659055'],['Paper'],False,True,False,kg_retrieval,hublink,kittoolbox_kit.minimax-m2.7-229b_tmpNone_maxt-1_reasoningNone,KitToolbox,kit.minimax-m2.7-229b,,-1,,kittoolbox_kit.minimax-m2.7-229b_tmpNone_maxt-1_reasoningNone,KitToolbox,kit.minimax-m2.7-229b,,-1,,orkg_merged_ecsa_icsa.json_jsonpublicationloader_limit-1,['paper_class'],['research_level'],['first_research_object'],['second_research_object'],['validity'],['evidence'],False,False,R659055,https://sandbox.orkg.org,-1,orkg,merged_ecsa_icsa.json_jsonpublicationloader_limit-1,merged_ecsa_icsa.json,JsonPublicationLoader,-1,,4000,2,generation_kittoolbox_kit.minimax-m2.7-229b_tmpNone_maxt-1_reasoningNone,generation,kittoolbox_kit.minimax-m2.7-229b_tmpNone_maxt-1_reasoningNone,KitToolbox,kit.minimax-m2.7-229b,,-1,,"['(R870929:Technical Architectures for Automotive Systems, contribution, R2156350:Second Research Object 2)', '(R2156350:Second Research Object 2, evaluation, R2156353:Evaluation)', '(R2156353:Evaluation, Evaluation method, R2156354:Evaluation Method List)', '(R2156354:Evaluation Method List, Entity, R2156356:Evaluation Method Entity)', '(R2156356:Evaluation Method Entity, Name, L2809723:Focus Group)', '(R873775:Continuous Architecture: Towards the Goldilocks Zone and Away from Vicious Circles, contribution, R873796:First Research Object 2)', '(R873796:First Research Object 2, evaluation, R873797:Evaluation)', '(R873797:Evaluation, Evaluation method, R873798:Evaluation Method List)', '(R873798:Evaluation Method List, Entity, R873799:Evaluation Method Entity)', '(R873799:Evaluation Method Entity, Name, L1531251:Focus Group)', '(R868634:Evaluation Method Entity, Name, L1520518:Focus Group)', '(R871508:Evaluation Method Entity, Name, L1526567:Focus Group)', '(R874243:Evaluation Method Entity, Name, L1532191:Focus Group)', '(R868651:Architectural Assumptions and Their Management in Industry – An Exploratory Study, contribution, R868676:First Research Object 2)', '(R868676:First Research Object 2, evaluation, R868677:Evaluation)', '(R868677:Evaluation, Evaluation method, R868682:Evaluation Method List)', '(R868682:Evaluation Method List, Entity, R868683:Evaluation Method Entity)', '(R868683:Evaluation Method Entity, Name, L1520616:Focus Group)', '(R871104:Quality Evaluation of PaaS Cloud Application Design Using Generated Prototypes, publication year, L1525740:2017)', '(R873977:Evaluation Method Entity, Name, L1531621:Focus Group)', '(R874250:Evidence 2, Uses Input Data, R874251:Input Data)', '(R2156332:Evidence 2, Uses Input Data, R2156333:Input Data)', '(R871484:On Cognitive Biases in Architecture Decision Making, publication year, L1526519:2017)', '(R870929:Technical Architectures for Automotive Systems, contribution, R870978:Evidence 2)', '(R870978:Evidence 2, Uses Input Data, R870979:Input Data)', '(R870979:Input Data, None, L1525474:False)', '(R868403:Designing Robust Software Systems through Parametric Markov Chain Synthesis, publication year, L1520024:2017)', '(R871133:Evidence 2, Uses Input Data, R871134:Input Data)', '(R868651:Architectural Assumptions and Their Management in Industry – An Exploratory Study, publication year, L1520562:2017)', '(R871134:Input Data, used, L1525794:True)', '(R873982:Evidence 2, Uses Input Data, R873983:Input Data)', '(R871514:Input Data, available, L1526573:False)', '(R871128:Evaluation Method Entity, Name, L1525787:Case Study)', '(R873775:Continuous Architecture: Towards the Goldilocks Zone and Away from Vicious Circles, contribution, R873804:Evidence 2)', '(R873804:Evidence 2, Uses Input Data, R873805:Input Data)', '(R873805:Input Data, None, L1531259:False)', '(R2156333:Input Data, used, L2809689:True)', '(R873983:Input Data, used, L1531628:True)', '(R2156215:Evaluation Method Entity, Name, L2809582:Case Study)', '(R868651:Architectural Assumptions and Their Management in Industry – An Exploratory Study, contribution, R868688:Evidence 2)', '(R868642:Input Data, used, L1520527:False)', '(R871514:Input Data, used, L1526574:False)', '(R874251:Input Data, used, L1532200:True)', '(R868633:Evaluation Method List, Entity, R868634:Evaluation Method Entity)', '(R873805:Input Data, used, L1531258:False)', '(R868642:Input Data, available, L1520526:False)', '(R868689:Input Data, used, L1520623:False)', '(R868608:Understanding Architecture Decisions in Context, publication year, L1520464:2018)', '(R873937:An Exploratory Study of Naturalistic Decision Making in Complex Software Architecture Environments, publication year, L1531555:2019)', '(R874205:System- and Software-level Architecting Harmonization Practices for Systems-of-Systems : An exploratory case study on a long-running large-scale scientific instrument, publication year, L1532127:2021)', '(R868437:Input Data, None, L1520087:False)', '(R868432:Property, Name, L1520082:Quality of Method)']",Which papers with the evaluation method Focus Group have not used input data in the publication year 2017?,The papers that did not use input data in the year 2017 with the evaluation method Focus Group are 'Architectural Assumptions and Their Management in Industry – An Exploratory Study' and 'On Cognitive Biases in Architecture Decision Making'.,"['10.1007/978-3-319-65831-5_14', '10.1007/978-3-319-65831-5_14', '10.1007/978-3-319-65831-5_14', '10.1007/978-3-319-65831-5_9', '10.1007/978-3-319-65831-5_9', '10.1007/978-3-319-65831-5_9']",,"['(R868683:Evaluation Method Entity, Name, L1520616:Focus Group)', '(R868651:Architectural Assumptions and Their Management in Industry – An Exploratory Study, publication year, L1520562:2017)', '(R868689:Input Data, None, L1520624:True)', '(R871508:Evaluation Method Entity, Name, L1526567:Focus Group)', '(R871484:On Cognitive Biases in Architecture Decision Making, publication year, L1526519:2017)', '(R871514:Input Data, None, L1526575:True)']",clustering_strategy,R659055,Software Architecture and Design,6,Which papers with the evaluation method with the name [Content Data: evaluation method name] have not used input data in the year [Metadata: year]?
160,c75b3cf0921537bf3249b9a498522306,7847b4a1-c9c7-4958-a718-7b94d0457429,"

Based on the partial answers provided, the only paper that meets all specified criteria—using a motivating example for evaluation, not using input data, and associated with the year 2018—is:

**""Enabling Continuous Software Engineering for Embedded Systems Architectures with Virtual Prototypes""** [8]

This paper is explicitly noted as having been published in 2018 and used a Motivating Example as its evaluation method. While Evidence 2 references Input Data, the data was not actually used (the ""used"" attribute is false or the data is not available) [8].

Other papers such as ""Design Criteria to Architect Continuous Experimentation for Self‑Driving Vehicles"" [1], ""Data‑Centric Communication and Containerization for Future Automotive Software Architectures"" [5], and ""Model‑based Performance Analysis for Architecting Cyber‑Physical Dynamic Spaces"" [7] also used motivating examples and did not use input data, but the provided texts do not confirm the year 2018 for these publications.

[1] Source: Design Criteria to Architect Continuous Experimentation for Self-Driving Vehicles, 10.1109/ICSA.2017.36
[5] Source: Data-Centric Communication and Containerization for Future Automotive Software Architectures, 10.1109/ICSA.2018.00016
[7] Source: Model-based Performance Analysis for Architecting Cyber-Physical Dynamic Spaces, 10.1109/ICSA51549.2021.00018
[8] Source: Enabling Continuous Software Engineering for Embedded Systems Architectures with Virtual Prototypes, 10.1007/978-3-030-00761-4_8
",['2018'],0.0,0.0,0.0,0.013,0.0,0.125,0.0,0.0,0.0,0.0,0.07,0.08,0.08,0.08,0.04,0.17,0.06,0.1,0.09,0.25,0.13,0.19,0.0,0.071,0.04,0.091,0.07,0.37,0.24,0.81,0.2,0.13,0.45,0.28,0.18,0.63,0.531,0.714,0.609,1.0,517.5509440898895,0.00011009999999999999,12161,0,0.0,,0,0.0,,,0.0,0.0,,0.0,0.0,https://wandb.ai/kastel-sdq-meta-research/experiment_cross_encoder/r/call/01a05e93-f497-7c87-a5dd-8c0f96120ee3,retrieval_config,False,KitToolbox,kit.qwen3-embedding-8b,10,10,True,cosine,True,False,10,-1,8,False,False,1,False,-1,-1,False,,['R659055'],['Paper'],False,True,False,kg_retrieval,hublink,kittoolbox_kit.minimax-m2.7-229b_tmpNone_maxt-1_reasoningNone,KitToolbox,kit.minimax-m2.7-229b,,-1,,kittoolbox_kit.minimax-m2.7-229b_tmpNone_maxt-1_reasoningNone,KitToolbox,kit.minimax-m2.7-229b,,-1,,orkg_merged_ecsa_icsa.json_jsonpublicationloader_limit-1,['paper_class'],['research_level'],['first_research_object'],['second_research_object'],['validity'],['evidence'],False,False,R659055,https://sandbox.orkg.org,-1,orkg,merged_ecsa_icsa.json_jsonpublicationloader_limit-1,merged_ecsa_icsa.json,JsonPublicationLoader,-1,,4000,2,generation_kittoolbox_kit.minimax-m2.7-229b_tmpNone_maxt-1_reasoningNone,generation,kittoolbox_kit.minimax-m2.7-229b_tmpNone_maxt-1_reasoningNone,KitToolbox,kit.minimax-m2.7-229b,,-1,,"['(R872636:Data-Centric Communication and Containerization for Future Automotive Software Architectures, contribution, R872682:Second Research Object 2)', '(R872682:Second Research Object 2, evaluation, R872683:Evaluation)', '(R872683:Evaluation, Evaluation method, R872684:Evaluation Method List)', '(R872684:Evaluation Method List, Entity, R872685:Evaluation Method Entity)', '(R872685:Evaluation Method Entity, Name, L1528973:Motivating Example)', '(R2156146:Evaluation Method Entity, Name, L2809495:Motivating Example)', '(R874158:Evaluation Method Entity, Name, L1531993:Motivating Example)', '(R870603:Enabling Continuous Software Engineering for Embedded Systems Architectures with Virtual Prototypes, contribution, R2156194:First Research Object 2)', '(R2156194:First Research Object 2, evaluation, R2156206:Evaluation)', '(R2156206:Evaluation, Evaluation method, R2156210:Evaluation Method List)', '(R2156210:Evaluation Method List, Entity, R2156213:Evaluation Method Entity)', '(R2156213:Evaluation Method Entity, Name, L2809574:Motivating Example)', '(R870603:Enabling Continuous Software Engineering for Embedded Systems Architectures with Virtual Prototypes, publication year, L1524714:2018)', '(R872636:Data-Centric Communication and Containerization for Future Automotive Software Architectures, contribution, R872691:Evidence 2)', '(R872691:Evidence 2, Uses Input Data, R872692:Input Data)', '(R872692:Input Data, None, L1528982:False)', '(R870270:Design Criteria to Architect Continuous Experimentation for Self-Driving Vehicles, contribution, R870299:Evidence 2)', '(R874150:Evaluation Method Entity, Name, L1531988:Motivating Example)', '(R870603:Enabling Continuous Software Engineering for Embedded Systems Architectures with Virtual Prototypes, contribution, R874770:Evidence 2)', '(R874770:Evidence 2, Uses Input Data, R874771:Input Data)', '(R874771:Input Data, available, L1533312:False)', '(R870300:Input Data, used, L1524089:False)', '(R870300:Input Data, available, L1524088:False)', '(R874771:Input Data, used, L1533313:False)', '(R874164:Input Data, used, L1532000:False)']",Which papers used a motivating example for their evaluation but did not use input data in the year 2018?,The papers that used the evaluation method Motivating Example and do not have input data available in the year 2018 are 'Enabling Continuous Software Engineering for Embedded Systems Architectures with Virtual Prototypes' and 'A DSL for MAPE Patterns Representation in Self-adapting Systems'. ,"['10.1007/978-3-030-00761-4_8', '10.1007/978-3-030-00761-4_8', '10.1007/978-3-030-00761-4_8', '10.1007/978-3-030-00761-4_1', '10.1007/978-3-030-00761-4_1', '10.1007/978-3-030-00761-4_1']",,"['(R871053:Evaluation Method Entity, Name, L1525635:Motivating Example)', '(R870603:Enabling Continuous Software Engineering for Embedded Systems Architectures with Virtual Prototypes, publication year, L1524714:2018)', '(R874778:Input Data, None, L1533332:True)', '(R870622:Evaluation Method Entity, Name, L1524743:Motivating Example)', '(R871034:A DSL for MAPE Patterns Representation in Self-adapting Systems, publication year, L1525606:2018)', '(R874771:Input Data, None, L1533314:True)']",clustering_strategy,R659055,Software Architecture and Design,6,Which papers used a [Content Data: evaluation method name] for their evaluation but did not use input data in the year [Metadata: year]?
161,c75b3cf0921537bf3249b9a498522306,fcb2ce85-a751-4a0d-a330-27d5ccc86dbf,"

The only paper in the supplied texts that uses the **Benchmark** evaluation method is classified as **Paper Class 2**【1】. However, the source material does not include any information about a 2020 publication year, so it cannot be confirmed whether this paper (or any other Benchmark‑based paper) belongs to the set published in 2020. Consequently, while Paper Class 2 is the only class represented among the Benchmark papers described, the required data about the 2020 publication year is missing, leaving the specific query unanswered.

",['2020'],0.0,0.0,0.0,0.0,0.0,0.0,0.0,0.0,0.0,0.0,0.0,0.0,0.0,0.0,0.0,0.0,0.0,0.0,0.0,0.0,0.0,0.0,0.0,0.0,0.0,0.0,0.02,0.33,0.21,0.75,0.09,0.06,0.22,0.24,0.15,0.54,0.453,0.607,0.519,0.0,408.9271893501282,0.0023059499999999998,17845,0,0.0,,0,0.0,,,0.0,0.0,,0.0,0.0,https://wandb.ai/kastel-sdq-meta-research/experiment_cross_encoder/r/call/01a05e94-4699-71d2-8db5-f6ba8673c69e,retrieval_config,False,KitToolbox,kit.qwen3-embedding-8b,10,10,True,cosine,True,False,10,-1,8,False,False,1,False,-1,-1,False,,['R659055'],['Paper'],False,True,False,kg_retrieval,hublink,kittoolbox_kit.minimax-m2.7-229b_tmpNone_maxt-1_reasoningNone,KitToolbox,kit.minimax-m2.7-229b,,-1,,kittoolbox_kit.minimax-m2.7-229b_tmpNone_maxt-1_reasoningNone,KitToolbox,kit.minimax-m2.7-229b,,-1,,orkg_merged_ecsa_icsa.json_jsonpublicationloader_limit-1,['paper_class'],['research_level'],['first_research_object'],['second_research_object'],['validity'],['evidence'],False,False,R659055,https://sandbox.orkg.org,-1,orkg,merged_ecsa_icsa.json_jsonpublicationloader_limit-1,merged_ecsa_icsa.json,JsonPublicationLoader,-1,,4000,2,generation_kittoolbox_kit.minimax-m2.7-229b_tmpNone_maxt-1_reasoningNone,generation,kittoolbox_kit.minimax-m2.7-229b_tmpNone_maxt-1_reasoningNone,KitToolbox,kit.minimax-m2.7-229b,,-1,,"['(R871582:Experiments in Curation: Towards Machine-Assisted Construction of Software Architecture Knowledge Bases, contribution, R871608:First Research Object 2)', '(R871608:First Research Object 2, evaluation, R871614:Evaluation)', '(R871614:Evaluation, Evaluation method, R871615:Evaluation Method List)', '(R871615:Evaluation Method List, Entity, R871616:Evaluation Method Entity)', '(R871616:Evaluation Method Entity, Name, L1526778:Benchmark)', '(R871582:Experiments in Curation: Towards Machine-Assisted Construction of Software Architecture Knowledge Bases, contribution, R871606:Paper Class 2)', '(R871608:First Research Object 2, evaluation, R871609:Evaluation)', '(R871609:Evaluation, Evaluation method, R871610:Evaluation Method List)']","Among papers that apply the evaluation method Benchmark, what is the most frequent paper class of papers published in the publication year 2020?",The paper class that has the most papers applying the evaluation method Benchmark in the publication year 2020 is the proposal of a solution.,"['10.1007/978-3-030-58923-3_2', '10.1007/978-3-030-58923-3_2', '10.1007/978-3-030-58923-3_2', '10.1109/ICSA47634.2020.00009', '10.1109/ICSA47634.2020.00009', '10.1109/ICSA47634.2020.00009', '10.1109/ICSA47634.2020.00009']",,"['(R871169:Evaluation Method Entity, Name, L1525874:Benchmark)', '(R871143:Formal Software Architectural Migration Towards Emerging Architectural Styles, publication year, L1525821:2020)', '(R871164:Paper Class 2, proposal of solution, L1525868:True)', '(R874284:Evaluation Method Entity, Name, L1532280:Benchmark)', '(R874260:Employment of Optimal Approximations on Apache Hadoop Checkpoint Technique for Performance Improvements, publication year, L1532232:2020)', '(R874279:Paper Class 2, validation research, L1532272:True)', '(R874279:Paper Class 2, proposal of solution, L1532274:True)']",clustering_strategy,R659055,Software Architecture and Design,6,What is the paper class which has the most papers that are published in the year [Metadata: year] that apply the evaluation method with the name [Content Data: evaluation method name]?
162,c75b3cf0921537bf3249b9a498522306,ebd0eb33-3a2c-4aa3-baf3-0478a96b6099,"

The most frequent – in fact the only – paper class among the publications that applied **Grounded Theory** for evaluation in 2019 is **Paper Class 2**【1】【2】【3】【4】【5】. All of the identified 2019 studies that used Grounded Theory in their evaluation are recorded as belonging to this class, and no other paper class appears in the provided sources for this specific criterion.

",['2019'],0.222,0.222,0.05,0.339,0.2,1.0,0.2,0.22,0.21,0.22,0.43,0.33,0.38,0.35,0.24,0.56,0.33,0.44,0.42,0.61,0.5,0.56,0.2,0.429,0.238,0.423,0.04,0.4,0.27,0.77,0.17,0.11,0.33,0.24,0.16,0.45,0.484,0.681,0.566,0.0,323.5708763599396,0.00239655,15619,0,0.0,,0,0.0,,,0.0,0.0,,0.0,0.0,https://wandb.ai/kastel-sdq-meta-research/experiment_cross_encoder/r/call/01a05e97-09ee-7e73-b6e7-9a413d703503,retrieval_config,False,KitToolbox,kit.qwen3-embedding-8b,10,10,True,cosine,True,False,10,-1,8,False,False,1,False,-1,-1,False,,['R659055'],['Paper'],False,True,False,kg_retrieval,hublink,kittoolbox_kit.minimax-m2.7-229b_tmpNone_maxt-1_reasoningNone,KitToolbox,kit.minimax-m2.7-229b,,-1,,kittoolbox_kit.minimax-m2.7-229b_tmpNone_maxt-1_reasoningNone,KitToolbox,kit.minimax-m2.7-229b,,-1,,orkg_merged_ecsa_icsa.json_jsonpublicationloader_limit-1,['paper_class'],['research_level'],['first_research_object'],['second_research_object'],['validity'],['evidence'],False,False,R659055,https://sandbox.orkg.org,-1,orkg,merged_ecsa_icsa.json_jsonpublicationloader_limit-1,merged_ecsa_icsa.json,JsonPublicationLoader,-1,,4000,2,generation_kittoolbox_kit.minimax-m2.7-229b_tmpNone_maxt-1_reasoningNone,generation,kittoolbox_kit.minimax-m2.7-229b_tmpNone_maxt-1_reasoningNone,KitToolbox,kit.minimax-m2.7-229b,,-1,,"['(R873340:Guiding Architectural Decision Making on Service Mesh Based Microservice Architectures, contribution, R873361:First Research Object 2)', '(R873361:First Research Object 2, evaluation, R873362:Evaluation)', '(R873362:Evaluation, Evaluation method, R873363:Evaluation Method List)', '(R873363:Evaluation Method List, Entity, R873364:Evaluation Method Entity)', '(R873364:Evaluation Method Entity, Name, L1530356:Grounded Theory)', '(R868290:How Developers Discuss Architecture Smells? An Exploratory Study on Stack Overflow, contribution, R868309:First Research Object 2)', '(R868309:First Research Object 2, evaluation, R868310:Evaluation)', '(R868312:Evaluation Method Entity, Name, L1519814:Grounded Theory)', '(R869566:Assessing Architecture Conformance to Coupling-Related Patterns and Practices in Microservices, contribution, R869587:First Research Object 2)', '(R869587:First Research Object 2, evaluation, R869588:Evaluation)', '(R869588:Evaluation, Evaluation method, R869589:Evaluation Method List)', '(R869589:Evaluation Method List, Entity, R869590:Evaluation Method Entity)', '(R869590:Evaluation Method Entity, Name, L1522568:Grounded Theory)', '(R870188:Microservice Architecture in Reality: An Industrial Inquiry, publication year, L1523853:2019)', '(R873340:Guiding Architectural Decision Making on Service Mesh Based Microservice Architectures, contribution, R873359:Paper Class 2)', '(R869566:Assessing Architecture Conformance to Coupling-Related Patterns and Practices in Microservices, contribution, R869585:Paper Class 2)', '(R868290:How Developers Discuss Architecture Smells? An Exploratory Study on Stack Overflow, contribution, R868307:Paper Class 2)', '(R868307:Paper Class 2, evaluation research, L1519811:True)', '(R873340:Guiding Architectural Decision Making on Service Mesh Based Microservice Architectures, publication year, L1530308:2019)', '(R868290:How Developers Discuss Architecture Smells? An Exploratory Study on Stack Overflow, publication year, L1519766:2019)', '(R870188:Microservice Architecture in Reality: An Industrial Inquiry, contribution, R2156156:Paper Class 2)']",Which is the most frequent paper class of publications that applied grounded theory for evaluation in 2019?,The paper class that has the most papers with the evaluation method Grounded Theory in the publication year 2019 is evaluation research.,"['10.1007/978-3-030-29983-5_1', '10.1007/978-3-030-29983-5_1', '10.1007/978-3-030-29983-5_1', '10.1007/978-3-030-29983-5_2', '10.1007/978-3-030-29983-5_2', '10.1007/978-3-030-29983-5_2', '10.1109/ICSA.2019.00018', '10.1109/ICSA.2019.00018', '10.1109/ICSA.2019.00018']",,"['(R873364:Evaluation Method Entity, Name, L1530356:Grounded Theory)', '(R873340:Guiding Architectural Decision Making on Service Mesh Based Microservice Architectures, publication year, L1530308:2019)', '(R873359:Paper Class 2, evaluation research, L1530353:True)', '(R873005:Evaluation Method Entity, Name, L1529647:Grounded Theory)', '(R872980:Supporting Architectural Decision Making on Data Management in Microservice Architectures, publication year, L1529596:2019)', '(R873000:Paper Class 2, evaluation research, L1529644:True)', '(R868312:Evaluation Method Entity, Name, L1519814:Grounded Theory)', '(R868290:How Developers Discuss Architecture Smells? An Exploratory Study on Stack Overflow, publication year, L1519766:2019)', '(R868307:Paper Class 2, evaluation research, L1519811:True)']",clustering_strategy,R659055,Software Architecture and Design,6,Which paper class has the most papers with the evaluation method [method name] in the publication year [Metadata: year]?
163,c75b3cf0921537bf3249b9a498522306,56884f4f-6a07-48cc-9b25-1b6a34445daa,"

The texts consistently identify **Paper Class 2** as the only paper class associated with the research object “Architecture Evolution” [1][2][3][5].  However, source [4] notes that the single Architecture‑Evolution paper it mentions was published in 2020, and it does not cite any Architecture‑Evolution papers for 2021.  Consequently, while Paper Class 2 is the most frequent (and only) class reported for Architecture‑Evolution papers, the available information does not unequivocally confirm the presence of an Architecture‑Evolution paper in 2021.  Therefore, based on the provided sources, the most frequent paper class for Architecture‑Evolution papers would be **Paper Class 2**, but this conclusion is subject to the limited data for the year 2021.  

**References**  
- [1]  
- [2]  
- [3]  
- [4]  
- [5]

[1] Source: Continuous API Evolution in Heterogenous Enterprise Software Systems, 10.1109/ICSA51549.2021.00014
[2] Source: Improving the Consistency and Usefulness of Architecture Descriptions: Guidelines for Architects, 10.1109/ICSA.2019.00024
[3] Source: EASIER: An Evolutionary Approach for Multi-objective Software ArchItecturE Refactoring, 10.1109/ICSA.2018.00020
[4] Source: Incremental Calibration of Architectural Performance Models with Parametric Dependencies, 10.1109/ICSA47634.2020.00011
[5] Source: How Software Architects Focus Their Attention, 10.1007/978-3-030-86044-8_21
",['2021'],0.0,0.077,0.0,0.01,0.0,0.1,0.0,0.0,0.0,0.0,0.07,0.08,0.07,0.08,0.11,0.29,0.15,0.21,0.22,0.38,0.28,0.33,0.0,0.071,0.105,0.217,0.02,0.25,0.15,0.82,0.11,0.07,0.38,0.21,0.12,0.68,0.344,0.613,0.441,1.0,438.11456274986267,0.0,75566,0,0.0,,0,0.0,,,0.0,0.0,,0.0,0.0,https://wandb.ai/kastel-sdq-meta-research/experiment_cross_encoder/r/call/01a05e9b-0e21-7a76-84e0-97adf48c8ddd,retrieval_config,False,KitToolbox,kit.qwen3-embedding-8b,10,10,True,cosine,True,False,10,-1,8,False,False,1,False,-1,-1,False,,['R659055'],['Paper'],False,True,False,kg_retrieval,hublink,kittoolbox_kit.minimax-m2.7-229b_tmpNone_maxt-1_reasoningNone,KitToolbox,kit.minimax-m2.7-229b,,-1,,kittoolbox_kit.minimax-m2.7-229b_tmpNone_maxt-1_reasoningNone,KitToolbox,kit.minimax-m2.7-229b,,-1,,orkg_merged_ecsa_icsa.json_jsonpublicationloader_limit-1,['paper_class'],['research_level'],['first_research_object'],['second_research_object'],['validity'],['evidence'],False,False,R659055,https://sandbox.orkg.org,-1,orkg,merged_ecsa_icsa.json_jsonpublicationloader_limit-1,merged_ecsa_icsa.json,JsonPublicationLoader,-1,,4000,2,generation_kittoolbox_kit.minimax-m2.7-229b_tmpNone_maxt-1_reasoningNone,generation,kittoolbox_kit.minimax-m2.7-229b_tmpNone_maxt-1_reasoningNone,KitToolbox,kit.minimax-m2.7-229b,,-1,,"['(R873599:Improving the Consistency and Usefulness of Architecture Descriptions: Guidelines for Architects, contribution, R873627:First Research Object 2)', '(R873627:First Research Object 2, Object, R873636:Research Object List)', '(R873636:Research Object List, Entity, R873637:Research Object Entity)', '(R873637:Research Object Entity, Name, L1530905:Architecture Evolution)', '(R870059:Incremental Calibration of Architectural Performance Models with Parametric Dependencies, contribution, R2156282:First Research Object 2)', '(R2156282:First Research Object 2, Object, R2156285:Research Object List)', '(R2156285:Research Object List, Entity, R2156290:Research Object Entity)', '(R2156290:Research Object Entity, Name, L2809656:Architecture Evolution)', '(R871305:EASIER: An Evolutionary Approach for Multi-objective Software ArchItecturE Refactoring, contribution, R2156142:Paper Class 2)', '(R874338:Continuous API Evolution in Heterogenous Enterprise Software Systems, contribution, R874367:First Research Object 2)', '(R874367:First Research Object 2, Object, R874381:Research Object List)', '(R874381:Research Object List, Entity, R874382:Research Object Entity)', '(R874382:Research Object Entity, Name, L1532476:Architecture Evolution)', '(R871305:EASIER: An Evolutionary Approach for Multi-objective Software ArchItecturE Refactoring, contribution, R871325:Paper Class 2)', '(R873599:Improving the Consistency and Usefulness of Architecture Descriptions: Guidelines for Architects, contribution, R873625:Paper Class 2)', '(R874338:Continuous API Evolution in Heterogenous Enterprise Software Systems, contribution, R874365:Paper Class 2)', '(R870059:Incremental Calibration of Architectural Performance Models with Parametric Dependencies, contribution, R2156208:Paper Class 2)', '(R874338:Continuous API Evolution in Heterogenous Enterprise Software Systems, publication year, L1532404:2021)', '(R870059:Incremental Calibration of Architectural Performance Models with Parametric Dependencies, publication year, L1523564:2020)']",Which is the most frequent paper class of papers with the research object Architecture Evolution in the publication year 2021?,The paper class that has the most papers with the research object Architecture Evolution in the publication year 2021 is evaluation research.,"['10.1109/ICSA51549.2021.00009', '10.1109/ICSA51549.2021.00009', '10.1109/ICSA51549.2021.00009', '10.1109/ICSA51549.2021.00014', '10.1109/ICSA51549.2021.00014', '10.1109/ICSA51549.2021.00014', '10.1109/ICSA51549.2021.00014']",,"['(R868734:Research Object Entity, Name, L1520720:Architecture Evolution)', '(R868698:Enabling Consistency between Software Artefacts for Software Adaption and Evolution, publication year, L1520654:2021)', '(R868721:Paper Class 2, evaluation research, L1520709:True)', '(R874382:Research Object Entity, Name, L1532476:Architecture Evolution)', '(R874338:Continuous API Evolution in Heterogenous Enterprise Software Systems, publication year, L1532404:2021)', '(R874365:Paper Class 2, proposal of solution, L1532459:True)', '(R874365:Paper Class 2, evaluation research, L1532462:True)']",clustering_strategy,R659055,Software Architecture and Design,5,Which paper class has the most papers with the research object [object name] in the publication year [Metadata: year]?
164,c75b3cf0921537bf3249b9a498522306,637feaff-e82b-420d-bec4-4aba3df5e52f,"

The publications that investigated **architecture extractions** in 2018 are all classified as **Paper Class 2**.  

- The papers “A Platform for the Automated Provisioning of Architecture Information for Large‑Scale Service‑Oriented Software Systems” [1], “Towards Micro Service Architecture Recovery: An Empirical Study” [2], and “Butterfly Space: An Architectural Approach for Investigating Performance Issues” [3] are each identified as Paper Class 2 and dated 2018.  
- No other paper class is mentioned for any 2018 work on architecture extraction [4].  

Because every 2018 publication that falls within the scope of architecture extraction is assigned to Paper Class 2, this class is the most frequent (in fact, the only) class reported for that year.  

**Answer:** The most frequent paper class for architecture‑extraction investigations in 2018 is **Paper Class 2**.

[1] Source: A Platform for the Automated Provisioning of Architecture Information for Large-Scale Service-Oriented Software Systems, 10.1007/978-3-030-00761-4_14
[2] Source: Towards Micro Service Architecture Recovery: An Empirical Study, 10.1109/ICSA.2018.00014
[3] Source: Butterfly Space: An Architectural Approach for Investigating Performance Issues, 10.1109/ICSA47634.2020.00027
[4] Source: Empirical Insights into the Evolving Role of Architects in Decision-Making in an Agile Context, 10.1007/978-3-030-00761-4_17
",['2018'],0.143,0.308,0.029,0.053,0.2,0.2,0.1,0.14,0.12,0.13,0.29,0.31,0.3,0.3,0.18,0.43,0.25,0.33,0.38,0.62,0.47,0.55,0.1,0.286,0.176,0.381,0.01,0.21,0.13,0.73,0.1,0.06,0.33,0.17,0.1,0.59,0.389,0.577,0.465,1.0,414.0574281215668,0.0,3647,0,0.0,,0,0.0,,,0.0,0.0,,0.0,0.0,https://wandb.ai/kastel-sdq-meta-research/experiment_cross_encoder/r/call/01a05e9b-c425-7582-be13-decc15ed8906,retrieval_config,False,KitToolbox,kit.qwen3-embedding-8b,10,10,True,cosine,True,False,10,-1,8,False,False,1,False,-1,-1,False,,['R659055'],['Paper'],False,True,False,kg_retrieval,hublink,kittoolbox_kit.minimax-m2.7-229b_tmpNone_maxt-1_reasoningNone,KitToolbox,kit.minimax-m2.7-229b,,-1,,kittoolbox_kit.minimax-m2.7-229b_tmpNone_maxt-1_reasoningNone,KitToolbox,kit.minimax-m2.7-229b,,-1,,orkg_merged_ecsa_icsa.json_jsonpublicationloader_limit-1,['paper_class'],['research_level'],['first_research_object'],['second_research_object'],['validity'],['evidence'],False,False,R659055,https://sandbox.orkg.org,-1,orkg,merged_ecsa_icsa.json_jsonpublicationloader_limit-1,merged_ecsa_icsa.json,JsonPublicationLoader,-1,,4000,2,generation_kittoolbox_kit.minimax-m2.7-229b_tmpNone_maxt-1_reasoningNone,generation,kittoolbox_kit.minimax-m2.7-229b_tmpNone_maxt-1_reasoningNone,KitToolbox,kit.minimax-m2.7-229b,,-1,,"['(R873301:Empirical Insights into the Evolving Role of Architects in Decision-Making in an Agile Context, publication year, L1530222:2018)', '(R873301:Empirical Insights into the Evolving Role of Architects in Decision-Making in an Agile Context, contribution, R873320:Paper Class 2)', '(R873171:Butterfly Space: An Architectural Approach for Investigating Performance Issues, contribution, R873201:Paper Class 2)', '(R873201:Paper Class 2, validation research, L1530027:True)', '(R869648:A Platform for the Automated Provisioning of Architecture Information for Large-Scale Service-Oriented Software Systems, publication year, L1522702:2018)', '(R873855:Towards Micro Service Architecture Recovery: An Empirical Study, contribution, R873876:Paper Class 2)', '(R873201:Paper Class 2, evaluation research, L1530032:True)', '(R873201:Paper Class 2, philosophical paper, L1530031:False)', '(R873201:Paper Class 2, personal experience paper, L1530028:False)', '(R873855:Towards Micro Service Architecture Recovery: An Empirical Study, contribution, R873878:First Research Object 2)', '(R873878:First Research Object 2, Object, R873886:Research Object List)', '(R873886:Research Object List, Entity, R873887:Research Object Entity)', '(R873887:Research Object Entity, Name, L1531437:Architecture Extraction)', '(R873201:Paper Class 2, opinion paper, L1530030:False)', '(R873201:Paper Class 2, proposal of solution, L1530029:True)', '(R873855:Towards Micro Service Architecture Recovery: An Empirical Study, publication year, L1531379:2018)', '(R869648:A Platform for the Automated Provisioning of Architecture Information for Large-Scale Service-Oriented Software Systems, contribution, R869669:Paper Class 2)']",Which is the most frequent paper class of publications that investigated architecture extractions in 2018?,The paper class that has the most papers with the research object Architecture Extraction in the publication year 2018 is validation research.,"['10.1007/978-3-030-00761-4_14', '10.1007/978-3-030-00761-4_14', '10.1007/978-3-030-00761-4_14', '10.1007/978-3-030-00761-4_14', '10.1109/ICSA.2018.00014', '10.1109/ICSA.2018.00014', '10.1109/ICSA.2018.00014']",,"['(R869680:Research Object Entity, Name, L1522761:Architecture Extraction)', '(R869648:A Platform for the Automated Provisioning of Architecture Information for Large-Scale Service-Oriented Software Systems, publication year, L1522702:2018)', '(R869669:Paper Class 2, validation research, L1522747:True)', '(R869669:Paper Class 2, proposal of solution, L1522749:True)', '(R873887:Research Object Entity, Name, L1531437:Architecture Extraction)', '(R873855:Towards Micro Service Architecture Recovery: An Empirical Study, publication year, L1531379:2018)', '(R873876:Paper Class 2, validation research, L1531423:True)']",clustering_strategy,R659055,Software Architecture and Design,5,Which paper class has the most papers with the research object [object name] in the publication year [Metadata: year]?
165,c75b3cf0921537bf3249b9a498522306,15173686-4e3a-434e-9c97-f787cec4b379,"

The papers that investigate the research object **Architecture Extraction** appear in the following years within the 2018‑2020 window:

| Year | Papers (title) | Source |
|------|----------------|--------|
| **2018** | • *A Platform for the Automated Provisioning of Architecture Information for Large‑Scale Service‑Oriented Software Systems* | [2] |
|      | • *Towards Micro Service Architecture Recovery: An Empirical Study.* | [4] |
| **2020** | • *From Monolithic Architecture Style to Microservice one Based on a Semi‑Automatic Approach.* | [1] |

**Distribution:**  
- **2018:** Two papers are reported.  
- **2020:** One paper is reported.

The other sources mention additional Architecture‑Extraction papers (e.g., published in 2017, 2019, or with no year given), but they fall outside the 2018‑2020 interval and are therefore not counted in the requested distribution.

[1] Source: From Monolithic Architecture Style to Microservice one Based on a Semi-Automatic Approach, 10.1109/ICSA47634.2020.00023
[2] Source: A Platform for the Automated Provisioning of Architecture Information for Large-Scale Service-Oriented Software Systems, 10.1007/978-3-030-00761-4_14
[4] Source: Towards Micro Service Architecture Recovery: An Empirical Study, 10.1109/ICSA.2018.00014
","['2018', '2020']",0.2,0.3,0.05,0.546,0.25,1.0,0.2,0.2,0.2,0.2,0.54,0.35,0.42,0.38,0.4,0.6,0.48,0.55,0.67,0.6,0.63,0.61,0.2,0.538,0.4,0.667,0.05,0.4,0.27,0.77,0.15,0.1,0.29,0.29,0.2,0.56,0.446,0.694,0.543,1.0,804.2233068943024,0.0060095999999999995,72819,0,0.0,,0,0.0,,,0.0,0.0,,0.0,0.0,https://wandb.ai/kastel-sdq-meta-research/experiment_cross_encoder/r/call/01a05e9c-2bb4-70bd-afe3-de0691540889,retrieval_config,False,KitToolbox,kit.qwen3-embedding-8b,10,10,True,cosine,True,False,10,-1,8,False,False,1,False,-1,-1,False,,['R659055'],['Paper'],False,True,False,kg_retrieval,hublink,kittoolbox_kit.minimax-m2.7-229b_tmpNone_maxt-1_reasoningNone,KitToolbox,kit.minimax-m2.7-229b,,-1,,kittoolbox_kit.minimax-m2.7-229b_tmpNone_maxt-1_reasoningNone,KitToolbox,kit.minimax-m2.7-229b,,-1,,orkg_merged_ecsa_icsa.json_jsonpublicationloader_limit-1,['paper_class'],['research_level'],['first_research_object'],['second_research_object'],['validity'],['evidence'],False,False,R659055,https://sandbox.orkg.org,-1,orkg,merged_ecsa_icsa.json_jsonpublicationloader_limit-1,merged_ecsa_icsa.json,JsonPublicationLoader,-1,,4000,2,generation_kittoolbox_kit.minimax-m2.7-229b_tmpNone_maxt-1_reasoningNone,generation,kittoolbox_kit.minimax-m2.7-229b_tmpNone_maxt-1_reasoningNone,KitToolbox,kit.minimax-m2.7-229b,,-1,,"['(R869648:A Platform for the Automated Provisioning of Architecture Information for Large-Scale Service-Oriented Software Systems, contribution, R869671:First Research Object 2)', '(R869671:First Research Object 2, Object, R869679:Research Object List)', '(R869679:Research Object List, Entity, R869680:Research Object Entity)', '(R869680:Research Object Entity, Name, L1522761:Architecture Extraction)', '(R870521:From Monolithic Architecture Style to Microservice one Based on a Semi-Automatic Approach, contribution, R870542:First Research Object 2)', '(R870542:First Research Object 2, Object, R870548:Research Object List)', '(R870548:Research Object List, Entity, R870549:Research Object Entity)', '(R870549:Research Object Entity, Name, L1524582:Architecture Extraction)', '(R873855:Towards Micro Service Architecture Recovery: An Empirical Study, contribution, R873878:First Research Object 2)', '(R873878:First Research Object 2, Object, R873886:Research Object List)', '(R873886:Research Object List, Entity, R873887:Research Object Entity)', '(R873887:Research Object Entity, Name, L1531437:Architecture Extraction)', '(R869648:A Platform for the Automated Provisioning of Architecture Information for Large-Scale Service-Oriented Software Systems, publication year, L1522702:2018)', '(R873855:Towards Micro Service Architecture Recovery: An Empirical Study, publication year, L1531379:2018)', '(R870521:From Monolithic Architecture Style to Microservice one Based on a Semi-Automatic Approach, publication year, L1524530:2020)']",How are the papers that investigate the research object Architecture Extraction distributed between the publication years 2018 and 2020?,"The papers that investigate the research object Architecture Extraction are distributed between the publication years 2018 and 2020 as follows: two papers were published in 2018, one paper was published in 2019, and one paper was published in 2020.","['10.1007/978-3-030-00761-4_14', '10.1007/978-3-030-00761-4_14', '10.1109/ICSA.2018.00014', '10.1109/ICSA.2018.00014', '10.1007/978-3-030-29983-5_17', '10.1007/978-3-030-29983-5_17', '10.1109/ICSA47634.2020.00023', '10.1109/ICSA47634.2020.00023', '10.1007/978-3-030-29983-5_5', '10.1007/978-3-030-29983-5_5']",,"['(R869680:Research Object Entity, Name, L1522761:Architecture Extraction)', '(R869648:A Platform for the Automated Provisioning of Architecture Information for Large-Scale Service-Oriented Software Systems, publication year, L1522702:2018)', '(R873887:Research Object Entity, Name, L1531437:Architecture Extraction)', '(R873855:Towards Micro Service Architecture Recovery: An Empirical Study, publication year, L1531379:2018)', '(R872464:Research Object Entity, Name, L1528569:Architecture Extraction)', '(R872428:Tool Support for the Migration to Microservice Architecture: An Industrial Case Study, publication year, L1528508:2019)', '(R870549:Research Object Entity, Name, L1524582:Architecture Extraction)', '(R870521:From Monolithic Architecture Style to Microservice one Based on a Semi-Automatic Approach, publication year, L1524530:2020)', '(R874554:Research Object Entity, Name, L1532843:Architecture Extraction)', '(R874518:Evaluating the Effectiveness of Multi-level Greedy Modularity Clustering for Software Architecture Recovery, publication year, L1532779:2019)']",clustering_strategy,R659055,Software Architecture and Design,5,How are the papers that investigate the research object with the name [Content Data: research object name] distributed between the publication year [year 1] and [year 2]?
166,c75b3cf0921537bf3249b9a498522306,eec63565-e95c-453b-be91-6f22476b9d3c,"

The texts identify **seven** papers that investigate the *object‑architecture description* during the 2018‑2020 period.  Their distribution by year is as follows:

| Year | Number of papers | Papers (citation) |
|------|------------------|-------------------|
| **2018** | 2 | • *Improving the Search for Architecture Knowledge in Online Developer Communities* – focuses on “First Research Object 2” (architecture knowledge) 【1】  <br>• *The Anatomy of a Large‑Scale Experimentation Platform* – investigates the “Architecture Description” object 【7】 |
| **2019** | 3 | • *Microservice Architecture in Reality: An Industrial Inquiry* – presents “First Research Object 2” (Architecture Pattern) 【5】  <br>• *QoS‑Based Formation of Software Architectures in the Internet of Things* – examines the “Architecture Description” object 【8】  <br>• *On Interfaces to Support Agile Architecting in Automotive: An Exploratory Case Study* – studies “Architecture Evolution,” a related research object 【9】 |
| **2020** | 2 | • *Formal Software Architectural Migration Towards Emerging Architectural Styles* – contributes to “First Research Object 2” (Architecture Description Language) 【2】  <br>• *Continuous Experimentation for Automotive Software on the Example of a Heavy Commercial Vehicle in Daily Operation* – investigates the “Architecture Description” object 【3】 |

**Undated entry** – One additional paper, *Improving the Consistency and Usefulness of Architecture Descriptions: Guidelines for Architects*, is mentioned as investigating the “Architecture Description” object, but no publication year is provided in the source material 【4】, so it cannot be placed in the yearly distribution.

**Summary:**  
- **2018:** 2 papers  
- **2019:** 3 papers  
- **2020:** 2 papers  

Thus, the distribution of papers that investigate the object‑architecture description across the 2018‑2020 interval consists of seven identified publications, with the highest concentration in 2019.

","['2018', '2019', '2020']",0.0,0.0,0.0,0.0,0.0,0.0,0.0,0.0,0.0,0.0,0.0,0.0,0.0,0.0,0.0,0.0,0.0,0.0,0.0,0.0,0.0,0.0,0.0,0.0,0.0,0.0,0.01,0.19,0.11,0.76,0.07,0.04,0.3,0.13,0.07,0.53,0.402,0.582,0.476,1.0,682.5532348155975,0.00355755,91755,0,0.0,,0,0.0,,,0.0,0.0,,0.0,0.0,https://wandb.ai/kastel-sdq-meta-research/experiment_cross_encoder/r/call/01a05e9c-9050-7404-9201-bfe60ba6d30e,retrieval_config,False,KitToolbox,kit.qwen3-embedding-8b,10,10,True,cosine,True,False,10,-1,8,False,False,1,False,-1,-1,False,,['R659055'],['Paper'],False,True,False,kg_retrieval,hublink,kittoolbox_kit.minimax-m2.7-229b_tmpNone_maxt-1_reasoningNone,KitToolbox,kit.minimax-m2.7-229b,,-1,,kittoolbox_kit.minimax-m2.7-229b_tmpNone_maxt-1_reasoningNone,KitToolbox,kit.minimax-m2.7-229b,,-1,,orkg_merged_ecsa_icsa.json_jsonpublicationloader_limit-1,['paper_class'],['research_level'],['first_research_object'],['second_research_object'],['validity'],['evidence'],False,False,R659055,https://sandbox.orkg.org,-1,orkg,merged_ecsa_icsa.json_jsonpublicationloader_limit-1,merged_ecsa_icsa.json,JsonPublicationLoader,-1,,4000,2,generation_kittoolbox_kit.minimax-m2.7-229b_tmpNone_maxt-1_reasoningNone,generation,kittoolbox_kit.minimax-m2.7-229b_tmpNone_maxt-1_reasoningNone,KitToolbox,kit.minimax-m2.7-229b,,-1,,"['(R873021:Continuous Experimentation for Automotive Software on the Example of a Heavy Commercial Vehicle in Daily Operation, contribution, R873050:First Research Object 2)', '(R873050:First Research Object 2, Object, R873056:Research Object List)', '(R873056:Research Object List, Entity, R873057:Research Object Entity)', '(R873057:Research Object Entity, Name, L1529745:Architecture Description)', '(R871143:Formal Software Architectural Migration Towards Emerging Architectural Styles, publication year, L1525821:2020)', '(R869691:The Anatomy of a Large-Scale Experimentation Platform, contribution, R869712:First Research Object 2)', '(R869712:First Research Object 2, Object, R869718:Research Object List)', '(R869718:Research Object List, Entity, R869719:Research Object Entity)', '(R869719:Research Object Entity, Name, L1522850:Architecture Description)', '(R873599:Improving the Consistency and Usefulness of Architecture Descriptions: Guidelines for Architects, contribution, R873627:First Research Object 2)', '(R870188:Microservice Architecture in Reality: An Industrial Inquiry, publication year, L1523853:2019)', '(R874393:Improving the Search for Architecture Knowledge in Online Developer Communities, publication year, L1532515:2018)', '(R868823:On Interfaces to Support Agile Architecting in Automotive: An Exploratory Case Study, publication year, L1520929:2019)', '(R873599:Improving the Consistency and Usefulness of Architecture Descriptions: Guidelines for Architects, contribution, R873638:Second Research Object 2)', '(R874393:Improving the Search for Architecture Knowledge in Online Developer Communities, contribution, R874419:First Research Object 2)', '(R869525:QoS-Based Formation of Software Architectures in the Internet of Things, publication year, L1522430:2019)', '(R871143:Formal Software Architectural Migration Towards Emerging Architectural Styles, contribution, R871166:First Research Object 2)', '(R871175:Research Object Entity, Name, L1525880:Architecture Description Language)', '(R869691:The Anatomy of a Large-Scale Experimentation Platform, publication year, L1522798:2018)', '(R874419:First Research Object 2, Object, R874430:Research Object List)', '(R874430:Research Object List, Entity, R874431:Research Object Entity)', '(R874431:Research Object Entity, Name, L1532580:Architecture Decision Making)', '(R873021:Continuous Experimentation for Automotive Software on the Example of a Heavy Commercial Vehicle in Daily Operation, publication year, L1529684:2020)', '(R868823:On Interfaces to Support Agile Architecting in Automotive: An Exploratory Case Study, contribution, R868844:First Research Object 2)', '(R868851:Research Object Entity, Name, L1520985:Architecture Evolution)', '(R870188:Microservice Architecture in Reality: An Industrial Inquiry, contribution, R870209:First Research Object 2)', '(R870209:First Research Object 2, Object, R870215:Research Object List)', '(R870215:Research Object List, Entity, R870216:Research Object Entity)', '(R870216:Research Object Entity, Name, L1523906:Architecture Pattern)']",What is the distribution of papers that investigate the object architecture description between 2018 and 2020?,The distribution of papers with the research object 'Architecture Description' between 2018 and 2020 is as follows: One paper was published in 2018 and no paper with this research object was published in 2020.,"['10.1109/ICSA.2018.00024', '10.1109/ICSA.2018.00024']",,"['(R874066:Research Object Entity, Name, L1531814:Architecture Description)', '(R874038:A Generic and Highly Scalable Framework for the Automation and Execution of Scientific Data Processing and Simulation Workflows, publication year, L1531762:2018)']",clustering_strategy,R659055,Software Architecture and Design,5,What is the proportion of papers with the research object [Content Data: research object name] between [Metadata: year] and [Metadata: year]?
167,c75b3cf0921537bf3249b9a498522306,3d4feb74-da6c-4516-a936-7556305c7ef1,"

The six source texts do not give a single, consistent picture of how many papers that use the **Argumentation** evaluation method were published between 2019 and 2021. Their reports are as follows:

| Source | Claimed occurrence of Argumentation‑evaluated papers (2019‑2021) |
|--------|-------------------------------------------------------------------|
| **[1]** | One paper with the Argumentation method is dated **2019**. No mention of any Argumentation papers in 2020 or 2021. |
| **[2]** | The only explicitly identified Argumentation‑evaluated paper is **2020**; 2019 and 2021 are reported as having **0** such papers. |
| **[3]** | The only Argumentation‑evaluated paper cited appears in **2017**, implying **0** papers in the 2019‑2021 window. |
| **[4]** | No Argumentation‑evaluated paper is reported for the period; the 2019 paper mentioned uses a **Case Study** method. |
| **[5]** | One Argumentation‑evaluated paper is reported for **2019**; none are reported for 2020 or 2021. |
| **[6]** | No Argumentation‑evaluated paper is reported for the period; the 2019 paper mentioned uses a **Motivating Example** method. |

Because the sources provide conflicting accounts—ranging from “no such papers” to “one paper in 2019” or “one paper in 2020”—the distribution of Argumentation‑evaluated papers between 2019 and 2021 cannot be uniquely determined from the information given.

[1] Source: Assessing Adaptability of Software Architectures for Cyber Physical Production Systems, 10.1007/978-3-030-29983-5_10
[2] Source: Architectural Patterns for Cross-Domain Personalised Automotive Functions, 10.1109/ICSA47634.2020.00026
[3] Source: A Taxonomy of Blockchain-Based Systems for Architecture Design, 10.1109/ICSA.2017.33
[4] Source: Synchronous Reconfiguration of Distributed Embedded Applications During Operation, 10.1109/ICSA.2019.00021
[5] Source: A Platform Architecture for Multi-Tenant Blockchain-Based Systems, 10.1109/ICSA.2019.00019
[6] Source: Safety Analysis Method for Cooperative Driving Systems, 10.1109/ICSA.2019.00027
","['2019', '2020', '2021']",0.2,0.25,0.2,0.237,1.0,1.0,0.2,0.2,0.2,0.2,0.36,0.25,0.29,0.27,0.38,0.6,0.46,0.54,0.55,0.6,0.57,0.59,0.2,0.357,0.375,0.545,0.02,0.28,0.17,0.8,0.1,0.06,0.3,0.21,0.13,0.61,0.457,0.622,0.527,0.0,795.7420299053192,0.0037479,28963,0,0.0,,0,0.0,,,0.0,0.0,,0.0,0.0,https://wandb.ai/kastel-sdq-meta-research/experiment_cross_encoder/r/call/01a05e9c-c16f-73a1-aa3d-fd008e296410,retrieval_config,False,KitToolbox,kit.qwen3-embedding-8b,10,10,True,cosine,True,False,10,-1,8,False,False,1,False,-1,-1,False,,['R659055'],['Paper'],False,True,False,kg_retrieval,hublink,kittoolbox_kit.minimax-m2.7-229b_tmpNone_maxt-1_reasoningNone,KitToolbox,kit.minimax-m2.7-229b,,-1,,kittoolbox_kit.minimax-m2.7-229b_tmpNone_maxt-1_reasoningNone,KitToolbox,kit.minimax-m2.7-229b,,-1,,orkg_merged_ecsa_icsa.json_jsonpublicationloader_limit-1,['paper_class'],['research_level'],['first_research_object'],['second_research_object'],['validity'],['evidence'],False,False,R659055,https://sandbox.orkg.org,-1,orkg,merged_ecsa_icsa.json_jsonpublicationloader_limit-1,merged_ecsa_icsa.json,JsonPublicationLoader,-1,,4000,2,generation_kittoolbox_kit.minimax-m2.7-229b_tmpNone_maxt-1_reasoningNone,generation,kittoolbox_kit.minimax-m2.7-229b_tmpNone_maxt-1_reasoningNone,KitToolbox,kit.minimax-m2.7-229b,,-1,,"['(R871760:Evaluation Method Entity, Name, L1527086:Argumentation)', '(R871375:Evaluation Method Entity, Name, L1526299:Argumentation)', '(R873701:A Taxonomy of Blockchain-Based Systems for Architecture Design, contribution, R873717:First Research Object 2)', '(R873717:First Research Object 2, evaluation, R873718:Evaluation)', '(R873718:Evaluation, Evaluation method, R873719:Evaluation Method List)', '(R873719:Evaluation Method List, Entity, R873720:Evaluation Method Entity)', '(R873720:Evaluation Method Entity, Name, L1531089:Argumentation)', '(R870792:Architectural Patterns for Cross-Domain Personalised Automotive Functions, contribution, R870818:First Research Object 2)', '(R870818:First Research Object 2, evaluation, R870819:Evaluation)', '(R870819:Evaluation, Evaluation method, R870820:Evaluation Method List)', '(R870820:Evaluation Method List, Entity, R870821:Evaluation Method Entity)', '(R870821:Evaluation Method Entity, Name, L1525169:Argumentation)', '(R871346:Assessing Adaptability of Software Architectures for Cyber Physical Production Systems, publication year, L1526260:2019)', '(R871726:A Platform Architecture for Multi-Tenant Blockchain-Based Systems, publication year, L1527024:2019)', '(R870792:Architectural Patterns for Cross-Domain Personalised Automotive Functions, publication year, L1525115:2020)', '(R873701:A Taxonomy of Blockchain-Based Systems for Architecture Design, publication year, L1531060:2017)']",What is the distribution of papers with the evaluation method Argumentation between the publication years 2019 and 2021?,"The distribution of papers with the evaluation method Argumentation between 2019 and 2021 is as follows: In 2019 two papers were published and in 2020 three papers were published. However, in 2021 no paper was published with the evaluation method Argumentation.","['10.1109/ICSA.2019.00019', '10.1109/ICSA.2019.00019', '10.1109/ICSA47634.2020.00026', '10.1109/ICSA47634.2020.00026', '10.1109/ICSA47634.2020.00014', '10.1109/ICSA47634.2020.00014', '10.1007/978-3-030-58923-3_5', '10.1007/978-3-030-58923-3_5', '10.1007/978-3-030-29983-5_10', '10.1007/978-3-030-29983-5_10']",,"['(R871760:Evaluation Method Entity, Name, L1527086:Argumentation)', '(R871726:A Platform Architecture for Multi-Tenant Blockchain-Based Systems, publication year, L1527024:2019)', '(R870821:Evaluation Method Entity, Name, L1525169:Argumentation)', '(R870792:Architectural Patterns for Cross-Domain Personalised Automotive Functions, publication year, L1525115:2020)', '(R869089:Evaluation Method Entity, Name, L1521482:Argumentation)', '(R869051:Unlimited Rulebook: a Reference Architecture for Economy Mechanics in Digital Games, publication year, L1521417:2020)', '(R873061:Evaluation Method Entity, Name, L1529746:Argumentation)', '(R873021:Continuous Experimentation for Automotive Software on the Example of a Heavy Commercial Vehicle in Daily Operation, publication year, L1529684:2020)', '(R871375:Evaluation Method Entity, Name, L1526299:Argumentation)', '(R871346:Assessing Adaptability of Software Architectures for Cyber Physical Production Systems, publication year, L1526260:2019)']",clustering_strategy,R659055,Software Architecture and Design,6,What is the proportion of papers with the evaluation method [Content Data: evaluation method name] between [Metadata: year] and [Metadata: year]?
168,c75b3cf0921537bf3249b9a498522306,e744f569-4d61-4ee0-add2-40263ea67ffd,"

**Distribution of papers that used Grounded Theory as an evaluation method (2019‑2021)**  

| Year | Papers (title) | Source |
|------|----------------|--------|
| **2019** | *Guiding Architectural Decision Making on Service Mesh Based Microservice Architectures* | [[4](#)] |
| | *Supporting Architectural Decision Making on Data Management in Microservice Architectures* | [[5](#)] |
| | *How Developers Discuss Architecture Smells? An Exploratory Study on Stack Overflow* | [[6](#)] |
| **2020** | *Assessing Architecture Conformance to Coupling‑Related Patterns and Practices in Microservices* | [[1](#)] |
| **2021** | No papers with Grounded‑Theory evaluation are mentioned in the supplied texts | — |

**Summary**

- **2019:** Three papers employed Grounded Theory for their evaluation.  
- **2020:** One paper used Grounded Theory.  
- **2021:** No Grounded‑Theory‑based evaluations are reported for this year.  

The texts also note other Grounded‑Theory studies (e.g., “On Service‑Orientation for Automotive Software” [2] and “Architectural Technical Debt: A Grounded Theory” [3]), but they were either published outside the 2019‑2021 window or did not provide a publication year, and therefore are not counted in the above distribution.

[1] Source: Assessing Architecture Conformance to Coupling-Related Patterns and Practices in Microservices, 10.1007/978-3-030-58923-3_1
[2] Source: On Service-Orientation for Automotive Software, 10.1109/ICSA.2017.20
[3] Source: Architectural Technical Debt: A Grounded Theory, 10.1007/978-3-030-58923-3_14
[4] Source: Guiding Architectural Decision Making on Service Mesh Based Microservice Architectures, 10.1007/978-3-030-29983-5_1
[5] Source: Supporting Architectural Decision Making on Data Management in Microservice Architectures, 10.1007/978-3-030-29983-5_2
[6] Source: How Developers Discuss Architecture Smells? An Exploratory Study on Stack Overflow, 10.1109/ICSA.2019.00018
","['2019', '2020', '2021']",0.1,0.25,0.017,0.075,0.167,0.167,0.1,0.1,0.1,0.1,0.31,0.2,0.24,0.22,0.42,0.8,0.55,0.68,0.61,0.85,0.71,0.79,0.1,0.308,0.421,0.607,0.03,0.26,0.15,0.86,0.09,0.05,0.3,0.17,0.1,0.57,0.395,0.61,0.479,1.0,608.3633286952972,0.005031749999999999,64150,0,0.0,,0,0.0,,,0.0,0.0,,0.0,0.0,https://wandb.ai/kastel-sdq-meta-research/experiment_cross_encoder/r/call/01a05ea2-0ed7-74a0-bac8-48b8fd2ff041,retrieval_config,False,KitToolbox,kit.qwen3-embedding-8b,10,10,True,cosine,True,False,10,-1,8,False,False,1,False,-1,-1,False,,['R659055'],['Paper'],False,True,False,kg_retrieval,hublink,kittoolbox_kit.minimax-m2.7-229b_tmpNone_maxt-1_reasoningNone,KitToolbox,kit.minimax-m2.7-229b,,-1,,kittoolbox_kit.minimax-m2.7-229b_tmpNone_maxt-1_reasoningNone,KitToolbox,kit.minimax-m2.7-229b,,-1,,orkg_merged_ecsa_icsa.json_jsonpublicationloader_limit-1,['paper_class'],['research_level'],['first_research_object'],['second_research_object'],['validity'],['evidence'],False,False,R659055,https://sandbox.orkg.org,-1,orkg,merged_ecsa_icsa.json_jsonpublicationloader_limit-1,merged_ecsa_icsa.json,JsonPublicationLoader,-1,,4000,2,generation_kittoolbox_kit.minimax-m2.7-229b_tmpNone_maxt-1_reasoningNone,generation,kittoolbox_kit.minimax-m2.7-229b_tmpNone_maxt-1_reasoningNone,KitToolbox,kit.minimax-m2.7-229b,,-1,,"['(R869010:On Service-Orientation for Automotive Software, contribution, R869032:First Research Object 2)', '(R869032:First Research Object 2, evaluation, R869033:Evaluation)', '(R869033:Evaluation, Evaluation method, R869034:Evaluation Method List)', '(R869034:Evaluation Method List, Entity, R869035:Evaluation Method Entity)', '(R869035:Evaluation Method Entity, Name, L1521380:Grounded Theory)', '(R873364:Evaluation Method Entity, Name, L1530356:Grounded Theory)', '(R868290:How Developers Discuss Architecture Smells? An Exploratory Study on Stack Overflow, contribution, R868309:First Research Object 2)', '(R868309:First Research Object 2, evaluation, R868310:Evaluation)', '(R868310:Evaluation, Evaluation method, R868311:Evaluation Method List)', '(R868311:Evaluation Method List, Entity, R868312:Evaluation Method Entity)', '(R868312:Evaluation Method Entity, Name, L1519814:Grounded Theory)', '(R872627:Evaluation Method Entity, Name, L1528876:Grounded Theory)', '(R869590:Evaluation Method Entity, Name, L1522568:Grounded Theory)', '(R873005:Evaluation Method Entity, Name, L1529647:Grounded Theory)', '(R869566:Assessing Architecture Conformance to Coupling-Related Patterns and Practices in Microservices, publication year, L1522519:2020)', '(R868290:How Developers Discuss Architecture Smells? An Exploratory Study on Stack Overflow, doi, L1519762:10.1109/ICSA.2019.00018)', '(R869010:On Service-Orientation for Automotive Software, publication year, L1521329:2017)', '(R872980:Supporting Architectural Decision Making on Data Management in Microservice Architectures, publication year, L1529596:2019)', '(R873340:Guiding Architectural Decision Making on Service Mesh Based Microservice Architectures, publication year, L1530308:2019)']",What is the distribution of the papers that used the method Grounded Theory for their evaluation between 2019 and 2021?,"The distribution of papers that used the method Grounded Theory for their evaluation between 2019 and 2021 is: three in 2019, two in 2020, and none in 2021.","['10.1109/ICSA.2019.00018', '10.1109/ICSA.2019.00018', '10.1007/978-3-030-29983-5_1', '10.1007/978-3-030-29983-5_1', '10.1007/978-3-030-58923-3_14', '10.1007/978-3-030-58923-3_14', '10.1007/978-3-030-58923-3_1', '10.1007/978-3-030-58923-3_1', '10.1007/978-3-030-29983-5_2', '10.1007/978-3-030-29983-5_2']",,"['(R868312:Evaluation Method Entity, Name, L1519814:Grounded Theory)', '(R868290:How Developers Discuss Architecture Smells? An Exploratory Study on Stack Overflow, publication year, L1519766:2019)', '(R873364:Evaluation Method Entity, Name, L1530356:Grounded Theory)', '(R873340:Guiding Architectural Decision Making on Service Mesh Based Microservice Architectures, publication year, L1530308:2019)', '(R873005:Evaluation Method Entity, Name, L1529647:Grounded Theory)', '(R872607:Architectural Technical Debt: A Grounded Theory, publication year, L1528844:2020)', '(R869590:Evaluation Method Entity, Name, L1522568:Grounded Theory)', '(R869566:Assessing Architecture Conformance to Coupling-Related Patterns and Practices in Microservices, publication year, L1522519:2020)', '(R872627:Evaluation Method Entity, Name, L1528876:Grounded Theory)', '(R872980:Supporting Architectural Decision Making on Data Management in Microservice Architectures, publication year, L1529596:2019)']",clustering_strategy,R659055,Software Architecture and Design,6,What is the proportion of papers with the evaluation method [Content Data: evaluation method name] between [Metadata: year] and [Metadata: year]?
