uid,question,golden_answer,source_ids,golden_doc_chunks,golden_triples,is_generated_with,topic_entity_id,topic_entity_value,hops,based_on_template,use_case,retrieval_operation,semi-typed,updated template,graph_representation,answer_format,answer_type,condition_type,used_in_reduced,notes
4bbdeb87-29d5-4ea2-9703-9f91b27ee413,How many papers have been published by the author Johannes Grohmann?,Johannes Grohmann has published two papers.,"['10.1109/ICSA.2019.00016', '10.1109/ICSA47634.2020.00011']",,"['(R872195:authors list, has list element, L1527978:Johannes Grohmann)', '(R870060:authors list, has list element, L1523562:Johannes Grohmann)']",clustering_strategy,R659055,Software Architecture and Design,3,How many papers have been published by the author [Metadata: author name]?,1,counting,True,How many papers have been published by the author [Metadata: author name]?,multi fact,simple,quantitative,named entity,True,
981cc6ea-8a59-4bbd-97ee-aed4e114b747,How many papers have the paper class personal experience paper?,There are two publications that have the paper class personal experience paper.,"['10.1109/ICSA.2018.00016', '10.1109/ICSA.2017.42']",,"['(R872668:Paper Class 2, personal experience paper, L1528957:True)', '(R872566:Paper Class 2, personal experience paper, L1528770:True)']",clustering_strategy,R659055,Software Architecture and Design,3,How many publications have the paper class with the name [Metadata: paper class name]?,1,counting,True,How many papers have the paper class [Metadata: paper class name]?,multi fact,simple,quantitative,named entity,False,
992b0b42-af08-47fc-98d7-0e77a41e5b21,Which papers have the paper class personal experience paper? Rank the papers in descending order of their publication year.,"The publications with the paper class personal experience, ranked in descending order by publication year, are: 1. Data-Centric Communication and Containerization for Future Automotive Software Architectures (2018); 2. Towards a Reference Architecture for Cloud-Based Plant Genotyping and Phenotyping Analysis Frameworks (2017).","['10.1109/ICSA.2017.42', '10.1109/ICSA.2017.42', '10.1109/ICSA.2018.00016', '10.1109/ICSA.2018.00016']",,"['(R872566:Paper Class 2, personal experience paper, L1528770:True)', '(R872527:Towards a Reference Architecture for Cloud-Based Plant Genotyping and Phenotyping Analysis Frameworks, publication year, L1528701:2017)', '(R872668:Paper Class 2, personal experience paper, L1528957:True)', '(R872636:Data-Centric Communication and Containerization for Future Automotive Software Architectures, publication year, L1528895:2018)']",clustering_strategy,R659055,Software Architecture and Design,3,Which publications have the paper class [Metadata: paper class name] ranked by their publication year?,1,ranking,True,Which papers have the paper class [Metadata: paper class name]? Rank the papers in descending order of their publication year.,multi fact,enumerative,"named entity, temporal",named entity,True,
3cbd7dfe-eb26-4f55-8954-50f3eff9c7cd,Which papers have been published by the author Sten Grüner ranked in descending order by their publication year?,"The publications by Sten Grüner, ranked in descending order of their publication year, are: 1. A Comparison of MQTT Brokers for Distributed IoT Edge Computing (2020), 2. A Four-Layer Architecture Pattern for Constructing and Managing Digital Twins (2019).","['10.1007/978-3-030-58923-3_23', '10.1007/978-3-030-58923-3_23', '10.1007/978-3-030-29983-5_16', '10.1007/978-3-030-29983-5_16']",,"['(R873729:authors list, has list element, L1531103:Sten Grüner)', '(R873728:A Comparison of MQTT Brokers for Distributed IoT Edge Computing, publication year, L1531105:2020)', '(R870310:authors list, has list element, L1524116:Sten Grüner)', '(R870309:A Four-Layer Architecture Pattern for Constructing and Managing Digital Twins, publication year, L1524119:2019)']",clustering_strategy,R659055,Software Architecture and Design,3,Which publications have been published by the author [Metadata: author name] ranked by their publication year?,1,ranking,True,Which papers have been published by the author [Metadata: author name] ranked in descending order by their publication year?,multi fact,enumerative,"named entity, temporal",named entity,False,
01fe69ac-72b2-4a52-84ea-17d03982a4d6,Which papers did Rogardt Heldal publish? Rank them in descending order by their year of publication.,"The papers that Rogardt Heldal published, ranked in descending order of publication year, are: 1. On Interfaces to Support Agile Architecting in Automotive: An Exploratory Case Study (2019), 2. Improving the Consistency and Usefulness of Architecture Descriptions: Guidelines for Architects (2019), 3. Architectural Assumptions and Their Management in Industry - An Exploratory Study (2017)","['10.1109/ICSA.2019.00025', '10.1109/ICSA.2019.00025', '10.1109/ICSA.2019.00024', '10.1109/ICSA.2019.00024', '10.1007/978-3-319-65831-5_14', '10.1007/978-3-319-65831-5_14']",,"['(R868824:authors list, has list element, L1520928:Rogardt Heldal)', '(R868823:On Interfaces to Support Agile Architecting in Automotive: An Exploratory Case Study, publication year, L1520929:2019)', '(R873600:authors list, has list element, L1530832:Rogardt Heldal)', '(R873599:Improving the Consistency and Usefulness of Architecture Descriptions: Guidelines for Architects, publication year, L1530833:2019)', '(R868652:authors list, has list element, L1520560:Rogardt Heldal)', '(R868651:Architectural Assumptions and Their Management in Industry – An Exploratory Study, publication year, L1520562:2017)']",clustering_strategy,R659055,Software Architecture and Design,3,Which publications have been published by the author [Metadata: author name] ranked by their publication year?,1,ranking,False,Which papers did [Metadata: author name] publish? Rank them in descending order by their year of publication.,multi fact,enumerative,"named entity, temporal",named entity,False,
87b16758-5838-4e37-8b9a-67357acaff0b,Rank the papers that have been published by Federico Giaimo in descending order of their publishing year.,"The papers that Federico Giaimo published, ranked in descending order of their publication year, are: 1. 'Continuous Experimentation for Automotive Software on the Example of a Heavy Commercial Vehicle in Daily Operation' (2020), and 2. 'Design Criteria to Architect Continuous Experimentation for Self-Driving Vehicles' (2017).","['10.1109/ICSA.2017.36', '10.1109/ICSA.2017.36', '10.1007/978-3-030-58923-3_5', '10.1007/978-3-030-58923-3_5']",,"['(R870271:authors list, has list element, L1524033:Federico Giaimo)', '(R870270:Design Criteria to Architect Continuous Experimentation for Self-Driving Vehicles, publication year, L1524035:2017)', '(R873022:authors list, has list element, L1529682:Federico Giaimo)', '(R873021:Continuous Experimentation for Automotive Software on the Example of a Heavy Commercial Vehicle in Daily Operation, publication year, L1529684:2020)']",clustering_strategy,R659055,Software Architecture and Design,3,Which publications have been published by the author [Metadata: author name] ranked by their publication year?,1,ranking,False,Rank the papers that have been published by [Metadata: author name] in descending order of their publishing year.,multi fact,enumerative,"named entity, temporal",named entity,False,
ce7c8800-8719-4a5d-ad70-0750c6497852,In which publication year was the paper with the title 'Continuous Architecture: Towards the Goldilocks Zone and Away from Vicious Circles' published in comparison to the publication year of the paper with the title 'Designing Robust Software Systems through Parametric Markov Chain Synthesis'?,"The publication year of the paper with the title 'Continuous Architecture: Towards the Goldilocks Zone and Away from Vicious Circles' is 2019, which is later than the publication year of the paper with the title 'Designing Robust Software Systems through Parametric Markov Chain Synthesis', which is 2017.","['10.1109/ICSA.2019.00022', '10.1109/ICSA.2017.16']",,"['(R873775:Continuous Architecture: Towards the Goldilocks Zone and Away from Vicious Circles, publication year, L1531203:2019)', '(R868403:Designing Robust Software Systems through Parametric Markov Chain Synthesis, publication year, L1520024:2017)']",publication_subgraph_strategy,R659055,Software Architecture and Design,2,"In which publication year has the paper with the title '[paper title 1]' been published, in comparison to the publication year of the paper with the title '[paper title 2]'?",1,comparative,True,In which publication year was the paper with the title '[Metadata: paper title]' published in comparison to the publication year of the paper with the title '[Metadata: paper title]'?,multi fact,explanatory,"description, named entity, temporal",named entity,True,
19c70b51-0afb-419b-aec8-08f8358f5e89,What is the paper class of the paper with the title 'Continuous Integration Impediments in Large-Scale Industry Projects' in comparison to the paper with the title 'An Architecture Framework for Modelling and Simulation of Situational-Aware Cyber-Physical Systems'?,"The paper class of the paper with the title 'Continuous Integration Impediments in Large-Scale Industry Projects' in comparison to the paper with the title 'An Architecture Framework for Modelling and Simulation of Situational-Aware Cyber-Physical Systems' is that the former is classified as evaluation research, while the latter is classified as validation research.","['10.1109/ICSA.2017.11', '10.1007/978-3-319-65831-5_7']",,"['(R868588:Paper Class 2, evaluation research, L1520426:True)', '(R868908:Paper Class 2, validation research, L1521107:True)']",publication_subgraph_strategy,R659055,Software Architecture and Design,3,What is the paper class of the paper '[paper title 1]' in comparison to the publication '[paper title 2]'?,1,comparative,True,What is the paper class of the paper with the title '[Metadata: paper title]' in comparison to the paper with the title '[Metadata: paper title]'?,multi fact,explanatory,"description, named entity",named entity,False,
e2fb3908-3e84-4eb2-9ee4-2e9863c8aceb,"Which paper class does 'Supporting Architectural Decision Making on Data Management in Microservice Architectures' belong to compared to 'An Architecture for Decentralized, Collaborative, and Autonomous Robots'?","The paper class that 'Supporting Architectural Decision Making on Data Management in Microservice Architectures' belongs to compared to 'An Architecture for Decentralized, Collaborative, and Autonomous Robots' is evaluation research for both papers.","['10.1007/978-3-030-29983-5_2', '10.1109/ICSA.2018.00017']",,"['(R871552:Paper Class 2, evaluation research, L1526664:True)', '(R873000:Paper Class 2, evaluation research, L1529644:True)']",publication_subgraph_strategy,R659055,Software Architecture and Design,3,What is the paper class of the paper '[paper title 1]' in comparison to the publication '[paper title 2]'?,1,comparative,False,Which paper class does '[Metadata: paper title]' belong to compared to '[Metadata: paper title]'?,multi fact,explanatory,"description, named entity",named entity,False,
d224932d-81c2-4c31-a4d5-3a024699200c,What is the number of papers published by Yutong Zhao? Show me their distribution per year.,"Yutong Zhao has published three papers in the years 2020 and 2021. Specifically, in 2020, Yutong Zhao published two papers. In 2021, Yutong Zhao published one paper. Therefore, the distribution of papers published per year is as follows: two papers in 2020 and one paper in 2021.","['10.1109/ICSA47634.2020.00025', '10.1109/ICSA47634.2020.00025', '10.1109/ICSA47634.2020.00027', '10.1109/ICSA47634.2020.00027', '10.1109/ICSA51549.2021.00022', '10.1109/ICSA51549.2021.00022']",,"['(R869436:authors list, has list element, L1522242:Yutong Zhao)', '(R869435:DesignDiff: Continuously Modeling Software Design Difference from Code Revisions, publication year, L1522244:2020)', '(R873172:authors list, has list element, L1529962:Yutong Zhao)', '(R873171:Butterfly Space: An Architectural Approach for Investigating Performance Issues, publication year, L1529968:2020)', '(R871675:authors list, has list element, L1526906:Yutong Zhao)', '(R871674:Constructing a Shared Infrastructure for Software Architecture Analysis and Maintenance, publication year, L1526914:2021)']",clustering_strategy,R659055,Software Architecture and Design,3,What is the proportion of papers that have been published by the author [Metadata: author name] per year?,1,relationship,False,What is the number of papers published by [Metadata: author name]? Show me their distribution per year.,multi fact,explanatory,"description, quantitative, temporal",named entity,False,
b90770f5-fce7-4aeb-b264-b958fec510ba,Does the paper with the title 'Data-Driven Software Architecture for Analyzing Confidentiality' make its tool support available?,"Yes, the paper with the title 'Data-Driven Software Architecture for Analyzing Confidentiality' does make its tool support available.",['10.1109/ICSA.2019.00009'],,"['(R873692:Tool Support, available, L1531022:True)']",publication_subgraph_strategy,R659055,Software Architecture and Design,4,Does the paper with the title '[Metadata: paper title]' make its tool support available?,2,basic,True,Does the paper with the title '[Metadata: paper title]' make its tool support available?,single fact,simple,boolean,named entity,True,
71ed577d-bb7e-47e0-898b-f1e79a74d444,Is tool support available in 'An Empirical Study of Architectural Decay in Open-Source Software'?,Tool support is available in 'An Empirical Study of Architectural Decay in Open-Source Software'.,['10.1109/ICSA.2018.00027'],,"['(R870133:Tool Support, available, L1523712:True)']",publication_subgraph_strategy,R870102,An Empirical Study of Architectural Decay in Open-Source Software,3,Does the paper '[Metadata: paper title]' use tool support?,2,basic,False,Is tool support available in '[Metadata: paper title]'?,single fact,simple,boolean,named entity,False,
37f302e8-a61d-4445-8155-eae8de487cfa,What is the evaluation method used in the paper with the title 'Enforcing Architectural Security Decisions'?,The evaluation method used in the paper with the title 'Enforcing Architectural Security Decisions' is a case study.,['10.1109/ICSA47634.2020.00012'],,"['(R872904:Evaluation Method Entity, Name, L1529438:Case Study)']",publication_subgraph_strategy,R872878,Enforcing Architectural Security Decisions,5,What is the evaluation method used in the paper '[Metadata: paper title]'?,2,basic,True,What is the evaluation method used in the paper with the title '[Metadata: paper title]'?,single fact,simple,named entity,named entity,False,
f4e3f510-e8e2-4e31-ba67-a6c8cbc8b7cb,Which evaluation method has been used for the evaluation in 'REST vs GraphQL: A Controlled Experiment'?,The evaluation method that has been used for the evaluation in 'REST vs GraphQL: A Controlled Experiment' is a controlled experiment.,['10.1109/ICSA47634.2020.00016'],,"['(R870911:Evaluation Method Entity, Name, L1525353:Controlled Experiment)']",publication_subgraph_strategy,R659055,Software Architecture and Design,6,What is the evaluation method used in the paper '[Metadata: paper title]'?,2,basic,False,Which evaluation method has been used for the evaluation in '[Metadata: paper title]'?,single fact,simple,named entity,named entity,False,
77d33680-318d-462a-820e-bc3c8a2d79ab,Which evaluation methods have been used to conduct the evaluation in 'Assessing Adaptability of Software Architectures for Cyber Physical Production Systems'?,The evaluation methods used to conduct the evaluation in the publication 'Assessing Adaptability of Software Architectures for Cyber Physical Production Systems' are Motivating Example and Argumentation.,"['10.1007/978-3-030-29983-5_10', '10.1007/978-3-030-29983-5_10']",,"['(R871370:Evaluation Method Entity, Name, L1526295:Motivating Example)', '(R871375:Evaluation Method Entity, Name, L1526299:Argumentation)']",publication_subgraph_strategy,R871346,Assessing Adaptability of Software Architectures for Cyber Physical Production Systems,5,What are the evaluation methods of the publication '[Metadata: paper title]'?,2,aggregation,False,Which evaluation methods have been used to conduct the evaluation in '[Metadata: paper title]'?,multi fact,enumerative,named entity,named entity,False,
01eda5c4-cd52-423f-aac8-30301a4b19e2,How many threats to validity does the paper with the title 'DesignDiff: Continuously Modeling Software Design Difference from Code Revisions' discuss?,The number of threats to validity discussed in the paper with the title 'DesignDiff: Continuously Modeling Software Design Difference from Code Revisions' is two.,"['10.1109/ICSA47634.2020.00025', '10.1109/ICSA47634.2020.00025']",,"['(R869480:Threat to Validity, internal validity, L1522322:True)', '(R869480:Threat to Validity, construct validity, L1522320:True)']",publication_subgraph_strategy,R659055,Software Architecture and Design,4,How many threats to validity does the paper with the title '[Metadata: paper title]' have?,2,counting,True,How many threats to validity does the paper with the title '[Metadata: paper title]' discuss?,multi fact,simple,quantitative,named entity,True,
057b5edf-93b9-4377-8b8f-75ae4c84a8b6,"What is the number of validity threats discussed in 'An Architecture for Decentralized, Collaborative, and Autonomous Robots'?","The number of validity threats discussed in 'An Architecture for Decentralized, Collaborative, and Autonomous Robots' is two.","['10.1109/ICSA.2018.00017', '10.1109/ICSA.2018.00017']",,"['(R871576:Threat to Validity, external validity, L1526691:True)', '(R871576:Threat to Validity, internal validity, L1526690:True)']",publication_subgraph_strategy,R871523,"An Architecture for Decentralized, Collaborative, and Autonomous Robots",3,How many threats to validity does the paper with the title '[Metadata: paper title]' have?,2,counting,False,What is the number of validity threats discussed in '[Metadata: paper title]'?,multi fact,simple,quantitative,named entity,False,
34b512a3-42b8-4696-89e7-be878211580f,How many evaluation methods does the paper with the title 'Continuous Architecture: Towards the Goldilocks Zone and Away from Vicious Circles' have?,The number of evaluation methods that the paper with the title 'Continuous Architecture: Towards the Goldilocks Zone and Away from Vicious Circles' has is one.,['10.1109/ICSA.2019.00022'],,"['(R873799:Evaluation Method Entity, Name, L1531251:Focus Group)']",publication_subgraph_strategy,R873775,Continuous Architecture: Towards the Goldilocks Zone and Away from Vicious Circles,5,How many evaluation methods does the paper with the title '[Metadata: paper title]' have?,2,counting,True,How many evaluation methods does the paper with the title '[Metadata: paper title]' have?,single fact,simple,quantitative,named entity,False,
6cd19fef-1eca-4941-b8a4-c6bd1c9902ac,What is the number of evaluation methods that have been used for the evaluation in 'Microservice Architecture in Reality: An Industrial Inquiry'?,"The paper contains one evaluation method, which is Interview.",['10.1109/ICSA.2019.00014'],,"['(R870212:Evaluation Method Entity, Name, L1523902:Interview)']",publication_subgraph_strategy,R870188,Microservice Architecture in Reality: An Industrial Inquiry,5,How many evaluation methods does the paper with the title '[Metadata: paper title]' have?,2,counting,False,What is the number of evaluation methods that have been used for the evaluation in '[Metadata: paper title]'?,single fact,simple,quantitative,named entity,False,
fcad33f8-09fc-4c67-a44a-495cf93be0c0,Which properties were evaluated in the paper with the title 'Monolith Migration Complexity Tuning Through the Application of Microservices Patterns'? Rank the properties in descending alphabetical order.,"The properties that were evaluated in the paper with the title 'Monolith Migration Complexity Tuning Through the Application of Microservices Patterns' are Satisfaction and Functional Suitability, ranked in descending alphabetical order.","['10.1007/978-3-030-58923-3_3', '10.1007/978-3-030-58923-3_3']",,"['(R872514:Property, Name, L1528664:Satisfaction)', '(R872512:Property, Name, L1528662:Functional Suitability)']",publication_subgraph_strategy,R659055,Software Architecture and Design,6,Which sub-properties were evaluated in the paper with the title '[Metadata: paper title]'? Rank them in descending alphabetical order.,2,ranking,True,Which properties were evaluated in the paper with the title '[Metadata: paper title]'? Rank the properties in descending alphabetical order.,multi fact,enumerative,named entity,named entity,True,
a0a0cd4a-6ddc-470e-9d49-68bf90f4a0ec,Compare the evaluation method used in 'A Blockchain-Based Micro Economy Platform for Distributed Infrastructure Initiatives' with the method used in 'Integrating Statistical Response Time Models in Architectural Performance Models'.,"The evaluation method used in 'A Blockchain-Based Micro Economy Platform for Distributed Infrastructure Initiatives' is 'Case Study', while the evaluation method used in 'Integrating Statistical Response Time Models in Architectural Performance Models' is 'Technical Experiment'.","['10.1109/ICSA.2018.00010', '10.1109/ICSA.2019.00016']",,"['(R874710:Evaluation Method Entity, Name, L1533181:Case Study)', '(R872218:Evaluation Method Entity, Name, L1528030:Technical Experiment)']",publication_subgraph_strategy,R659055,Software Architecture and Design,6,What evaluation methods does the paper [paper_title_1] use compared to the paper [paper_title_2]?,2,comparative,False,Compare the evaluation method used in '[Metadata: paper title]' with the method used in '[Metadata: paper title]'.,multi fact,explanatory,"description, named entity",named entity,False,
fce381c2-0d49-4c12-95f3-45fcb19ef7be,How many research objects did the author António Silva investigate in his papers per publication year?,The number of research objects that the author António Silva investigated in his papers per publication year is as follows: 2019: one research object; 2020: two research objects.,"['10.1007/978-3-030-29983-5_3', '10.1007/978-3-030-29983-5_3', '10.1007/978-3-030-29983-5_3', '10.1109/ICSA47634.2020.00024', '10.1109/ICSA47634.2020.00024', '10.1109/ICSA47634.2020.00024', '10.1007/978-3-030-58923-3_3', '10.1007/978-3-030-58923-3_3', '10.1007/978-3-030-58923-3_3']",,"['(R871187:authors list, has list element, L1525913:António Silva)', '(R871186:From a Monolith to a Microservices Architecture: An Approach Based on Transactional Contexts, publication year, L1525914:2019)', '(R871214:Research Object Entity, Name, L1525968:Architectural Aspects)', '(R874605:authors list, has list element, L1532957:António Silva)', '(R874604:A Complexity Metric for Microservices Architecture Migration, publication year, L1532958:2020)', '(R874632:Research Object Entity, Name, L1533010:Architecture Design Method)', '(R872485:authors list, has list element, L1528607:António Silva)', '(R872484:Monolith Migration Complexity Tuning Through the Application of Microservices Patterns, publication year, L1528608:2020)', '(R872516:Research Object Entity, Name, L1528666:Architecture Optimization Method)']",clustering_strategy,R659055,Software Architecture and Design,5,How many research objects did the author [Metadata: author name] investigate per year?,2,relationship,True,How many research objects did the author [Metadata: author name] investigate in his papers per publication year?,multi fact,explanatory,"description, quantitative, temporal",named entity,True,
2d90aff2-825e-4574-aad5-d1f643ffe7a3,"For each publication year, what is the number of evaluation methods applied in papers published by the author Mauro Caporuscio?","The number of evaluation methods applied in papers published by the author Mauro Caporuscio for each publication year is as follows: in 2020, two evaluation methods were applied; in 2021, one evaluation method was applied.","['10.1007/978-3-030-58923-3_4', '10.1007/978-3-030-58923-3_4', '10.1007/978-3-030-58923-3_4', '10.1007/978-3-030-86044-8_5', '10.1007/978-3-030-86044-8_5', '10.1007/978-3-030-86044-8_5', '10.1007/978-3-030-58923-3_18', '10.1007/978-3-030-58923-3_18', '10.1007/978-3-030-58923-3_18']",,"['(R869908:authors list, has list element, L1523243:Mauro Caporuscio)', '(R869907:Decentralized Architecture for Energy-Aware Service Assembly, publication year, L1523247:2020)', '(R869932:Evaluation Method Entity, Name, L1523299:Technical Experiment)', '(R870228:authors list, has list element, L1523935:Mauro Caporuscio)', '(R870227:A Machine Learning Approach to Service Discovery for Microservice Architectures, publication year, L1523939:2021)', '(R870253:Evaluation Method Entity, Name, L1523994:Technical Experiment)', '(R869731:authors list, has list element, L1522878:Mauro Caporuscio)', '(R869730:Architectural Concerns for Digital Twin of the Organization, publication year, L1522884:2020)', '(R869756:Evaluation Method Entity, Name, L1522935:Case Study)']",clustering_strategy,R659055,Software Architecture and Design,6,What is the proportion of the evaluation methods that have been published by the author [Metadata: author name] per year?,2,relationship,True,"For each publication year, what is the number of evaluation methods applied in papers published by the author [Metadata: author name]?",multi fact,explanatory,"description, quantitative, temporal",named entity,False,
ea232df6-7d5e-493e-802e-5aef7c93b2ac,"For each year, what is the number of evaluation approaches that have been applied in papers published by Danny Weyns?",The number of evaluation approaches that have been applied in papers published by Danny Weyns is one in 2018 and one in 2019.,"['10.1007/978-3-030-00761-4_4', '10.1007/978-3-030-00761-4_4', '10.1007/978-3-030-00761-4_4', '10.1007/978-3-030-29983-5_8', '10.1007/978-3-030-29983-5_8', '10.1007/978-3-030-29983-5_8']",,"['(R871632:authors list, has list element, L1526813:Danny Weyns)', '(R871631:Applying Architecture-Based Adaptation to Automate the Management of Internet-of-Things, publication year, L1526817:2018)', '(R871657:Evaluation Method Entity, Name, L1526868:Case Study)', '(R869606:authors list, has list element, L1522603:Danny Weyns)', '(R869605:Continuous Adaptation Management in Collective Intelligence Systems, publication year, L1522605:2019)', '(R869631:Evaluation Method Entity, Name, L1522660:Case Study)']",clustering_strategy,R659055,Software Architecture and Design,6,What is the proportion of the evaluation methods that have been published by the author [Metadata: author name] per year?,2,relationship,False,"For each year, what is the number of evaluation approaches that have been applied in papers published by [Metadata: author name]?",multi fact,explanatory,"description, named entity, temporal",named entity,False,
45fd4cfa-0734-4805-b703-9108057fe185,Which paper investigates the property robustness?,The paper with the title 'Designing Robust Software Systems through Parametric Markov Chain Synthesis' is the only paper that evaluates the property robustness.,['10.1109/ICSA.2017.16'],,"['(R868433:Property, Name, L1520081:Robustness)']",publication_subgraph_strategy,R868403,Designing Robust Software Systems through Parametric Markov Chain Synthesis,5,Which papers evaluate the sub-property with the name [Content Data: sub-property name]?,3,basic,True,Which paper investigates the property [property]?,single fact,simple,named entity,named entity,True,
5bb01df5-bdda-4226-9abb-0508dd287db1,Which papers apply the evaluation method Field Experiment?,"The papers that apply the evaluation method Field Experiment are: 1. ACE: Easy Deployment of Field Optimization Experiments, 2. Decision Models for Microservices: Design Areas, Stakeholders, Use Cases, and Requirements, and 3. An Architecture for Decentralized, Collaborative, and Autonomous Robots.","['10.1007/978-3-030-29983-5_18', '10.1007/978-3-319-65831-5_11', '10.1109/ICSA.2018.00017']",,"['(R869510:Evaluation Method Entity, Name, L1522395:Field Experiment)', '(R869418:Evaluation Method Entity, Name, L1522201:Field Experiment)', '(R871557:Evaluation Method Entity, Name, L1526667:Field Experiment)']",clustering_strategy,R659055,Software Architecture and Design,6,Which papers apply the evaluation method with the name [Content Data: evaluation method name]?,3,aggregation,True,Which papers apply the evaluation method [Content Data: evaluation method name]?,multi fact,enumerative,named entity,named entity,True,
fc884d7c-e208-42e9-bc8a-41278fc275ca,Which papers evaluate the property Security and have input data available?,"The publications that evaluate the property Security and have input data available are: 'Understanding Software Vulnerabilities Related to Architectural Security Tactics: An Empirical Investigation of Chromium, PHP and Thunderbird' and 'A Comparison of MQTT Brokers for Distributed IoT Edge Computing'.","['10.1109/ICSA.2017.39', '10.1109/ICSA.2017.39', '10.1007/978-3-030-58923-3_23', '10.1007/978-3-030-58923-3_23']",,"['(R872259:Property, Name, L1528119:Security)', '(R872263:Input Data, available, L1528123:True)', '(R873760:Property, Name, L1531164:Security)', '(R873766:Input Data, available, L1531170:True)']",clustering_strategy,R659055,Software Architecture and Design,6,Which publications evaluate the sub-property [sub property name] and have input data available?,3,aggregation,True,Which papers evaluate the property [Content Data: property name] and have input data available?,multi fact,enumerative,named entity,named entity,False,
e241a8f3-84f7-4189-9808-85e606369b6a,How many papers evaluate the property Reliability?,There are five papers that evaluate the property Reliability.,"['10.1007/978-3-030-58923-3_23', '10.1109/ICSA.2018.00017', '10.1109/ICSA.2019.00019', '10.1109/ICSA.2017.43', '10.1109/ICSA.2019.00013']",,"['(R873759:Property, Name, L1531163:Reliability)', '(R871563:Property, Name, L1526673:Reliability)', '(R871765:Property, Name, L1527091:Reliability)', '(R871130:Property, Name, L1525789:Reliability)', '(R870044:Property, Name, L1523526:Reliability)']",clustering_strategy,R659055,Software Architecture and Design,6,How many papers evaluate the sub-property with the name [Content Data: sub-property name]?,3,counting,True,How many papers evaluate the property [Content Data: property name]?,multi fact,simple,named entity,named entity,True,
137febde-0bb1-4b18-b5ca-c8e7a878c974,What is the number of papers that investigate the property Security?,Six papers investigate the property Security.,"['10.1007/978-3-030-58923-3_23', '10.1109/ICSA.2017.39', '10.1109/ICSA.2019.00019', '10.1109/ICSA.2019.00012', '10.1109/ICSA.2018.00010', '10.1109/ICSA.2017.42']",,"['(R873760:Property, Name, L1531164:Security)', '(R872259:Property, Name, L1528119:Security)', '(R871764:Property, Name, L1527090:Security)', '(R870779:Property, Name, L1525081:Security)', '(R874713:Property, Name, L1533184:Security)', '(R872592:Property, Name, L1528794:Security)']",clustering_strategy,R659055,Software Architecture and Design,6,How many publications have the evaluation sub-property [Content Data: sub-property name]?,3,counting,True,What is the number of papers that investigate the property [Content Data: property name]?,multi fact,simple,named entity,named entity,False,
69e09835-46f3-4c0f-a8d4-41534fa28e48,Which papers apply the evaluation method Field Experiment? Rank the papers in descending order of their publication year.,"The papers that apply the evaluation method Field Experiment, ranked in descending order of their publication year, are: 1. ACE: Easy Deployment of Field Optimization Experiments (2019), 2. An Architecture for Decentralized, Collaborative, and Autonomous Robots (2018), and 3. Decision Models for Microservices: Design Areas, Stakeholders, Use Cases, and Requirements (2017).","['10.1109/ICSA.2018.00017', '10.1109/ICSA.2018.00017', '10.1007/978-3-030-29983-5_18', '10.1007/978-3-030-29983-5_18', '10.1007/978-3-319-65831-5_11', '10.1007/978-3-319-65831-5_11']",,"['(R871557:Evaluation Method Entity, Name, L1526667:Field Experiment)', '(R871523:An Architecture for Decentralized, Collaborative, and Autonomous Robots, publication year, L1526604:2018)', '(R869510:Evaluation Method Entity, Name, L1522395:Field Experiment)', '(R869486:ACE: Easy Deployment of Field Optimization Experiments, publication year, L1522347:2019)', '(R869418:Evaluation Method Entity, Name, L1522201:Field Experiment)', '(R869392:Decision Models for Microservices: Design Areas, Stakeholders, Use Cases, and Requirements, publication year, L1522148:2017)']",clustering_strategy,R659055,Software Architecture and Design,6,Which papers apply the evaluation method with the name [Content Data: evaluation method name]? Rank the papers in descending order of their publication year.,3,ranking,True,Which papers apply the evaluation method [Content Data: evaluation method name]? Rank the papers in descending order of their publication year.,multi fact,enumerative,"named entity, temporal",named entity,True,
69bcdd8c-745a-4605-8dc6-e3678b2142bd,Which studies evaluate compatibility in their work sorted from the most recent publication to the earliest?,"The publications that evaluate the property Compatibility, ranked in descending order of their publication year, are: 1. Mitigating the Influence of Embedded Software Development Environments and Toolsets (ESDT) on Software Architecture (2019), and 2. An Architecture for Decentralized, Collaborative, and Autonomous Robots (2018).","['10.1109/ICSA.2018.00017', '10.1109/ICSA.2018.00017', '10.1109/ICSA.2019.00020', '10.1109/ICSA.2019.00020']",,"['(R871562:Property, Name, L1526672:Compatibility)', '(R871523:An Architecture for Decentralized, Collaborative, and Autonomous Robots, publication year, L1526604:2018)', '(R871569:Property, Name, L1526678:Compatibility)', '(R868862:Mitigating the Influence of Embedded Software Development Environments and Toolsets (ESDT) on Software Architecture, publication year, L1521021:2019)']",clustering_strategy,R659055,Software Architecture and Design,6,Which publications have the evaluation sub-property [evaluation sub-property name] ranked by the publication year?,3,ranking,False,Which studies evaluate [Content Data: property name] in their work sorted from the most recent publication to the earliest?,multi fact,enumerative,"named entity, temporal",named entity,False,
52148f59-5e9a-4d7f-bc61-f52cf2e56fd7,Which papers evaluate the property Reliability? Rank the papers in descending order by their publication year.,"The papers with the investigated property Reliability, ranked in descending order by their publication year, are: 1. A Comparison of MQTT Brokers for Distributed IoT Edge Computing (2020), 2. An Architecture-Driven Adaptation Approach for Big Data Cyber Security Analytics (2019), 3. A Platform Architecture for Multi-Tenant Blockchain-Based Systems (2019), 4. An Architecture for Decentralized, Collaborative, and Autonomous Robots (2018), 5. Quality Evaluation of PaaS Cloud Application Design Using Generated Prototypes (2017)","['10.1109/ICSA.2019.00013', '10.1109/ICSA.2019.00013', '10.1109/ICSA.2019.00019', '10.1109/ICSA.2019.00019', '10.1007/978-3-030-58923-3_23', '10.1007/978-3-030-58923-3_23', '10.1109/ICSA.2018.00017', '10.1109/ICSA.2018.00017', '10.1109/ICSA.2017.43', '10.1109/ICSA.2017.43']",,"['(R870044:Property, Name, L1523526:Reliability)', '(R870014:An Architecture-Driven Adaptation Approach for Big Data Cyber Security Analytics, publication year, L1523470:2019)', '(R871765:Property, Name, L1527091:Reliability)', '(R871726:A Platform Architecture for Multi-Tenant Blockchain-Based Systems, publication year, L1527024:2019)', '(R873759:Property, Name, L1531163:Reliability)', '(R873728:A Comparison of MQTT Brokers for Distributed IoT Edge Computing, publication year, L1531105:2020)', '(R871563:Property, Name, L1526673:Reliability)', '(R871523:An Architecture for Decentralized, Collaborative, and Autonomous Robots, publication year, L1526604:2018)', '(R871130:Property, Name, L1525789:Reliability)', '(R871104:Quality Evaluation of PaaS Cloud Application Design Using Generated Prototypes, publication year, L1525740:2017)']",clustering_strategy,R659055,Software Architecture and Design,6,Which publications have the evaluation sub-property [evaluation sub-property name] ranked by the publication year?,3,ranking,True,Which papers evaluate the property [Content Data: property name]? Rank the papers in descending order by their publication year.,multi fact,enumerative,"named entity, temporal",named entity,False,
4de79ef4-57b4-4a22-9f2e-286995751d3c,Give me all the papers that apply a benchmark in their evaluation ranked from the most recent to the oldest.,"The publications that apply a benchmark in their evaluation, ranked from the most recent to the oldest, are: 1. Formal Software Architectural Migration Towards Emerging Architectural Styles (2020), 2. Employment of Optimal Approximations on Apache Hadoop Checkpoint Technique for Performance Improvements (2020), 3. Evaluating the Effectiveness of Multi-level Greedy Modularity Clustering for Software Architecture Recovery (2019), 4. Experiments in Curation: Towards Machine-Assisted Construction of Software Architecture Knowledge Bases (2017)","['10.1007/978-3-030-29983-5_5', '10.1007/978-3-030-29983-5_5', '10.1109/ICSA.2017.27', '10.1109/ICSA.2017.27', '10.1007/978-3-030-58923-3_2', '10.1007/978-3-030-58923-3_2', '10.1109/ICSA47634.2020.00009', '10.1109/ICSA47634.2020.00009']",,"['(R874284:Evaluation Method Entity, Name, L1532280:Benchmark)', '(R874518:Evaluating the Effectiveness of Multi-level Greedy Modularity Clustering for Software Architecture Recovery, publication year, L1532779:2019)', '(R871169:Evaluation Method Entity, Name, L1525874:Benchmark)', '(R871582:Experiments in Curation: Towards Machine-Assisted Construction of Software Architecture Knowledge Bases, publication year, L1526719:2017)', '(R871616:Evaluation Method Entity, Name, L1526778:Benchmark)', '(R871143:Formal Software Architectural Migration Towards Emerging Architectural Styles, publication year, L1525821:2020)', '(R874546:Evaluation Method Entity, Name, L1532835:Benchmark)', '(R874260:Employment of Optimal Approximations on Apache Hadoop Checkpoint Technique for Performance Improvements, publication year, L1532232:2020)']",clustering_strategy,R659055,Software Architecture and Design,6,Which publications have the evaluation method [Content Data: evaluation method name] ranked by the publication year?,3,ranking,False,Give me all the papers that apply a [Content Data: evaluation method name] in their evaluation ranked from the most recent to the oldest.,multi fact,enumerative,"named entity, temporal",named entity,False,
cb20ce38-aaad-4b13-b082-7594e50e35f1,"Among papers that investigate the research object Architecture Design Method, how many papers have evaluated the property Portability compared to those that evaluated the property Usability?","Among papers that investigate the research object Architecture Design Method, one paper has evaluated Portability as a property, while two different papers have evaluated Usability as a property.","['10.1109/ICSA.2017.32', '10.1109/ICSA.2017.32', '10.1109/ICSA47634.2020.00016', '10.1109/ICSA47634.2020.00016', '10.1109/ICSA.2017.13', '10.1109/ICSA.2017.13']",,"['(R870918:Research Object Entity, Name, L1525360:Architecture Design Method)', '(R871807:Property, Name, L1527168:Portability)', '(R868960:Research Object Entity, Name, L1521207:Architecture Design Method)', '(R870916:Property, Name, L1525358:Usability)', '(R871810:Research Object Entity, Name, L1527171:Architecture Design Method)', '(R868956:Property, Name, L1521203:Usability)']",clustering_strategy,R659055,Software Architecture and Design,6,"How many papers have used the sub-property [Content Data: sub-property name] compared to those that used the sub-property [Content Data: sub-property name], with the research object [Content Data: research object name]?",3,comparative,True,"Among papers that investigate the research object [Content Data: research object name], how many papers have evaluated the property [Content Data: property name] compared to those that evaluated the property [Content Data: property name]?",multi fact,explanatory,"description, quantitative",named entity,False,
1075f1c8-0fce-4044-ae87-7e7d3ef35ad2,"Among papers that investigate a reference architecture, how many focus on usability compared to portability?","Among papers that investigate a reference architecture, the number that focus on usability compared to portability is one paper for usability and two papers for portability.","['10.1109/ICSA.2017.42', '10.1109/ICSA.2017.42', '10.1109/ICSA.2017.42', '10.1007/978-3-030-29983-5_10', '10.1007/978-3-030-29983-5_10']",,"['(R872595:Research Object Entity, Name, L1528797:Reference Architecture)', '(R872593:Property, Name, L1528795:Portability)', '(R872573:Property, Name, L1528779:Usability)', '(R871379:Research Object Entity, Name, L1526303:Reference Architecture)', '(R871372:Property, Name, L1526297:Portability)', '(R871377:Property, Name, L1526301:Portability)']",clustering_strategy,R659055,Software Architecture and Design,6,"How many papers have used the sub-property [Content Data: sub-property name] compared to those that used the sub-property [Content Data: sub-property name], with the research object [Content Data: research object name]?",3,comparative,False,"Among papers that investigate a [Content Data: research object name], how many focus on [Content Data: property name] compared to [Content Data: property name]?",multi fact,explanatory,"description, quantitative",named entity,False,
716d3216-9a3a-4a4b-acaf-1183d4d09575,Which papers investigate the research object Architecture Optimization Method and indicate that no input data was used?,"The papers 'EASIER: An Evolutionary Approach for Multi-objective Software ArchItecturE Refactoring', 'Dynamic Updates of Virtual PLCs Deployed as Kubernetes Microservices', and 'Modeling of Parametric Dependencies for Performance Prediction of Component-Based Software Systems at Run-Time' investigate the research object Architecture Optimization Method and indicate that no input data was used.","['10.1109/ICSA.2018.00020', '10.1109/ICSA.2018.00020', '10.1007/978-3-030-86044-8_1', '10.1007/978-3-030-86044-8_1', '10.1109/ICSA.2018.00023', '10.1109/ICSA.2018.00023']",,"['(R871335:Research Object Entity, Name, L1526225:Architecture Optimization Method)', '(R871337:Input Data, None, L1526229:True)', '(R872013:Research Object Entity, Name, L1527594:Architecture Optimization Method)', '(R872015:Input Data, None, L1527598:True)', '(R872308:Research Object Entity, Name, L1528217:Architecture Optimization Method)', '(R872310:Input Data, None, L1528221:True)']",clustering_strategy,R659055,Software Architecture and Design,5,Which papers investigate the research object [Content Data: research object name] and indicate that no input data was used in their work?,3,negation,True,Which papers investigate the research object [Content Data: research object name] and indicate that no input data was used?,multi fact,enumerative,named entity,named entity,True,
7f747a8f-886a-4c9f-8c56-68b9cff875a8,Which papers investigating architecture evolution have not used input data?,The papers that use the research object Architecture Evolution but do not have any input data available are: 1) 'Using Informal Knowledge for Improving Software Quality Trade-Off Decisions' and 2) 'On Interfaces to Support Agile Architecting in Automotive: An Exploratory Case Study'.,"['10.1007/978-3-030-00761-4_18', '10.1007/978-3-030-00761-4_18', '10.1109/ICSA.2019.00025', '10.1109/ICSA.2019.00025']",,"['(R873482:Research Object Entity, Name, L1530596:Architecture Evolution)', '(R874831:Input Data, None, L1533463:True)', '(R868851:Research Object Entity, Name, L1520985:Architecture Evolution)', '(R868853:Input Data, None, L1520989:True)']",clustering_strategy,R659055,Software Architecture and Design,5,"Which papers use the research object [Content Data: research object name], but do not have any input data available?",3,negation,False,Which papers investigating [Content Data: research object name] have not used input data?,multi fact,enumerative,named entity,named entity,False,
33b23515-6a6b-4976-9fd7-1de4bc7db859,What is the paper class that papers are most frequently classified as when they investigate the property Reliability?,The paper class that papers are most frequently classified as when they investigate the property Reliability is Evaluation research.,"['10.1007/978-3-030-58923-3_23', '10.1007/978-3-030-58923-3_23', '10.1109/ICSA.2019.00019', '10.1109/ICSA.2019.00019', '10.1109/ICSA.2019.00013', '10.1109/ICSA.2019.00013', '10.1109/ICSA.2017.43', '10.1109/ICSA.2017.43', '10.1109/ICSA.2018.00017', '10.1109/ICSA.2018.00017']",,"['(R873759:Property, Name, L1531163:Reliability)', '(R873751:Paper Class 2, evaluation research, L1531157:True)', '(R871765:Property, Name, L1527091:Reliability)', '(R871755:Paper Class 2, evaluation research, L1527083:True)', '(R870044:Property, Name, L1523526:Reliability)', '(R870036:Paper Class 2, validation research, L1523515:True)', '(R871563:Property, Name, L1526673:Reliability)', '(R871123:Paper Class 2, proposal of solution, L1525781:True)', '(R871130:Property, Name, L1525789:Reliability)', '(R871552:Paper Class 2, evaluation research, L1526664:True)']",clustering_strategy,R659055,Software Architecture and Design,6,What is the paper class that papers are most frequently classified as when they investigate the sub-property with the name [Content Data: sub-property name] in their evaluations?,3,superlative,True,What is the paper class that papers are most frequently classified as when they investigate the property [Content Data: property name]?,multi fact,simple,named entity,named entity,True,
30595f47-6fe5-40c8-8d45-c18f0843cbbf,Which is the most used paper class for papers that apply the evaluation method Case Study and investigate the research object Architecture Description?,The most commonly used paper class for papers that apply the evaluation method Case Study and investigate the research object Architecture Description is validation research.,"['10.1109/ICSA.2018.00024', '10.1109/ICSA.2018.00024', '10.1109/ICSA.2018.00024', '10.1109/ICSA.2018.00024', '10.1109/ICSA.2018.00009', '10.1109/ICSA.2018.00009', '10.1109/ICSA.2018.00009']",,"['(R874062:Evaluation Method Entity, Name, L1531810:Case Study)', '(R874066:Research Object Entity, Name, L1531814:Architecture Description)', '(R874057:Paper Class 2, proposal of solution, L1531804:True)', '(R874057:Paper Class 2, validation research, L1531802:True)', '(R869715:Evaluation Method Entity, Name, L1522846:Case Study)', '(R869719:Research Object Entity, Name, L1522850:Architecture Description)', '(R869710:Paper Class 2, validation research, L1522838:True)']",clustering_strategy,R659055,Software Architecture and Design,6,Which is the most used paper class for publications with the evaluation method [method name] and the research object [Content Data: research object name]?,3,superlative,True,Which is the most used paper class for papers that apply the evaluation method [Content Data: evaluation method name] and investigate the research object [Content Data: research object name]?,multi fact,simple,named entity,named entity,False,
dd9b02a6-7f62-4bec-91dd-330398852334,"Among the publications that investigate architecture patterns and apply case studies in their evaluation, which is the most used paper class?",The most commonly used paper class for publications that employ the evaluation method Case Study and target the research object Architecture Pattern is evaluation research.,"['10.1007/978-3-030-00761-4_21', '10.1007/978-3-030-00761-4_21', '10.1007/978-3-030-00761-4_21', '10.1109/ICSA.2017.39', '10.1109/ICSA.2017.39', '10.1109/ICSA.2017.39', '10.1007/978-3-030-29983-5_16', '10.1007/978-3-030-29983-5_16', '10.1007/978-3-030-29983-5_16', '10.1007/978-3-030-29983-5_16']",,"['(R870410:Evaluation Method Entity, Name, L1524293:Case Study)', '(R870420:Research Object Entity, Name, L1524302:Architecture Pattern)', '(R870405:Paper Class 2, evaluation research, L1524290:True)', '(R872257:Evaluation Method Entity, Name, L1528117:Case Study)', '(R872261:Research Object Entity, Name, L1528121:Architecture Pattern)', '(R872252:Paper Class 2, evaluation research, L1528114:True)', '(R870328:Evaluation Method Entity, Name, L1524149:Case Study)', '(R870332:Research Object Entity, Name, L1524153:Architecture Pattern)', '(R870323:Paper Class 2, validation research, L1524141:True)', '(R870323:Paper Class 2, proposal of solution, L1524143:True)']",clustering_strategy,R659055,Software Architecture and Design,6,Which is the most used paper class for publications with the evaluation method [method name] and the research object [Content Data: research object name]?,3,superlative,False,"Among the publications that investigate [Content Data: research object name] and apply case studies in their evaluation, which is the most used paper class?",multi fact,simple,named entity,named entity,False,
502b6de0-07d3-4ff0-b138-101edf292d49,"Among the publications that investigate technical debt and apply data science in their evaluation, which is the most used paper class?",The most used paper class for publications with the evaluation method Data Science and the research object Technical Debt is evaluation research.,"['10.1007/978-3-319-65831-5_4', '10.1007/978-3-319-65831-5_4', '10.1007/978-3-319-65831-5_4', '10.1109/ICSA51549.2021.00017', '10.1109/ICSA51549.2021.00017', '10.1109/ICSA51549.2021.00017']",,"['(R869128:Evaluation Method Entity, Name, L1521574:Data Science)', '(R869132:Research Object Entity, Name, L1521578:Technical Debt)', '(R869123:Paper Class 2, evaluation research, L1521571:True)', '(R872804:Evaluation Method Entity, Name, L1529234:Data Science)', '(R872808:Research Object Entity, Name, L1529238:Technical Debt)', '(R872799:Paper Class 2, evaluation research, L1529231:True)']",clustering_strategy,R659055,Software Architecture and Design,6,Which is the most used paper class for publications with the evaluation method [method name] and the research object [Content Data: research object name]?,3,superlative,False,"Among the publications that investigate [Content Data: research object name] and apply [Content Data: evaluation method name] in their evaluation, which is the most used paper class?",multi fact,simple,named entity,named entity,False,
ad5d0aac-1275-4204-8dfd-d74a2478e87e,What is the frequency of papers that investigate architectural assumptions per year?,"The frequency of papers that investigate architectural assumptions per year is: one paper in 2017, one paper in 2018, and one paper in 2019.","['10.1109/ICSA.2019.00024', '10.1109/ICSA.2019.00024', '10.1007/978-3-319-65831-5_14', '10.1007/978-3-319-65831-5_14', '10.1109/ICSA.2018.00026', '10.1109/ICSA.2018.00026']",,"['(R873641:Research Object Entity, Name, L1530909:Architectural Assumptions)', '(R873599:Improving the Consistency and Usefulness of Architecture Descriptions: Guidelines for Architects, publication year, L1530833:2019)', '(R868687:Research Object Entity, Name, L1520620:Architectural Assumptions)', '(R868651:Architectural Assumptions and Their Management in Industry – An Exploratory Study, publication year, L1520562:2017)', '(R873407:Research Object Entity, Name, L1530444:Architectural Assumptions)', '(R873379:Predicting the Performance of Privacy-Preserving Data Analytics Using Architecture Modelling and Simulation, publication year, L1530392:2018)']",clustering_strategy,R659055,Software Architecture and Design,5,What is the proportion of papers that have the research object [Content Data: research object name] per year?,3,relationship,False,What is the frequency of papers that investigate [Content Data: research object name] per year?,multi fact,explanatory,"description, quantitative, temporal",named entity,False,
fbc403f4-026c-409b-b3e2-95335faee310,What is the frequency of papers that apply the evaluation method Benchmark per publication year?,"The frequency of papers that apply the evaluation method Benchmark per publication year is: 1 paper in 2017, 1 paper in 2019, and 2 papers in 2020.","['10.1109/ICSA.2017.27', '10.1109/ICSA.2017.27', '10.1007/978-3-030-58923-3_2', '10.1007/978-3-030-58923-3_2', '10.1109/ICSA47634.2020.00009', '10.1109/ICSA47634.2020.00009', '10.1007/978-3-030-29983-5_5', '10.1007/978-3-030-29983-5_5']",,"['(R871169:Evaluation Method Entity, Name, L1525874:Benchmark)', '(R871582:Experiments in Curation: Towards Machine-Assisted Construction of Software Architecture Knowledge Bases, publication year, L1526719:2017)', '(R874546:Evaluation Method Entity, Name, L1532835:Benchmark)', '(R871143:Formal Software Architectural Migration Towards Emerging Architectural Styles, publication year, L1525821:2020)', '(R874284:Evaluation Method Entity, Name, L1532280:Benchmark)', '(R874260:Employment of Optimal Approximations on Apache Hadoop Checkpoint Technique for Performance Improvements, publication year, L1532232:2020)', '(R871616:Evaluation Method Entity, Name, L1526778:Benchmark)', '(R874518:Evaluating the Effectiveness of Multi-level Greedy Modularity Clustering for Software Architecture Recovery, publication year, L1532779:2019)']",clustering_strategy,R659055,Software Architecture and Design,6,What is the proportion of papers that have the evaluation method [Content Data: evaluation method name] per year?,3,relationship,True,What is the frequency of papers that apply the evaluation method [Content Data: evaluation method name] per publication year?,multi fact,explanatory,"description, quantitative, temporal",named entity,False,
93d40c0d-7ddf-4136-9630-bafe39bd8488,What is the frequency of papers that used a field experiment in their evaluations per year?,"The frequency of papers that used a field experiment in their evaluations per year is: one in 2017, one in 2018, and one in 2019.","['10.1007/978-3-319-65831-5_11', '10.1007/978-3-319-65831-5_11', '10.1007/978-3-030-29983-5_18', '10.1007/978-3-030-29983-5_18', '10.1109/ICSA.2018.00017', '10.1109/ICSA.2018.00017']",,"['(R869418:Evaluation Method Entity, Name, L1522201:Field Experiment)', '(R869392:Decision Models for Microservices: Design Areas, Stakeholders, Use Cases, and Requirements, publication year, L1522148:2017)', '(R869510:Evaluation Method Entity, Name, L1522395:Field Experiment)', '(R869486:ACE: Easy Deployment of Field Optimization Experiments, publication year, L1522347:2019)', '(R871557:Evaluation Method Entity, Name, L1526667:Field Experiment)', '(R871523:An Architecture for Decentralized, Collaborative, and Autonomous Robots, publication year, L1526604:2018)']",clustering_strategy,R659055,Software Architecture and Design,6,What is the proportion of papers that have the evaluation method [Content Data: evaluation method name] per year?,3,relationship,False,What is the frequency of papers that used a [Content Data: evaluation method name] in their evaluations per year?,multi fact,explanatory,"description, quantitative, temporal",named entity,False,
24172dfa-095e-4798-803c-4c4ab294b94a,What are the research objects investigated in papers of the paper class philosophical paper?,The research object investigated in papers of the philosophical paper class is Architecture Decision Making.,"['10.1109/ICSA.2018.00021', '10.1109/ICSA.2018.00021']",,"['(R873096:Paper Class 2, philosophical paper, L1529827:True)', '(R873105:Research Object Entity, Name, L1529835:Architecture Decision Making)']",publication_subgraph_strategy,R873077,Architectural Design Decisions for Systems Supporting Model-Based Analysis of Runtime Events: A Qualitative Multi-method Study,4,What are the names of the research objects that are investigated in papers with the paper class [Metadata: paper class name]?,4,basic,True,What are the research objects investigated in papers of the paper class [Metadata: paper class name]?,multi fact,enumerative,named entity,named entity,True,"For the 'basic' retrieval operation, we must ensure that the retriever only has to retrieve a single fact without any form of aggregation. For the given use case, this question is a special case in that sense as only one triple is required."
82f7245c-2c4e-48d6-add2-3c8865676839,What are the research objects investigated in papers that apply the evaluation method Field Experiment?,"The research objects investigated with the Field Experiment evaluation method are 1. Architecture Optimization Method, 2. Reference Architecture, and 3. Architecture Decision Making.","['10.1007/978-3-030-29983-5_18', '10.1007/978-3-030-29983-5_18', '10.1109/ICSA.2018.00017', '10.1109/ICSA.2018.00017', '10.1007/978-3-319-65831-5_11', '10.1007/978-3-319-65831-5_11']",,"['(R869510:Evaluation Method Entity, Name, L1522395:Field Experiment)', '(R869514:Research Object Entity, Name, L1522399:Architecture Optimization Method)', '(R871557:Evaluation Method Entity, Name, L1526667:Field Experiment)', '(R871571:Research Object Entity, Name, L1526680:Reference Architecture)', '(R869418:Evaluation Method Entity, Name, L1522201:Field Experiment)', '(R869424:Research Object Entity, Name, L1522207:Architecture Decision Making)']",clustering_strategy,R659055,Software Architecture and Design,6,What are the research objects that are investigated in papers that apply the evaluation method [Content Data: evaluation method name]?,4,aggregation,True,What are the research objects investigated in papers that apply the evaluation method [Content Data: evaluation method name]?,multi fact,enumerative,named entity,named entity,True,
1b7b46cd-e9ce-4de5-8229-35df5e5c28f3,Which research objects are evaluated with the property Freedom from Risk?,The research objects that are evaluated with the Freedom from Risk property are Architecture Decision Making and Architecture Description.,"['10.1109/ICSA51549.2021.00010', '10.1109/ICSA51549.2021.00010', '10.1109/ICSA.2018.00016', '10.1109/ICSA.2018.00016']",,"['(R874246:Property, Name, L1532194:Freedom from Risk)', '(R874249:Research Object Entity, Name, L1532197:Architecture Decision Making)', '(R872679:Property, Name, L1528970:Freedom from Risk)', '(R872681:Research Object Entity, Name, L1528972:Architecture Description)']",clustering_strategy,R659055,Software Architecture and Design,6,Which research objects are used in conjunction with the [evaluation sub property name] sub-property?,4,aggregation,True,Which research objects are evaluated with the property [Content Data: property name]?,multi fact,enumerative,named entity,named entity,False,
05474243-a2d2-4c3f-8699-408c05dbeb0c,Which research objects are investigated in papers that evaluate reliability?,"The research objects investigated in papers that evaluate reliability are Reference Architecture, Architecture Analysis Method, Architecture Optimization Method, and Architectural Aspects.","['10.1109/ICSA.2019.00019', '10.1109/ICSA.2019.00019', '10.1109/ICSA.2018.00017', '10.1109/ICSA.2018.00017', '10.1109/ICSA.2017.43', '10.1109/ICSA.2017.43', '10.1109/ICSA.2019.00013', '10.1109/ICSA.2019.00013', '10.1007/978-3-030-58923-3_23', '10.1007/978-3-030-58923-3_23']",,"['(R871765:Property, Name, L1527091:Reliability)', '(R871774:Research Object Entity, Name, L1527099:Reference Architecture)', '(R871563:Property, Name, L1526673:Reliability)', '(R871571:Research Object Entity, Name, L1526680:Reference Architecture)', '(R871130:Property, Name, L1525789:Reliability)', '(R871132:Research Object Entity, Name, L1525791:Architecture Analysis Method)', '(R870044:Property, Name, L1523526:Reliability)', '(R870048:Research Object Entity, Name, L1523530:Architecture Optimization Method)', '(R873759:Property, Name, L1531163:Reliability)', '(R873764:Research Object Entity, Name, L1531168:Architectural Aspects)']",clustering_strategy,R659055,Software Architecture and Design,6,Which research objects are used in conjunction with the [evaluation sub property name] sub-property?,4,aggregation,False,Which research objects are investigated in papers that evaluate [Content Data: property name]?,multi fact,enumerative,named entity,named entity,False,
1f34b6a1-1348-4347-99b0-038916c1e220,"Among those papers that evaluate freedom from risk in their investigation, what methods are used to realize the evaluation? Rank the methods in descending alphabetical order.","Among those papers that evaluate freedom from risk in their investigation, the methods used to realize the evaluation, ranked in descending alphabetical order, are: Focus Group and Technical Experiment.","['10.1109/ICSA.2018.00016', '10.1109/ICSA.2018.00016', '10.1109/ICSA51549.2021.00010', '10.1109/ICSA51549.2021.00010']",,"['(R872679:Property, Name, L1528970:Freedom from Risk)', '(R872673:Evaluation Method Entity, Name, L1528964:Technical Experiment)', '(R874246:Property, Name, L1532194:Freedom from Risk)', '(R874243:Evaluation Method Entity, Name, L1532191:Focus Group)']",clustering_strategy,R659055,Software Architecture and Design,6,Which evaluation methods are used in conjunction with the evaluation sub-property [evaluation sub property name] ranked in descending alphabetical order?,4,ranking,False,"Among those papers that evaluate [Content Data: property name] in their investigation, what methods are used to realize the evaluation? Rank the methods in descending alphabetical order.",multi fact,enumerative,named entity,named entity,False,
b54fb478-0c65-46ed-8c32-a495b1e5b6cc,How frequently is the property Satisfaction evaluated compared to the property Context Coverage in papers that investigate the research object Architecture Evolution?,"The frequency with which the property Satisfaction is evaluated compared to the property Context Coverage in papers that investigate the research object Architecture Evolution is as follows: Satisfaction is evaluated three times, whereas Context Coverage is evaluated only once.","['10.1109/ICSA51549.2021.00014', '10.1109/ICSA51549.2021.00014', '10.1109/ICSA51549.2021.00014', '10.1109/ICSA.2018.00012', '10.1109/ICSA.2018.00012', '10.1109/ICSA.2019.00024', '10.1109/ICSA.2019.00024']",,"['(R874382:Research Object Entity, Name, L1532476:Architecture Evolution)', '(R874372:Property, Name, L1532467:Satisfaction)', '(R874380:Property, Name, L1532474:Context coverage)', '(R871023:Research Object Entity, Name, L1525570:Architecture Evolution)', '(R871021:Property, Name, L1525568:Satisfaction)', '(R873637:Research Object Entity, Name, L1530905:Architecture Evolution)', '(R873633:Property, Name, L1530901:Satisfaction)']",clustering_strategy,R659055,Software Architecture and Design,6,How frequently is the sub-property with the name [Content Data: sub-property name] used compared to the sub-property with the name [Content Data: sub-property name] in research that investigates the research object with the name [Content Data: research object name]?,4,comparative,True,How frequently is the property [property 1] evaluated compared to the property [property 2] in papers that investigate the research object [Content Data: research object name]?,multi fact,explanatory,"description, quantitative",named entity,True,
709abd57-3572-4990-92f9-0d4e7557a999,"Among publications that investigate architecture patterns, how often is the satisfaction evaluated in comparison to context coverage?","Among publications that investigate architecture patterns, the property Satisfaction is evaluated three times while the Context Coverage is only evaluated once.","['10.1109/ICSA.2019.00014', '10.1109/ICSA.2019.00014', '10.1109/ICSA.2017.20', '10.1109/ICSA.2017.20', '10.1109/ICSA.2017.20', '10.1007/978-3-030-00761-4_21', '10.1007/978-3-030-00761-4_21']",,"['(R870420:Research Object Entity, Name, L1524302:Architecture Pattern)', '(R870214:Property, Name, L1523904:Satisfaction)', '(R869040:Research Object Entity, Name, L1521385:Architecture Pattern)', '(R869038:Property, Name, L1521383:Context coverage)', '(R869037:Property, Name, L1521382:Satisfaction)', '(R870216:Research Object Entity, Name, L1523906:Architecture Pattern)', '(R870417:Property, Name, L1524299:Satisfaction)']",clustering_strategy,R659055,Software Architecture and Design,6,How often is the sub-property [Content Data: sub-property name] used in comparison to the sub-property [sub-property] with the research object [Content Data: research object name]?,4,comparative,False,"Among publications that investigate [Content Data: research object name], how often is the [Content Data: property name] evaluated in comparison to [Content Data: property name]?",multi fact,explanatory,"description, quantitative",named entity,False,
9e3c5460-0e14-4afc-884b-7d587a27d540,What are the properties that are evaluated in papers that investigate the research object Technical Debt without adhering to an evaluation guideline?,The properties that are evaluated in papers that investigate the research object Technical Debt without adhering to an evaluation guideline are Accuracy and Maintainability.,"['10.1109/ICSA51549.2021.00017', '10.1109/ICSA51549.2021.00017', '10.1007/978-3-319-65831-5_4', '10.1007/978-3-319-65831-5_4', '10.1109/ICSA51549.2021.00017', '10.1007/978-3-319-65831-5_4']",,"['(R872808:Research Object Entity, Name, L1529238:Technical Debt)', '(R872802:Evaluation, Has Guideline, L1529235:False)', '(R869132:Research Object Entity, Name, L1521578:Technical Debt)', '(R869126:Evaluation, Has Guideline, L1521575:False)', '(R872806:Property, Name, L1529236:Accuracy)', '(R869130:Property, Name, L1521576:Maintainability)']",clustering_strategy,R659055,Software Architecture and Design,6,What are the names of the evaluation sub-properties that are assessed in research papers that investigate the research object with the name [Content Data: research object name] without adhering to evaluation guidelines?,4,negation,True,What are the properties that are evaluated in papers that investigate the research object [Content Data: research object name] without adhering to an evaluation guideline?,multi fact,enumerative,named entity,named entity,True,
1fd7e0a1-08a9-4ef8-8ab5-48440698ff9c,"Among publications that investigate architectural assumptions, which properties have been evaluated without following a guideline for their evaluation?","Among publications that investigate architectural assumptions, which properties have been evaluated without following a guideline for their evaluation?","['10.1109/ICSA.2019.00024', '10.1109/ICSA.2019.00024', '10.1109/ICSA.2019.00024', '10.1109/ICSA.2019.00024', '10.1109/ICSA.2019.00024', '10.1109/ICSA.2018.00026', '10.1109/ICSA.2018.00026', '10.1109/ICSA.2018.00026']",,"['(R873641:Research Object Entity, Name, L1530909:Architectural Assumptions)', '(R873401:Evaluation, Has Guideline, L1530441:False)', '(R873633:Property, Name, L1530901:Satisfaction)', '(R873635:Property, Name, L1530903:Functional Suitability)', '(R873632:Property, Name, L1530900:Effectiveness)', '(R873407:Research Object Entity, Name, L1530444:Architectural Assumptions)', '(R873639:Evaluation, Has Guideline, L1530907:False)', '(R873405:Property, Name, L1530442:Performance efficiency)']",clustering_strategy,R659055,Software Architecture and Design,6,Which evaluation sub-properties are used in the research object [Content Data: research object name] but do not use evaluation guidelines?,4,negation,False,"Among publications that investigate [Content Data: research object name], which properties have been evaluated without following a guideline for their evaluation?",multi fact,enumerative,named entity,named entity,False,
385d45f0-1a9b-4e2f-a511-a9bebb0f6925,"What are the research objects that are evaluated without an evaluation guideline, using the evaluation method Field Experiment?",The research objects that have been evaluated with the evaluation method Field Experiment without using an evaluation guideline are Reference Architecture and Architecture Optimization Method.,"['10.1109/ICSA.2018.00017', '10.1109/ICSA.2018.00017', '10.1109/ICSA.2018.00017', '10.1007/978-3-030-29983-5_18', '10.1007/978-3-030-29983-5_18', '10.1007/978-3-030-29983-5_18']",,"['(R871557:Evaluation Method Entity, Name, L1526667:Field Experiment)', '(R871565:Evaluation, Has Guideline, L1526677:False)', '(R871571:Research Object Entity, Name, L1526680:Reference Architecture)', '(R869510:Evaluation Method Entity, Name, L1522395:Field Experiment)', '(R869508:Evaluation, Has Guideline, L1522396:False)', '(R869514:Research Object Entity, Name, L1522399:Architecture Optimization Method)']",clustering_strategy,R659055,Software Architecture and Design,6,Which research objects that have the evaluation method [Content Data: evaluation method name] do not use evaluation guidelines?,4,negation,True,"What are the research objects that are evaluated without an evaluation guideline, using the evaluation method [Content Data: evaluation method name]?",multi fact,enumerative,named entity,named entity,False,
d98023c9-a612-455c-8189-c898a8244e9e,"Among publications that apply grounded theory in their evaluation, what are the research objects evaluated without using a guideline for the evaluation?",Architecture Pattern is the only research object for which no evaluation guideline has been used when applying the evaluation method Grounded Theory. ,"['10.1007/978-3-030-29983-5_2', '10.1007/978-3-030-29983-5_2', '10.1109/ICSA.2017.20', '10.1109/ICSA.2017.20', '10.1007/978-3-030-29983-5_2', '10.1109/ICSA.2017.20']",,"['(R873005:Evaluation Method Entity, Name, L1529647:Grounded Theory)', '(R873003:Evaluation, Has Guideline, L1529648:False)', '(R869035:Evaluation Method Entity, Name, L1521380:Grounded Theory)', '(R869033:Evaluation, Has Guideline, L1521381:False)', '(R873010:Research Object Entity, Name, L1529652:Architecture Pattern)', '(R869040:Research Object Entity, Name, L1521385:Architecture Pattern)']",clustering_strategy,R659055,Software Architecture and Design,6,Which research objects that have the evaluation method [Content Data: evaluation method name] do not use evaluation guidelines?,4,negation,False,"Among publications that apply [Content Data: evaluation method name] in their evaluation, what are the research objects evaluated without using a guideline for the evaluation?",multi fact,enumerative,named entity,named entity,False,
25e23886-0754-4387-8b4e-2a56a5d5f19a,How frequently is the research object Technical Debt investigated per publication year?,"The frequency with which the research object Technical Debt is investigated per publication year is as follows: it was investigated once in 2017, once in 2020, and once in 2021.","['10.1007/978-3-030-58923-3_14', '10.1007/978-3-030-58923-3_14', '10.1007/978-3-319-65831-5_4', '10.1007/978-3-319-65831-5_4', '10.1109/ICSA51549.2021.00017', '10.1109/ICSA51549.2021.00017']",,"['(R872808:Research Object Entity, Name, L1529238:Technical Debt)', '(R872607:Architectural Technical Debt: A Grounded Theory, publication year, L1528844:2020)', '(R869132:Research Object Entity, Name, L1521578:Technical Debt)', '(R869104:The Evolution of Technical Debt in the Apache Ecosystem, publication year, L1521523:2017)', '(R872632:Research Object Entity, Name, L1528881:Technical Debt)', '(R872780:Architectural Decay as Predictor of Issue- and Change-Proneness, publication year, L1529184:2021)']",clustering_strategy,R659055,Software Architecture and Design,5,How frequently per year is the research object with the name [Content Data: research object name] investigated?,4,relationship,True,How frequently is the research object [Content Data: research object name] investigated per publication year?,multi fact,explanatory,"description, quantitative",named entity,True,
66f35b8f-b2a8-4455-8a84-b10360f7de30,How often is the evaluation method Benchmark applied per publication year?,"The evaluation method Benchmark was used twice in 2020, once in 2017, and once in 2019.","['10.1007/978-3-030-58923-3_2', '10.1007/978-3-030-58923-3_2', '10.1109/ICSA47634.2020.00009', '10.1109/ICSA47634.2020.00009', '10.1109/ICSA.2017.27', '10.1109/ICSA.2017.27', '10.1007/978-3-030-29983-5_5', '10.1007/978-3-030-29983-5_5']",,"['(R871169:Evaluation Method Entity, Name, L1525874:Benchmark)', '(R871143:Formal Software Architectural Migration Towards Emerging Architectural Styles, publication year, L1525821:2020)', '(R874284:Evaluation Method Entity, Name, L1532280:Benchmark)', '(R874260:Employment of Optimal Approximations on Apache Hadoop Checkpoint Technique for Performance Improvements, publication year, L1532232:2020)', '(R871616:Evaluation Method Entity, Name, L1526778:Benchmark)', '(R871582:Experiments in Curation: Towards Machine-Assisted Construction of Software Architecture Knowledge Bases, publication year, L1526719:2017)', '(R874546:Evaluation Method Entity, Name, L1532835:Benchmark)', '(R874518:Evaluating the Effectiveness of Multi-level Greedy Modularity Clustering for Software Architecture Recovery, publication year, L1532779:2019)']",clustering_strategy,R659055,Software Architecture and Design,6,What is the proportion of the evaluation method [Content Data: evaluation method name] that is applied per year?,4,relationship,True,How often is the evaluation method [Content Data: evaluation method name] applied per publication year?,multi fact,explanatory,"description, quantitative",named entity,False,
f86e6a44-1e26-457c-8c53-2be336c61e7f,How often per year are field experiments used for evaluation?,"The frequency per year that field experiments are used for evaluation is once in 2019, once in 2018, and once in 2017.","['10.1007/978-3-030-29983-5_18', '10.1007/978-3-030-29983-5_18', '10.1007/978-3-319-65831-5_11', '10.1007/978-3-319-65831-5_11', '10.1109/ICSA.2018.00017', '10.1109/ICSA.2018.00017']",,"['(R869510:Evaluation Method Entity, Name, L1522395:Field Experiment)', '(R869486:ACE: Easy Deployment of Field Optimization Experiments, publication year, L1522347:2019)', '(R869418:Evaluation Method Entity, Name, L1522201:Field Experiment)', '(R869392:Decision Models for Microservices: Design Areas, Stakeholders, Use Cases, and Requirements, publication year, L1522148:2017)', '(R871557:Evaluation Method Entity, Name, L1526667:Field Experiment)', '(R871523:An Architecture for Decentralized, Collaborative, and Autonomous Robots, publication year, L1526604:2018)']",clustering_strategy,R659055,Software Architecture and Design,6,What is the proportion of the evaluation method [Content Data: evaluation method name] that is applied per year?,4,relationship,False,How often per year are [Content Data: evaluation method name]s used for evaluation?,multi fact,explanatory,"description, quantitative",named entity,False,
997f2c00-4d34-4801-81f6-aa3b52186e51,What is the property that is evaluated for the research object Architecture Design Method in the paper with the title 'Enabling Continuous Software Engineering for Embedded Systems Architectures with Virtual Prototypes'?,The property investigated on the research object Architecture Design Method in the paper 'Enabling Continuous Software Engineering for Embedded Systems Architectures with Virtual Prototypes' is Functional Suitability.,['10.1007/978-3-030-00761-4_8'],,"['(R870624:Property, Name, L1524745:Functional Suitability)']",publication_subgraph_strategy,R659055,Software Architecture and Design,6,What is the name of the sub-property that is evaluated for the research object with the name [Content Data: research object name] in the paper with the title '[Metadata: paper title]'?,5,basic,True,What is the property that is evaluated for the research object [Content Data: research object name] in the paper with the title '[Metadata: paper title]'?,single fact,simple,named entity,named entity,True,
6916bcb2-160f-4d54-82c7-7a5c12ca7ad0,What are the evaluation methods that the author Uwe Zdun applied in papers that investigate the research object Architecture Decision Making?,The evaluation methods that the author Uwe Zdun applied in papers that investigate the research object Architecture Decision Making are Data Science and Grounded Theory.,"['10.1109/ICSA.2018.00021', '10.1109/ICSA.2018.00021', '10.1109/ICSA.2018.00021', '10.1007/978-3-030-29983-5_1', '10.1007/978-3-030-29983-5_1', '10.1007/978-3-030-29983-5_1']",,"['(R873078:authors list, has list element, L1529783:Uwe Zdun)', '(R873105:Research Object Entity, Name, L1529835:Architecture Decision Making)', '(R873101:Evaluation Method Entity, Name, L1529831:Data Science)', '(R873341:authors list, has list element, L1530307:Uwe Zdun)', '(R873368:Research Object Entity, Name, L1530360:Architecture Decision Making)', '(R873364:Evaluation Method Entity, Name, L1530356:Grounded Theory)']",clustering_strategy,R659055,Software Architecture and Design,6,What are the names of the evaluation methods that the author Uwe Zdun applied in papers that investigate the research object with the name [Content Data: research object name]?,5,aggregation,True,What are the evaluation methods that the author [Metadata: author name] applied in papers that investigate the research object [Content Data: research object name]?,multi fact,enumerative,named entity,named entity,True,
244e7283-5c10-47ba-baf6-8532b4983390,What evaluation methods have been applied to evaluate accuracy on the investigated objects in papers published by Duc Le?,The evaluation methods that have been applied to evaluate accuracy on the investigated objects in papers published by Duc Le are Technical Experiment and Data Science.,"['10.1109/ICSA.2018.00019', '10.1109/ICSA.2018.00019', '10.1109/ICSA.2018.00019', '10.1109/ICSA51549.2021.00017', '10.1109/ICSA51549.2021.00017', '10.1109/ICSA51549.2021.00017']",,"['(R872070:authors list, has list element, L1527717:Duc Le)', '(R872099:Property, Name, L1527778:Accuracy)', '(R872097:Evaluation Method Entity, Name, L1527776:Technical Experiment)', '(R872781:authors list, has list element, L1529180:Duc Le)', '(R872806:Property, Name, L1529236:Accuracy)', '(R872804:Evaluation Method Entity, Name, L1529234:Data Science)']",clustering_strategy,R659055,Software Architecture and Design,6,What evaluation methods have been published by the author [Metadata: author name] with the sub-property [Content Data: sub-property name]?,5,aggregation,False,What evaluation methods have been applied to evaluate [Content Data: property name] on the investigated objects in papers published by [Metadata: author name]?,multi fact,enumerative,named entity,named entity,False,
92bfcae2-d819-4a89-9956-d880552e8b1a,Which methods have been applied to evaluate the usability of objects investigated in papers published by Lu Xiao?,The methods that have been applied to evaluate the usability of objects investigated in papers published by Lu Xiao are Controlled Experiment and Case Study.,"['10.1109/ICSA47634.2020.00025', '10.1109/ICSA47634.2020.00025', '10.1109/ICSA47634.2020.00025', '10.1109/ICSA51549.2021.00022', '10.1109/ICSA51549.2021.00022', '10.1109/ICSA51549.2021.00022']",,"['(R869436:authors list, has list element, L1522239:Lu Xiao)', '(R869467:Property, Name, L1522304:Usability)', '(R869465:Evaluation Method Entity, Name, L1522302:Controlled Experiment)', '(R871675:authors list, has list element, L1526905:Lu Xiao)', '(R871708:Property, Name, L1526978:Usability)', '(R871704:Evaluation Method Entity, Name, L1526974:Case Study)']",clustering_strategy,R659055,Software Architecture and Design,6,What evaluation methods have been published by the author [Metadata: author name] with the sub-property [Content Data: sub-property name]?,5,aggregation,False,Which methods have been applied to evaluate the [Content Data: property name] of objects investigated in papers published by [Metadata: author name]?,multi fact,enumerative,named entity,named entity,False,
92d35ad7-dbb7-4c3c-aa0f-654cec77bc70,How many different evaluation methods did the author David Monschein apply in papers that evaluate the property Efficiency?,The number of different evaluation methods that the author David Monschein applied in papers that evaluate the property Efficiency is two.,"['10.1109/ICSA51549.2021.00009', '10.1109/ICSA51549.2021.00009', '10.1109/ICSA51549.2021.00009', '10.1109/ICSA47634.2020.00011', '10.1109/ICSA47634.2020.00011', '10.1109/ICSA47634.2020.00011']",,"['(R868699:authors list, has list element, L1520650:David Monschein)', '(R868730:Property, Name, L1520716:Efficiency)', '(R868726:Evaluation Method Entity, Name, L1520712:Technical Experiment)', '(R870060:authors list, has list element, L1523561:David Monschein)', '(R870089:Property, Name, L1523619:Efficiency)', '(R870085:Evaluation Method Entity, Name, L1523615:Case Study)']",clustering_strategy,R659055,Software Architecture and Design,6,How many different evaluation methods did the author [Metadata: author name] use in papers that evaluate the sub-property with the name [Content Data: sub-property name]?,5,counting,True,How many different evaluation methods did the author [Metadata: author name] apply in papers that evaluate the property [Content Data: property name]?,multi fact,simple,quantitative,named entity,True,
7605e03e-b2e5-401f-b4c5-f630c08c6393,How many different evaluation methods have been applied by the author Stefan Kugele to evaluate architecture patterns?,The number of different evaluation methods that have been applied by the author Stefan Kugele to evaluate architecture patterns is three.,"['10.1109/ICSA.2017.20', '10.1109/ICSA.2017.20', '10.1109/ICSA.2017.20', '10.1109/ICSA47634.2020.00026', '10.1109/ICSA47634.2020.00026', '10.1109/ICSA47634.2020.00026', '10.1109/ICSA47634.2020.00026']",,"['(R869011:authors list, has list element, L1521323:Stefan Kugele)', '(R869040:Research Object Entity, Name, L1521385:Architecture Pattern)', '(R869035:Evaluation Method Entity, Name, L1521380:Grounded Theory)', '(R870793:authors list, has list element, L1525112:Stefan Kugele)', '(R870830:Research Object Entity, Name, L1525177:Architecture Pattern)', '(R870821:Evaluation Method Entity, Name, L1525169:Argumentation)', '(R870826:Evaluation Method Entity, Name, L1525173:Technical Experiment)']",clustering_strategy,R659055,Software Architecture and Design,6,How many evaluation methods have been published by the author [Metadata: author name] with the research object [Content Data: research object name]?,5,counting,False,How many different evaluation methods have been applied by the author [Metadata: author name] to evaluate [Content Data: research object name]?,multi fact,simple,quantitative,named entity,False,
f994d2a6-dd73-426a-8680-b0d8e8c4412a,How many evaluation methods have been applied by the author Ingo Weber in papers that investigate the research object Architecture Decision Making?,Two evaluation methods have been applied by the author Ingo Weber in papers that investigate the research object Architecture Decision Making.,"['10.1109/ICSA51549.2021.00013', '10.1109/ICSA51549.2021.00013', '10.1109/ICSA51549.2021.00013', '10.1109/ICSA.2017.33', '10.1109/ICSA.2017.33', '10.1109/ICSA.2017.33']",,"['(R869313:authors list, has list element, L1521976:Ingo Weber)', '(R869342:Research Object Entity, Name, L1522034:Architecture Decision Making)', '(R869337:Evaluation Method Entity, Name, L1522029:Interview)', '(R873702:authors list, has list element, L1531053:Ingo Weber)', '(R873724:Research Object Entity, Name, L1531093:Architecture Decision Making)', '(R873720:Evaluation Method Entity, Name, L1531089:Argumentation)']",clustering_strategy,R659055,Software Architecture and Design,6,How many evaluation methods have been published by the author [Metadata: author name] with the research object [Content Data: research object name]?,5,counting,True,How many evaluation methods have been applied by the author [Metadata: author name] in papers that investigate the research object [Content Data: research object name]?,multi fact,simple,quantitative,named entity,False,
b27c050c-ce7d-40b2-9eb4-8f3c3611e168,What methods have been applied to evaluate architecture decision making in the papers published by Xiwei Xu? Rank them in descending alphabetical order.,"The methods that have been applied to evaluate architecture decision making in the papers published by Xiwei Xu, ranked in descending alphabetical order, are Interview and Argumentation.","['10.1109/ICSA51549.2021.00013', '10.1109/ICSA51549.2021.00013', '10.1109/ICSA51549.2021.00013', '10.1109/ICSA.2017.33', '10.1109/ICSA.2017.33', '10.1109/ICSA.2017.33']",,"['(R869313:authors list, has list element, L1521973:Xiwei Xu)', '(R869342:Research Object Entity, Name, L1522034:Architecture Decision Making)', '(R869337:Evaluation Method Entity, Name, L1522029:Interview)', '(R873702:authors list, has list element, L1531052:Xiwei Xu)', '(R873724:Research Object Entity, Name, L1531093:Architecture Decision Making)', '(R873720:Evaluation Method Entity, Name, L1531089:Argumentation)']",clustering_strategy,R659055,Software Architecture and Design,6,What evaluation methods have been published by the author [Metadata: author name] with the research object [Content Data: research object name] ranked in descending alphabetical order?,5,ranking,False,What methods have been applied to evaluate [Content Data: research object name] in the papers published by [Metadata: author name]? Rank them in descending alphabetical order.,multi fact,enumerative,named entity,named entity,False,
4b35bdf2-e3fe-4368-811d-3550d93ba344,What properties have been evaluated with a technical experiment in papers published by Mohamed Soliman? Rank them in descending alphabetical order.,"The properties that have been evaluated with a technical experiment in papers published by Mohamed Soliman are Accuracy and Functional Suitability, ranked in descending alphabetical order.","['10.1007/978-3-030-86044-8_8', '10.1007/978-3-030-86044-8_8', '10.1007/978-3-030-86044-8_8', '10.1109/ICSA.2018.00028', '10.1109/ICSA.2018.00028', '10.1109/ICSA.2018.00028']",,"['(R869226:authors list, has list element, L1521780:Mohamed Soliman)', '(R869249:Evaluation Method Entity, Name, L1521832:Technical Experiment)', '(R869251:Property, Name, L1521834:Functional Suitability)', '(R874394:authors list, has list element, L1532510:Mohamed Soliman)', '(R874427:Evaluation Method Entity, Name, L1532576:Technical Experiment)', '(R874429:Property, Name, L1532578:Accuracy)']",clustering_strategy,R659055,Software Architecture and Design,6,What evaluation sub-properties have been published by the author [Metadata: author name] with the evaluation method [Content Data: evaluation method name] ranked in descending alphabetical order?,5,ranking,False,What properties have been evaluated with a [Content Data: evaluation method name] in papers published by [Metadata: author name]? Rank them in descending alphabetical order.,multi fact,enumerative,named entity,named entity,False,
9121d47b-2eb2-4506-9569-faf4f1d0d1a9,What are the evaluation properties that have been investigated by the author Andreas Burger by applying the evaluation method Technical Experiment ranked in descending alphabetical order?,"The evaluation properties investigated by the author Andreas Burger that have been evaluated with the evaluation method Technical Experiment are performance efficiency, efficiency, and effectiveness.","['10.1109/ICSA.2018.00029', '10.1109/ICSA.2018.00029', '10.1007/978-3-030-86044-8_1', '10.1007/978-3-030-86044-8_1', '10.1109/ICSA.2018.00029', '10.1007/978-3-030-86044-8_1', '10.1007/978-3-030-86044-8_1']",,"['(R872156:authors list, has list element, L1527897:Andreas Burger)', '(R872179:Evaluation Method Entity, Name, L1527946:Technical Experiment)', '(R871984:authors list, has list element, L1527535:Andreas Burger)', '(R872008:Evaluation Method Entity, Name, L1527589:Technical Experiment)', '(R872181:Property, Name, L1527948:Performance efficiency)', '(R872011:Property, Name, L1527592:Efficiency)', '(R872010:Property, Name, L1527591:Effectiveness)']",clustering_strategy,R659055,Software Architecture and Design,6,What evaluation sub-properties have been published by the author [Metadata: author name] with the evaluation method [Content Data: evaluation method name] ranked in descending alphabetical order?,5,ranking,True,What are the evaluation properties that have been investigated by the author [Metadata: author name] by applying the evaluation method [Content Data: evaluation method name] ranked in descending alphabetical order?,multi fact,enumerative,named entity,named entity,False,
361e4d2b-3e80-4fe3-85ff-35a81b857637,How often is the research object Architecture Extraction investigated in papers published in the publication year 2018 in comparison to the publication year 2020?,"The research object Architecture Extraction is investigated in two papers published in 2018, compared to one paper in 2020.","['10.1109/ICSA.2018.00014', '10.1109/ICSA.2018.00014', '10.1109/ICSA47634.2020.00023', '10.1109/ICSA47634.2020.00023', '10.1007/978-3-030-00761-4_14', '10.1007/978-3-030-00761-4_14']",,"['(R873887:Research Object Entity, Name, L1531437:Architecture Extraction)', '(R873855:Towards Micro Service Architecture Recovery: An Empirical Study, publication year, L1531379:2018)', '(R870549:Research Object Entity, Name, L1524582:Architecture Extraction)', '(R870521:From Monolithic Architecture Style to Microservice one Based on a Semi-Automatic Approach, publication year, L1524530:2020)', '(R869680:Research Object Entity, Name, L1522761:Architecture Extraction)', '(R869648:A Platform for the Automated Provisioning of Architecture Information for Large-Scale Service-Oriented Software Systems, publication year, L1522702:2018)']",clustering_strategy,R659055,Software Architecture and Design,5,How many research objects with the name [Content Data: research object name] have been investigated in papers published in the publication year [year 1] in comparison to the publication year [year 2]?,5,comparative,True,How often is the research object [Content Data: research object name] investigated in papers published in the publication year [Metadata: year] in comparison to the publication year [Metadata: year]?,multi fact,explanatory,"description, quantitative","named entity, temporal",True,
3c251bef-217a-4f5c-9ea7-584cf535dfdc,How many times have architecture patterns been investigated in 2018 in comparison to 2020?,The number of times architecture patterns have been investigated in 2018 in comparison to 2020 is the same; architecture patterns were investigated twice in 2018 and twice in 2020.,"['10.1109/ICSA47634.2020.00019', '10.1109/ICSA47634.2020.00019', '10.1109/ICSA47634.2020.00026', '10.1109/ICSA47634.2020.00026', '10.1109/ICSA.2018.00011', '10.1109/ICSA.2018.00011', '10.1007/978-3-030-00761-4_21', '10.1007/978-3-030-00761-4_21']",,"['(R869887:Research Object Entity, Name, L1523202:Architecture Pattern)', '(R869851:Model-Based Analysis of Microservice Resiliency Patterns, publication year, L1523137:2020)', '(R870830:Research Object Entity, Name, L1525177:Architecture Pattern)', '(R870792:Architectural Patterns for Cross-Domain Personalised Automotive Functions, publication year, L1525115:2020)', '(R874027:Research Object Entity, Name, L1531723:Architecture Pattern)', '(R873993:Reducing Development Overheads with a Generic and Model-Centric Architecture for Online Games, publication year, L1531662:2018)', '(R870420:Research Object Entity, Name, L1524302:Architecture Pattern)', '(R870380:Identifying and Prioritizing Architectural Debt Through Architectural Smells: A Case Study in a Large Software Company, publication year, L1524234:2018)']",clustering_strategy,R659055,Software Architecture and Design,5,How many research objects with the name [Content Data: research object name] have been published in [Metadata: year] in comparison to [Metadata: year]?,5,comparative,False,How many times have [Content Data: research object name] been investigated in [Metadata: year] in comparison to [Metadata: year]?,multi fact,explanatory,"description, quantitative","named entity, temporal",False,
eafdb4ba-3efe-495d-a4e4-efe1b9ae8a83,How often is the evaluation method Questionnaire applied in papers published in the publication year 2020 in comparison to the publication year 2021?,"The evaluation method Questionnaire is applied once in papers published in the publication year 2020, in comparison to being applied twice in papers published in the publication year 2021.","['10.1109/ICSA51549.2021.00014', '10.1109/ICSA51549.2021.00014', '10.1007/978-3-030-86044-8_21', '10.1007/978-3-030-86044-8_21', '10.1007/978-3-030-58923-3_21', '10.1007/978-3-030-58923-3_21']",,"['(R874370:Evaluation Method Entity, Name, L1532465:Questionnaire)', '(R874338:Continuous API Evolution in Heterogenous Enterprise Software Systems, publication year, L1532404:2021)', '(R868509:Evaluation Method Entity, Name, L1520249:Questionnaire)', '(R868485:How Software Architects Focus Their Attention, publication year, L1520199:2021)', '(R870466:Evaluation Method Entity, Name, L1524404:Questionnaire)', '(R870431:Determining Microservice Boundaries: A Case Study Using Static and Dynamic Software Analysis, publication year, L1524342:2020)']",clustering_strategy,R659055,Software Architecture and Design,6,How many evaluation methods with the name [Content Data: evaluation method name] have been published in [Metadata: year] in comparison to [Metadata: year]?,5,comparative,True,How often is the evaluation method [Content Data: evaluation method name] applied in papers published in the publication year [Metadata: year] in comparison to the publication year [Metadata: year]?,multi fact,explanatory,"description, quantitative","named entity, temporal",False,
c38533ba-7e3f-4307-be53-2862558ba6c3,How many times have interviews been applied for evaluation in 2020 in comparison to 2021?,"The number of times interviews have been applied for evaluation in 2020 in comparison to 2021 is as follows: in 2020, interviews were not applied, while in 2021, interviews were applied in three papers.","['10.1109/ICSA51549.2021.00013', '10.1109/ICSA51549.2021.00013', '10.1109/ICSA51549.2021.00010', '10.1109/ICSA51549.2021.00010', '10.1109/ICSA51549.2021.00020', '10.1109/ICSA51549.2021.00020', '10.1007/978-3-030-86044-8_14', '10.1007/978-3-030-86044-8_14']",,"['(R869337:Evaluation Method Entity, Name, L1522029:Interview)', '(R869312:A Decision Model for Choosing Patterns in Blockchain-Based Applications, publication year, L1521979:2021)', '(R874237:Evaluation Method Entity, Name, L1532186:Interview)', '(R874205:System- and Software-level Architecting Harmonization Practices for Systems-of-Systems : An exploratory case study on a long-running large-scale scientific instrument, publication year, L1532127:2021)', '(R873514:Evaluation Method Entity, Name, L1530665:Interview)', '(R873233:Aligning Architecture with Business Goals in the Automotive Domain, publication year, L1530089:2021)', '(R873252:Evaluation Method Entity, Name, L1530118:Interview)', '(R873486:State of the Practice in Application Programming Interfaces (APIs): A Case Study, publication year, L1530611:2021)']",clustering_strategy,R659055,Software Architecture and Design,6,How many evaluation methods with the name [Content Data: evaluation method name] have been published in [Metadata: year] in comparison to [Metadata: year]?,5,comparative,False,How many times have [Content Data: evaluation method name]s been applied for evaluation in [Metadata: year] in comparison to [Metadata: year]?,multi fact,explanatory,"description, quantitative","named entity, temporal",False,
2025048a-6b67-4553-bb99-8330bad2bd56,What are the research objects that have been investigated in papers by the author Uwe Zdun to which no evaluation method has been applied?,The research objects that have been investigated in papers by the author Uwe Zdun to which no evaluation method has been applied are Architecture Optimization Method and Architectural Aspects.,"['10.1109/ICSA51549.2021.00012', '10.1109/ICSA51549.2021.00012', '10.1109/ICSA51549.2021.00012', '10.1007/978-3-030-86044-8_15', '10.1007/978-3-030-86044-8_15', '10.1007/978-3-030-86044-8_15']",,"['(R869265:authors list, has list element, L1521866:Uwe Zdun)', '(R869298:Evaluation, Evaluation method, L1521934:False)', '(R869300:Research Object Entity, Name, L1521937:Architecture Optimization Method)', '(R871897:authors list, has list element, L1527351:Uwe Zdun)', '(R871930:Evaluation, Evaluation method, L1527415:False)', '(R871932:Research Object Entity, Name, L1527418:Architectural Aspects)']",clustering_strategy,R659055,Software Architecture and Design,5,"What are the names of the research objects, that have been investigated in papers by the author [Metadata: author name], where no evaluation method has been applied to?",5,negation,True,What are the research objects that have been investigated in papers by the author [Metadata: author name] to which no evaluation method has been applied?,multi fact,enumerative,named entity,named entity,True,
ce07faf7-c907-424b-8c06-a01beaa2c95e,What is the property that is evaluated the most often in papers that investigate architecture analysis methods published by Romina Eramo?,The property that is evaluated the most often for the research object Architecture Analysis Method published by the author Romina Eramo is Functional Suitability.,"['10.1109/ICSA.2018.00022', '10.1109/ICSA.2018.00022', '10.1109/ICSA.2018.00022', '10.1109/ICSA.2019.00017', '10.1109/ICSA.2019.00017', '10.1109/ICSA.2019.00017']",,"['(R872742:authors list, has list element, L1529100:Romina Eramo)', '(R872769:Research Object Entity, Name, L1529153:Architecture Analysis Method)', '(R872767:Property, Name, L1529151:Functional Suitability)', '(R871815:authors list, has list element, L1527184:Romina Eramo)', '(R871844:Research Object Entity, Name, L1527239:Architecture Analysis Method)', '(R871842:Property, Name, L1527237:Effectiveness)']",clustering_strategy,R659055,Software Architecture and Design,6,Which is the sub-property that appears the most for the research object [Content Data: research object name] published by the author [Metadata: author name]?,5,superlative,False,What is the property that is evaluated the most often in papers that investigate [Content Data: research object name]s published by [Metadata: author name]?,multi fact,simple,named entity,"named entity, temporal",False,
56365c6d-0fc1-47fb-9d5b-15c56f380b8b,What are the evaluation methods that have been applied the most in papers with the paper class proposal of solution and the investigated research object Architecture Extraction?,The evaluation method that has been applied the most to the research object Architecture Extraction and in papers classified as proposals of solutions is Case Study.,"['10.1007/978-3-030-29983-5_17', '10.1007/978-3-030-29983-5_17', '10.1007/978-3-030-29983-5_17', '10.1007/978-3-030-00761-4_14', '10.1007/978-3-030-00761-4_14', '10.1007/978-3-030-00761-4_14', '10.1007/978-3-030-29983-5_5', '10.1007/978-3-030-29983-5_5', '10.1007/978-3-030-29983-5_5']",,"['(R872455:Paper Class 2, proposal of solution, L1528559:True)', '(R872464:Research Object Entity, Name, L1528569:Architecture Extraction)', '(R872468:Evaluation Method Entity, Name, L1528570:Case Study)', '(R869669:Paper Class 2, proposal of solution, L1522749:True)', '(R869680:Research Object Entity, Name, L1522761:Architecture Extraction)', '(R869674:Evaluation Method Entity, Name, L1522755:Case Study)', '(R874541:Paper Class 2, proposal of solution, L1532829:True)', '(R874554:Research Object Entity, Name, L1532843:Architecture Extraction)', '(R874546:Evaluation Method Entity, Name, L1532835:Benchmark)']",clustering_strategy,R659055,Software Architecture and Design,6,What evaluation method has been used the most in the paper class [Metadata: paper class name] with the research object [Content Data: research object name]?,5,superlative,True,What are the evaluation methods that have been applied the most in papers with the paper class [Metadata: paper class name] and the investigated research object [Content Data: research object name]?,multi fact,simple,named entity,"named entity, temporal",False,
2b9b4085-f916-4608-86e7-5604954ea102,Which is the evaluation method that has been applied the most to evaluate architecture evolution in papers published in 2020?,The evaluation method that was applied the most to the research object Architecture Evolution in the year 2020 was Case Study.,"['10.1007/978-3-030-58923-3_18', '10.1007/978-3-030-58923-3_18', '10.1007/978-3-030-58923-3_18', '10.1109/ICSA47634.2020.00011', '10.1109/ICSA47634.2020.00011', '10.1109/ICSA47634.2020.00011']",,"['(R869762:Research Object Entity, Name, L1522941:Architecture Evolution)', '(R869730:Architectural Concerns for Digital Twin of the Organization, publication year, L1522884:2020)', '(R869756:Evaluation Method Entity, Name, L1522935:Case Study)', '(R870091:Research Object Entity, Name, L1523621:Architecture Evolution)', '(R870059:Incremental Calibration of Architectural Performance Models with Parametric Dependencies, publication year, L1523564:2020)', '(R870085:Evaluation Method Entity, Name, L1523615:Case Study)']",clustering_strategy,R659055,Software Architecture and Design,6,Which is the most used evaluation method that is used with the research object [Content Data: research object name] in the year [Metadata: year]?,5,superlative,False,Which is the evaluation method that has been applied the most to evaluate [Content Data: research object name] in papers published in [Metadata: year]?,multi fact,simple,named entity,"named entity, temporal",False,
2f44c85e-9744-4716-aa28-90716e166b1f,How are the research objects that are evaluated with grounded theory distributed between 2019 and 2021?,"The distribution of research objects that are evaluated with grounded theory between 2019 and 2021 is as follows: three in 2019, none in 2020, and none in 2021.","['10.1007/978-3-030-29983-5_2', '10.1007/978-3-030-29983-5_2', '10.1007/978-3-030-29983-5_2', '10.1007/978-3-030-29983-5_1', '10.1007/978-3-030-29983-5_1', '10.1007/978-3-030-29983-5_1', '10.1109/ICSA.2019.00018', '10.1109/ICSA.2019.00018', '10.1109/ICSA.2019.00018']",,"['(R873005:Evaluation Method Entity, Name, L1529647:Grounded Theory)', '(R872980:Supporting Architectural Decision Making on Data Management in Microservice Architectures, publication year, L1529596:2019)', '(R873010:Research Object Entity, Name, L1529652:Architecture Pattern)', '(R873364:Evaluation Method Entity, Name, L1530356:Grounded Theory)', '(R873340:Guiding Architectural Decision Making on Service Mesh Based Microservice Architectures, publication year, L1530308:2019)', '(R873368:Research Object Entity, Name, L1530360:Architecture Decision Making)', '(R868312:Evaluation Method Entity, Name, L1519814:Grounded Theory)', '(R868290:How Developers Discuss Architecture Smells? An Exploratory Study on Stack Overflow, publication year, L1519766:2019)', '(R868314:Research Object Entity, Name, L1519817:Architecture Pattern)']",clustering_strategy,R659055,Software Architecture and Design,6,What is the proportion of the research objects that are used in conjunction with the evaluation method [Content Data: evaluation method name] between [Metadata: year] and [Metadata: year]?,5,relationship,False,How are the research objects that are evaluated with [Content Data: evaluation method name] distributed between [Metadata: year] and [Metadata: year]?,multi fact,explanatory,"description, quantitative","named entity, temporal",False,
58317488-7918-4978-92bc-233751841d59,What is the distribution of the research objects that are evaluated with the evaluation method Argumentation between the publication years 2019 and 2021?,"The distribution of the research objects that are evaluated with the evaluation method Argumentation between the publication years 2019 and 2021 is as follows: two objects in 2019, none in 2020, and none in 2021.","['10.1007/978-3-030-29983-5_10', '10.1007/978-3-030-29983-5_10', '10.1109/ICSA.2019.00019', '10.1109/ICSA.2019.00019', '10.1007/978-3-030-29983-5_10', '10.1109/ICSA.2019.00019']",,"['(R871760:Evaluation Method Entity, Name, L1527086:Argumentation)', '(R871346:Assessing Adaptability of Software Architectures for Cyber Physical Production Systems, publication year, L1526260:2019)', '(R871375:Evaluation Method Entity, Name, L1526299:Argumentation)', '(R871726:A Platform Architecture for Multi-Tenant Blockchain-Based Systems, publication year, L1527024:2019)', '(R871774:Research Object Entity, Name, L1527099:Reference Architecture)', '(R871379:Research Object Entity, Name, L1526303:Reference Architecture)']",clustering_strategy,R659055,Software Architecture and Design,6,What is the distribution of the research objects that are used in conjunction with the evaluation method [Content Data: evaluation method name] between [Metadata: year] and [Metadata: year]?,5,relationship,True,What is the distribution of the research objects that are evaluated with the evaluation method [Content Data: evaluation method name] between the publication years [Metadata: year] and [Metadata: year]?,multi fact,explanatory,"description, quantitative","named entity, temporal",False,
a11b4521-7e9b-4897-a881-4876cc385c11,"Among those publications that evaluate compatibility, how are the evaluation methods that have been applied distributed between 2017 and 2019?",The evaluation methods that have been applied to evaluate compatibility between 2017 and 2019 are distributed as follows: one method was applied in 2018 and one method was applied in 2019.,"['10.1109/ICSA.2019.00020', '10.1109/ICSA.2019.00020', '10.1109/ICSA.2019.00020', '10.1109/ICSA.2018.00017', '10.1109/ICSA.2018.00017', '10.1109/ICSA.2018.00017', '10.1109/ICSA.2018.00017']",,"['(R871562:Property, Name, L1526672:Compatibility)', '(R868862:Mitigating the Influence of Embedded Software Development Environments and Toolsets (ESDT) on Software Architecture, publication year, L1521021:2019)', '(R868881:Evaluation Method Entity, Name, L1521050:Technical Experiment)', '(R871569:Property, Name, L1526678:Compatibility)', '(R871523:An Architecture for Decentralized, Collaborative, and Autonomous Robots, publication year, L1526604:2018)', '(R871567:Evaluation Method Entity, Name, L1526676:Interview)', '(R871557:Evaluation Method Entity, Name, L1526667:Field Experiment)']",clustering_strategy,R659055,Software Architecture and Design,6,What is the proportion of the evaluation methods that are used in conjunction with the sub-property [sub property name] between [Metadata: year] and [Metadata: year]?,5,relationship,False,"Among those publications that evaluate [Content Data: property name], how are the evaluation methods that have been applied distributed between [Metadata: year] and [Metadata: year]?",multi fact,explanatory,"description, quantitative","named entity, temporal",False,
aca4e265-6743-420f-a626-c6c2cab7d94e,Which papers investigate the research object Technical Debt in the publication year 2017?,The paper with the title 'The Evolution of Technical Debt in the Apache Ecosystem' investigated Technical Debt as a research object in the year 2017.,"['10.1007/978-3-319-65831-5_4', '10.1007/978-3-319-65831-5_4']",,"['(R869132:Research Object Entity, Name, L1521578:Technical Debt)', '(R869104:The Evolution of Technical Debt in the Apache Ecosystem, publication year, L1521523:2017)']",clustering_strategy,R659055,Software Architecture and Design,5,Which papers investigate [Content Data: research object name] as a research object in the publication year [Metadata: year]?,6,aggregation,True,Which papers investigate the research object [Content Data: research object name] in the publication year [Metadata: year]?,multi fact,enumerative,named entity,"named entity, temporal",True,
59b4d582-cf50-46bd-bf70-08e506b80a06,Which papers investigate architectural assumptions in 2019?,The paper 'Improving the Consistency and Usefulness of Architecture Descriptions: Guidelines for Architects' investigated Architectural Assumptions as a research object in the year 2019.,"['10.1109/ICSA.2019.00024', '10.1109/ICSA.2019.00024']",,"['(R873641:Research Object Entity, Name, L1530909:Architectural Assumptions)', '(R873599:Improving the Consistency and Usefulness of Architecture Descriptions: Guidelines for Architects, publication year, L1530833:2019)']",clustering_strategy,R659055,Software Architecture and Design,5,Which papers used [Content Data: research object name] as a research object in the year [Metadata: year]?,6,aggregation,False,Which papers investigate [Content Data: research object name] in [Metadata: year]?,multi fact,enumerative,named entity,"named entity, temporal",False,
20e5a40b-fe6b-409a-b87c-446972739d6f,Which papers applied the evaluation method Argumentation in the publication year 2020?,"The papers that applied the evaluation method Argumentation in the publication year 2020 are: 'Unlimited Rulebook: a Reference Architecture for Economy Mechanics in Digital Games', 'Continuous Experimentation for Automotive Software on the Example of a Heavy Commercial Vehicle in Daily Operation', and 'Architectural Patterns for Cross-Domain Personalised Automotive Functions'.","['10.1109/ICSA47634.2020.00014', '10.1109/ICSA47634.2020.00014', '10.1007/978-3-030-58923-3_5', '10.1007/978-3-030-58923-3_5', '10.1109/ICSA47634.2020.00026', '10.1109/ICSA47634.2020.00026']",,"['(R869089:Evaluation Method Entity, Name, L1521482:Argumentation)', '(R869051:Unlimited Rulebook: a Reference Architecture for Economy Mechanics in Digital Games, publication year, L1521417:2020)', '(R873061:Evaluation Method Entity, Name, L1529746:Argumentation)', '(R873021:Continuous Experimentation for Automotive Software on the Example of a Heavy Commercial Vehicle in Daily Operation, publication year, L1529684:2020)', '(R870821:Evaluation Method Entity, Name, L1525169:Argumentation)', '(R870792:Architectural Patterns for Cross-Domain Personalised Automotive Functions, publication year, L1525115:2020)']",clustering_strategy,R659055,Software Architecture and Design,6,Which papers used the evaluation method [Content Data: evaluation method name] in the year [Metadata: year]?,6,aggregation,True,Which papers applied the evaluation method [Content Data: evaluation method name] in the publication year [Metadata: year]?,multi fact,enumerative,named entity,"named entity, temporal",False,
3655dda4-9389-4db1-9699-c402d546436d,"In 2017, which papers applied interviews for evaluation?",The papers that applied the evaluation method Interview in the year 2017 are 'Architectural Assumptions and Their Management in Industry – An Exploratory Study' and 'Continuous Integration Impediments in Large-Scale Industry Projects'.,"['10.1007/978-3-319-65831-5_14', '10.1007/978-3-319-65831-5_14', '10.1109/ICSA.2017.11', '10.1109/ICSA.2017.11']",,"['(R868681:Evaluation Method Entity, Name, L1520615:Interview)', '(R868651:Architectural Assumptions and Their Management in Industry – An Exploratory Study, publication year, L1520562:2017)', '(R868593:Evaluation Method Entity, Name, L1520429:Interview)', '(R868569:Continuous Integration Impediments in Large-Scale Industry Projects, publication year, L1520380:2017)']",clustering_strategy,R659055,Software Architecture and Design,6,Which papers used the evaluation method [Content Data: evaluation method name] in the year [Metadata: year]?,6,aggregation,False,"In [Metadata: year], which papers applied [Content Data: evaluation method name]s for evaluation?",multi fact,enumerative,named entity,"named entity, temporal",False,
13fc2ea0-097a-4b2f-861a-758a7177065c,How many papers applied the evaluation method Controlled Experiment in the publication year 2018?,The number of papers that applied the evaluation method Controlled Experiment in the publication year 2018 is two.,"['10.1109/ICSA.2018.00028', '10.1109/ICSA.2018.00028', '10.1007/978-3-030-00761-4_23', '10.1007/978-3-030-00761-4_23']",,"['(R874422:Evaluation Method Entity, Name, L1532572:Controlled Experiment)', '(R874393:Improving the Search for Architecture Knowledge in Online Developer Communities, publication year, L1532515:2018)', '(R869377:Evaluation Method Entity, Name, L1522113:Controlled Experiment)', '(R869353:Two Architectural Threat Analysis Techniques Compared, publication year, L1522065:2018)']",clustering_strategy,R659055,Software Architecture and Design,6,How many papers applied the evaluation method with the name [Content Data: evaluation method name] in the publication year [Metadata: year]?,6,counting,True,How many papers applied the evaluation method [Content Data: evaluation method name] in the publication year [Metadata: year]?,multi fact,simple,quantitative,"named entity, temporal",True,
0f89c912-fced-46b6-89f5-f3a54145f683,How many papers were evaluated with grounded theory in 2020?,The number of papers that were evaluated with grounded theory in 2020 is two.,"['10.1007/978-3-030-58923-3_14', '10.1007/978-3-030-58923-3_14', '10.1007/978-3-030-58923-3_1', '10.1007/978-3-030-58923-3_1']",,"['(R869590:Evaluation Method Entity, Name, L1522568:Grounded Theory)', '(R872607:Architectural Technical Debt: A Grounded Theory, publication year, L1528844:2020)', '(R872627:Evaluation Method Entity, Name, L1528876:Grounded Theory)', '(R869566:Assessing Architecture Conformance to Coupling-Related Patterns and Practices in Microservices, publication year, L1522519:2020)']",clustering_strategy,R659055,Software Architecture and Design,6,How many papers used [Content Data: evaluation method name] as a evaluation method in the year [Metadata: year]?,6,counting,False,How many papers were evaluated with [Content Data: evaluation method name] in [Metadata: year]?,multi fact,simple,quantitative,"named entity, temporal",False,
45980771-43fe-4c67-8e6a-36b7a3df9772,How many papers investigated the research object Architecture Extraction in the publication year 2019?,Two papers investigate Architecture Extraction as a research object in the year 2019.,"['10.1007/978-3-030-29983-5_17', '10.1007/978-3-030-29983-5_17', '10.1007/978-3-030-29983-5_5', '10.1007/978-3-030-29983-5_5']",,"['(R872464:Research Object Entity, Name, L1528569:Architecture Extraction)', '(R872428:Tool Support for the Migration to Microservice Architecture: An Industrial Case Study, publication year, L1528508:2019)', '(R874554:Research Object Entity, Name, L1532843:Architecture Extraction)', '(R874518:Evaluating the Effectiveness of Multi-level Greedy Modularity Clustering for Software Architecture Recovery, publication year, L1532779:2019)']",clustering_strategy,R659055,Software Architecture and Design,5,How many papers used [Content Data: research object name] as a research object in the year [Metadata: year]?,6,counting,True,How many papers investigated the research object [Content Data: research object name] in the publication year [Metadata: year]?,multi fact,simple,quantitative,"named entity, temporal",False,
019f3671-5dd5-4d43-9a4d-a753cc79649d,How many papers investigate architecture evolution in 2020?,Two papers investigate architecture evolution in 2020.,"['10.1007/978-3-030-58923-3_18', '10.1007/978-3-030-58923-3_18']",,"['(R869762:Research Object Entity, Name, L1522941:Architecture Evolution)', '(R869730:Architectural Concerns for Digital Twin of the Organization, publication year, L1522884:2020)']",clustering_strategy,R659055,Software Architecture and Design,5,How many papers used [Content Data: research object name] as a research object in the year [Metadata: year]?,6,counting,False,How many papers investigate [Content Data: research object name] in [Metadata: year]?,multi fact,simple,quantitative,"named entity, temporal",False,
18b9f0d0-ddcf-4b4d-8193-0452d1de1368,Which papers have Ingo Weber as an author and apply the evaluation method Argumentation? Rank the papers in descending order of their publication year.,"The papers that have Ingo Weber as an author and that apply the evaluation method Argumentation, ranked in descending order of their publication year, are: 1. A Platform Architecture for Multi-Tenant Blockchain-Based Systems (2019), 2. A Taxonomy of Blockchain-Based Systems for Architecture Design (2017).","['10.1109/ICSA.2019.00019', '10.1109/ICSA.2019.00019', '10.1109/ICSA.2019.00019', '10.1109/ICSA.2017.33', '10.1109/ICSA.2017.33', '10.1109/ICSA.2017.33']",,"['(R871727:authors list, has list element, L1527018:Ingo Weber)', '(R871760:Evaluation Method Entity, Name, L1527086:Argumentation)', '(R871726:A Platform Architecture for Multi-Tenant Blockchain-Based Systems, publication year, L1527024:2019)', '(R873702:authors list, has list element, L1531053:Ingo Weber)', '(R873720:Evaluation Method Entity, Name, L1531089:Argumentation)', '(R873701:A Taxonomy of Blockchain-Based Systems for Architecture Design, publication year, L1531060:2017)']",clustering_strategy,R659055,Software Architecture and Design,6,Which papers have [Metadata: author name] as an author and apply the evaluation method with the name [Content Data: evaluation method name]? Rank them in descending order of their publication year.,6,ranking,True,Which papers have [Metadata: author name] as an author and apply the evaluation method [Content Data: evaluation method name]? Rank the papers in descending order of their publication year.,multi fact,explanatory,"description, named entity, temporal",named entity,True,
e75424e6-51f2-4794-9a7f-1175bda62e3a,What are the publications by Patrizia Scandurra that use a motivating example for evaluation? Rank them in descending order of their publication year.,"The publications by Patrizia Scandurra that use a motivating example for evaluation, ranked in descending order of their publication year, are: 1. A Runtime Safety Enforcement Approach by Monitoring and Adaptation (2021), 2. A DSL for MAPE Patterns Representation in Self-adapting Systems (2018).","['10.1007/978-3-030-86044-8_2', '10.1007/978-3-030-86044-8_2', '10.1007/978-3-030-86044-8_2', '10.1007/978-3-030-00761-4_1', '10.1007/978-3-030-00761-4_1', '10.1007/978-3-030-00761-4_1']",,"['(R874566:authors list, has list element, L1532877:Patrizia Scandurra)', '(R874589:Evaluation Method Entity, Name, L1532925:Motivating Example)', '(R874565:A Runtime Safety Enforcement Approach by Monitoring and Adaptation, publication year, L1532878:2021)', '(R871035:authors list, has list element, L1525605:Patrizia Scandurra)', '(R871053:Evaluation Method Entity, Name, L1525635:Motivating Example)', '(R871034:A DSL for MAPE Patterns Representation in Self-adapting Systems, publication year, L1525606:2018)']",clustering_strategy,R659055,Software Architecture and Design,6,"Which publications, ranked in descending order of their publication year, have [Metadata: author name] as an author have and have evaluation method [evaluation_method_name]?",6,ranking,False,What are the publications by [Metadata: author name] that use a [Content Data: evaluation method name] for evaluation? Rank them in descending order of their publication year.,multi fact,explanatory,"description, named entity, temporal",named entity,False,
887fd851-2249-44df-b32e-904befa42b80,What is the number of papers investigating the research object Architecture Evolution in the publication year 2020 versus the publication year 2021?,"The number of papers investigating the research object Architecture Evolution in the publication year 2020 is two, whereas the number in the publication year 2021 is also two.","['10.1109/ICSA51549.2021.00009', '10.1109/ICSA51549.2021.00009', '10.1109/ICSA51549.2021.00014', '10.1109/ICSA51549.2021.00014', '10.1109/ICSA47634.2020.00011', '10.1109/ICSA47634.2020.00011', '10.1007/978-3-030-58923-3_18', '10.1007/978-3-030-58923-3_18']",,"['(R868734:Research Object Entity, Name, L1520720:Architecture Evolution)', '(R868698:Enabling Consistency between Software Artefacts for Software Adaption and Evolution, publication year, L1520654:2021)', '(R874382:Research Object Entity, Name, L1532476:Architecture Evolution)', '(R874338:Continuous API Evolution in Heterogenous Enterprise Software Systems, publication year, L1532404:2021)', '(R870091:Research Object Entity, Name, L1523621:Architecture Evolution)', '(R870059:Incremental Calibration of Architectural Performance Models with Parametric Dependencies, publication year, L1523564:2020)', '(R869762:Research Object Entity, Name, L1522941:Architecture Evolution)', '(R869730:Architectural Concerns for Digital Twin of the Organization, publication year, L1522884:2020)']",clustering_strategy,R659055,Software Architecture and Design,5,What is the number of studies investigating the research object with the name [Content Data: research object name] in [year 1] versus [year 2]?,6,comparative,True,What is the number of papers investigating the research object [Content Data: research object name] in the publication year [Metadata: year] versus the publication year [Metadata: year]?,multi fact,explanatory,"description, quantitative, temporal","named entity, temporal",True,
35732a64-099c-4ebc-ba5a-dbd904d28a7d,How many papers investigate architecture decision making in 2020 in comparison to 2021?,"The number of papers that investigate architecture decision making in 2020 in comparison to 2021 is as follows: there are no papers in 2020, while there are four papers in 2021.","['10.1007/978-3-030-86044-8_21', '10.1007/978-3-030-86044-8_21', '10.1109/ICSA51549.2021.00010', '10.1109/ICSA51549.2021.00010', '10.1109/ICSA51549.2021.00013', '10.1109/ICSA51549.2021.00013', '10.1007/978-3-030-86044-8_14', '10.1007/978-3-030-86044-8_14']",,"['(R868513:Research Object Entity, Name, L1520253:Architecture Decision Making)', '(R868485:How Software Architects Focus Their Attention, publication year, L1520199:2021)', '(R874249:Research Object Entity, Name, L1532197:Architecture Decision Making)', '(R874205:System- and Software-level Architecting Harmonization Practices for Systems-of-Systems : An exploratory case study on a long-running large-scale scientific instrument, publication year, L1532127:2021)', '(R869342:Research Object Entity, Name, L1522034:Architecture Decision Making)', '(R869312:A Decision Model for Choosing Patterns in Blockchain-Based Applications, publication year, L1521979:2021)', '(R873522:Research Object Entity, Name, L1530672:Architecture Decision Making)', '(R873486:State of the Practice in Application Programming Interfaces (APIs): A Case Study, publication year, L1530611:2021)']",clustering_strategy,R659055,Software Architecture and Design,5,How many papers have the research object [Content Data: research object name] in the year [Metadata: year] in comparison to [Metadata: year]?,6,comparative,False,How many papers investigate [Content Data: research object name] in [Metadata: year] in comparison to [Metadata: year]?,multi fact,explanatory,"description, quantitative, temporal","named entity, temporal",False,
3ba8a537-4a5c-4e4f-85e5-ca580c68e6b7,Which papers with the evaluation method Focus Group have not used input data in the publication year 2017?,The papers that did not use input data in the year 2017 with the evaluation method Focus Group are 'Architectural Assumptions and Their Management in Industry – An Exploratory Study' and 'On Cognitive Biases in Architecture Decision Making'.,"['10.1007/978-3-319-65831-5_14', '10.1007/978-3-319-65831-5_14', '10.1007/978-3-319-65831-5_14', '10.1007/978-3-319-65831-5_9', '10.1007/978-3-319-65831-5_9', '10.1007/978-3-319-65831-5_9']",,"['(R868683:Evaluation Method Entity, Name, L1520616:Focus Group)', '(R868651:Architectural Assumptions and Their Management in Industry – An Exploratory Study, publication year, L1520562:2017)', '(R868689:Input Data, None, L1520624:True)', '(R871508:Evaluation Method Entity, Name, L1526567:Focus Group)', '(R871484:On Cognitive Biases in Architecture Decision Making, publication year, L1526519:2017)', '(R871514:Input Data, None, L1526575:True)']",clustering_strategy,R659055,Software Architecture and Design,6,Which papers with the evaluation method with the name [Content Data: evaluation method name] have not used input data in the year [Metadata: year]?,6,negation,True,Which papers with the evaluation method [Content Data: evaluation method name] have not used input data in the publication year [Metadata: year]?,multi fact,enumerative,named entity,"named entity, temporal",False,
7847b4a1-c9c7-4958-a718-7b94d0457429,Which papers used a motivating example for their evaluation but did not use input data in the year 2018?,The papers that used the evaluation method Motivating Example and do not have input data available in the year 2018 are 'Enabling Continuous Software Engineering for Embedded Systems Architectures with Virtual Prototypes' and 'A DSL for MAPE Patterns Representation in Self-adapting Systems'. ,"['10.1007/978-3-030-00761-4_8', '10.1007/978-3-030-00761-4_8', '10.1007/978-3-030-00761-4_8', '10.1007/978-3-030-00761-4_1', '10.1007/978-3-030-00761-4_1', '10.1007/978-3-030-00761-4_1']",,"['(R871053:Evaluation Method Entity, Name, L1525635:Motivating Example)', '(R870603:Enabling Continuous Software Engineering for Embedded Systems Architectures with Virtual Prototypes, publication year, L1524714:2018)', '(R874778:Input Data, None, L1533332:True)', '(R870622:Evaluation Method Entity, Name, L1524743:Motivating Example)', '(R871034:A DSL for MAPE Patterns Representation in Self-adapting Systems, publication year, L1525606:2018)', '(R874771:Input Data, None, L1533314:True)']",clustering_strategy,R659055,Software Architecture and Design,6,Which papers used a [Content Data: evaluation method name] for their evaluation but did not use input data in the year [Metadata: year]?,6,negation,False,Which papers used a [Content Data: evaluation method name] for their evaluation but did not use input data in the year [Metadata: year]?,multi fact,enumerative,named entity,"named entity, temporal",False,
ebd0eb33-3a2c-4aa3-baf3-0478a96b6099,Which is the most frequent paper class of publications that applied grounded theory for evaluation in 2019?,The paper class that has the most papers with the evaluation method Grounded Theory in the publication year 2019 is evaluation research.,"['10.1007/978-3-030-29983-5_1', '10.1007/978-3-030-29983-5_1', '10.1007/978-3-030-29983-5_1', '10.1007/978-3-030-29983-5_2', '10.1007/978-3-030-29983-5_2', '10.1007/978-3-030-29983-5_2', '10.1109/ICSA.2019.00018', '10.1109/ICSA.2019.00018', '10.1109/ICSA.2019.00018']",,"['(R873364:Evaluation Method Entity, Name, L1530356:Grounded Theory)', '(R873340:Guiding Architectural Decision Making on Service Mesh Based Microservice Architectures, publication year, L1530308:2019)', '(R873359:Paper Class 2, evaluation research, L1530353:True)', '(R873005:Evaluation Method Entity, Name, L1529647:Grounded Theory)', '(R872980:Supporting Architectural Decision Making on Data Management in Microservice Architectures, publication year, L1529596:2019)', '(R873000:Paper Class 2, evaluation research, L1529644:True)', '(R868312:Evaluation Method Entity, Name, L1519814:Grounded Theory)', '(R868290:How Developers Discuss Architecture Smells? An Exploratory Study on Stack Overflow, publication year, L1519766:2019)', '(R868307:Paper Class 2, evaluation research, L1519811:True)']",clustering_strategy,R659055,Software Architecture and Design,6,Which paper class has the most papers with the evaluation method [method name] in the publication year [Metadata: year]?,6,superlative,False,Which is the most frequent paper class of publications that applied [Content Data: evaluation method name] for evaluation in [Metadata: year]?,multi fact,simple,named entity,"named entity, temporal",False,
56884f4f-6a07-48cc-9b25-1b6a34445daa,Which is the most frequent paper class of papers with the research object Architecture Evolution in the publication year 2021?,The paper class that has the most papers with the research object Architecture Evolution in the publication year 2021 is evaluation research.,"['10.1109/ICSA51549.2021.00009', '10.1109/ICSA51549.2021.00009', '10.1109/ICSA51549.2021.00009', '10.1109/ICSA51549.2021.00014', '10.1109/ICSA51549.2021.00014', '10.1109/ICSA51549.2021.00014', '10.1109/ICSA51549.2021.00014']",,"['(R868734:Research Object Entity, Name, L1520720:Architecture Evolution)', '(R868698:Enabling Consistency between Software Artefacts for Software Adaption and Evolution, publication year, L1520654:2021)', '(R868721:Paper Class 2, evaluation research, L1520709:True)', '(R874382:Research Object Entity, Name, L1532476:Architecture Evolution)', '(R874338:Continuous API Evolution in Heterogenous Enterprise Software Systems, publication year, L1532404:2021)', '(R874365:Paper Class 2, proposal of solution, L1532459:True)', '(R874365:Paper Class 2, evaluation research, L1532462:True)']",clustering_strategy,R659055,Software Architecture and Design,5,Which paper class has the most papers with the research object [object name] in the publication year [Metadata: year]?,6,superlative,True,Which is the most frequent paper class of papers with the research object [Content Data: research object name] in the publication year [Metadata: year]?,multi fact,simple,named entity,"named entity, temporal",False,
637feaff-e82b-420d-bec4-4aba3df5e52f,Which is the most frequent paper class of publications that investigated architecture extractions in 2018?,The paper class that has the most papers with the research object Architecture Extraction in the publication year 2018 is validation research.,"['10.1007/978-3-030-00761-4_14', '10.1007/978-3-030-00761-4_14', '10.1007/978-3-030-00761-4_14', '10.1007/978-3-030-00761-4_14', '10.1109/ICSA.2018.00014', '10.1109/ICSA.2018.00014', '10.1109/ICSA.2018.00014']",,"['(R869680:Research Object Entity, Name, L1522761:Architecture Extraction)', '(R869648:A Platform for the Automated Provisioning of Architecture Information for Large-Scale Service-Oriented Software Systems, publication year, L1522702:2018)', '(R869669:Paper Class 2, validation research, L1522747:True)', '(R869669:Paper Class 2, proposal of solution, L1522749:True)', '(R873887:Research Object Entity, Name, L1531437:Architecture Extraction)', '(R873855:Towards Micro Service Architecture Recovery: An Empirical Study, publication year, L1531379:2018)', '(R873876:Paper Class 2, validation research, L1531423:True)']",clustering_strategy,R659055,Software Architecture and Design,5,Which paper class has the most papers with the research object [object name] in the publication year [Metadata: year]?,6,superlative,False,Which is the most frequent paper class of publications that investigate [Content Data: research object name]s in [Metadata: year]?,multi fact,simple,named entity,"named entity, temporal",False,
15173686-4e3a-434e-9c97-f787cec4b379,How are the papers that investigate the research object Architecture Extraction distributed between the publication years 2018 and 2020?,"The papers that investigate the research object Architecture Extraction are distributed between the publication years 2018 and 2020 as follows: two papers were published in 2018, one paper was published in 2019, and one paper was published in 2020.","['10.1007/978-3-030-00761-4_14', '10.1007/978-3-030-00761-4_14', '10.1109/ICSA.2018.00014', '10.1109/ICSA.2018.00014', '10.1007/978-3-030-29983-5_17', '10.1007/978-3-030-29983-5_17', '10.1109/ICSA47634.2020.00023', '10.1109/ICSA47634.2020.00023', '10.1007/978-3-030-29983-5_5', '10.1007/978-3-030-29983-5_5']",,"['(R869680:Research Object Entity, Name, L1522761:Architecture Extraction)', '(R869648:A Platform for the Automated Provisioning of Architecture Information for Large-Scale Service-Oriented Software Systems, publication year, L1522702:2018)', '(R873887:Research Object Entity, Name, L1531437:Architecture Extraction)', '(R873855:Towards Micro Service Architecture Recovery: An Empirical Study, publication year, L1531379:2018)', '(R872464:Research Object Entity, Name, L1528569:Architecture Extraction)', '(R872428:Tool Support for the Migration to Microservice Architecture: An Industrial Case Study, publication year, L1528508:2019)', '(R870549:Research Object Entity, Name, L1524582:Architecture Extraction)', '(R870521:From Monolithic Architecture Style to Microservice one Based on a Semi-Automatic Approach, publication year, L1524530:2020)', '(R874554:Research Object Entity, Name, L1532843:Architecture Extraction)', '(R874518:Evaluating the Effectiveness of Multi-level Greedy Modularity Clustering for Software Architecture Recovery, publication year, L1532779:2019)']",clustering_strategy,R659055,Software Architecture and Design,5,How are the papers that investigate the research object with the name [Content Data: research object name] distributed between the publication year [year 1] and [year 2]?,6,relationship,True,How are the papers that investigate the research object [Content Data: research object name] distributed between the publication years [Metadata: year] and [Metadata: year]?,multi fact,explanatory,"description, quantitative","named entity, temporal",True,
eec63565-e95c-453b-be91-6f22476b9d3c,What is the distribution of papers that investigate the object architecture description between 2018 and 2020?,The distribution of papers with the research object 'Architecture Description' between 2018 and 2020 is as follows: One paper was published in 2018 and no paper with this research object was published in 2020.,"['10.1109/ICSA.2018.00024', '10.1109/ICSA.2018.00024']",,"['(R874066:Research Object Entity, Name, L1531814:Architecture Description)', '(R874038:A Generic and Highly Scalable Framework for the Automation and Execution of Scientific Data Processing and Simulation Workflows, publication year, L1531762:2018)']",clustering_strategy,R659055,Software Architecture and Design,5,What is the proportion of papers with the research object [Content Data: research object name] between [Metadata: year] and [Metadata: year]?,6,relationship,False,What is the distribution of papers that investigate the object [Content Data: research object name] between [Metadata: year] and [Metadata: year]?,multi fact,explanatory,"description, quantitative","named entity, temporal",False,
3d4feb74-da6c-4516-a936-7556305c7ef1,What is the distribution of papers with the evaluation method Argumentation between the publication years 2019 and 2021?,"The distribution of papers with the evaluation method Argumentation between 2019 and 2021 is as follows: In 2019 two papers were published and in 2020 three papers were published. However, in 2021 no paper was published with the evaluation method Argumentation.","['10.1109/ICSA.2019.00019', '10.1109/ICSA.2019.00019', '10.1109/ICSA47634.2020.00026', '10.1109/ICSA47634.2020.00026', '10.1109/ICSA47634.2020.00014', '10.1109/ICSA47634.2020.00014', '10.1007/978-3-030-58923-3_5', '10.1007/978-3-030-58923-3_5', '10.1007/978-3-030-29983-5_10', '10.1007/978-3-030-29983-5_10']",,"['(R871760:Evaluation Method Entity, Name, L1527086:Argumentation)', '(R871726:A Platform Architecture for Multi-Tenant Blockchain-Based Systems, publication year, L1527024:2019)', '(R870821:Evaluation Method Entity, Name, L1525169:Argumentation)', '(R870792:Architectural Patterns for Cross-Domain Personalised Automotive Functions, publication year, L1525115:2020)', '(R869089:Evaluation Method Entity, Name, L1521482:Argumentation)', '(R869051:Unlimited Rulebook: a Reference Architecture for Economy Mechanics in Digital Games, publication year, L1521417:2020)', '(R873061:Evaluation Method Entity, Name, L1529746:Argumentation)', '(R873021:Continuous Experimentation for Automotive Software on the Example of a Heavy Commercial Vehicle in Daily Operation, publication year, L1529684:2020)', '(R871375:Evaluation Method Entity, Name, L1526299:Argumentation)', '(R871346:Assessing Adaptability of Software Architectures for Cyber Physical Production Systems, publication year, L1526260:2019)']",clustering_strategy,R659055,Software Architecture and Design,6,What is the proportion of papers with the evaluation method [Content Data: evaluation method name] between [Metadata: year] and [Metadata: year]?,6,relationship,True,What is the distribution of papers with the evaluation method [Content Data: evaluation method name] between the publication years [Metadata: year] and [Metadata: year]?,multi fact,explanatory,"description, quantitative","named entity, temporal",False,
e744f569-4d61-4ee0-add2-40263ea67ffd,What is the distribution of the papers that used the method Grounded Theory for their evaluation between 2019 and 2021?,"The distribution of papers that used the method Grounded Theory for their evaluation between 2019 and 2021 is: three in 2019, two in 2020, and none in 2021.","['10.1109/ICSA.2019.00018', '10.1109/ICSA.2019.00018', '10.1007/978-3-030-29983-5_1', '10.1007/978-3-030-29983-5_1', '10.1007/978-3-030-58923-3_14', '10.1007/978-3-030-58923-3_14', '10.1007/978-3-030-58923-3_1', '10.1007/978-3-030-58923-3_1', '10.1007/978-3-030-29983-5_2', '10.1007/978-3-030-29983-5_2']",,"['(R868312:Evaluation Method Entity, Name, L1519814:Grounded Theory)', '(R868290:How Developers Discuss Architecture Smells? An Exploratory Study on Stack Overflow, publication year, L1519766:2019)', '(R873364:Evaluation Method Entity, Name, L1530356:Grounded Theory)', '(R873340:Guiding Architectural Decision Making on Service Mesh Based Microservice Architectures, publication year, L1530308:2019)', '(R873005:Evaluation Method Entity, Name, L1529647:Grounded Theory)', '(R872607:Architectural Technical Debt: A Grounded Theory, publication year, L1528844:2020)', '(R869590:Evaluation Method Entity, Name, L1522568:Grounded Theory)', '(R869566:Assessing Architecture Conformance to Coupling-Related Patterns and Practices in Microservices, publication year, L1522519:2020)', '(R872627:Evaluation Method Entity, Name, L1528876:Grounded Theory)', '(R872980:Supporting Architectural Decision Making on Data Management in Microservice Architectures, publication year, L1529596:2019)']",clustering_strategy,R659055,Software Architecture and Design,6,What is the proportion of papers with the evaluation method [Content Data: evaluation method name] between [Metadata: year] and [Metadata: year]?,6,relationship,False,What is the distribution of the papers that used the method [Content Data: evaluation method name] for their evaluation between [Metadata: year] and [Metadata: year]?,multi fact,explanatory,"description, quantitative","named entity, temporal",False,
