,config_hash,uid,generated_answer,retrieved_context,extracted_keywords,hit@10_triples,hit@10_entities,map@10_triples,map@10_entities,mrr@10_triples,mrr@10_entities,precision@10_triples,recall@10_triples,f1@10_triples,f2@10_triples,precision@10_entities,recall@10_entities,f1@10_entities,f2@10_entities,precision_triples,recall_triples,f1_triples,f2_triples,precision_entities,recall_entities,f1_entities,f2_entities,exact_match@10_triples,exact_match@10_entities,exact_match_triples,exact_match_entities,bleu_score,rouge_1_f1,rouge_1_precision,rouge_1_recall,rouge_2_f1,rouge_2_precision,rouge_2_recall,rouge_L_f1,rouge_L_precision,rouge_L_recall,bertscore_precision,bertscore_recall,bertscore_f1,instruction_following,runtime,llm_cost,llm_tokens,cpu_count,cpu_energy_consumption,cpu_model,gpu_count,gpu_energy_consumption,gpu_model,os,ram_energy_consumption,total_energy_consumption,timestamp,tracking_duration,emissions,weave_url,pipe_0_name,pipe_0_additional_params_use_topic_if_given,pipe_0_additional_params_embedding_config_endpoint,pipe_0_additional_params_embedding_config_name_model,pipe_0_additional_params_top_paths_to_keep,pipe_0_additional_params_number_of_hubs,pipe_0_additional_params_extract_question_components,pipe_0_additional_params_distance_metric,pipe_0_additional_params_filter_output_context,pipe_0_additional_params_use_source_documents,pipe_0_additional_params_number_of_source_chunks,pipe_0_additional_params_hub_edges,pipe_0_additional_params_max_workers,pipe_0_additional_params_compare_hubs_with_same_hop_amount,pipe_0_additional_params_check_updates_during_retrieval,pipe_0_additional_params_max_level,pipe_0_additional_params_force_index_update,pipe_0_additional_params_max_indexing_depth,pipe_0_additional_params_max_hub_path_length,pipe_0_additional_params_return_source_data_as_context,pipe_0_additional_params_indexing_root_entity_types,pipe_0_additional_params_indexing_root_entity_ids,pipe_0_additional_params_hub_types,pipe_0_additional_params_use_bm25_hybrid_search,pipe_0_additional_params_use_splade_hybrid_search,pipe_0_additional_params_use_cross_encoder,pipe_0_type,pipe_0_retriever_type,pipe_0_index_llm_config_name,pipe_0_index_llm_config_endpoint,pipe_0_index_llm_config_name_model,pipe_0_index_llm_config_temperature,pipe_0_index_llm_config_max_tokens,pipe_0_index_llm_config_reasoning_effort,pipe_0_query_llm_config_name,pipe_0_query_llm_config_endpoint,pipe_0_query_llm_config_name_model,pipe_0_query_llm_config_temperature,pipe_0_query_llm_config_max_tokens,pipe_0_query_llm_config_reasoning_effort,pipe_0_knowledge_graph_config_name,pipe_0_knowledge_graph_config_additional_params_contribution_building_blocks_Paper Class 2,pipe_0_knowledge_graph_config_additional_params_contribution_building_blocks_Research Level 2,pipe_0_knowledge_graph_config_additional_params_contribution_building_blocks_First Research Object 2,pipe_0_knowledge_graph_config_additional_params_contribution_building_blocks_Second Research Object 2,pipe_0_knowledge_graph_config_additional_params_contribution_building_blocks_Validity 2,pipe_0_knowledge_graph_config_additional_params_contribution_building_blocks_Evidence 2,pipe_0_knowledge_graph_config_additional_params_force_cache_update,pipe_0_knowledge_graph_config_additional_params_force_publication_update,pipe_0_knowledge_graph_config_additional_params_subgraph_root_entity_id,pipe_0_knowledge_graph_config_additional_params_orkg_base_url,pipe_0_knowledge_graph_config_additional_params_limit_publications,pipe_0_knowledge_graph_config_graph_type,pipe_0_knowledge_graph_config_dataset_config_name,pipe_0_knowledge_graph_config_dataset_config_file_name,pipe_0_knowledge_graph_config_dataset_config_loader,pipe_0_knowledge_graph_config_dataset_config_loader_limit,pipe_0_knowledge_graph_config_extraction_llm,pipe_0_knowledge_graph_config_extraction_context_size,pipe_0_knowledge_graph_config_extraction_chunk_repetitions,pipe_1_name,pipe_1_type,pipe_1_llm_config_name,pipe_1_llm_config_endpoint,pipe_1_llm_config_name_model,pipe_1_llm_config_temperature,pipe_1_llm_config_max_tokens,pipe_1_llm_config_reasoning_effort,question,golden_answer,source_ids,golden_doc_chunks,golden_triples,is_generated_with,topic_entity_id,topic_entity_value,hops,based_on_template
0,39f0c727f1c36390b5a876e7120bfff1,b64e49ec-3abc-42b5-9012-60966bcadb3d,"

The paper “Availability‑Driven Architectural Change Propagation Through Bidirectional Model Transformations Between UML and Petri Net Models” was presented at the International Conference on Software Architecture (ICSA) [1].

[1] Source: Availability-Driven Architectural Change Propagation Through Bidirectional Model Transformations Between UML and Petri Net Models, 10.1109/ICSA.2018.00022
","['(R872741:Availability-Driven Architectural Change Propagation Through Bidirectional Model Transformations Between UML and Petri Net Models, doi, L1529098:10.1109/ICSA.2018.00022)', '(R872741:Availability-Driven Architectural Change Propagation Through Bidirectional Model Transformations Between UML and Petri Net Models, venue, R820814:International Conference on Software Architecture (ICSA))']",['Availability-Driven Architectural Change Propagation Through Bidirectional Model Transformations Between UML and Petri Net Models'],1.0,1.0,0.5,1.0,0.5,1.0,0.5,1.0,0.67,0.83,0.67,1.0,0.8,0.91,0.5,1.0,0.67,0.83,0.67,1.0,0.8,0.91,0.5,0.667,0.5,0.667,0.65,0.89,0.89,0.89,0.85,0.85,0.85,0.89,0.89,0.89,0.901,0.969,0.934,1.0,164.0993390083313,0.0,37195,0,0.0,,0,0.0,,,0.0,0.0,,0.0,0.0,https://wandb.ai/kastel-sdq-meta-research/experiment_cross_encoder/r/call/01a05eb3-5c38-74d9-a367-c2f62da82238,retrieval_config,False,KitToolbox,kit.qwen3-embedding-8b,10,10,True,cosine,True,False,10,-1,8,False,False,1,False,-1,-1,False,,['R659055'],['Paper'],True,False,False,kg_retrieval,hublink,kittoolbox_kit.minimax-m2.7-229b_tmpNone_maxt-1_reasoningNone,KitToolbox,kit.minimax-m2.7-229b,,-1,,kittoolbox_kit.minimax-m2.7-229b_tmpNone_maxt-1_reasoningNone,KitToolbox,kit.minimax-m2.7-229b,,-1,,orkg_merged_ecsa_icsa.json_jsonpublicationloader_limit-1,['paper_class'],['research_level'],['first_research_object'],['second_research_object'],['validity'],['evidence'],False,False,R659055,https://sandbox.orkg.org,-1,orkg,merged_ecsa_icsa.json_jsonpublicationloader_limit-1,merged_ecsa_icsa.json,JsonPublicationLoader,-1,,4000,2,generation_kittoolbox_kit.minimax-m2.7-229b_tmpNone_maxt-1_reasoningNone,generation,kittoolbox_kit.minimax-m2.7-229b_tmpNone_maxt-1_reasoningNone,KitToolbox,kit.minimax-m2.7-229b,,-1,,In which venue has the paper with the title 'Availability-Driven Architectural Change Propagation Through Bidirectional Model Transformations Between UML and Petri Net Models' been published?,The paper 'Availability-Driven Architectural Change Propagation Through Bidirectional Model Transformations Between UML and Petri Net Models' has been published at the International Conference on Software Architecture (ICSA).,['10.1109/ICSA.2018.00022'],,"['(R872741:Availability-Driven Architectural Change Propagation Through Bidirectional Model Transformations Between UML and Petri Net Models, venue, R820814:International Conference on Software Architecture (ICSA))']",publication_subgraph_strategy,R659055,Software Architecture and Design,2,In which venue has the paper '[Metadata: paper title]' been published?
1,39f0c727f1c36390b5a876e7120bfff1,84cbf530-3718-49de-83b5-d00037cd1e22,"

The paper ""Reducing Development Overheads with a Generic and Model-Centric Architecture for Online Games"" was presented at the International Conference on Software Architecture (ICSA) in 2018 [1].

[1] Source: Reducing Development Overheads with a Generic and Model-Centric Architecture for Online Games, 10.1109/ICSA.2018.00011
","['(R873993:Reducing Development Overheads with a Generic and Model-Centric Architecture for Online Games, venue, R820814:International Conference on Software Architecture (ICSA))']",['Reducing Development Overheads with a Generic and Model-Centric Architecture for Online Games'],1.0,1.0,1.0,0.5,1.0,1.0,1.0,1.0,1.0,1.0,1.0,1.0,1.0,1.0,1.0,1.0,1.0,1.0,1.0,1.0,1.0,1.0,1.0,1.0,1.0,1.0,0.52,0.85,0.82,0.88,0.77,0.74,0.8,0.81,0.79,0.85,0.907,0.943,0.924,1.0,260.8258566856384,0.0,82630,0,0.0,,0,0.0,,,0.0,0.0,,0.0,0.0,https://wandb.ai/kastel-sdq-meta-research/experiment_cross_encoder/r/call/01a05eb3-5c4c-7be4-a833-362be17bc4bd,retrieval_config,False,KitToolbox,kit.qwen3-embedding-8b,10,10,True,cosine,True,False,10,-1,8,False,False,1,False,-1,-1,False,,['R659055'],['Paper'],True,False,False,kg_retrieval,hublink,kittoolbox_kit.minimax-m2.7-229b_tmpNone_maxt-1_reasoningNone,KitToolbox,kit.minimax-m2.7-229b,,-1,,kittoolbox_kit.minimax-m2.7-229b_tmpNone_maxt-1_reasoningNone,KitToolbox,kit.minimax-m2.7-229b,,-1,,orkg_merged_ecsa_icsa.json_jsonpublicationloader_limit-1,['paper_class'],['research_level'],['first_research_object'],['second_research_object'],['validity'],['evidence'],False,False,R659055,https://sandbox.orkg.org,-1,orkg,merged_ecsa_icsa.json_jsonpublicationloader_limit-1,merged_ecsa_icsa.json,JsonPublicationLoader,-1,,4000,2,generation_kittoolbox_kit.minimax-m2.7-229b_tmpNone_maxt-1_reasoningNone,generation,kittoolbox_kit.minimax-m2.7-229b_tmpNone_maxt-1_reasoningNone,KitToolbox,kit.minimax-m2.7-229b,,-1,,In which venue has 'Reducing Development Overheads with a Generic and Model-Centric Architecture for Online Games' been published?,The paper 'Reducing Development Overheads with a Generic and Model-Centric Architecture for Online Games' has been published in the International Conference on Software Architecture (ICSA).,['10.1109/ICSA.2018.00011'],,"['(R873993:Reducing Development Overheads with a Generic and Model-Centric Architecture for Online Games, venue, R820814:International Conference on Software Architecture (ICSA))']",publication_subgraph_strategy,R873993,Reducing Development Overheads with a Generic and Model-Centric Architecture for Online Games,1,Where has the paper [Metadata: paper title] been published?
2,39f0c727f1c36390b5a876e7120bfff1,8d3634d4-0fb9-4095-bd2a-11128ad8c2ae,"

The replication package link for the paper ""A Quantitative Approach for the Assessment of Microservice Architecture Deployment Alternatives by Automated Performance Testing"" is: https://doi.org/10.5281/zenodo.1256467 [1]

[1] Source: A Quantitative Approach for the Assessment of Microservice Architecture Deployment Alternatives by Automated Performance Testing, 10.1007/978-3-030-00761-4_11
","['(R872350:A Quantitative Approach for the Assessment of Microservice Architecture Deployment Alternatives by Automated Performance Testing, contribution, R872379:Evidence 2)', '(R872379:Evidence 2, Replication Package Link, L1528397:https://doi.org/10.5281/zenodo.1256467)', '(R872379:Evidence 2, Provides Replication Package, L1528390:True)']",['A Quantitative Approach for the Assessment of Microservice Architecture Deployment Alternatives by Automated Performance Testing'],1.0,1.0,0.5,1.0,0.5,1.0,0.33,1.0,0.5,0.71,0.5,1.0,0.67,0.83,0.33,1.0,0.5,0.71,0.5,1.0,0.67,0.83,0.333,0.5,0.333,0.5,0.65,0.95,0.94,0.97,0.92,0.9,0.93,0.95,0.94,0.97,0.96,0.991,0.975,1.0,287.55957317352295,0.0,3190,0,0.0,,0,0.0,,,0.0,0.0,,0.0,0.0,https://wandb.ai/kastel-sdq-meta-research/experiment_cross_encoder/r/call/01a05eb3-5c4e-70e0-b57f-b94fce3bd3c0,retrieval_config,False,KitToolbox,kit.qwen3-embedding-8b,10,10,True,cosine,True,False,10,-1,8,False,False,1,False,-1,-1,False,,['R659055'],['Paper'],True,False,False,kg_retrieval,hublink,kittoolbox_kit.minimax-m2.7-229b_tmpNone_maxt-1_reasoningNone,KitToolbox,kit.minimax-m2.7-229b,,-1,,kittoolbox_kit.minimax-m2.7-229b_tmpNone_maxt-1_reasoningNone,KitToolbox,kit.minimax-m2.7-229b,,-1,,orkg_merged_ecsa_icsa.json_jsonpublicationloader_limit-1,['paper_class'],['research_level'],['first_research_object'],['second_research_object'],['validity'],['evidence'],False,False,R659055,https://sandbox.orkg.org,-1,orkg,merged_ecsa_icsa.json_jsonpublicationloader_limit-1,merged_ecsa_icsa.json,JsonPublicationLoader,-1,,4000,2,generation_kittoolbox_kit.minimax-m2.7-229b_tmpNone_maxt-1_reasoningNone,generation,kittoolbox_kit.minimax-m2.7-229b_tmpNone_maxt-1_reasoningNone,KitToolbox,kit.minimax-m2.7-229b,,-1,,What is the replication package link of the paper with the title 'A Quantitative Approach for the Assessment of Microservice Architecture Deployment Alternatives by Automated Performance Testing'?,The replication package link of the paper 'A Quantitative Approach for the Assessment of Microservice Architecture Deployment Alternatives by Automated Performance Testing' is https://doi.org/10.5281/zenodo.1256467.,['10.1007/978-3-030-00761-4_11'],,"['(R872379:Evidence 2, Replication Package Link, L1528397:https://doi.org/10.5281/zenodo.1256467)']",clustering_strategy,R659055,Software Architecture and Design,3,What is the replication package link from the paper '[Metadata: paper title]'?
3,39f0c727f1c36390b5a876e7120bfff1,a3aff0f4-e20a-4287-ae4e-27822591bfbc,"

The replication package for “Trace Link Recovery for Software Architecture Documentation” is available at https://doi.org/10.5281/zenodo.4730621 [1].

[1] Source: Trace Link Recovery for Software Architecture Documentation, 10.1007/978-3-030-86044-8_7
","['(R870178:Evidence 2, Replication Package Link, L1523819:https://doi.org/10.5281/zenodo.4730621)']",['Trace Link Recovery for Software Architecture Documentation'],1.0,1.0,1.0,0.5,1.0,1.0,1.0,1.0,1.0,1.0,1.0,1.0,1.0,1.0,1.0,1.0,1.0,1.0,1.0,1.0,1.0,1.0,1.0,1.0,1.0,1.0,0.56,0.82,0.82,0.82,0.71,0.71,0.71,0.82,0.82,0.82,0.873,0.925,0.898,1.0,314.46522665023804,0.0,11703,0,0.0,,0,0.0,,,0.0,0.0,,0.0,0.0,https://wandb.ai/kastel-sdq-meta-research/experiment_cross_encoder/r/call/01a05eb3-5c51-7aa4-b956-9cc34af49721,retrieval_config,False,KitToolbox,kit.qwen3-embedding-8b,10,10,True,cosine,True,False,10,-1,8,False,False,1,False,-1,-1,False,,['R659055'],['Paper'],True,False,False,kg_retrieval,hublink,kittoolbox_kit.minimax-m2.7-229b_tmpNone_maxt-1_reasoningNone,KitToolbox,kit.minimax-m2.7-229b,,-1,,kittoolbox_kit.minimax-m2.7-229b_tmpNone_maxt-1_reasoningNone,KitToolbox,kit.minimax-m2.7-229b,,-1,,orkg_merged_ecsa_icsa.json_jsonpublicationloader_limit-1,['paper_class'],['research_level'],['first_research_object'],['second_research_object'],['validity'],['evidence'],False,False,R659055,https://sandbox.orkg.org,-1,orkg,merged_ecsa_icsa.json_jsonpublicationloader_limit-1,merged_ecsa_icsa.json,JsonPublicationLoader,-1,,4000,2,generation_kittoolbox_kit.minimax-m2.7-229b_tmpNone_maxt-1_reasoningNone,generation,kittoolbox_kit.minimax-m2.7-229b_tmpNone_maxt-1_reasoningNone,KitToolbox,kit.minimax-m2.7-229b,,-1,,What is the replication package link of 'Trace Link Recovery for Software Architecture Documentation'?,The replication package link of the paper 'Trace Link Recovery for Software Architecture Documentation' is https://doi.org/10.5281/zenodo.4730621.,['10.1007/978-3-030-86044-8_7'],,"['(R870178:Evidence 2, Replication Package Link, L1523819:https://doi.org/10.5281/zenodo.4730621)']",publication_subgraph_strategy,R870141,Trace Link Recovery for Software Architecture Documentation,2,What is the replication package link from the paper '[Metadata: paper title]'?
4,39f0c727f1c36390b5a876e7120bfff1,f0a73775-fd47-493d-a885-2c6a2cb271a5,"

The paper **“A Taxonomy of Blockchain‑Based Systems for Architecture Design”** was authored by **Paul Rimba, Xiwei Xu, Len Bass, Liming Zhu, Jan Bosch, and Mark Staples** [1].

[1] Source: A Taxonomy of Blockchain-Based Systems for Architecture Design, 10.1109/ICSA.2017.33
","['(R873701:A Taxonomy of Blockchain-Based Systems for Architecture Design, authors, R873702:authors list)', '(R873702:authors list, has list element, L1531059:Paul Rimba)', '(R873702:authors list, has list element, L1531052:Xiwei Xu)', '(R873702:authors list, has list element, L1531057:Len Bass)', '(R873702:authors list, has list element, L1531055:Liming Zhu)', '(R873702:authors list, has list element, L1531056:Jan Bosch)', '(R873702:authors list, has list element, L1531054:Mark Staples)']",['A Taxonomy of Blockchain-Based Systems for Architecture Design'],0.75,0.778,0.551,0.778,0.5,1.0,0.86,0.75,0.8,0.77,0.88,0.78,0.82,0.8,0.86,0.75,0.8,0.77,0.88,0.78,0.82,0.8,0.857,0.875,0.857,0.875,0.29,0.83,0.89,0.78,0.59,0.63,0.55,0.57,0.61,0.53,0.692,0.842,0.76,1.0,274.9479253292084,0.0,1609,0,0.0,,0,0.0,,,0.0,0.0,,0.0,0.0,https://wandb.ai/kastel-sdq-meta-research/experiment_cross_encoder/r/call/01a05eb3-5c53-7c41-b3f9-72fcb96de425,retrieval_config,False,KitToolbox,kit.qwen3-embedding-8b,10,10,True,cosine,True,False,10,-1,8,False,False,1,False,-1,-1,False,,['R659055'],['Paper'],True,False,False,kg_retrieval,hublink,kittoolbox_kit.minimax-m2.7-229b_tmpNone_maxt-1_reasoningNone,KitToolbox,kit.minimax-m2.7-229b,,-1,,kittoolbox_kit.minimax-m2.7-229b_tmpNone_maxt-1_reasoningNone,KitToolbox,kit.minimax-m2.7-229b,,-1,,orkg_merged_ecsa_icsa.json_jsonpublicationloader_limit-1,['paper_class'],['research_level'],['first_research_object'],['second_research_object'],['validity'],['evidence'],False,False,R659055,https://sandbox.orkg.org,-1,orkg,merged_ecsa_icsa.json_jsonpublicationloader_limit-1,merged_ecsa_icsa.json,JsonPublicationLoader,-1,,4000,2,generation_kittoolbox_kit.minimax-m2.7-229b_tmpNone_maxt-1_reasoningNone,generation,kittoolbox_kit.minimax-m2.7-229b_tmpNone_maxt-1_reasoningNone,KitToolbox,kit.minimax-m2.7-229b,,-1,,Who are the authors of the paper with the title 'A Taxonomy of Blockchain-Based Systems for Architecture Design'?,"The authors of the paper 'A Taxonomy of Blockchain-Based Systems for Architecture Design' are Liming Zhu, Jan Bosch, Xiwei Xu, Cesare Pautasso, Len Bass, Ingo Weber, Mark Staples, and Paul Rimba.","['10.1109/ICSA.2017.33', '10.1109/ICSA.2017.33', '10.1109/ICSA.2017.33', '10.1109/ICSA.2017.33', '10.1109/ICSA.2017.33', '10.1109/ICSA.2017.33', '10.1109/ICSA.2017.33', '10.1109/ICSA.2017.33']",,"['(R873702:authors list, has list element, L1531055:Liming Zhu)', '(R873702:authors list, has list element, L1531056:Jan Bosch)', '(R873702:authors list, has list element, L1531052:Xiwei Xu)', '(R873702:authors list, has list element, L1531058:Cesare Pautasso)', '(R873702:authors list, has list element, L1531057:Len Bass)', '(R873702:authors list, has list element, L1531053:Ingo Weber)', '(R873702:authors list, has list element, L1531054:Mark Staples)', '(R873702:authors list, has list element, L1531059:Paul Rimba)']",publication_subgraph_strategy,R873701,A Taxonomy of Blockchain-Based Systems for Architecture Design,2,Who are the authors of the paper '[Metadata: paper title]'?
5,39f0c727f1c36390b5a876e7120bfff1,c33791e7-d9e6-41ae-88c2-65201b5f80e3,"

The authors of **“Butterfly Space: An Architectural Approach for Investigating Performance Issues”** are **Yang Liu**, **Xiao Wang**, **Yutong Zhao**, **Bihuan Chen**, and **Zhifei Chen** [1].

[1] Source: Butterfly Space: An Architectural Approach for Investigating Performance Issues, 10.1109/ICSA47634.2020.00027
","['(R873171:Butterfly Space: An Architectural Approach for Investigating Performance Issues, authors, R873172:authors list)', '(R873172:authors list, has list element, L1529967:Yang Liu)', '(R873172:authors list, has list element, L1529964:Xiao Wang)', '(R873172:authors list, has list element, L1529962:Yutong Zhao)', '(R873172:authors list, has list element, L1529966:Bihuan Chen)', '(R873172:authors list, has list element, L1529965:Zhifei Chen)']",['Butterfly Space: An Architectural Approach for Investigating Performance Issues'],0.833,0.857,0.592,0.857,0.5,1.0,0.83,0.83,0.83,0.83,0.86,0.86,0.86,0.86,0.83,0.83,0.83,0.83,0.86,0.86,0.86,0.86,0.833,0.857,0.833,0.857,0.2,0.91,0.96,0.86,0.67,0.71,0.63,0.72,0.76,0.68,0.712,0.889,0.791,1.0,138.03617906570435,0.0,2148,0,0.0,,0,0.0,,,0.0,0.0,,0.0,0.0,https://wandb.ai/kastel-sdq-meta-research/experiment_cross_encoder/r/call/01a05eb6-35a8-74ce-bc90-572758a92a64,retrieval_config,False,KitToolbox,kit.qwen3-embedding-8b,10,10,True,cosine,True,False,10,-1,8,False,False,1,False,-1,-1,False,,['R659055'],['Paper'],True,False,False,kg_retrieval,hublink,kittoolbox_kit.minimax-m2.7-229b_tmpNone_maxt-1_reasoningNone,KitToolbox,kit.minimax-m2.7-229b,,-1,,kittoolbox_kit.minimax-m2.7-229b_tmpNone_maxt-1_reasoningNone,KitToolbox,kit.minimax-m2.7-229b,,-1,,orkg_merged_ecsa_icsa.json_jsonpublicationloader_limit-1,['paper_class'],['research_level'],['first_research_object'],['second_research_object'],['validity'],['evidence'],False,False,R659055,https://sandbox.orkg.org,-1,orkg,merged_ecsa_icsa.json_jsonpublicationloader_limit-1,merged_ecsa_icsa.json,JsonPublicationLoader,-1,,4000,2,generation_kittoolbox_kit.minimax-m2.7-229b_tmpNone_maxt-1_reasoningNone,generation,kittoolbox_kit.minimax-m2.7-229b_tmpNone_maxt-1_reasoningNone,KitToolbox,kit.minimax-m2.7-229b,,-1,,Who are the authors of 'Butterfly Space: An Architectural Approach for Investigating Performance Issues'?,"The authors of the paper 'Butterfly Space: An Architectural Approach for Investigating Performance Issues' are Yutong Zhao, Lu Xiao, Zhifei Chen, Yang Liu, Xiao Wang, and Bihuan Chen.","['10.1109/ICSA47634.2020.00027', '10.1109/ICSA47634.2020.00027', '10.1109/ICSA47634.2020.00027', '10.1109/ICSA47634.2020.00027', '10.1109/ICSA47634.2020.00027', '10.1109/ICSA47634.2020.00027']",,"['(R873172:authors list, has list element, L1529962:Yutong Zhao)', '(R873172:authors list, has list element, L1529963:Lu Xiao)', '(R873172:authors list, has list element, L1529965:Zhifei Chen)', '(R873172:authors list, has list element, L1529967:Yang Liu)', '(R873172:authors list, has list element, L1529964:Xiao Wang)', '(R873172:authors list, has list element, L1529966:Bihuan Chen)']",publication_subgraph_strategy,R659055,Software Architecture and Design,3,Who are the authors of the paper '[Metadata: paper title]'?
6,39f0c727f1c36390b5a876e7120bfff1,d76be764-526c-4b59-a8fa-a0239ca9923f,"

The papers that are explicitly identified as **Research Level 2 contributions that involve secondary research** are:

| Paper (Research Level 2) | Evidence of secondary‑research classification |
|---------------------------|-----------------------------------------------|
| “Mitigating the Influence of Embedded Software Development Environments and Toolsets (ESDT) on Software Architecture” | Described as a **Research Level 2** contribution **based on secondary research**【1】 |
| “Optimized Dependency Weights in Source Code Clustering” | Explicitly classified as a **Research Level 2** contribution **classified as secondary research**【2】 |
| “Microservice Ambients: An Architectural Meta‑Modelling Approach for Microservice Granularity” | Listed as a **Research Level 2** contribution that **involves secondary research** (though it is not itself a secondary source)【4】 |
| “Quantum Computing Platforms: Assessing the Impact on Quality Attributes and SDLC Activities” | Classified as a **Research Level 2** contribution that **includes secondary‑research methodologies**【7】 |

These four papers are the only ones in the provided sources that are **explicitly marked as secondary‑research** at the research‑level classification. All other papers referenced are either primary‑research works or have a secondary‑research flag set to *false* (or, in one case, a conflict between descriptive text and metadata).

","['(R872350:A Quantitative Approach for the Assessment of Microservice Architecture Deployment Alternatives by Automated Performance Testing, contribution, R872370:Research Level 2)', '(R868862:Mitigating the Influence of Embedded Software Development Environments and Toolsets (ESDT) on Software Architecture, contribution, R868877:Research Level 2)', '(R868971:Optimized Dependency Weights in Source Code Clustering, contribution, R868991:Research Level 2)', '(R869264:Semi-automatic Feedback for Improving Architecture Conformance to Microservice Patterns and Practices, contribution, R869288:Research Level 2)', '(R873533:Providing Context as a Service Using Service-Oriented Mobile Indie Fog and Opportunistic Computing, contribution, R873548:Research Level 2)', '(R873548:Research Level 2, Primary Research, L1530733:True)', '(R872319:Quantum Computing Platforms: Assessing the Impact on Quality Attributes and SDLC Activities, contribution, R872335:Research Level 2)', '(R870630:Quantitative Verification-Aided Machine Learning: A Tandem Approach for Architecting Self-Adaptive IoT Systems, contribution, R870652:Research Level 2)', '(R868877:Research Level 2, secondary research, L1521048:False)', '(R868991:Research Level 2, secondary research, L1521287:False)', '(R872761:Research Level 2, secondary research, L1529147:False)', '(R869288:Research Level 2, secondary research, L1521927:False)', '(R872335:Research Level 2, secondary research, L1528296:False)', '(R870652:Research Level 2, secondary research, L1524810:False)', '(R871083:Research Level 2, secondary research, L1525699:False)', '(R873548:Research Level 2, secondary research, L1530732:False)', '(R872370:Research Level 2, secondary research, L1528383:False)']",[],0.0,0.0,0.0,0.0,0.0,0.0,0.0,0.0,0.0,0.0,0.0,0.0,0.0,0.0,0.0,0.0,0.0,0.0,0.0,0.0,0.0,0.0,0.0,0.0,0.0,0.0,0.01,0.19,0.12,0.5,0.04,0.02,0.1,0.13,0.08,0.33,0.445,0.632,0.523,1.0,382.8366451263428,0.00029445,6816,0,0.0,,0,0.0,,,0.0,0.0,,0.0,0.0,https://wandb.ai/kastel-sdq-meta-research/experiment_cross_encoder/r/call/01a05eb7-8226-70eb-9cad-e0c9f81c11d8,retrieval_config,False,KitToolbox,kit.qwen3-embedding-8b,10,10,True,cosine,True,False,10,-1,8,False,False,1,False,-1,-1,False,,['R659055'],['Paper'],True,False,False,kg_retrieval,hublink,kittoolbox_kit.minimax-m2.7-229b_tmpNone_maxt-1_reasoningNone,KitToolbox,kit.minimax-m2.7-229b,,-1,,kittoolbox_kit.minimax-m2.7-229b_tmpNone_maxt-1_reasoningNone,KitToolbox,kit.minimax-m2.7-229b,,-1,,orkg_merged_ecsa_icsa.json_jsonpublicationloader_limit-1,['paper_class'],['research_level'],['first_research_object'],['second_research_object'],['validity'],['evidence'],False,False,R659055,https://sandbox.orkg.org,-1,orkg,merged_ecsa_icsa.json_jsonpublicationloader_limit-1,merged_ecsa_icsa.json,JsonPublicationLoader,-1,,4000,2,generation_kittoolbox_kit.minimax-m2.7-229b_tmpNone_maxt-1_reasoningNone,generation,kittoolbox_kit.minimax-m2.7-229b_tmpNone_maxt-1_reasoningNone,KitToolbox,kit.minimax-m2.7-229b,,-1,,Which papers have the research level secondary research?,"The papers at the secondary research level are: 'Assessing Architecture Conformance to Coupling-Related Patterns and Practices in Microservices', 'Guidelines for Architecting Android Apps: A Mixed-Method Empirical Study', and 'On Interfaces to Support Agile Architecting in Automotive: An Exploratory Case Study'.","['10.1007/978-3-030-58923-3_1', '10.1109/ICSA.2019.00023', '10.1109/ICSA.2019.00025']",,"['(R869586:Research Level 2, secondary research, L1522566:True)', '(R874190:Research Level 2, secondary research, L1532085:True)', '(R868843:Research Level 2, secondary research, L1520979:True)']",clustering_strategy,R659055,Software Architecture and Design,3,Which papers have the research level [Metadata: research level]?
7,39f0c727f1c36390b5a876e7120bfff1,dc7ccc00-4d74-45c7-84fe-34edce2173b7,"

Georg Buchgeher authored **one** paper in 2017 that is identified in the provided sources:

- **“Decision Models for Microservices: Design Areas, Stakeholders, Use Cases, and Requirements.”** This work is listed as a 2017 publication with Georg Buchgeher as a co‑author【1】.  

No other papers written by Georg Buchgeher in 2017 are mentioned in the current material. The other 2017‑dated works referenced in the sources (“Preventing Erosion in Exception Handling Design Using Static‑Architecture Conformance Checking” and “On Service‑Orientation for Automotive Software”) do not explicitly attribute authorship to Georg Buchgeher【3】【4】.

","['(R869393:authors list, has list element, L1522147:Georg Buchgeher)', '(R869648:A Platform for the Automated Provisioning of Architecture Information for Large-Scale Service-Oriented Software Systems, authors, R869649:authors list)', '(R869649:authors list, has list element, L1522699:Georg Buchgeher)', '(R870560:Preventing Erosion in Exception Handling Design Using Static-Architecture Conformance Checking, publication year, L1524614:2017)', '(R869392:Decision Models for Microservices: Design Areas, Stakeholders, Use Cases, and Requirements, publication year, L1522148:2017)', '(R869648:A Platform for the Automated Provisioning of Architecture Information for Large-Scale Service-Oriented Software Systems, publication year, L1522702:2018)']","['Georg Buchgeher', '2017']",1.0,1.0,0.7,0.35,1.0,1.0,0.33,1.0,0.5,0.71,0.4,1.0,0.57,0.77,0.33,1.0,0.5,0.71,0.4,1.0,0.57,0.77,0.333,0.4,0.333,0.4,0.15,0.37,0.23,0.95,0.25,0.15,0.67,0.28,0.17,0.73,0.464,0.773,0.579,1.0,363.68235540390015,0.0022780499999999998,17613,0,0.0,,0,0.0,,,0.0,0.0,,0.0,0.0,https://wandb.ai/kastel-sdq-meta-research/experiment_cross_encoder/r/call/01a05eb7-ba26-7b7a-ac27-bae14150a409,retrieval_config,False,KitToolbox,kit.qwen3-embedding-8b,10,10,True,cosine,True,False,10,-1,8,False,False,1,False,-1,-1,False,,['R659055'],['Paper'],True,False,False,kg_retrieval,hublink,kittoolbox_kit.minimax-m2.7-229b_tmpNone_maxt-1_reasoningNone,KitToolbox,kit.minimax-m2.7-229b,,-1,,kittoolbox_kit.minimax-m2.7-229b_tmpNone_maxt-1_reasoningNone,KitToolbox,kit.minimax-m2.7-229b,,-1,,orkg_merged_ecsa_icsa.json_jsonpublicationloader_limit-1,['paper_class'],['research_level'],['first_research_object'],['second_research_object'],['validity'],['evidence'],False,False,R659055,https://sandbox.orkg.org,-1,orkg,merged_ecsa_icsa.json_jsonpublicationloader_limit-1,merged_ecsa_icsa.json,JsonPublicationLoader,-1,,4000,2,generation_kittoolbox_kit.minimax-m2.7-229b_tmpNone_maxt-1_reasoningNone,generation,kittoolbox_kit.minimax-m2.7-229b_tmpNone_maxt-1_reasoningNone,KitToolbox,kit.minimax-m2.7-229b,,-1,,Which papers did Georg Buchgeher publish in 2017?,"The publication authored by Georg Buchgeher in the year 2017 is 'Decision Models for Microservices: Design Areas, Stakeholders, Use Cases, and Requirements'.","['10.1007/978-3-319-65831-5_11', '10.1007/978-3-319-65831-5_11']",,"['(R869393:authors list, has list element, L1522147:Georg Buchgeher)', '(R869392:Decision Models for Microservices: Design Areas, Stakeholders, Use Cases, and Requirements, publication year, L1522148:2017)']",clustering_strategy,R659055,Software Architecture and Design,3,Which publications have been published by the author [Metadata: author name] in the year [publication year]?
8,39f0c727f1c36390b5a876e7120bfff1,4bbdeb87-29d5-4ea2-9703-9f91b27ee413,"

Both sources identify Johannes Grohmann as an author on a paper, but each cites a different title—[1] mentions “Integrating Statistical Response Time Models in Architectural Performance Models,” while [2] points to “Incremental Calibration of Architectural Performance Models with Parametric Dependencies.”  Each source states that only this single paper is explicitly listed in the provided contexts.  Therefore, at least **one** paper authored by Johannes Grohmann is confirmed, although the total number of his publications cannot be determined from the information given.  

**Sources:** [1], [2]

[1] Source: Integrating Statistical Response Time Models in Architectural Performance Models, 10.1109/ICSA.2019.00016
[2] Source: Incremental Calibration of Architectural Performance Models with Parametric Dependencies, 10.1109/ICSA47634.2020.00011
","['(R872194:Integrating Statistical Response Time Models in Architectural Performance Models, authors, R872195:authors list)', '(R872195:authors list, has list element, L1527978:Johannes Grohmann)', '(R870059:Incremental Calibration of Architectural Performance Models with Parametric Dependencies, authors, R870060:authors list)', '(R870060:authors list, has list element, L1523562:Johannes Grohmann)']",['Johannes Grohmann'],1.0,1.0,0.5,1.0,0.5,1.0,0.5,1.0,0.67,0.83,0.67,1.0,0.8,0.91,0.5,1.0,0.67,0.83,0.67,1.0,0.8,0.91,0.5,0.667,0.5,0.667,0.01,0.07,0.04,0.5,0.02,0.01,0.2,0.07,0.04,0.5,0.378,0.588,0.46,0.0,265.15058040618896,0.0,57630,0,0.0,,0,0.0,,,0.0,0.0,,0.0,0.0,https://wandb.ai/kastel-sdq-meta-research/experiment_cross_encoder/r/call/01a05eb7-e801-7b40-b45c-72e47aa632d9,retrieval_config,False,KitToolbox,kit.qwen3-embedding-8b,10,10,True,cosine,True,False,10,-1,8,False,False,1,False,-1,-1,False,,['R659055'],['Paper'],True,False,False,kg_retrieval,hublink,kittoolbox_kit.minimax-m2.7-229b_tmpNone_maxt-1_reasoningNone,KitToolbox,kit.minimax-m2.7-229b,,-1,,kittoolbox_kit.minimax-m2.7-229b_tmpNone_maxt-1_reasoningNone,KitToolbox,kit.minimax-m2.7-229b,,-1,,orkg_merged_ecsa_icsa.json_jsonpublicationloader_limit-1,['paper_class'],['research_level'],['first_research_object'],['second_research_object'],['validity'],['evidence'],False,False,R659055,https://sandbox.orkg.org,-1,orkg,merged_ecsa_icsa.json_jsonpublicationloader_limit-1,merged_ecsa_icsa.json,JsonPublicationLoader,-1,,4000,2,generation_kittoolbox_kit.minimax-m2.7-229b_tmpNone_maxt-1_reasoningNone,generation,kittoolbox_kit.minimax-m2.7-229b_tmpNone_maxt-1_reasoningNone,KitToolbox,kit.minimax-m2.7-229b,,-1,,How many papers have been published by the author Johannes Grohmann?,Johannes Grohmann has published two papers.,"['10.1109/ICSA.2019.00016', '10.1109/ICSA47634.2020.00011']",,"['(R872195:authors list, has list element, L1527978:Johannes Grohmann)', '(R870060:authors list, has list element, L1523562:Johannes Grohmann)']",clustering_strategy,R659055,Software Architecture and Design,3,How many papers have been published by the author [Metadata: author name]?
9,39f0c727f1c36390b5a876e7120bfff1,07c6aa20-9557-4a85-99e2-1948b88b54b5,"

Based on the provided partial answers, Manar Mazkatli has authored at least two papers:

1. ""Incremental Calibration of Architectural Performance Models with Parametric Dependencies"" [1]
2. ""Enabling Consistency between Software Artefacts for Software Adaption and Evolution"" [2]

However, the sources do not provide a definitive total number of publications by Manar Mazkatli. The partial answers suggest there may be additional unpublished works, as [1] notes that the provided context does not specify the complete count of his publications.

[1] Source: Incremental Calibration of Architectural Performance Models with Parametric Dependencies, 10.1109/ICSA47634.2020.00011
[2] Source: Enabling Consistency between Software Artefacts for Software Adaption and Evolution, 10.1109/ICSA51549.2021.00009
","['(R868698:Enabling Consistency between Software Artefacts for Software Adaption and Evolution, authors, R868699:authors list)', '(R868699:authors list, has list element, L1520651:Manar Mazkatli)', '(R870060:authors list, has list element, L1523560:Manar Mazkatli)']",['Manar Mazkatli'],1.0,1.0,0.583,0.75,0.5,1.0,0.67,1.0,0.8,0.91,0.8,1.0,0.89,0.95,0.67,1.0,0.8,0.91,0.8,1.0,0.89,0.95,0.667,0.8,0.667,0.8,0.02,0.12,0.06,0.83,0.07,0.04,0.6,0.12,0.06,0.83,0.4,0.752,0.523,0.0,310.3301661014557,0.0,58037,0,0.0,,0,0.0,,,0.0,0.0,,0.0,0.0,https://wandb.ai/kastel-sdq-meta-research/experiment_cross_encoder/r/call/01a05eb8-4d7e-74b7-b37c-38ddbcfe7bc3,retrieval_config,False,KitToolbox,kit.qwen3-embedding-8b,10,10,True,cosine,True,False,10,-1,8,False,False,1,False,-1,-1,False,,['R659055'],['Paper'],True,False,False,kg_retrieval,hublink,kittoolbox_kit.minimax-m2.7-229b_tmpNone_maxt-1_reasoningNone,KitToolbox,kit.minimax-m2.7-229b,,-1,,kittoolbox_kit.minimax-m2.7-229b_tmpNone_maxt-1_reasoningNone,KitToolbox,kit.minimax-m2.7-229b,,-1,,orkg_merged_ecsa_icsa.json_jsonpublicationloader_limit-1,['paper_class'],['research_level'],['first_research_object'],['second_research_object'],['validity'],['evidence'],False,False,R659055,https://sandbox.orkg.org,-1,orkg,merged_ecsa_icsa.json_jsonpublicationloader_limit-1,merged_ecsa_icsa.json,JsonPublicationLoader,-1,,4000,2,generation_kittoolbox_kit.minimax-m2.7-229b_tmpNone_maxt-1_reasoningNone,generation,kittoolbox_kit.minimax-m2.7-229b_tmpNone_maxt-1_reasoningNone,KitToolbox,kit.minimax-m2.7-229b,,-1,,How many papers did Manar Mazkatli publish?,Manar Mazkatli has published two papers.,"['10.1109/ICSA47634.2020.00011', '10.1109/ICSA51549.2021.00009']",,"['(R870060:authors list, has list element, L1523560:Manar Mazkatli)', '(R868699:authors list, has list element, L1520651:Manar Mazkatli)']",clustering_strategy,R659055,Software Architecture and Design,3,How many publications have been published by the author [Metadata: author name]?
10,39f0c727f1c36390b5a876e7120bfff1,16d1d446-15d3-41b8-8f40-d5da51288aaf,"

Based on the information provided, Ivano Malavolta has authored at least two papers:

1. **Guidelines for Architecting Android Apps: A Mixed‑Method Empirical Study** (published 2019) – cited in [1].  
2. **Migrating Towards Microservice Architectures: An Industrial Survey** (published 2018) – cited in [2].

The sources do not give a total count of his publications beyond these two.

[1] Source: Guidelines for Architecting Android Apps: A Mixed-Method Empirical Study, 10.1109/ICSA.2019.00023
[2] Source: Migrating Towards Microservice Architectures: An Industrial Survey, 10.1109/ICSA.2018.00012
","['(R870989:Migrating Towards Microservice Architectures: An Industrial Survey, authors, R870990:authors list)', '(R870990:authors list, has list element, L1525509:Ivano Malavolta)', '(R874175:authors list, has list element, L1532033:Ivano Malavolta)']",['Ivano\u202fMalavolta'],1.0,1.0,0.583,0.75,0.5,1.0,0.67,1.0,0.8,0.91,0.8,1.0,0.89,0.95,0.67,1.0,0.8,0.91,0.8,1.0,0.89,0.95,0.667,0.8,0.667,0.8,0.02,0.19,0.11,1.0,0.1,0.05,0.6,0.16,0.09,0.83,0.393,0.811,0.529,1.0,305.2428469657898,0.0007510500000000001,13915,0,0.0,,0,0.0,,,0.0,0.0,,0.0,0.0,https://wandb.ai/kastel-sdq-meta-research/experiment_cross_encoder/r/call/01a05eb8-7af9-7d23-906b-ebd4a7722c48,retrieval_config,False,KitToolbox,kit.qwen3-embedding-8b,10,10,True,cosine,True,False,10,-1,8,False,False,1,False,-1,-1,False,,['R659055'],['Paper'],True,False,False,kg_retrieval,hublink,kittoolbox_kit.minimax-m2.7-229b_tmpNone_maxt-1_reasoningNone,KitToolbox,kit.minimax-m2.7-229b,,-1,,kittoolbox_kit.minimax-m2.7-229b_tmpNone_maxt-1_reasoningNone,KitToolbox,kit.minimax-m2.7-229b,,-1,,orkg_merged_ecsa_icsa.json_jsonpublicationloader_limit-1,['paper_class'],['research_level'],['first_research_object'],['second_research_object'],['validity'],['evidence'],False,False,R659055,https://sandbox.orkg.org,-1,orkg,merged_ecsa_icsa.json_jsonpublicationloader_limit-1,merged_ecsa_icsa.json,JsonPublicationLoader,-1,,4000,2,generation_kittoolbox_kit.minimax-m2.7-229b_tmpNone_maxt-1_reasoningNone,generation,kittoolbox_kit.minimax-m2.7-229b_tmpNone_maxt-1_reasoningNone,KitToolbox,kit.minimax-m2.7-229b,,-1,,How many papers have been published by Ivano Malavolta?,Ivano Malavolta has published two papers.,"['10.1109/ICSA.2019.00023', '10.1109/ICSA.2018.00012']",,"['(R874175:authors list, has list element, L1532033:Ivano Malavolta)', '(R870990:authors list, has list element, L1525509:Ivano Malavolta)']",clustering_strategy,R659055,Software Architecture and Design,3,How many publications have been published by the author [Metadata: author name]?
11,39f0c727f1c36390b5a876e7120bfff1,981cc6ea-8a59-4bbd-97ee-aed4e114b747,"

All of the sources explicitly identify the papers they discuss as **Paper Class 2** and state that the “personal experience paper” attribute is **false** for each of those papers (see [1], [2], [3], [4], [5], [6], [7], [8], [9]). Because no paper in the provided context is classified as a personal‑experience paper, the number of papers that have the paper class “personal experience paper” is **0**.

[1] Source: Predicting the Performance of Privacy-Preserving Data Analytics Using Architecture Modelling and Simulation, 10.1109/ICSA.2018.00026
[2] Source: Automated Microservice Identification in Legacy Systems with Functional and Non-Functional Metrics, 10.1109/ICSA47634.2020.00021
[3] Source: A Taxonomy of Blockchain-Based Systems for Architecture Design, 10.1109/ICSA.2017.33
[4] Source: Determination and Enforcement of Least-Privilege Architecture in Android, 10.1109/ICSA.2017.18
[5] Source: Improving the Search for Architecture Knowledge in Online Developer Communities, 10.1109/ICSA.2018.00028
[6] Source: Microservice Architecture in Reality: An Industrial Inquiry, 10.1109/ICSA.2019.00014
[7] Source: Quantum Computing Platforms: Assessing the Impact on Quality Attributes and SDLC Activities, 10.1109/ICSA51549.2021.00016
[8] Source: Determining Microservice Boundaries: A Case Study Using Static and Dynamic Software Analysis, 10.1007/978-3-030-58923-3_21
[9] Source: Semantic Differencing for Message-Driven Component & Connector Architectures, 10.1109/ICSA.2017.34
","['(R872319:Quantum Computing Platforms: Assessing the Impact on Quality Attributes and SDLC Activities, contribution, R872334:Paper Class 2)', '(R872334:Paper Class 2, personal experience paper, L1528291:False)', '(R870207:Paper Class 2, personal experience paper, L1523895:False)', '(R871284:Paper Class 2, personal experience paper, L1526126:False)', '(R873398:Paper Class 2, personal experience paper, L1530433:False)', '(R874417:Paper Class 2, personal experience paper, L1532565:False)', '(R868465:Paper Class 2, personal experience paper, L1520159:False)', '(R873143:Paper Class 2, personal experience paper, L1529915:False)', '(R873715:Paper Class 2, personal experience paper, L1531082:False)', '(R870456:Paper Class 2, personal experience paper, L1524393:False)', '(R2156156:Paper Class 2, personal experience paper, L2809515:False)']",[],0.0,0.0,0.0,0.0,0.0,0.0,0.0,0.0,0.0,0.0,0.0,0.0,0.0,0.0,0.0,0.0,0.0,0.0,0.0,0.0,0.0,0.0,0.0,0.0,0.0,0.0,0.03,0.2,0.12,0.67,0.18,0.11,0.64,0.2,0.12,0.67,0.372,0.549,0.444,1.0,165.52352142333984,0.0,27215,0,0.0,,0,0.0,,,0.0,0.0,,0.0,0.0,https://wandb.ai/kastel-sdq-meta-research/experiment_cross_encoder/r/call/01a05ebc-3ed3-7f4b-8353-d195e318d9e3,retrieval_config,False,KitToolbox,kit.qwen3-embedding-8b,10,10,True,cosine,True,False,10,-1,8,False,False,1,False,-1,-1,False,,['R659055'],['Paper'],True,False,False,kg_retrieval,hublink,kittoolbox_kit.minimax-m2.7-229b_tmpNone_maxt-1_reasoningNone,KitToolbox,kit.minimax-m2.7-229b,,-1,,kittoolbox_kit.minimax-m2.7-229b_tmpNone_maxt-1_reasoningNone,KitToolbox,kit.minimax-m2.7-229b,,-1,,orkg_merged_ecsa_icsa.json_jsonpublicationloader_limit-1,['paper_class'],['research_level'],['first_research_object'],['second_research_object'],['validity'],['evidence'],False,False,R659055,https://sandbox.orkg.org,-1,orkg,merged_ecsa_icsa.json_jsonpublicationloader_limit-1,merged_ecsa_icsa.json,JsonPublicationLoader,-1,,4000,2,generation_kittoolbox_kit.minimax-m2.7-229b_tmpNone_maxt-1_reasoningNone,generation,kittoolbox_kit.minimax-m2.7-229b_tmpNone_maxt-1_reasoningNone,KitToolbox,kit.minimax-m2.7-229b,,-1,,How many papers have the paper class personal experience paper?,There are two publications that have the paper class personal experience paper.,"['10.1109/ICSA.2018.00016', '10.1109/ICSA.2017.42']",,"['(R872668:Paper Class 2, personal experience paper, L1528957:True)', '(R872566:Paper Class 2, personal experience paper, L1528770:True)']",clustering_strategy,R659055,Software Architecture and Design,3,How many publications have the paper class with the name [Metadata: paper class name]?
12,39f0c727f1c36390b5a876e7120bfff1,992b0b42-af08-47fc-98d7-0e77a41e5b21,"

The texts each identify a single scholarly work:

* “Improving the Search for Architecture Knowledge in Online Developer Communities” (2018) – see [1]  
* “Architectural Patterns for Cross‑Domain Personalised Automotive Functions” (2020) – see [2]  
* “Recovering Architectural Design Decisions” (2018) – see [3]

None of these papers are described as belonging to the “personal‑experience” paper class in the provided sources. Because the texts do not indicate any paper with that classification, there are no papers to rank in descending order by publication year for the requested class.

[1] Source: Improving the Search for Architecture Knowledge in Online Developer Communities, 10.1109/ICSA.2018.00028
[2] Source: Architectural Patterns for Cross-Domain Personalised Automotive Functions, 10.1109/ICSA47634.2020.00026
[3] Source: Recovering Architectural Design Decisions, 10.1109/ICSA.2018.00019
",,[],0.0,0.0,0.0,0.0,0.0,0.0,0.0,0.0,0.0,0.0,0.0,0.0,0.0,0.0,0.0,0.0,0.0,0.0,0.0,0.0,0.0,0.0,0.0,0.0,0.0,0.0,0.07,0.39,0.3,0.58,0.13,0.1,0.19,0.2,0.15,0.3,0.548,0.682,0.608,1.0,455.4006712436676,0.0030943499999999996,18167,0,0.0,,0,0.0,,,0.0,0.0,,0.0,0.0,https://wandb.ai/kastel-sdq-meta-research/experiment_cross_encoder/r/call/01a05ebd-6d3a-70d9-bcc8-9d80b3901dfd,retrieval_config,False,KitToolbox,kit.qwen3-embedding-8b,10,10,True,cosine,True,False,10,-1,8,False,False,1,False,-1,-1,False,,['R659055'],['Paper'],True,False,False,kg_retrieval,hublink,kittoolbox_kit.minimax-m2.7-229b_tmpNone_maxt-1_reasoningNone,KitToolbox,kit.minimax-m2.7-229b,,-1,,kittoolbox_kit.minimax-m2.7-229b_tmpNone_maxt-1_reasoningNone,KitToolbox,kit.minimax-m2.7-229b,,-1,,orkg_merged_ecsa_icsa.json_jsonpublicationloader_limit-1,['paper_class'],['research_level'],['first_research_object'],['second_research_object'],['validity'],['evidence'],False,False,R659055,https://sandbox.orkg.org,-1,orkg,merged_ecsa_icsa.json_jsonpublicationloader_limit-1,merged_ecsa_icsa.json,JsonPublicationLoader,-1,,4000,2,generation_kittoolbox_kit.minimax-m2.7-229b_tmpNone_maxt-1_reasoningNone,generation,kittoolbox_kit.minimax-m2.7-229b_tmpNone_maxt-1_reasoningNone,KitToolbox,kit.minimax-m2.7-229b,,-1,,Which papers have the paper class personal experience paper? Rank the papers in descending order of their publication year.,"The publications with the paper class personal experience, ranked in descending order by publication year, are: 1. Data-Centric Communication and Containerization for Future Automotive Software Architectures (2018); 2. Towards a Reference Architecture for Cloud-Based Plant Genotyping and Phenotyping Analysis Frameworks (2017).","['10.1109/ICSA.2017.42', '10.1109/ICSA.2017.42', '10.1109/ICSA.2018.00016', '10.1109/ICSA.2018.00016']",,"['(R872566:Paper Class 2, personal experience paper, L1528770:True)', '(R872527:Towards a Reference Architecture for Cloud-Based Plant Genotyping and Phenotyping Analysis Frameworks, publication year, L1528701:2017)', '(R872668:Paper Class 2, personal experience paper, L1528957:True)', '(R872636:Data-Centric Communication and Containerization for Future Automotive Software Architectures, publication year, L1528895:2018)']",clustering_strategy,R659055,Software Architecture and Design,3,Which publications have the paper class [Metadata: paper class name] ranked by their publication year?
13,39f0c727f1c36390b5a876e7120bfff1,3cbd7dfe-eb26-4f55-8954-50f3eff9c7cd,"

The sources indicate that Sten Grüner has authored two papers. Listed in descending order by publication year they are:

1. **2020** – *A Comparison of MQTT Brokers for Distributed IoT Edge Computing*【1】  
2. **2019** – *A Four‑Layer Architecture Pattern for Constructing and Managing Digital Twins*【2】

","['(R873728:A Comparison of MQTT Brokers for Distributed IoT Edge Computing, authors, R873729:authors list)', '(R873729:authors list, has list element, L1531103:Sten Grüner)', '(R870309:A Four-Layer Architecture Pattern for Constructing and Managing Digital Twins, authors, R870310:authors list)', '(R870310:authors list, has list element, L1524116:Sten Grüner)', '(R870309:A Four-Layer Architecture Pattern for Constructing and Managing Digital Twins, publication year, L1524119:2019)', '(R873728:A Comparison of MQTT Brokers for Distributed IoT Edge Computing, publication year, L1531105:2020)']",['Sten Grüner'],1.0,1.0,0.567,0.75,0.5,1.0,0.67,1.0,0.8,0.91,1.0,1.0,1.0,1.0,0.67,1.0,0.8,0.91,1.0,1.0,1.0,1.0,0.667,1.0,0.667,1.0,0.34,0.83,0.77,0.9,0.59,0.54,0.64,0.76,0.7,0.82,0.724,0.871,0.791,1.0,302.4165096282959,0.0,50051,0,0.0,,0,0.0,,,0.0,0.0,,0.0,0.0,https://wandb.ai/kastel-sdq-meta-research/experiment_cross_encoder/r/call/01a05ebd-e6e7-7663-ade0-97d425e3e319,retrieval_config,False,KitToolbox,kit.qwen3-embedding-8b,10,10,True,cosine,True,False,10,-1,8,False,False,1,False,-1,-1,False,,['R659055'],['Paper'],True,False,False,kg_retrieval,hublink,kittoolbox_kit.minimax-m2.7-229b_tmpNone_maxt-1_reasoningNone,KitToolbox,kit.minimax-m2.7-229b,,-1,,kittoolbox_kit.minimax-m2.7-229b_tmpNone_maxt-1_reasoningNone,KitToolbox,kit.minimax-m2.7-229b,,-1,,orkg_merged_ecsa_icsa.json_jsonpublicationloader_limit-1,['paper_class'],['research_level'],['first_research_object'],['second_research_object'],['validity'],['evidence'],False,False,R659055,https://sandbox.orkg.org,-1,orkg,merged_ecsa_icsa.json_jsonpublicationloader_limit-1,merged_ecsa_icsa.json,JsonPublicationLoader,-1,,4000,2,generation_kittoolbox_kit.minimax-m2.7-229b_tmpNone_maxt-1_reasoningNone,generation,kittoolbox_kit.minimax-m2.7-229b_tmpNone_maxt-1_reasoningNone,KitToolbox,kit.minimax-m2.7-229b,,-1,,Which papers have been published by the author Sten Grüner ranked in descending order by their publication year?,"The publications by Sten Grüner, ranked in descending order of their publication year, are: 1. A Comparison of MQTT Brokers for Distributed IoT Edge Computing (2020), 2. A Four-Layer Architecture Pattern for Constructing and Managing Digital Twins (2019).","['10.1007/978-3-030-58923-3_23', '10.1007/978-3-030-58923-3_23', '10.1007/978-3-030-29983-5_16', '10.1007/978-3-030-29983-5_16']",,"['(R873729:authors list, has list element, L1531103:Sten Grüner)', '(R873728:A Comparison of MQTT Brokers for Distributed IoT Edge Computing, publication year, L1531105:2020)', '(R870310:authors list, has list element, L1524116:Sten Grüner)', '(R870309:A Four-Layer Architecture Pattern for Constructing and Managing Digital Twins, publication year, L1524119:2019)']",clustering_strategy,R659055,Software Architecture and Design,3,Which publications have been published by the author [Metadata: author name] ranked by their publication year?
14,39f0c727f1c36390b5a876e7120bfff1,01fe69ac-72b2-4a52-84ea-17d03982a4d6,"

Rogardt Heldal has published at least two papers. When ordered by year of publication (newest first) they are:

1. **“Improving the Consistency and Usefulness of Architecture Descriptions: Guidelines for Architects”** – 2019 [2]  
2. **“Architectural Assumptions and Their Management in Industry – An Exploratory Study”** – 2017 [1]

[1] Source: Architectural Assumptions and Their Management in Industry – An Exploratory Study, 10.1007/978-3-319-65831-5_14
[2] Source: Improving the Consistency and Usefulness of Architecture Descriptions: Guidelines for Architects, 10.1109/ICSA.2019.00024
","['(R868651:Architectural Assumptions and Their Management in Industry – An Exploratory Study, authors, R868652:authors list)', '(R868652:authors list, has list element, L1520560:Rogardt Heldal)', '(R873599:Improving the Consistency and Usefulness of Architecture Descriptions: Guidelines for Architects, authors, R873600:authors list)', '(R873600:authors list, has list element, L1530832:Rogardt Heldal)', '(R868651:Architectural Assumptions and Their Management in Industry – An Exploratory Study, publication year, L1520562:2017)', '(R873599:Improving the Consistency and Usefulness of Architecture Descriptions: Guidelines for Architects, publication year, L1530833:2019)']",['Rogardt Heldal'],0.667,0.667,0.378,0.6,0.5,1.0,0.67,0.67,0.67,0.67,1.0,0.67,0.8,0.71,0.67,0.67,0.67,0.67,1.0,0.67,0.8,0.71,0.667,1.0,0.667,1.0,0.27,0.69,0.76,0.64,0.52,0.57,0.48,0.63,0.69,0.58,0.704,0.788,0.744,1.0,313.7330813407898,0.0025244999999999994,17544,0,0.0,,0,0.0,,,0.0,0.0,,0.0,0.0,https://wandb.ai/kastel-sdq-meta-research/experiment_cross_encoder/r/call/01a05ebe-0262-7224-8075-ea3e8b67d6a4,retrieval_config,False,KitToolbox,kit.qwen3-embedding-8b,10,10,True,cosine,True,False,10,-1,8,False,False,1,False,-1,-1,False,,['R659055'],['Paper'],True,False,False,kg_retrieval,hublink,kittoolbox_kit.minimax-m2.7-229b_tmpNone_maxt-1_reasoningNone,KitToolbox,kit.minimax-m2.7-229b,,-1,,kittoolbox_kit.minimax-m2.7-229b_tmpNone_maxt-1_reasoningNone,KitToolbox,kit.minimax-m2.7-229b,,-1,,orkg_merged_ecsa_icsa.json_jsonpublicationloader_limit-1,['paper_class'],['research_level'],['first_research_object'],['second_research_object'],['validity'],['evidence'],False,False,R659055,https://sandbox.orkg.org,-1,orkg,merged_ecsa_icsa.json_jsonpublicationloader_limit-1,merged_ecsa_icsa.json,JsonPublicationLoader,-1,,4000,2,generation_kittoolbox_kit.minimax-m2.7-229b_tmpNone_maxt-1_reasoningNone,generation,kittoolbox_kit.minimax-m2.7-229b_tmpNone_maxt-1_reasoningNone,KitToolbox,kit.minimax-m2.7-229b,,-1,,Which papers did Rogardt Heldal publish? Rank them in descending order by their year of publication.,"The papers that Rogardt Heldal published, ranked in descending order of publication year, are: 1. On Interfaces to Support Agile Architecting in Automotive: An Exploratory Case Study (2019), 2. Improving the Consistency and Usefulness of Architecture Descriptions: Guidelines for Architects (2019), 3. Architectural Assumptions and Their Management in Industry - An Exploratory Study (2017)","['10.1109/ICSA.2019.00025', '10.1109/ICSA.2019.00025', '10.1109/ICSA.2019.00024', '10.1109/ICSA.2019.00024', '10.1007/978-3-319-65831-5_14', '10.1007/978-3-319-65831-5_14']",,"['(R868824:authors list, has list element, L1520928:Rogardt Heldal)', '(R868823:On Interfaces to Support Agile Architecting in Automotive: An Exploratory Case Study, publication year, L1520929:2019)', '(R873600:authors list, has list element, L1530832:Rogardt Heldal)', '(R873599:Improving the Consistency and Usefulness of Architecture Descriptions: Guidelines for Architects, publication year, L1530833:2019)', '(R868652:authors list, has list element, L1520560:Rogardt Heldal)', '(R868651:Architectural Assumptions and Their Management in Industry – An Exploratory Study, publication year, L1520562:2017)']",clustering_strategy,R659055,Software Architecture and Design,3,Which publications have been published by the author [Metadata: author name] ranked by their publication year?
15,39f0c727f1c36390b5a876e7120bfff1,87b16758-5838-4e37-8b9a-67357acaff0b,"

Based on the partial answers provided, only one paper by Federico Giaimo has a confirmed publication year in the provided texts.

**Ranking of Papers by Federico Giaimo (Descending by Publishing Year):**

1. **Design Criteria to Architect Continuous Experimentation for Self‑Driving Vehicles** – Published in 2017 [2]

This is the only paper by Federico Giaimo that can be ranked, as it is the sole publication with a confirmed publication year. The other identified paper (*Continuous Experimentation for Automotive Software on the Example of a Heavy Commercial Vehicle in Daily Operation*) does not have a publication year specified in the provided texts [1].

[1] Source: Continuous Experimentation for Automotive Software on the Example of a Heavy Commercial Vehicle in Daily Operation, 10.1007/978-3-030-58923-3_5
[2] Source: Design Criteria to Architect Continuous Experimentation for Self-Driving Vehicles, 10.1109/ICSA.2017.36
","['(R870270:Design Criteria to Architect Continuous Experimentation for Self-Driving Vehicles, authors, R870271:authors list)', '(R870271:authors list, has list element, L1524033:Federico Giaimo)', '(R873021:Continuous Experimentation for Automotive Software on the Example of a Heavy Commercial Vehicle in Daily Operation, authors, R873022:authors list)', '(R873022:authors list, has list element, L1529682:Federico Giaimo)', '(R870270:Design Criteria to Architect Continuous Experimentation for Self-Driving Vehicles, publication year, L1524035:2017)']",['Federico Giaimo'],0.75,0.875,0.4,0.625,0.5,1.0,0.6,0.75,0.67,0.71,1.0,0.88,0.93,0.9,0.6,0.75,0.67,0.71,1.0,0.88,0.93,0.9,0.6,1.0,0.6,1.0,0.17,0.56,0.41,0.89,0.36,0.26,0.58,0.33,0.24,0.52,0.549,0.696,0.614,1.0,396.94334173202515,0.0,35670,0,0.0,,0,0.0,,,0.0,0.0,,0.0,0.0,https://wandb.ai/kastel-sdq-meta-research/experiment_cross_encoder/r/call/01a05ebe-171a-753d-b618-919d5b065f1a,retrieval_config,False,KitToolbox,kit.qwen3-embedding-8b,10,10,True,cosine,True,False,10,-1,8,False,False,1,False,-1,-1,False,,['R659055'],['Paper'],True,False,False,kg_retrieval,hublink,kittoolbox_kit.minimax-m2.7-229b_tmpNone_maxt-1_reasoningNone,KitToolbox,kit.minimax-m2.7-229b,,-1,,kittoolbox_kit.minimax-m2.7-229b_tmpNone_maxt-1_reasoningNone,KitToolbox,kit.minimax-m2.7-229b,,-1,,orkg_merged_ecsa_icsa.json_jsonpublicationloader_limit-1,['paper_class'],['research_level'],['first_research_object'],['second_research_object'],['validity'],['evidence'],False,False,R659055,https://sandbox.orkg.org,-1,orkg,merged_ecsa_icsa.json_jsonpublicationloader_limit-1,merged_ecsa_icsa.json,JsonPublicationLoader,-1,,4000,2,generation_kittoolbox_kit.minimax-m2.7-229b_tmpNone_maxt-1_reasoningNone,generation,kittoolbox_kit.minimax-m2.7-229b_tmpNone_maxt-1_reasoningNone,KitToolbox,kit.minimax-m2.7-229b,,-1,,Rank the papers that have been published by Federico Giaimo in descending order of their publishing year.,"The papers that Federico Giaimo published, ranked in descending order of their publication year, are: 1. 'Continuous Experimentation for Automotive Software on the Example of a Heavy Commercial Vehicle in Daily Operation' (2020), and 2. 'Design Criteria to Architect Continuous Experimentation for Self-Driving Vehicles' (2017).","['10.1109/ICSA.2017.36', '10.1109/ICSA.2017.36', '10.1007/978-3-030-58923-3_5', '10.1007/978-3-030-58923-3_5']",,"['(R870271:authors list, has list element, L1524033:Federico Giaimo)', '(R870270:Design Criteria to Architect Continuous Experimentation for Self-Driving Vehicles, publication year, L1524035:2017)', '(R873022:authors list, has list element, L1529682:Federico Giaimo)', '(R873021:Continuous Experimentation for Automotive Software on the Example of a Heavy Commercial Vehicle in Daily Operation, publication year, L1529684:2020)']",clustering_strategy,R659055,Software Architecture and Design,3,Which publications have been published by the author [Metadata: author name] ranked by their publication year?
16,39f0c727f1c36390b5a876e7120bfff1,ce7c8800-8719-4a5d-ad70-0750c6497852,"

The paper **“Continuous Architecture: Towards the Goldilocks Zone and Away from Vicious Circles”** was published in **2019** [1].  
The paper **“Designing Robust Software Systems through Parametric Markov Chain Synthesis”** was published in **2017** [2].  

Thus, the Continuous Architecture paper appeared **two years later** than the Designing Robust Software Systems paper.

[1] Source: Continuous Architecture: Towards the Goldilocks Zone and Away from Vicious Circles, 10.1109/ICSA.2019.00022
[2] Source: Designing Robust Software Systems through Parametric Markov Chain Synthesis, 10.1109/ICSA.2017.16
","['(R868403:Designing Robust Software Systems through Parametric Markov Chain Synthesis, publication year, L1520024:2017)', '(R873775:Continuous Architecture: Towards the Goldilocks Zone and Away from Vicious Circles, doi, L1531198:10.1109/ICSA.2019.00022)']","['Continuous Architecture: Towards the Goldilocks Zone and Away from Vicious Circles', 'Designing Robust Software Systems through Parametric Markov Chain Synthesis']",0.5,0.75,0.5,0.5,1.0,1.0,0.5,0.5,0.5,0.5,0.75,0.75,0.75,0.75,0.5,0.5,0.5,0.5,0.75,0.75,0.75,0.75,0.5,0.75,0.5,0.75,0.21,0.64,0.62,0.66,0.46,0.45,0.48,0.54,0.52,0.55,0.654,0.784,0.713,1.0,507.61306953430176,0.0,46243,0,0.0,,0,0.0,,,0.0,0.0,,0.0,0.0,https://wandb.ai/kastel-sdq-meta-research/experiment_cross_encoder/r/call/01a05ebe-f776-7a4c-ab2e-02c8f7f4a374,retrieval_config,False,KitToolbox,kit.qwen3-embedding-8b,10,10,True,cosine,True,False,10,-1,8,False,False,1,False,-1,-1,False,,['R659055'],['Paper'],True,False,False,kg_retrieval,hublink,kittoolbox_kit.minimax-m2.7-229b_tmpNone_maxt-1_reasoningNone,KitToolbox,kit.minimax-m2.7-229b,,-1,,kittoolbox_kit.minimax-m2.7-229b_tmpNone_maxt-1_reasoningNone,KitToolbox,kit.minimax-m2.7-229b,,-1,,orkg_merged_ecsa_icsa.json_jsonpublicationloader_limit-1,['paper_class'],['research_level'],['first_research_object'],['second_research_object'],['validity'],['evidence'],False,False,R659055,https://sandbox.orkg.org,-1,orkg,merged_ecsa_icsa.json_jsonpublicationloader_limit-1,merged_ecsa_icsa.json,JsonPublicationLoader,-1,,4000,2,generation_kittoolbox_kit.minimax-m2.7-229b_tmpNone_maxt-1_reasoningNone,generation,kittoolbox_kit.minimax-m2.7-229b_tmpNone_maxt-1_reasoningNone,KitToolbox,kit.minimax-m2.7-229b,,-1,,In which publication year was the paper with the title 'Continuous Architecture: Towards the Goldilocks Zone and Away from Vicious Circles' published in comparison to the publication year of the paper with the title 'Designing Robust Software Systems through Parametric Markov Chain Synthesis'?,"The publication year of the paper with the title 'Continuous Architecture: Towards the Goldilocks Zone and Away from Vicious Circles' is 2019, which is later than the publication year of the paper with the title 'Designing Robust Software Systems through Parametric Markov Chain Synthesis', which is 2017.","['10.1109/ICSA.2019.00022', '10.1109/ICSA.2017.16']",,"['(R873775:Continuous Architecture: Towards the Goldilocks Zone and Away from Vicious Circles, publication year, L1531203:2019)', '(R868403:Designing Robust Software Systems through Parametric Markov Chain Synthesis, publication year, L1520024:2017)']",publication_subgraph_strategy,R659055,Software Architecture and Design,2,"In which publication year has the paper with the title '[paper title 1]' been published, in comparison to the publication year of the paper with the title '[paper title 2]'?"
17,39f0c727f1c36390b5a876e7120bfff1,219afd37-7947-4be8-8bf7-df981548c15d,"

Based on the provided partial answers, the paper **""Determination and Enforcement of Least-Privilege Architecture in Android""** was published in **2017** [2], while the paper **""Automated Microservice Identification in Legacy Systems with Functional and Non‑Functional Metrics""** was published in **2020** [1].

Therefore, the Android paper was published **three years before** the Microservice paper.

[1] Source: Automated Microservice Identification in Legacy Systems with Functional and Non-Functional Metrics, 10.1109/ICSA47634.2020.00021
[2] Source: Determination and Enforcement of Least-Privilege Architecture in Android, 10.1109/ICSA.2017.18
","['(R868446:Automated Microservice Identification in Legacy Systems with Functional and Non-Functional Metrics, publication year, L1520119:2020)', '(R871264:Determination and Enforcement of Least-Privilege Architecture in Android, publication year, L1526084:2017)']","['Determination and Enforcement of Least-Privilege Architecture in Android', 'Automated Microservice Identification in Legacy Systems with Functional and Non-Functional Metrics']",1.0,1.0,1.0,0.5,1.0,1.0,1.0,1.0,1.0,1.0,1.0,1.0,1.0,1.0,1.0,1.0,1.0,1.0,1.0,1.0,1.0,1.0,1.0,1.0,1.0,1.0,0.17,0.72,0.57,0.97,0.64,0.51,0.87,0.72,0.57,0.97,0.654,0.819,0.727,1.0,253.0137939453125,0.0027809999999999996,14663,0,0.0,,0,0.0,,,0.0,0.0,,0.0,0.0,https://wandb.ai/kastel-sdq-meta-research/experiment_cross_encoder/r/call/01a05ec3-1e9b-719d-939f-301a1e3c3f0f,retrieval_config,False,KitToolbox,kit.qwen3-embedding-8b,10,10,True,cosine,True,False,10,-1,8,False,False,1,False,-1,-1,False,,['R659055'],['Paper'],True,False,False,kg_retrieval,hublink,kittoolbox_kit.minimax-m2.7-229b_tmpNone_maxt-1_reasoningNone,KitToolbox,kit.minimax-m2.7-229b,,-1,,kittoolbox_kit.minimax-m2.7-229b_tmpNone_maxt-1_reasoningNone,KitToolbox,kit.minimax-m2.7-229b,,-1,,orkg_merged_ecsa_icsa.json_jsonpublicationloader_limit-1,['paper_class'],['research_level'],['first_research_object'],['second_research_object'],['validity'],['evidence'],False,False,R659055,https://sandbox.orkg.org,-1,orkg,merged_ecsa_icsa.json_jsonpublicationloader_limit-1,merged_ecsa_icsa.json,JsonPublicationLoader,-1,,4000,2,generation_kittoolbox_kit.minimax-m2.7-229b_tmpNone_maxt-1_reasoningNone,generation,kittoolbox_kit.minimax-m2.7-229b_tmpNone_maxt-1_reasoningNone,KitToolbox,kit.minimax-m2.7-229b,,-1,,In which year was 'Determination and Enforcement of Least-Privilege Architecture in Android' published in comparison to 'Automated Microservice Identification in Legacy Systems with Functional and Non-Functional Metrics'?,"The publication 'Determination and Enforcement of Least-Privilege Architecture in Android' was published in 2017, while 'Automated Microservice Identification in Legacy Systems with Functional and Non-Functional Metrics' was published in 2020.","['10.1109/ICSA.2017.18', '10.1109/ICSA47634.2020.00021']",,"['(R871264:Determination and Enforcement of Least-Privilege Architecture in Android, publication year, L1526084:2017)', '(R868446:Automated Microservice Identification in Legacy Systems with Functional and Non-Functional Metrics, publication year, L1520119:2020)']",publication_subgraph_strategy,R659055,Software Architecture and Design,2,In what publication year has the publication '[paper title 1]' been published in comparison to the publication '[paper title 2]'?
18,39f0c727f1c36390b5a876e7120bfff1,19c70b51-0afb-419b-aec8-08f8358f5e89,"

The two papers belong to the same class. The paper **“Continuous Integration Impediments in Large‑Scale Industry Projects”** is classified as **Paper Class 2** [1], and the paper **“An Architecture Framework for Modelling and Simulation of Situational‑Aware Cyber‑Physical Systems”** is also classified as **Paper Class 2** [2]. Thus, both papers share the same paper class.

[1] Source: Continuous Integration Impediments in Large-Scale Industry Projects, 10.1109/ICSA.2017.11
[2] Source: An Architecture Framework for Modelling and Simulation of Situational-Aware Cyber-Physical Systems, 10.1007/978-3-319-65831-5_7
","['(R868569:Continuous Integration Impediments in Large-Scale Industry Projects, contribution, R868588:Paper Class 2)', '(R868889:An Architecture Framework for Modelling and Simulation of Situational-Aware Cyber-Physical Systems, contribution, R868908:Paper Class 2)']","['Continuous Integration Impediments in Large-Scale Industry Projects', 'An Architecture Framework for Modelling and Simulation of Situational-Aware Cyber-Physical Systems']",0.0,0.5,0.0,0.5,0.0,1.0,0.0,0.0,0.0,0.0,0.5,0.5,0.5,0.5,0.0,0.0,0.0,0.0,0.5,0.5,0.5,0.5,0.0,0.5,0.0,0.5,0.13,0.66,0.65,0.67,0.49,0.48,0.5,0.57,0.56,0.58,0.651,0.76,0.701,1.0,380.292601108551,0.0,27122,0,0.0,,0,0.0,,,0.0,0.0,,0.0,0.0,https://wandb.ai/kastel-sdq-meta-research/experiment_cross_encoder/r/call/01a05ec3-706c-7c88-b48f-6b2373f2722c,retrieval_config,False,KitToolbox,kit.qwen3-embedding-8b,10,10,True,cosine,True,False,10,-1,8,False,False,1,False,-1,-1,False,,['R659055'],['Paper'],True,False,False,kg_retrieval,hublink,kittoolbox_kit.minimax-m2.7-229b_tmpNone_maxt-1_reasoningNone,KitToolbox,kit.minimax-m2.7-229b,,-1,,kittoolbox_kit.minimax-m2.7-229b_tmpNone_maxt-1_reasoningNone,KitToolbox,kit.minimax-m2.7-229b,,-1,,orkg_merged_ecsa_icsa.json_jsonpublicationloader_limit-1,['paper_class'],['research_level'],['first_research_object'],['second_research_object'],['validity'],['evidence'],False,False,R659055,https://sandbox.orkg.org,-1,orkg,merged_ecsa_icsa.json_jsonpublicationloader_limit-1,merged_ecsa_icsa.json,JsonPublicationLoader,-1,,4000,2,generation_kittoolbox_kit.minimax-m2.7-229b_tmpNone_maxt-1_reasoningNone,generation,kittoolbox_kit.minimax-m2.7-229b_tmpNone_maxt-1_reasoningNone,KitToolbox,kit.minimax-m2.7-229b,,-1,,What is the paper class of the paper with the title 'Continuous Integration Impediments in Large-Scale Industry Projects' in comparison to the paper with the title 'An Architecture Framework for Modelling and Simulation of Situational-Aware Cyber-Physical Systems'?,"The paper class of the paper with the title 'Continuous Integration Impediments in Large-Scale Industry Projects' in comparison to the paper with the title 'An Architecture Framework for Modelling and Simulation of Situational-Aware Cyber-Physical Systems' is that the former is classified as evaluation research, while the latter is classified as validation research.","['10.1109/ICSA.2017.11', '10.1007/978-3-319-65831-5_7']",,"['(R868588:Paper Class 2, evaluation research, L1520426:True)', '(R868908:Paper Class 2, validation research, L1521107:True)']",publication_subgraph_strategy,R659055,Software Architecture and Design,3,What is the paper class of the paper '[paper title 1]' in comparison to the publication '[paper title 2]'?
19,39f0c727f1c36390b5a876e7120bfff1,e2fb3908-3e84-4eb2-9ee4-2e9863c8aceb,"

The paper **“Supporting Architectural Decision Making on Data Management in Microservice Architectures”** is classified as **Paper Class 2** [1].  

The paper **“An Architecture for Decentralized, Collaborative, and Autonomous Robots”** is also classified as **Paper Class 2** [2].  

Thus, both papers belong to the same paper class (Paper Class 2). The third source does not provide information about either paper, so no additional comparison can be made [3].

[1] Source: Supporting Architectural Decision Making on Data Management in Microservice Architectures, 10.1007/978-3-030-29983-5_2
[2] Source: An Architecture for Decentralized, Collaborative, and Autonomous Robots, 10.1109/ICSA.2018.00017
[3] Source: A Complexity Metric for Microservices Architecture Migration, 10.1109/ICSA47634.2020.00024
","['(R871523:An Architecture for Decentralized, Collaborative, and Autonomous Robots, contribution, R871552:Paper Class 2)', '(R872980:Supporting Architectural Decision Making on Data Management in Microservice Architectures, contribution, R873000:Paper Class 2)']",[],0.0,0.5,0.0,0.5,0.0,1.0,0.0,0.0,0.0,0.0,0.5,0.5,0.5,0.5,0.0,0.0,0.0,0.0,0.5,0.5,0.5,0.5,0.0,0.5,0.0,0.5,0.15,0.53,0.39,0.81,0.43,0.32,0.68,0.46,0.34,0.72,0.545,0.804,0.65,1.0,251.89820432662964,0.0,29509,0,0.0,,0,0.0,,,0.0,0.0,,0.0,0.0,https://wandb.ai/kastel-sdq-meta-research/experiment_cross_encoder/r/call/01a05ec4-7ff9-7184-9ffa-9bbc87cd9877,retrieval_config,False,KitToolbox,kit.qwen3-embedding-8b,10,10,True,cosine,True,False,10,-1,8,False,False,1,False,-1,-1,False,,['R659055'],['Paper'],True,False,False,kg_retrieval,hublink,kittoolbox_kit.minimax-m2.7-229b_tmpNone_maxt-1_reasoningNone,KitToolbox,kit.minimax-m2.7-229b,,-1,,kittoolbox_kit.minimax-m2.7-229b_tmpNone_maxt-1_reasoningNone,KitToolbox,kit.minimax-m2.7-229b,,-1,,orkg_merged_ecsa_icsa.json_jsonpublicationloader_limit-1,['paper_class'],['research_level'],['first_research_object'],['second_research_object'],['validity'],['evidence'],False,False,R659055,https://sandbox.orkg.org,-1,orkg,merged_ecsa_icsa.json_jsonpublicationloader_limit-1,merged_ecsa_icsa.json,JsonPublicationLoader,-1,,4000,2,generation_kittoolbox_kit.minimax-m2.7-229b_tmpNone_maxt-1_reasoningNone,generation,kittoolbox_kit.minimax-m2.7-229b_tmpNone_maxt-1_reasoningNone,KitToolbox,kit.minimax-m2.7-229b,,-1,,"Which paper class does 'Supporting Architectural Decision Making on Data Management in Microservice Architectures' belong to compared to 'An Architecture for Decentralized, Collaborative, and Autonomous Robots'?","The paper class that 'Supporting Architectural Decision Making on Data Management in Microservice Architectures' belongs to compared to 'An Architecture for Decentralized, Collaborative, and Autonomous Robots' is evaluation research for both papers.","['10.1007/978-3-030-29983-5_2', '10.1109/ICSA.2018.00017']",,"['(R871552:Paper Class 2, evaluation research, L1526664:True)', '(R873000:Paper Class 2, evaluation research, L1529644:True)']",publication_subgraph_strategy,R659055,Software Architecture and Design,3,What is the paper class of the paper '[paper title 1]' in comparison to the publication '[paper title 2]'?
20,39f0c727f1c36390b5a876e7120bfff1,f8065845-5047-47df-8dd4-ccebdf902dee,"

Konstantinos Plakidas appears as a co‑author on three distinct papers according to the provided sources:

1. **“Assessing Architecture Conformance to Coupling‑Related Patterns and Practices in Microservices.”** – listed as an author in source [1]; no publication year is given.  
2. **“Supporting Architectural Decision Making on Data Management in Microservice Architectures.”** – listed as an author in source [2]; no publication year is provided.  
3. **“Semi‑automatic Feedback for Improving Architecture Conformance to Microservice Patterns and Practices.”** – listed as an author in source [3]; the DOI 10.1109/ICSA51549.2021.00012 indicates that this work was published in **2021** [3].

Because only the third paper includes an explicit publication year, the per‑year distribution can be partially determined:

- **2021:** 1 paper (the semi‑automatic feedback paper)  
- **Other years:** The remaining two papers do not specify a year, so the exact number of papers published in any other year cannot be derived from the available information.

Thus, based on the sources, Konstantinos Plakidas has at least one paper published in 2021, and the total number of his papers per publication year beyond that cannot be established from the given texts.

[1] Source: Assessing Architecture Conformance to Coupling-Related Patterns and Practices in Microservices, 10.1007/978-3-030-58923-3_1
[2] Source: Supporting Architectural Decision Making on Data Management in Microservice Architectures, 10.1007/978-3-030-29983-5_2
[3] Source: Semi-automatic Feedback for Improving Architecture Conformance to Microservice Patterns and Practices, 10.1109/ICSA51549.2021.00012
","['(R869264:Semi-automatic Feedback for Improving Architecture Conformance to Microservice Patterns and Practices, authors, R869265:authors list)', '(R869265:authors list, has list element, L1521867:Konstantinos Plakidas)', '(R869264:Semi-automatic Feedback for Improving Architecture Conformance to Microservice Patterns and Practices, doi, L1521864:10.1109/ICSA51549.2021.00012)']",['Konstantinos Plakidas'],0.167,0.25,0.083,0.3,0.5,1.0,0.33,0.17,0.22,0.19,0.75,0.25,0.38,0.29,0.33,0.17,0.22,0.19,0.75,0.25,0.38,0.29,0.333,0.75,0.333,0.75,0.02,0.22,0.13,0.83,0.07,0.04,0.29,0.13,0.07,0.48,0.404,0.592,0.48,0.0,389.2701096534729,0.0,46660,0,0.0,,0,0.0,,,0.0,0.0,,0.0,0.0,https://wandb.ai/kastel-sdq-meta-research/experiment_cross_encoder/r/call/01a05ec4-cdeb-7f05-842d-00a1cee2d5b8,retrieval_config,False,KitToolbox,kit.qwen3-embedding-8b,10,10,True,cosine,True,False,10,-1,8,False,False,1,False,-1,-1,False,,['R659055'],['Paper'],True,False,False,kg_retrieval,hublink,kittoolbox_kit.minimax-m2.7-229b_tmpNone_maxt-1_reasoningNone,KitToolbox,kit.minimax-m2.7-229b,,-1,,kittoolbox_kit.minimax-m2.7-229b_tmpNone_maxt-1_reasoningNone,KitToolbox,kit.minimax-m2.7-229b,,-1,,orkg_merged_ecsa_icsa.json_jsonpublicationloader_limit-1,['paper_class'],['research_level'],['first_research_object'],['second_research_object'],['validity'],['evidence'],False,False,R659055,https://sandbox.orkg.org,-1,orkg,merged_ecsa_icsa.json_jsonpublicationloader_limit-1,merged_ecsa_icsa.json,JsonPublicationLoader,-1,,4000,2,generation_kittoolbox_kit.minimax-m2.7-229b_tmpNone_maxt-1_reasoningNone,generation,kittoolbox_kit.minimax-m2.7-229b_tmpNone_maxt-1_reasoningNone,KitToolbox,kit.minimax-m2.7-229b,,-1,,How many papers did the author Konstantinos Plakidas publish per publication year?,"The number of papers that the author Konstantinos Plakidas published per publication year is as follows: one paper in 2019, one paper in 2020, and one paper in 2021.","['10.1109/ICSA51549.2021.00012', '10.1109/ICSA51549.2021.00012', '10.1007/978-3-030-58923-3_1', '10.1007/978-3-030-58923-3_1', '10.1007/978-3-030-29983-5_2', '10.1007/978-3-030-29983-5_2']",,"['(R869265:authors list, has list element, L1521867:Konstantinos Plakidas)', '(R869264:Semi-automatic Feedback for Improving Architecture Conformance to Microservice Patterns and Practices, publication year, L1521869:2021)', '(R869567:authors list, has list element, L1522516:Konstantinos Plakidas)', '(R869566:Assessing Architecture Conformance to Coupling-Related Patterns and Practices in Microservices, publication year, L1522519:2020)', '(R872981:authors list, has list element, L1529592:Konstantinos Plakidas)', '(R872980:Supporting Architectural Decision Making on Data Management in Microservice Architectures, publication year, L1529596:2019)']",clustering_strategy,R659055,Software Architecture and Design,3,How many papers did the author [Metadata: author name] publish per year?
21,39f0c727f1c36390b5a876e7120bfff1,d224932d-81c2-4c31-a4d5-3a024699200c,"

Yutong Zhao appears as an author on three distinct papers in the provided texts:

| Year | Paper (first author or title) | Source |
|------|------------------------------|--------|
| 2020 | *Butterfly Space: An Architectural Approach for Investigating Performance Issues* | [1] |
| 2020 | *DesignDiff: Continuously Modeling Software Design Difference from Code Revisions* | [3] |
| 2021 | *Constructing a Shared Infrastructure for Software Architecture Analysis and Maintenance* | [2] |

**Distribution per year**
- **2020:** 2 papers  
- **2021:** 1 paper  

Thus, Yutong Zhao has a total of **3** papers, with the yearly distribution shown above.

[1] Source: Butterfly Space: An Architectural Approach for Investigating Performance Issues, 10.1109/ICSA47634.2020.00027
[2] Source: Constructing a Shared Infrastructure for Software Architecture Analysis and Maintenance, 10.1109/ICSA51549.2021.00022
[3] Source: DesignDiff: Continuously Modeling Software Design Difference from Code Revisions, 10.1109/ICSA47634.2020.00025
","['(R869436:authors list, has list element, L1522242:Yutong Zhao)', '(R873171:Butterfly Space: An Architectural Approach for Investigating Performance Issues, authors, R873172:authors list)', '(R873172:authors list, has list element, L1529962:Yutong Zhao)', '(R871674:Constructing a Shared Infrastructure for Software Architecture Analysis and Maintenance, publication year, L1526914:2021)', '(R871674:Constructing a Shared Infrastructure for Software Architecture Analysis and Maintenance, authors, R871675:authors list)', '(R871675:authors list, has list element, L1526906:Yutong Zhao)', '(R869435:DesignDiff: Continuously Modeling Software Design Difference from Code Revisions, publication year, L1522244:2020)', '(R873171:Butterfly Space: An Architectural Approach for Investigating Performance Issues, publication year, L1529968:2020)']",['Yutong Zhao'],1.0,0.833,0.758,0.8,1.0,1.0,0.75,1.0,0.86,0.94,1.0,1.0,1.0,1.0,0.75,1.0,0.86,0.94,1.0,1.0,1.0,1.0,0.75,1.0,0.75,1.0,0.03,0.41,0.33,0.55,0.11,0.09,0.15,0.27,0.22,0.36,0.462,0.633,0.534,1.0,295.0196852684021,0.0,31062,0,0.0,,0,0.0,,,0.0,0.0,,0.0,0.0,https://wandb.ai/kastel-sdq-meta-research/experiment_cross_encoder/r/call/01a05ec7-08a2-7dce-bcff-be5a3ee5c14f,retrieval_config,False,KitToolbox,kit.qwen3-embedding-8b,10,10,True,cosine,True,False,10,-1,8,False,False,1,False,-1,-1,False,,['R659055'],['Paper'],True,False,False,kg_retrieval,hublink,kittoolbox_kit.minimax-m2.7-229b_tmpNone_maxt-1_reasoningNone,KitToolbox,kit.minimax-m2.7-229b,,-1,,kittoolbox_kit.minimax-m2.7-229b_tmpNone_maxt-1_reasoningNone,KitToolbox,kit.minimax-m2.7-229b,,-1,,orkg_merged_ecsa_icsa.json_jsonpublicationloader_limit-1,['paper_class'],['research_level'],['first_research_object'],['second_research_object'],['validity'],['evidence'],False,False,R659055,https://sandbox.orkg.org,-1,orkg,merged_ecsa_icsa.json_jsonpublicationloader_limit-1,merged_ecsa_icsa.json,JsonPublicationLoader,-1,,4000,2,generation_kittoolbox_kit.minimax-m2.7-229b_tmpNone_maxt-1_reasoningNone,generation,kittoolbox_kit.minimax-m2.7-229b_tmpNone_maxt-1_reasoningNone,KitToolbox,kit.minimax-m2.7-229b,,-1,,What is the number of papers published by Yutong Zhao? Show me their distribution per year.,"Yutong Zhao has published three papers in the years 2020 and 2021. Specifically, in 2020, Yutong Zhao published two papers. In 2021, Yutong Zhao published one paper. Therefore, the distribution of papers published per year is as follows: two papers in 2020 and one paper in 2021.","['10.1109/ICSA47634.2020.00025', '10.1109/ICSA47634.2020.00025', '10.1109/ICSA47634.2020.00027', '10.1109/ICSA47634.2020.00027', '10.1109/ICSA51549.2021.00022', '10.1109/ICSA51549.2021.00022']",,"['(R869436:authors list, has list element, L1522242:Yutong Zhao)', '(R869435:DesignDiff: Continuously Modeling Software Design Difference from Code Revisions, publication year, L1522244:2020)', '(R873172:authors list, has list element, L1529962:Yutong Zhao)', '(R873171:Butterfly Space: An Architectural Approach for Investigating Performance Issues, publication year, L1529968:2020)', '(R871675:authors list, has list element, L1526906:Yutong Zhao)', '(R871674:Constructing a Shared Infrastructure for Software Architecture Analysis and Maintenance, publication year, L1526914:2021)']",clustering_strategy,R659055,Software Architecture and Design,3,What is the proportion of papers that have been published by the author [Metadata: author name] per year?
22,39f0c727f1c36390b5a876e7120bfff1,b8c1f6f6-2485-4096-afea-c09ed010c2d7,"

**Distribution of paper classes per publication year for Mohamed Soliman**

| Publication Year | Paper Class | Number of Papers |
|------------------|-------------|-------------------|
| 2018             | Paper Class 2 | 1 |
| 2021             | Paper Class 2 | 2 |

- In 2018, Mohamed Soliman co‑authored **“Improving the Search for Architecture Knowledge in Online Developer Communities,”** which is classified as Paper Class 2 [3].  
- In 2021, two separate papers appear in the provided sources:  
  - **“Exploring Web Search Engines to Find Architectural Knowledge”** (Paper Class 2) [1]  
  - **“An Exploratory Study on Architectural Knowledge in Issue Tracking Systems”** (Paper Class 2) [2]

All the listed publications authored by Mohamed Soliman belong to **Paper Class 2**, and no other years or classes are mentioned in the supplied texts.

[1] Source: Exploring Web Search Engines to Find Architectural Knowledge, 10.1109/ICSA51549.2021.00023
[2] Source: An Exploratory Study on Architectural Knowledge in Issue Tracking Systems, 10.1007/978-3-030-86044-8_8
[3] Source: Improving the Search for Architecture Knowledge in Online Developer Communities, 10.1109/ICSA.2018.00028
","['(R870673:Exploring Web Search Engines to Find Architectural Knowledge, authors, R870674:authors list)', '(R870674:authors list, has list element, L1524849:Mohamed Soliman)', '(R869225:An Exploratory Study on Architectural Knowledge in Issue Tracking Systems, authors, R869226:authors list)', '(R869226:authors list, has list element, L1521780:Mohamed Soliman)', '(R874394:authors list, has list element, L1532510:Mohamed Soliman)', '(R869225:An Exploratory Study on Architectural Knowledge in Issue Tracking Systems, contribution, R869244:Paper Class 2)', '(R870673:Exploring Web Search Engines to Find Architectural Knowledge, publication year, L1524854:2021)', '(R869225:An Exploratory Study on Architectural Knowledge in Issue Tracking Systems, publication year, L1521783:2021)', '(R874393:Improving the Search for Architecture Knowledge in Online Developer Communities, publication year, L1532515:2018)', '(R870673:Exploring Web Search Engines to Find Architectural Knowledge, contribution, R870692:Paper Class 2)', '(R874393:Improving the Search for Architecture Knowledge in Online Developer Communities, contribution, R874417:Paper Class 2)']",['Mohamed Soliman'],0.667,0.556,0.385,1.0,0.5,1.0,0.6,0.67,0.63,0.65,1.0,0.78,0.88,0.81,0.55,0.67,0.6,0.64,1.0,0.83,0.91,0.86,0.6,1.0,0.545,1.0,0.03,0.35,0.25,0.61,0.12,0.08,0.2,0.19,0.13,0.33,0.455,0.587,0.512,1.0,471.0244345664978,0.0,86136,0,0.0,,0,0.0,,,0.0,0.0,,0.0,0.0,https://wandb.ai/kastel-sdq-meta-research/experiment_cross_encoder/r/call/01a05ec7-503f-79ae-97fd-1b4c7dc2b9e2,retrieval_config,False,KitToolbox,kit.qwen3-embedding-8b,10,10,True,cosine,True,False,10,-1,8,False,False,1,False,-1,-1,False,,['R659055'],['Paper'],True,False,False,kg_retrieval,hublink,kittoolbox_kit.minimax-m2.7-229b_tmpNone_maxt-1_reasoningNone,KitToolbox,kit.minimax-m2.7-229b,,-1,,kittoolbox_kit.minimax-m2.7-229b_tmpNone_maxt-1_reasoningNone,KitToolbox,kit.minimax-m2.7-229b,,-1,,orkg_merged_ecsa_icsa.json_jsonpublicationloader_limit-1,['paper_class'],['research_level'],['first_research_object'],['second_research_object'],['validity'],['evidence'],False,False,R659055,https://sandbox.orkg.org,-1,orkg,merged_ecsa_icsa.json_jsonpublicationloader_limit-1,merged_ecsa_icsa.json,JsonPublicationLoader,-1,,4000,2,generation_kittoolbox_kit.minimax-m2.7-229b_tmpNone_maxt-1_reasoningNone,generation,kittoolbox_kit.minimax-m2.7-229b_tmpNone_maxt-1_reasoningNone,KitToolbox,kit.minimax-m2.7-229b,,-1,,"Among the papers published by the author Mohamed Soliman, what is the distribution of paper classes per publication year?","In the year 2021, Mohamed Soliman published two papers classified as evaluation research. In 2018, he published one paper classified as evaluation research. Therefore, the number of papers classified as evaluation research published by Mohamed Soliman per year is two in 2021 and one in 2018.","['10.1007/978-3-030-86044-8_8', '10.1007/978-3-030-86044-8_8', '10.1007/978-3-030-86044-8_8', '10.1109/ICSA51549.2021.00023', '10.1109/ICSA51549.2021.00023', '10.1109/ICSA51549.2021.00023', '10.1109/ICSA.2018.00028', '10.1109/ICSA.2018.00028', '10.1109/ICSA.2018.00028']",,"['(R869226:authors list, has list element, L1521780:Mohamed Soliman)', '(R869225:An Exploratory Study on Architectural Knowledge in Issue Tracking Systems, publication year, L1521783:2021)', '(R869244:Paper Class 2, evaluation research, L1521829:True)', '(R870674:authors list, has list element, L1524849:Mohamed Soliman)', '(R870673:Exploring Web Search Engines to Find Architectural Knowledge, publication year, L1524854:2021)', '(R870692:Paper Class 2, evaluation research, L1524902:True)', '(R874394:authors list, has list element, L1532510:Mohamed Soliman)', '(R874393:Improving the Search for Architecture Knowledge in Online Developer Communities, publication year, L1532515:2018)', '(R874417:Paper Class 2, evaluation research, L1532569:True)']",clustering_strategy,R659055,Software Architecture and Design,3,What is the proportion of paper classes that have been published by the author [Metadata: author name] per year?
23,39f0c727f1c36390b5a876e7120bfff1,99ab6724-3345-4876-8ae5-b426b14531d6,"

**Paper classes of Manoj Bhat’s publications**

All of the Manoj Bhat papers that are identified in the supplied texts belong to **Paper Class 2**【1】【2】. No other paper classes are mentioned for his work.

**Distribution per year**

| Year | Paper class | Number of papers (as reported) |
|------|-------------|--------------------------------|
| 2017 | Paper Class 2 | 1 – “Automatic Extraction of Design Decisions from Issue Management Systems: A Machine Learning Based Approach”【2】 |
| 2018 | Paper Class 2 | 1 – “An Expert Recommendation System for Design Decision Making: Who Should be Involved in Making a Design Decision?”【1】 |

No other years are covered in the provided sources, and sources [3] and [4] do not offer any additional information about Manoj Bhat’s publications.

[3] Source: How Software Architects Focus Their Attention, 10.1007/978-3-030-86044-8_21
[4] Source: Safety Analysis Method for Cooperative Driving Systems, 10.1109/ICSA.2019.00027
","['(R872702:Safety Analysis Method for Cooperative Driving Systems, contribution, R872721:Paper Class 2)', '(R872702:Safety Analysis Method for Cooperative Driving Systems, publication year, L1529019:2019)']",['Manoj Bhat'],0.0,0.0,0.0,0.0,0.0,0.0,0.0,0.0,0.0,0.0,0.0,0.0,0.0,0.0,0.0,0.0,0.0,0.0,0.0,0.0,0.0,0.0,0.0,0.0,0.0,0.0,0.02,0.35,0.23,0.69,0.13,0.09,0.26,0.25,0.17,0.49,0.452,0.603,0.517,1.0,273.9853825569153,0.0,23917,0,0.0,,0,0.0,,,0.0,0.0,,0.0,0.0,https://wandb.ai/kastel-sdq-meta-research/experiment_cross_encoder/r/call/01a05ec8-9645-78c2-a169-0f7879d8cbbd,retrieval_config,False,KitToolbox,kit.qwen3-embedding-8b,10,10,True,cosine,True,False,10,-1,8,False,False,1,False,-1,-1,False,,['R659055'],['Paper'],True,False,False,kg_retrieval,hublink,kittoolbox_kit.minimax-m2.7-229b_tmpNone_maxt-1_reasoningNone,KitToolbox,kit.minimax-m2.7-229b,,-1,,kittoolbox_kit.minimax-m2.7-229b_tmpNone_maxt-1_reasoningNone,KitToolbox,kit.minimax-m2.7-229b,,-1,,orkg_merged_ecsa_icsa.json_jsonpublicationloader_limit-1,['paper_class'],['research_level'],['first_research_object'],['second_research_object'],['validity'],['evidence'],False,False,R659055,https://sandbox.orkg.org,-1,orkg,merged_ecsa_icsa.json_jsonpublicationloader_limit-1,merged_ecsa_icsa.json,JsonPublicationLoader,-1,,4000,2,generation_kittoolbox_kit.minimax-m2.7-229b_tmpNone_maxt-1_reasoningNone,generation,kittoolbox_kit.minimax-m2.7-229b_tmpNone_maxt-1_reasoningNone,KitToolbox,kit.minimax-m2.7-229b,,-1,,What are the paper classes of the papers published by Manoj Bhat? Show me their distribution per year.,"The paper classes of the papers published by Manoj Bhat and their distribution per year are as follows: In 2017, the paper class is proposal of solution. In 2018, the paper classes are proposal of solution and validation research.","['10.1109/ICSA.2018.00018', '10.1109/ICSA.2018.00018', '10.1109/ICSA.2018.00018', '10.1109/ICSA.2018.00018', '10.1007/978-3-319-65831-5_10', '10.1007/978-3-319-65831-5_10', '10.1007/978-3-319-65831-5_10']",,"['(R873899:authors list, has list element, L1531467:Manoj Bhat)', '(R873898:An Expert Recommendation System for Design Decision Making: Who Should be Involved in Making a Design Decision?, publication year, L1531473:2018)', '(R873917:Paper Class 2, proposal of solution, L1531515:True)', '(R873917:Paper Class 2, validation research, L1531513:True)', '(R868746:authors list, has list element, L1520754:Manoj Bhat)', '(R868745:Automatic Extraction of Design Decisions from Issue Management Systems: A Machine Learning Based Approach, publication year, L1520759:2017)', '(R868764:Paper Class 2, proposal of solution, L1520801:True)']",clustering_strategy,R659055,Software Architecture and Design,3,What is the proportion of paper classes that have been published by the author [Metadata: author name] per year?
24,39f0c727f1c36390b5a876e7120bfff1,b90770f5-fce7-4aeb-b264-b958fec510ba,"

The paper notes that its tool support is **available** (the “available” property is set to True)【1】. However, the same source indicates that the tool is not actually used, being characterized as “none” and having a “used” flag of False【1】.

","['(R873692:Tool Support, available, L1531022:True)']",['Data-Driven Software Architecture for Analyzing Confidentiality'],1.0,1.0,1.0,0.5,1.0,1.0,1.0,1.0,1.0,1.0,1.0,1.0,1.0,1.0,1.0,1.0,1.0,1.0,1.0,1.0,1.0,1.0,1.0,1.0,1.0,1.0,0.04,0.23,0.17,0.37,0.1,0.07,0.17,0.2,0.15,0.32,0.426,0.566,0.486,0.0,147.0873908996582,0.00359325,15884,0,0.0,,0,0.0,,,0.0,0.0,,0.0,0.0,https://wandb.ai/kastel-sdq-meta-research/experiment_cross_encoder/r/call/01a05ec9-7d17-773a-badd-b1583921bd70,retrieval_config,False,KitToolbox,kit.qwen3-embedding-8b,10,10,True,cosine,True,False,10,-1,8,False,False,1,False,-1,-1,False,,['R659055'],['Paper'],True,False,False,kg_retrieval,hublink,kittoolbox_kit.minimax-m2.7-229b_tmpNone_maxt-1_reasoningNone,KitToolbox,kit.minimax-m2.7-229b,,-1,,kittoolbox_kit.minimax-m2.7-229b_tmpNone_maxt-1_reasoningNone,KitToolbox,kit.minimax-m2.7-229b,,-1,,orkg_merged_ecsa_icsa.json_jsonpublicationloader_limit-1,['paper_class'],['research_level'],['first_research_object'],['second_research_object'],['validity'],['evidence'],False,False,R659055,https://sandbox.orkg.org,-1,orkg,merged_ecsa_icsa.json_jsonpublicationloader_limit-1,merged_ecsa_icsa.json,JsonPublicationLoader,-1,,4000,2,generation_kittoolbox_kit.minimax-m2.7-229b_tmpNone_maxt-1_reasoningNone,generation,kittoolbox_kit.minimax-m2.7-229b_tmpNone_maxt-1_reasoningNone,KitToolbox,kit.minimax-m2.7-229b,,-1,,Does the paper with the title 'Data-Driven Software Architecture for Analyzing Confidentiality' make its tool support available?,"Yes, the paper with the title 'Data-Driven Software Architecture for Analyzing Confidentiality' does make its tool support available.",['10.1109/ICSA.2019.00009'],,"['(R873692:Tool Support, available, L1531022:True)']",publication_subgraph_strategy,R659055,Software Architecture and Design,4,Does the paper with the title '[Metadata: paper title]' make its tool support available?
25,39f0c727f1c36390b5a876e7120bfff1,71ed577d-bb7e-47e0-898b-f1e79a74d444,"

The available sources provide conflicting statements about the presence of tool support in the study *“An Empirical Study of Architectural Decay in Open‑Source Software.”*  

* One entry records that **Evidence 2 uses tool support** and marks the tool as **available** (Tool Support available True) [1][2].  
* Another entry also notes that **Evidence 2 uses tool support**, but lists **tool support as unavailable** (Tool Support available False) [1][2].  
* A third entry reports that **Evidence 2 uses tool support**, yet indicates that the tool was **not used** (Tool Support used False) [1][2].

Because the documents contain both “available” and “unavailable” assertions—as well as an explicit “not used” claim—there is no unambiguous evidence from the provided texts to determine whether tool support is truly available in this empirical study. Consequently, the question cannot be answered definitively based on the current sources.

[1] Source: An Empirical Study of Architectural Decay in Open-Source Software, 10.1109/ICSA.2018.00027
[2] Source: Architectural Decay as Predictor of Issue- and Change-Proneness, 10.1109/ICSA51549.2021.00017
","['(R872811:Tool Support, None, L1529245:False)', '(R872811:Tool Support, used, L1529244:True)', '(R870131:Evidence 2, Uses Tool Support, R870133:Tool Support)', '(R870133:Tool Support, None, L1523714:False)', '(R870133:Tool Support, available, L1523712:True)', '(R870133:Tool Support, used, L1523713:False)', '(R872811:Tool Support, available, L1529243:False)']",['An Empirical Study of Architectural Decay in Open-Source Software'],1.0,1.0,0.2,0.367,0.2,0.333,0.14,1.0,0.25,0.45,0.22,1.0,0.36,0.59,0.14,1.0,0.25,0.45,0.22,1.0,0.36,0.59,0.143,0.222,0.143,0.222,0.03,0.19,0.11,1.0,0.15,0.09,0.86,0.17,0.09,0.87,0.338,0.724,0.461,0.0,232.50557899475098,0.0010904999999999999,16954,0,0.0,,0,0.0,,,0.0,0.0,,0.0,0.0,https://wandb.ai/kastel-sdq-meta-research/experiment_cross_encoder/r/call/01a05ecb-08ae-78e3-b371-f9a2ea3cadb6,retrieval_config,False,KitToolbox,kit.qwen3-embedding-8b,10,10,True,cosine,True,False,10,-1,8,False,False,1,False,-1,-1,False,,['R659055'],['Paper'],True,False,False,kg_retrieval,hublink,kittoolbox_kit.minimax-m2.7-229b_tmpNone_maxt-1_reasoningNone,KitToolbox,kit.minimax-m2.7-229b,,-1,,kittoolbox_kit.minimax-m2.7-229b_tmpNone_maxt-1_reasoningNone,KitToolbox,kit.minimax-m2.7-229b,,-1,,orkg_merged_ecsa_icsa.json_jsonpublicationloader_limit-1,['paper_class'],['research_level'],['first_research_object'],['second_research_object'],['validity'],['evidence'],False,False,R659055,https://sandbox.orkg.org,-1,orkg,merged_ecsa_icsa.json_jsonpublicationloader_limit-1,merged_ecsa_icsa.json,JsonPublicationLoader,-1,,4000,2,generation_kittoolbox_kit.minimax-m2.7-229b_tmpNone_maxt-1_reasoningNone,generation,kittoolbox_kit.minimax-m2.7-229b_tmpNone_maxt-1_reasoningNone,KitToolbox,kit.minimax-m2.7-229b,,-1,,Is tool support available in 'An Empirical Study of Architectural Decay in Open-Source Software'?,Tool support is available in 'An Empirical Study of Architectural Decay in Open-Source Software'.,['10.1109/ICSA.2018.00027'],,"['(R870133:Tool Support, available, L1523712:True)']",publication_subgraph_strategy,R870102,An Empirical Study of Architectural Decay in Open-Source Software,3,Does the paper '[Metadata: paper title]' use tool support?
26,39f0c727f1c36390b5a876e7120bfff1,37f302e8-a61d-4445-8155-eae8de487cfa,"

The paper “Enforcing Architectural Security Decisions” was evaluated using a case‑study approach (i.e., a case study) [1].

[1] Source: Enforcing Architectural Security Decisions, 10.1109/ICSA47634.2020.00012
","['(R872904:Evaluation Method Entity, Name, L1529438:Case Study)']",['Enforcing Architectural Security Decisions'],1.0,1.0,1.0,0.5,1.0,1.0,1.0,1.0,1.0,1.0,1.0,1.0,1.0,1.0,1.0,1.0,1.0,1.0,1.0,1.0,1.0,1.0,1.0,1.0,1.0,1.0,0.08,0.59,0.58,0.61,0.34,0.33,0.35,0.49,0.47,0.5,0.659,0.811,0.727,1.0,181.88455867767334,0.0,0,0,0.0,,0,0.0,,,0.0,0.0,,0.0,0.0,https://wandb.ai/kastel-sdq-meta-research/experiment_cross_encoder/r/call/01a05ecb-ce81-7a49-be8f-62d038405048,retrieval_config,False,KitToolbox,kit.qwen3-embedding-8b,10,10,True,cosine,True,False,10,-1,8,False,False,1,False,-1,-1,False,,['R659055'],['Paper'],True,False,False,kg_retrieval,hublink,kittoolbox_kit.minimax-m2.7-229b_tmpNone_maxt-1_reasoningNone,KitToolbox,kit.minimax-m2.7-229b,,-1,,kittoolbox_kit.minimax-m2.7-229b_tmpNone_maxt-1_reasoningNone,KitToolbox,kit.minimax-m2.7-229b,,-1,,orkg_merged_ecsa_icsa.json_jsonpublicationloader_limit-1,['paper_class'],['research_level'],['first_research_object'],['second_research_object'],['validity'],['evidence'],False,False,R659055,https://sandbox.orkg.org,-1,orkg,merged_ecsa_icsa.json_jsonpublicationloader_limit-1,merged_ecsa_icsa.json,JsonPublicationLoader,-1,,4000,2,generation_kittoolbox_kit.minimax-m2.7-229b_tmpNone_maxt-1_reasoningNone,generation,kittoolbox_kit.minimax-m2.7-229b_tmpNone_maxt-1_reasoningNone,KitToolbox,kit.minimax-m2.7-229b,,-1,,What is the evaluation method used in the paper with the title 'Enforcing Architectural Security Decisions'?,The evaluation method used in the paper with the title 'Enforcing Architectural Security Decisions' is a case study.,['10.1109/ICSA47634.2020.00012'],,"['(R872904:Evaluation Method Entity, Name, L1529438:Case Study)']",publication_subgraph_strategy,R872878,Enforcing Architectural Security Decisions,5,What is the evaluation method used in the paper '[Metadata: paper title]'?
27,39f0c727f1c36390b5a876e7120bfff1,f4e3f510-e8e2-4e31-ba67-a6c8cbc8b7cb,"

The evaluation method used in ""REST vs GraphQL: A Controlled Experiment"" was a **Controlled Experiment** [1][2][3].

**Sources:**
- [1] The evaluation was carried out using a Controlled Experiment.
- [2] The texts identify that a Controlled Experiment was used as an evaluation method.
- [3] The evaluation method used was a Controlled Experiment.

[1] Source: REST vs GraphQL: A Controlled Experiment, 10.1109/ICSA47634.2020.00016
[2] Source: Unlimited Rulebook: a Reference Architecture for Economy Mechanics in Digital Games, 10.1109/ICSA47634.2020.00014
[3] Source: Continuous Analysis of Collaborative Design, 10.1109/ICSA.2017.45
","['(R870884:REST vs GraphQL: A Controlled Experiment, contribution, R870908:First Research Object 2)', '(R870908:First Research Object 2, evaluation, R870909:Evaluation)', '(R870909:Evaluation, Evaluation method, R870910:Evaluation Method List)', '(R870910:Evaluation Method List, Entity, R870911:Evaluation Method Entity)', '(R870911:Evaluation Method Entity, Name, L1525353:Controlled Experiment)', '(R869082:Evaluation Method Entity, Name, L1521476:Controlled Experiment)', '(R872851:Evaluation, Evaluation method, R872854:Evaluation Method List)', '(R872854:Evaluation Method List, Entity, R872855:Evaluation Method Entity)', '(R872855:Evaluation Method Entity, Name, L1529336:Controlled Experiment)', '(R872860:Evaluation, Evaluation method, R872861:Evaluation Method List)', '(R872861:Evaluation Method List, Entity, R872862:Evaluation Method Entity)', '(R872851:Evaluation, Evaluation method, R872852:Evaluation Method List)', '(R872852:Evaluation Method List, Entity, R872853:Evaluation Method Entity)']",['REST vs GraphQL: A Controlled Experiment'],1.0,1.0,0.2,0.325,0.2,0.25,0.1,1.0,0.18,0.36,0.14,1.0,0.25,0.45,0.08,1.0,0.14,0.29,0.12,1.0,0.21,0.4,0.1,0.143,0.077,0.118,0.06,0.47,0.33,0.81,0.31,0.22,0.55,0.38,0.27,0.67,0.514,0.76,0.614,1.0,256.1490898132324,0.0,22734,0,0.0,,0,0.0,,,0.0,0.0,,0.0,0.0,https://wandb.ai/kastel-sdq-meta-research/experiment_cross_encoder/r/call/01a05ecc-0b7c-7c4e-b38f-7222367c4b80,retrieval_config,False,KitToolbox,kit.qwen3-embedding-8b,10,10,True,cosine,True,False,10,-1,8,False,False,1,False,-1,-1,False,,['R659055'],['Paper'],True,False,False,kg_retrieval,hublink,kittoolbox_kit.minimax-m2.7-229b_tmpNone_maxt-1_reasoningNone,KitToolbox,kit.minimax-m2.7-229b,,-1,,kittoolbox_kit.minimax-m2.7-229b_tmpNone_maxt-1_reasoningNone,KitToolbox,kit.minimax-m2.7-229b,,-1,,orkg_merged_ecsa_icsa.json_jsonpublicationloader_limit-1,['paper_class'],['research_level'],['first_research_object'],['second_research_object'],['validity'],['evidence'],False,False,R659055,https://sandbox.orkg.org,-1,orkg,merged_ecsa_icsa.json_jsonpublicationloader_limit-1,merged_ecsa_icsa.json,JsonPublicationLoader,-1,,4000,2,generation_kittoolbox_kit.minimax-m2.7-229b_tmpNone_maxt-1_reasoningNone,generation,kittoolbox_kit.minimax-m2.7-229b_tmpNone_maxt-1_reasoningNone,KitToolbox,kit.minimax-m2.7-229b,,-1,,Which evaluation method has been used for the evaluation in 'REST vs GraphQL: A Controlled Experiment'?,The evaluation method that has been used for the evaluation in 'REST vs GraphQL: A Controlled Experiment' is a controlled experiment.,['10.1109/ICSA47634.2020.00016'],,"['(R870911:Evaluation Method Entity, Name, L1525353:Controlled Experiment)']",publication_subgraph_strategy,R659055,Software Architecture and Design,6,What is the evaluation method used in the paper '[Metadata: paper title]'?
28,39f0c727f1c36390b5a876e7120bfff1,eedac22d-3e07-4029-8bda-5c612992a5cf,No context has been found for the given question.,,['Continuous Analysis of Collaborative Design'],0.0,0.0,0.0,0.0,0.0,0.0,0.0,0.0,0.0,0.0,0.0,0.0,0.0,0.0,0.0,0.0,0.0,0.0,0.0,0.0,0.0,0.0,0.0,0.0,0.0,0.0,0.02,0.07,0.11,0.06,0.0,0.0,0.0,0.07,0.11,0.06,0.61,0.53,0.567,0.0,104.54326558113098,0.0,4339,0,0.0,,0,0.0,,,0.0,0.0,,0.0,0.0,https://wandb.ai/kastel-sdq-meta-research/experiment_cross_encoder/r/call/01a05ecd-0449-7805-92f7-1c5f22a5e8b4,retrieval_config,False,KitToolbox,kit.qwen3-embedding-8b,10,10,True,cosine,True,False,10,-1,8,False,False,1,False,-1,-1,False,,['R659055'],['Paper'],True,False,False,kg_retrieval,hublink,kittoolbox_kit.minimax-m2.7-229b_tmpNone_maxt-1_reasoningNone,KitToolbox,kit.minimax-m2.7-229b,,-1,,kittoolbox_kit.minimax-m2.7-229b_tmpNone_maxt-1_reasoningNone,KitToolbox,kit.minimax-m2.7-229b,,-1,,orkg_merged_ecsa_icsa.json_jsonpublicationloader_limit-1,['paper_class'],['research_level'],['first_research_object'],['second_research_object'],['validity'],['evidence'],False,False,R659055,https://sandbox.orkg.org,-1,orkg,merged_ecsa_icsa.json_jsonpublicationloader_limit-1,merged_ecsa_icsa.json,JsonPublicationLoader,-1,,4000,2,generation_kittoolbox_kit.minimax-m2.7-229b_tmpNone_maxt-1_reasoningNone,generation,kittoolbox_kit.minimax-m2.7-229b_tmpNone_maxt-1_reasoningNone,KitToolbox,kit.minimax-m2.7-229b,,-1,,What are the evaluation methods applied in the paper with the title 'Continuous Analysis of Collaborative Design'?,"The evaluation methods of the paper 'Continuous Analysis of Collaborative Design' are Questionnaire, Controlled Experiment, and Technical Experiment.","['10.1109/ICSA.2017.45', '10.1109/ICSA.2017.45', '10.1109/ICSA.2017.45']",,"['(R872853:Evaluation Method Entity, Name, L1529335:Questionnaire)', '(R872855:Evaluation Method Entity, Name, L1529336:Controlled Experiment)', '(R872862:Evaluation Method Entity, Name, L1529342:Technical Experiment)']",publication_subgraph_strategy,R659055,Software Architecture and Design,6,What are the names of the evaluation methods used in the paper with the title'[Metadata: paper title]'?
29,39f0c727f1c36390b5a876e7120bfff1,77d33680-318d-462a-820e-bc3c8a2d79ab,"

The evaluation in **“Assessing Adaptability of Software Architectures for Cyber Physical Production Systems”** was carried out using a **case study** as the primary evaluation method [1]. In addition, a **technical experiment** was performed to assess the contribution specifically in the First Research Object 2 [2].

[1] Source: An Architecture Framework for Modelling and Simulation of Situational-Aware Cyber-Physical Systems, 10.1007/978-3-319-65831-5_7
[2] Source: Component-Based Refinement and Verification of Information-Flow Security Policies for Cyber-Physical Microservice Architectures, 10.1109/ICSA.2019.00015
","['(R868911:Evaluation, Evaluation method, R868912:Evaluation Method List)', '(R868912:Evaluation Method List, Entity, R868913:Evaluation Method Entity)', '(R868913:Evaluation Method Entity, Name, L1521115:Case Study)', '(R868347:Evaluation, Evaluation method, R868348:Evaluation Method List)', '(R868348:Evaluation Method List, Entity, R868349:Evaluation Method Entity)', '(R868349:Evaluation Method Entity, Name, L1519899:Technical Experiment)']",['Assessing Adaptability of Software Architectures for Cyber Physical Production Systems'],0.0,0.0,0.0,0.0,0.0,0.0,0.0,0.0,0.0,0.0,0.0,0.0,0.0,0.0,0.0,0.0,0.0,0.0,0.0,0.0,0.0,0.0,0.0,0.0,0.0,0.0,0.13,0.54,0.42,0.73,0.38,0.3,0.52,0.37,0.29,0.5,0.617,0.807,0.7,1.0,228.709899187088,0.0,50583,0,0.0,,0,0.0,,,0.0,0.0,,0.0,0.0,https://wandb.ai/kastel-sdq-meta-research/experiment_cross_encoder/r/call/01a05ece-be47-78af-8530-d7eb24ffd4ec,retrieval_config,False,KitToolbox,kit.qwen3-embedding-8b,10,10,True,cosine,True,False,10,-1,8,False,False,1,False,-1,-1,False,,['R659055'],['Paper'],True,False,False,kg_retrieval,hublink,kittoolbox_kit.minimax-m2.7-229b_tmpNone_maxt-1_reasoningNone,KitToolbox,kit.minimax-m2.7-229b,,-1,,kittoolbox_kit.minimax-m2.7-229b_tmpNone_maxt-1_reasoningNone,KitToolbox,kit.minimax-m2.7-229b,,-1,,orkg_merged_ecsa_icsa.json_jsonpublicationloader_limit-1,['paper_class'],['research_level'],['first_research_object'],['second_research_object'],['validity'],['evidence'],False,False,R659055,https://sandbox.orkg.org,-1,orkg,merged_ecsa_icsa.json_jsonpublicationloader_limit-1,merged_ecsa_icsa.json,JsonPublicationLoader,-1,,4000,2,generation_kittoolbox_kit.minimax-m2.7-229b_tmpNone_maxt-1_reasoningNone,generation,kittoolbox_kit.minimax-m2.7-229b_tmpNone_maxt-1_reasoningNone,KitToolbox,kit.minimax-m2.7-229b,,-1,,Which evaluation methods have been used to conduct the evaluation in 'Assessing Adaptability of Software Architectures for Cyber Physical Production Systems'?,The evaluation methods used to conduct the evaluation in the publication 'Assessing Adaptability of Software Architectures for Cyber Physical Production Systems' are Motivating Example and Argumentation.,"['10.1007/978-3-030-29983-5_10', '10.1007/978-3-030-29983-5_10']",,"['(R871370:Evaluation Method Entity, Name, L1526295:Motivating Example)', '(R871375:Evaluation Method Entity, Name, L1526299:Argumentation)']",publication_subgraph_strategy,R871346,Assessing Adaptability of Software Architectures for Cyber Physical Production Systems,5,What are the evaluation methods of the publication '[Metadata: paper title]'?
30,39f0c727f1c36390b5a876e7120bfff1,86aac29f-80ff-4ed4-a011-59f8cf7f311f,"

The paper addresses only one validity aspect, referred to as **Validity 2**. It cites a threats‑to‑validity guideline and reports that this guideline is classified as “False,” meaning the authors do not identify any additional, specific threats to validity in their work [1].

[1] Source: Predicting the Performance of Privacy-Preserving Data Analytics Using Architecture Modelling and Simulation, 10.1109/ICSA.2018.00026
","['(R873379:Predicting the Performance of Privacy-Preserving Data Analytics Using Architecture Modelling and Simulation, contribution, R873411:Validity 2)', '(R873411:Validity 2, Referenced Threats to Validity Guideline, L1530457:False)']",['Predicting the Performance of Privacy-Preserving Data Analytics Using Architecture Modelling and Simulation'],0.0,0.0,0.0,0.0,0.0,0.0,0.0,0.0,0.0,0.0,0.0,0.0,0.0,0.0,0.0,0.0,0.0,0.0,0.0,0.0,0.0,0.0,0.0,0.0,0.0,0.0,0.03,0.28,0.23,0.36,0.09,0.07,0.11,0.19,0.16,0.25,0.482,0.546,0.512,0.0,114.31803321838379,0.0,22760,0,0.0,,0,0.0,,,0.0,0.0,,0.0,0.0,https://wandb.ai/kastel-sdq-meta-research/experiment_cross_encoder/r/call/01a05ece-f7c0-77a3-9bdf-dd934707d794,retrieval_config,False,KitToolbox,kit.qwen3-embedding-8b,10,10,True,cosine,True,False,10,-1,8,False,False,1,False,-1,-1,False,,['R659055'],['Paper'],True,False,False,kg_retrieval,hublink,kittoolbox_kit.minimax-m2.7-229b_tmpNone_maxt-1_reasoningNone,KitToolbox,kit.minimax-m2.7-229b,,-1,,kittoolbox_kit.minimax-m2.7-229b_tmpNone_maxt-1_reasoningNone,KitToolbox,kit.minimax-m2.7-229b,,-1,,orkg_merged_ecsa_icsa.json_jsonpublicationloader_limit-1,['paper_class'],['research_level'],['first_research_object'],['second_research_object'],['validity'],['evidence'],False,False,R659055,https://sandbox.orkg.org,-1,orkg,merged_ecsa_icsa.json_jsonpublicationloader_limit-1,merged_ecsa_icsa.json,JsonPublicationLoader,-1,,4000,2,generation_kittoolbox_kit.minimax-m2.7-229b_tmpNone_maxt-1_reasoningNone,generation,kittoolbox_kit.minimax-m2.7-229b_tmpNone_maxt-1_reasoningNone,KitToolbox,kit.minimax-m2.7-229b,,-1,,What are the threats to validity discussed in the paper with the title 'Predicting the Performance of Privacy-Preserving Data Analytics Using Architecture Modelling and Simulation'?,The threats to validity of the paper 'Predicting the Performance of Privacy-Preserving Data Analytics Using Architecture Modelling and Simulation' are discussed as external validity and internal validity.,"['10.1109/ICSA.2018.00026', '10.1109/ICSA.2018.00026']",,"['(R873412:Threat to Validity, external validity, L1530455:True)', '(R873412:Threat to Validity, internal validity, L1530454:True)']",publication_subgraph_strategy,R659055,Software Architecture and Design,4,What are the threats to validity of the paper '[Metadata: paper title]'?
31,39f0c727f1c36390b5a876e7120bfff1,8593e474-e736-406c-807b-c14d8eb5679d,"

The paper identifies several validity threats: **repeatability, construct validity, internal validity, confirmability, and external validity**. Construct validity is explicitly highlighted as a validity threat in the “Validity 2” discussion, while the other threats are also listed in the study. [1] [2]

[1] Source: A Blockchain-Based Micro Economy Platform for Distributed Infrastructure Initiatives, 10.1109/ICSA.2018.00010
[2] Source: A Decision Model for Choosing Patterns in Blockchain-Based Applications, 10.1109/ICSA51549.2021.00013
","['(R874684:A Blockchain-Based Micro Economy Platform for Distributed Infrastructure Initiatives, contribution, R874720:Validity 2)', '(R874720:Validity 2, Threats To Validity, R874721:Threat to Validity)', '(R874721:Threat to Validity, construct validity, L1533195:True)', '(R869347:Threat to Validity, repeatability, L1522043:True)', '(R869347:Threat to Validity, construct validity, L1522042:False)', '(R869347:Threat to Validity, internal validity, L1522044:False)', '(R869347:Threat to Validity, confirmability, L1522046:True)', '(R869347:Threat to Validity, external validity, L1522045:False)']",['A Blockchain-Based Micro Economy Platform for Distributed Infrastructure Initiatives'],0.5,0.667,0.167,0.389,0.333,0.5,0.12,0.5,0.2,0.31,0.2,0.67,0.31,0.45,0.12,0.5,0.2,0.31,0.2,0.67,0.31,0.45,0.125,0.2,0.125,0.2,0.03,0.39,0.29,0.57,0.13,0.1,0.2,0.23,0.17,0.33,0.543,0.634,0.585,0.0,235.4805793762207,0.0,6575,0,0.0,,0,0.0,,,0.0,0.0,,0.0,0.0,https://wandb.ai/kastel-sdq-meta-research/experiment_cross_encoder/r/call/01a05ecf-22b6-72a5-8a10-e5d40df31f95,retrieval_config,False,KitToolbox,kit.qwen3-embedding-8b,10,10,True,cosine,True,False,10,-1,8,False,False,1,False,-1,-1,False,,['R659055'],['Paper'],True,False,False,kg_retrieval,hublink,kittoolbox_kit.minimax-m2.7-229b_tmpNone_maxt-1_reasoningNone,KitToolbox,kit.minimax-m2.7-229b,,-1,,kittoolbox_kit.minimax-m2.7-229b_tmpNone_maxt-1_reasoningNone,KitToolbox,kit.minimax-m2.7-229b,,-1,,orkg_merged_ecsa_icsa.json_jsonpublicationloader_limit-1,['paper_class'],['research_level'],['first_research_object'],['second_research_object'],['validity'],['evidence'],False,False,R659055,https://sandbox.orkg.org,-1,orkg,merged_ecsa_icsa.json_jsonpublicationloader_limit-1,merged_ecsa_icsa.json,JsonPublicationLoader,-1,,4000,2,generation_kittoolbox_kit.minimax-m2.7-229b_tmpNone_maxt-1_reasoningNone,generation,kittoolbox_kit.minimax-m2.7-229b_tmpNone_maxt-1_reasoningNone,KitToolbox,kit.minimax-m2.7-229b,,-1,,Which validity threats are discussed in 'A Blockchain-Based Micro Economy Platform for Distributed Infrastructure Initiatives'?,The validity threats discussed in 'A Blockchain-Based Micro Economy Platform for Distributed Infrastructure Initiatives' are external validity and construct validity.,"['10.1109/ICSA.2018.00010', '10.1109/ICSA.2018.00010']",,"['(R874721:Threat to Validity, external validity, L1533198:True)', '(R874721:Threat to Validity, construct validity, L1533195:True)']",publication_subgraph_strategy,R874684,A Blockchain-Based Micro Economy Platform for Distributed Infrastructure Initiatives,3,What are the threats to validity of the paper '[Metadata: paper title]'?
32,39f0c727f1c36390b5a876e7120bfff1,01eda5c4-cd52-423f-aac8-30301a4b19e2,"

The source indicates that the paper “DesignDiff: Continuously Modeling Software Design Difference from Code Revisions” includes a contribution that addresses **Validity 2**, which references a threats‑to‑validity guideline marked as false. However, the source does **not** provide a specific count of the distinct threats to validity discussed in the paper【1】.

","['(R869435:DesignDiff: Continuously Modeling Software Design Difference from Code Revisions, contribution, R869479:Validity 2)', '(R869479:Validity 2, Referenced Threats to Validity Guideline, L1522325:False)']",['DesignDiff: Continuously Modeling Software Design Difference from Code Revisions'],0.0,0.0,0.0,0.0,0.0,0.0,0.0,0.0,0.0,0.0,0.0,0.0,0.0,0.0,0.0,0.0,0.0,0.0,0.0,0.0,0.0,0.0,0.0,0.0,0.0,0.0,0.2,0.5,0.37,0.79,0.38,0.27,0.61,0.32,0.23,0.5,0.594,0.812,0.686,0.0,292.00921535491943,0.0038886,30892,0,0.0,,0,0.0,,,0.0,0.0,,0.0,0.0,https://wandb.ai/kastel-sdq-meta-research/experiment_cross_encoder/r/call/01a05ecf-22b7-7617-9991-7acb66bf408c,retrieval_config,False,KitToolbox,kit.qwen3-embedding-8b,10,10,True,cosine,True,False,10,-1,8,False,False,1,False,-1,-1,False,,['R659055'],['Paper'],True,False,False,kg_retrieval,hublink,kittoolbox_kit.minimax-m2.7-229b_tmpNone_maxt-1_reasoningNone,KitToolbox,kit.minimax-m2.7-229b,,-1,,kittoolbox_kit.minimax-m2.7-229b_tmpNone_maxt-1_reasoningNone,KitToolbox,kit.minimax-m2.7-229b,,-1,,orkg_merged_ecsa_icsa.json_jsonpublicationloader_limit-1,['paper_class'],['research_level'],['first_research_object'],['second_research_object'],['validity'],['evidence'],False,False,R659055,https://sandbox.orkg.org,-1,orkg,merged_ecsa_icsa.json_jsonpublicationloader_limit-1,merged_ecsa_icsa.json,JsonPublicationLoader,-1,,4000,2,generation_kittoolbox_kit.minimax-m2.7-229b_tmpNone_maxt-1_reasoningNone,generation,kittoolbox_kit.minimax-m2.7-229b_tmpNone_maxt-1_reasoningNone,KitToolbox,kit.minimax-m2.7-229b,,-1,,How many threats to validity does the paper with the title 'DesignDiff: Continuously Modeling Software Design Difference from Code Revisions' discuss?,The number of threats to validity discussed in the paper with the title 'DesignDiff: Continuously Modeling Software Design Difference from Code Revisions' is two.,"['10.1109/ICSA47634.2020.00025', '10.1109/ICSA47634.2020.00025']",,"['(R869480:Threat to Validity, internal validity, L1522322:True)', '(R869480:Threat to Validity, construct validity, L1522320:True)']",publication_subgraph_strategy,R659055,Software Architecture and Design,4,How many threats to validity does the paper with the title '[Metadata: paper title]' have?
33,39f0c727f1c36390b5a876e7120bfff1,057b5edf-93b9-4377-8b8f-75ae4c84a8b6,"

The available excerpts indicate that the paper **“An Architecture for Decentralized, Collaborative, and Autonomous Robots”** addresses “Threats to Validity” in its contribution labeled **Validity 2**.  Within that discussion the authors explicitly name two threats:

1. **Repeatability** – marked as “false”  
2. **Internal validity** – marked as “true”  

These are the only validity threats that are directly identified in the texts provided for this paper, so the paper discusses **at least two** threats to validity. The exact total number of threats is not further elaborated in the excerpts [1].

The other context does not reference the specific title “An Architecture for Decentralized, Collaborative, and Autonomous Robots”; instead it lists five distinct threats for a related contribution, “Decentralized Architecture for Energy‑Aware Service Assembly” [2]. Therefore, this broader list does not apply to the paper in question.

[1] Source: An Architecture for Decentralized, Collaborative, and Autonomous Robots, 10.1109/ICSA.2018.00017
[2] Source: Decentralized Architecture for Energy-Aware Service Assembly, 10.1007/978-3-030-58923-3_4
","['(R871523:An Architecture for Decentralized, Collaborative, and Autonomous Robots, contribution, R871575:Validity 2)', '(R871575:Validity 2, Threats To Validity, R871576:Threat to Validity)', '(R871576:Threat to Validity, repeatability, L1526689:False)', '(R871576:Threat to Validity, internal validity, L1526690:True)', '(R869942:Threat to Validity, confirmability, L1523317:False)', '(R869942:Threat to Validity, external validity, L1523316:True)', '(R869942:Threat to Validity, repeatability, L1523314:False)', '(R869942:Threat to Validity, internal validity, L1523315:True)', '(R869942:Threat to Validity, construct validity, L1523313:False)']","['An Architecture for Decentralized, Collaborative, and Autonomous Robots']",0.5,0.667,0.125,0.333,0.25,0.5,0.11,0.5,0.18,0.29,0.18,0.67,0.29,0.43,0.11,0.5,0.18,0.29,0.18,0.67,0.29,0.43,0.111,0.182,0.111,0.182,0.05,0.23,0.13,1.0,0.12,0.07,0.56,0.17,0.1,0.76,0.427,0.655,0.517,1.0,197.94841170310974,0.0,13941,0,0.0,,0,0.0,,,0.0,0.0,,0.0,0.0,https://wandb.ai/kastel-sdq-meta-research/experiment_cross_encoder/r/call/01a05ed0-4e35-79fa-991d-95703b97e511,retrieval_config,False,KitToolbox,kit.qwen3-embedding-8b,10,10,True,cosine,True,False,10,-1,8,False,False,1,False,-1,-1,False,,['R659055'],['Paper'],True,False,False,kg_retrieval,hublink,kittoolbox_kit.minimax-m2.7-229b_tmpNone_maxt-1_reasoningNone,KitToolbox,kit.minimax-m2.7-229b,,-1,,kittoolbox_kit.minimax-m2.7-229b_tmpNone_maxt-1_reasoningNone,KitToolbox,kit.minimax-m2.7-229b,,-1,,orkg_merged_ecsa_icsa.json_jsonpublicationloader_limit-1,['paper_class'],['research_level'],['first_research_object'],['second_research_object'],['validity'],['evidence'],False,False,R659055,https://sandbox.orkg.org,-1,orkg,merged_ecsa_icsa.json_jsonpublicationloader_limit-1,merged_ecsa_icsa.json,JsonPublicationLoader,-1,,4000,2,generation_kittoolbox_kit.minimax-m2.7-229b_tmpNone_maxt-1_reasoningNone,generation,kittoolbox_kit.minimax-m2.7-229b_tmpNone_maxt-1_reasoningNone,KitToolbox,kit.minimax-m2.7-229b,,-1,,"What is the number of validity threats discussed in 'An Architecture for Decentralized, Collaborative, and Autonomous Robots'?","The number of validity threats discussed in 'An Architecture for Decentralized, Collaborative, and Autonomous Robots' is two.","['10.1109/ICSA.2018.00017', '10.1109/ICSA.2018.00017']",,"['(R871576:Threat to Validity, external validity, L1526691:True)', '(R871576:Threat to Validity, internal validity, L1526690:True)']",publication_subgraph_strategy,R871523,"An Architecture for Decentralized, Collaborative, and Autonomous Robots",3,How many threats to validity does the paper with the title '[Metadata: paper title]' have?
34,39f0c727f1c36390b5a876e7120bfff1,34b512a3-42b8-4696-89e7-be878211580f,"

The paper is classified as Paper Class 2 and described as evaluation research, but the source material does not provide a specific number of evaluation methods used in the study [1].

[1] Source: Enabling Continuous Software Engineering for Embedded Systems Architectures with Virtual Prototypes, 10.1007/978-3-030-00761-4_8
",,['Continuous Architecture: Towards the Goldilocks Zone and Away from Vicious Circles'],0.0,0.0,0.0,0.0,0.0,0.0,0.0,0.0,0.0,0.0,0.0,0.0,0.0,0.0,0.0,0.0,0.0,0.0,0.0,0.0,0.0,0.0,0.0,0.0,0.0,0.0,0.09,0.36,0.32,0.4,0.15,0.13,0.17,0.21,0.19,0.24,0.542,0.589,0.564,0.0,180.06670999526978,0.0010939499999999998,6305,0,0.0,,0,0.0,,,0.0,0.0,,0.0,0.0,https://wandb.ai/kastel-sdq-meta-research/experiment_cross_encoder/r/call/01a05ed0-fb3b-7827-9598-9a360f3455c1,retrieval_config,False,KitToolbox,kit.qwen3-embedding-8b,10,10,True,cosine,True,False,10,-1,8,False,False,1,False,-1,-1,False,,['R659055'],['Paper'],True,False,False,kg_retrieval,hublink,kittoolbox_kit.minimax-m2.7-229b_tmpNone_maxt-1_reasoningNone,KitToolbox,kit.minimax-m2.7-229b,,-1,,kittoolbox_kit.minimax-m2.7-229b_tmpNone_maxt-1_reasoningNone,KitToolbox,kit.minimax-m2.7-229b,,-1,,orkg_merged_ecsa_icsa.json_jsonpublicationloader_limit-1,['paper_class'],['research_level'],['first_research_object'],['second_research_object'],['validity'],['evidence'],False,False,R659055,https://sandbox.orkg.org,-1,orkg,merged_ecsa_icsa.json_jsonpublicationloader_limit-1,merged_ecsa_icsa.json,JsonPublicationLoader,-1,,4000,2,generation_kittoolbox_kit.minimax-m2.7-229b_tmpNone_maxt-1_reasoningNone,generation,kittoolbox_kit.minimax-m2.7-229b_tmpNone_maxt-1_reasoningNone,KitToolbox,kit.minimax-m2.7-229b,,-1,,How many evaluation methods does the paper with the title 'Continuous Architecture: Towards the Goldilocks Zone and Away from Vicious Circles' have?,The number of evaluation methods that the paper with the title 'Continuous Architecture: Towards the Goldilocks Zone and Away from Vicious Circles' has is one.,['10.1109/ICSA.2019.00022'],,"['(R873799:Evaluation Method Entity, Name, L1531251:Focus Group)']",publication_subgraph_strategy,R873775,Continuous Architecture: Towards the Goldilocks Zone and Away from Vicious Circles,5,How many evaluation methods does the paper with the title '[Metadata: paper title]' have?
35,39f0c727f1c36390b5a876e7120bfff1,6cd19fef-1eca-4941-b8a4-c6bd1c9902ac,"

The paper’s evaluation employed **two distinct methods**: a questionnaire and interviews [1]. [2] notes that the evaluation incorporates Quality in Use and guidelines, but it does not state how many methods were used.

[1] Source: Migrating Towards Microservice Architectures: An Industrial Survey, 10.1109/ICSA.2018.00012
[2] Source: Microservice Architecture in Reality: An Industrial Inquiry, 10.1109/ICSA.2019.00014
","['(R870209:First Research Object 2, evaluation, R870210:Evaluation)', '(R870213:Property, Name, L1523905:Quality in Use)', '(R870210:Evaluation, Has Guideline, L1523903:True)', '(R870207:Paper Class 2, evaluation research, L1523899:True)', '(R2156193:Evaluation Method Entity, Name, L2809564:Questionnaire)', '(R2156200:Evaluation Method Entity, Name, L2809566:Interview)']",['Microservice Architecture in Reality: An Industrial Inquiry'],0.0,0.0,0.0,0.0,0.0,0.0,0.0,0.0,0.0,0.0,0.0,0.0,0.0,0.0,0.0,0.0,0.0,0.0,0.0,0.0,0.0,0.0,0.0,0.0,0.0,0.0,0.01,0.23,0.15,0.56,0.05,0.03,0.12,0.23,0.15,0.56,0.463,0.764,0.577,1.0,227.52665734291077,0.0,70356,0,0.0,,0,0.0,,,0.0,0.0,,0.0,0.0,https://wandb.ai/kastel-sdq-meta-research/experiment_cross_encoder/r/call/01a05ed2-9466-799f-bc5c-1c344ce5da69,retrieval_config,False,KitToolbox,kit.qwen3-embedding-8b,10,10,True,cosine,True,False,10,-1,8,False,False,1,False,-1,-1,False,,['R659055'],['Paper'],True,False,False,kg_retrieval,hublink,kittoolbox_kit.minimax-m2.7-229b_tmpNone_maxt-1_reasoningNone,KitToolbox,kit.minimax-m2.7-229b,,-1,,kittoolbox_kit.minimax-m2.7-229b_tmpNone_maxt-1_reasoningNone,KitToolbox,kit.minimax-m2.7-229b,,-1,,orkg_merged_ecsa_icsa.json_jsonpublicationloader_limit-1,['paper_class'],['research_level'],['first_research_object'],['second_research_object'],['validity'],['evidence'],False,False,R659055,https://sandbox.orkg.org,-1,orkg,merged_ecsa_icsa.json_jsonpublicationloader_limit-1,merged_ecsa_icsa.json,JsonPublicationLoader,-1,,4000,2,generation_kittoolbox_kit.minimax-m2.7-229b_tmpNone_maxt-1_reasoningNone,generation,kittoolbox_kit.minimax-m2.7-229b_tmpNone_maxt-1_reasoningNone,KitToolbox,kit.minimax-m2.7-229b,,-1,,What is the number of evaluation methods that have been used for the evaluation in 'Microservice Architecture in Reality: An Industrial Inquiry'?,"The paper contains one evaluation method, which is Interview.",['10.1109/ICSA.2019.00014'],,"['(R870212:Evaluation Method Entity, Name, L1523902:Interview)']",publication_subgraph_strategy,R870188,Microservice Architecture in Reality: An Industrial Inquiry,5,How many evaluation methods does the paper with the title '[Metadata: paper title]' have?
36,39f0c727f1c36390b5a876e7120bfff1,fcad33f8-09fc-4c67-a44a-495cf93be0c0,"

The properties evaluated in the paper ""Monolith Migration Complexity Tuning Through the Application of Microservices Patterns"" are Quality in Use, Product Quality, and Functional Suitability [1][2].

When ranked in descending alphabetical order, the sequence is:
1. Quality in Use
2. Product Quality
3. Functional Suitability [1]

[1] Source: Monolith Migration Complexity Tuning Through the Application of Microservices Patterns, 10.1007/978-3-030-58923-3_3
[2] Source: A Complexity Metric for Microservices Architecture Migration, 10.1109/ICSA47634.2020.00024
","['(R872513:Property, Name, L1528665:Quality in Use)', '(R872511:Property, Name, L1528663:Product Quality)', '(R874630:Property, Name, L1533008:Functional Suitability)', '(R874629:Property, Name, L1533009:Product Quality)']",['Monolith Migration Complexity Tuning Through the Application of Microservices Patterns'],0.0,0.0,0.0,0.0,0.0,0.0,0.0,0.0,0.0,0.0,0.0,0.0,0.0,0.0,0.0,0.0,0.0,0.0,0.0,0.0,0.0,0.0,0.0,0.0,0.0,0.0,0.23,0.67,0.55,0.84,0.53,0.43,0.67,0.64,0.53,0.81,0.585,0.798,0.675,1.0,230.30808091163635,0.0,22478,0,0.0,,0,0.0,,,0.0,0.0,,0.0,0.0,https://wandb.ai/kastel-sdq-meta-research/experiment_cross_encoder/r/call/01a05ed3-1387-741b-a689-62fd30b5c80e,retrieval_config,False,KitToolbox,kit.qwen3-embedding-8b,10,10,True,cosine,True,False,10,-1,8,False,False,1,False,-1,-1,False,,['R659055'],['Paper'],True,False,False,kg_retrieval,hublink,kittoolbox_kit.minimax-m2.7-229b_tmpNone_maxt-1_reasoningNone,KitToolbox,kit.minimax-m2.7-229b,,-1,,kittoolbox_kit.minimax-m2.7-229b_tmpNone_maxt-1_reasoningNone,KitToolbox,kit.minimax-m2.7-229b,,-1,,orkg_merged_ecsa_icsa.json_jsonpublicationloader_limit-1,['paper_class'],['research_level'],['first_research_object'],['second_research_object'],['validity'],['evidence'],False,False,R659055,https://sandbox.orkg.org,-1,orkg,merged_ecsa_icsa.json_jsonpublicationloader_limit-1,merged_ecsa_icsa.json,JsonPublicationLoader,-1,,4000,2,generation_kittoolbox_kit.minimax-m2.7-229b_tmpNone_maxt-1_reasoningNone,generation,kittoolbox_kit.minimax-m2.7-229b_tmpNone_maxt-1_reasoningNone,KitToolbox,kit.minimax-m2.7-229b,,-1,,Which properties were evaluated in the paper with the title 'Monolith Migration Complexity Tuning Through the Application of Microservices Patterns'? Rank the properties in descending alphabetical order.,"The properties that were evaluated in the paper with the title 'Monolith Migration Complexity Tuning Through the Application of Microservices Patterns' are Satisfaction and Functional Suitability, ranked in descending alphabetical order.","['10.1007/978-3-030-58923-3_3', '10.1007/978-3-030-58923-3_3']",,"['(R872514:Property, Name, L1528664:Satisfaction)', '(R872512:Property, Name, L1528662:Functional Suitability)']",publication_subgraph_strategy,R659055,Software Architecture and Design,6,Which sub-properties were evaluated in the paper with the title '[Metadata: paper title]'? Rank them in descending alphabetical order.
37,39f0c727f1c36390b5a876e7120bfff1,973f39b3-53cf-43b7-83cd-3a411fe22898,"

- **Usability** [1][3]  
- **Security** [3]  
- **Satisfaction** [4]  
- **Reliability** [2]  
- **Quality in Use** [2][4]  
- **Product Quality** [2][4]  
- **Maintainability** [2][4]  
- **Functional Suitability** [2][3]  
- **Effectiveness** [2][4]  
- **Compatibility** [2]

[1] Source: Constructing a Shared Infrastructure for Software Architecture Analysis and Maintenance, 10.1109/ICSA51549.2021.00022
[2] Source: An Architecture for Decentralized, Collaborative, and Autonomous Robots, 10.1109/ICSA.2018.00017
[3] Source: Towards a Reference Architecture for Cloud-Based Plant Genotyping and Phenotyping Analysis Frameworks, 10.1109/ICSA.2017.42
[4] Source: Identifying and Prioritizing Architectural Debt Through Architectural Smells: A Case Study in a Large Software Company, 10.1007/978-3-030-00761-4_21
","['(R870418:Property, Name, L1524300:Effectiveness)', '(R872574:Property, Name, L1528780:Security)', '(R872585:Property, Name, L1528788:Functional Suitability)', '(R870417:Property, Name, L1524299:Satisfaction)', '(R871674:Constructing a Shared Infrastructure for Software Architecture Analysis and Maintenance, contribution, R871701:First Research Object 2)', '(R871701:First Research Object 2, evaluation, R871702:Evaluation)', '(R871702:Evaluation, properties, R871707:Property)', '(R871708:Property, Name, L1526978:Usability)', '(R871559:Property, Name, L1526669:Effectiveness)', '(R872573:Property, Name, L1528779:Usability)', '(R871564:Property, Name, L1526674:Maintainability)', '(R871561:Property, Name, L1526671:Functional Suitability)', '(R2156276:Property, Name, L2809649:Quality in Use)', '(R2156280:Property, Name, L2809653:Effectiveness)', '(R872592:Property, Name, L1528794:Security)', '(R872577:Property, Name, L1528783:Functional Suitability)', '(R871569:Property, Name, L1526678:Compatibility)', '(R870412:Property, Name, L1524295:Maintainability)', '(R870411:Property, Name, L1524296:Product Quality)', '(R871558:Property, Name, L1526670:Quality in Use)', '(R871562:Property, Name, L1526672:Compatibility)', '(R871563:Property, Name, L1526673:Reliability)', '(R871568:Property, Name, L1526679:Product Quality)']",['Constructing a Shared Infrastructure for Software Architecture Analysis and Maintenance'],0.5,0.0,0.062,0.031,0.125,0.125,0.1,0.5,0.17,0.28,0.11,0.5,0.18,0.29,0.04,0.5,0.08,0.16,0.05,0.5,0.08,0.17,0.1,0.111,0.043,0.045,0.0,0.11,0.1,0.12,0.0,0.0,0.0,0.07,0.07,0.08,0.334,0.462,0.388,1.0,231.89729237556458,0.0,3676,0,0.0,,0,0.0,,,0.0,0.0,,0.0,0.0,https://wandb.ai/kastel-sdq-meta-research/experiment_cross_encoder/r/call/01a05ed3-f31d-7b75-809e-b153690f7a6c,retrieval_config,False,KitToolbox,kit.qwen3-embedding-8b,10,10,True,cosine,True,False,10,-1,8,False,False,1,False,-1,-1,False,,['R659055'],['Paper'],True,False,False,kg_retrieval,hublink,kittoolbox_kit.minimax-m2.7-229b_tmpNone_maxt-1_reasoningNone,KitToolbox,kit.minimax-m2.7-229b,,-1,,kittoolbox_kit.minimax-m2.7-229b_tmpNone_maxt-1_reasoningNone,KitToolbox,kit.minimax-m2.7-229b,,-1,,orkg_merged_ecsa_icsa.json_jsonpublicationloader_limit-1,['paper_class'],['research_level'],['first_research_object'],['second_research_object'],['validity'],['evidence'],False,False,R659055,https://sandbox.orkg.org,-1,orkg,merged_ecsa_icsa.json_jsonpublicationloader_limit-1,merged_ecsa_icsa.json,JsonPublicationLoader,-1,,4000,2,generation_kittoolbox_kit.minimax-m2.7-229b_tmpNone_maxt-1_reasoningNone,generation,kittoolbox_kit.minimax-m2.7-229b_tmpNone_maxt-1_reasoningNone,KitToolbox,kit.minimax-m2.7-229b,,-1,,List the properties that have been evaluated in 'Constructing a Shared Infrastructure for Software Architecture Analysis and Maintenance'. Rank the properties in descending alphabetical order.,"The properties that have been evaluated in 'Constructing a Shared Infrastructure for Software Architecture Analysis and Maintenance', ranked in descending alphabetical order, are: usability and effectiveness.","['10.1109/ICSA51549.2021.00022', '10.1109/ICSA51549.2021.00022']",,"['(R871706:Property, Name, L1526976:Effectiveness)', '(R871708:Property, Name, L1526978:Usability)']",publication_subgraph_strategy,R871674,Constructing a Shared Infrastructure for Software Architecture Analysis and Maintenance,5,"Which sub-properties does the publication '[Metadata: paper title]' have, ranked in descending alphabetical order?"
38,39f0c727f1c36390b5a876e7120bfff1,aad55265-6344-4c2d-b45e-5bcaef64d0b0,"

The paper “Continuous Integration Impediments in Large‑Scale Industry Projects” addresses the following threats to validity [1]:

1. **Internal validity**  
2. **External validity**  
3. **Construct validity**  
4. **Confirmability**  

Ranked in descending alphabetical order (by the first letter of each threat), the list is:

1. Internal validity  
2. External validity  
3. Construct validity  
4. Confirmability

[1] Source: Continuous Integration Impediments in Large-Scale Industry Projects, 10.1109/ICSA.2017.11
","['(R868602:Threat to Validity, external validity, L1520444:True)', '(R868602:Threat to Validity, internal validity, L1520443:True)', '(R868602:Threat to Validity, confirmability, L1520445:False)', '(R868602:Threat to Validity, construct validity, L1520441:True)']",['Continuous Integration Impediments in Large-Scale Industry Projects'],1.0,1.0,0.917,1.0,1.0,1.0,0.75,1.0,0.86,0.94,0.8,1.0,0.89,0.95,0.75,1.0,0.86,0.94,0.8,1.0,0.89,0.95,0.75,0.8,0.75,0.8,0.06,0.6,0.48,0.81,0.4,0.32,0.55,0.49,0.39,0.66,0.514,0.763,0.614,1.0,250.72964310646057,0.0,27577,0,0.0,,0,0.0,,,0.0,0.0,,0.0,0.0,https://wandb.ai/kastel-sdq-meta-research/experiment_cross_encoder/r/call/01a05ed4-35f4-7091-bb04-e31b98f621f2,retrieval_config,False,KitToolbox,kit.qwen3-embedding-8b,10,10,True,cosine,True,False,10,-1,8,False,False,1,False,-1,-1,False,,['R659055'],['Paper'],True,False,False,kg_retrieval,hublink,kittoolbox_kit.minimax-m2.7-229b_tmpNone_maxt-1_reasoningNone,KitToolbox,kit.minimax-m2.7-229b,,-1,,kittoolbox_kit.minimax-m2.7-229b_tmpNone_maxt-1_reasoningNone,KitToolbox,kit.minimax-m2.7-229b,,-1,,orkg_merged_ecsa_icsa.json_jsonpublicationloader_limit-1,['paper_class'],['research_level'],['first_research_object'],['second_research_object'],['validity'],['evidence'],False,False,R659055,https://sandbox.orkg.org,-1,orkg,merged_ecsa_icsa.json_jsonpublicationloader_limit-1,merged_ecsa_icsa.json,JsonPublicationLoader,-1,,4000,2,generation_kittoolbox_kit.minimax-m2.7-229b_tmpNone_maxt-1_reasoningNone,generation,kittoolbox_kit.minimax-m2.7-229b_tmpNone_maxt-1_reasoningNone,KitToolbox,kit.minimax-m2.7-229b,,-1,,Which threats to validity does the paper with the title 'Continuous Integration Impediments in Large-Scale Industry Projects' discuss? Rank the threats to validity in descending alphabetical order.,"The threats to validity that the paper with the title 'Continuous Integration Impediments in Large-Scale Industry Projects' discusses, ranked in descending alphabetical order, are internal validity, external validity, and construct validity.","['10.1109/ICSA.2017.11', '10.1109/ICSA.2017.11', '10.1109/ICSA.2017.11']",,"['(R868602:Threat to Validity, construct validity, L1520441:True)', '(R868602:Threat to Validity, internal validity, L1520443:True)', '(R868602:Threat to Validity, external validity, L1520444:True)']",publication_subgraph_strategy,R659055,Software Architecture and Design,4,"Which threats to validity does the publication '[Metadata: paper title]' have, ranked in descending alphabetical order?"
39,39f0c727f1c36390b5a876e7120bfff1,df61b1b2-71e8-4dbc-8ba0-5c840d7d795c,"

The study identifies two validity threats:

- Internal validity  
- External validity  

When ordered in reverse alphabetical order, the list is:

1. **Internal validity**  
2. **External validity**【1】

","['(R870786:Threat to Validity, internal validity, L1525093:True)', '(R870786:Threat to Validity, external validity, L1525094:True)']",['Architectural Security Weaknesses in Industrial Control Systems (ICS) an Empirical Study Based on Disclosed Software Vulnerabilities'],0.667,0.75,0.667,0.5,1.0,1.0,1.0,0.67,0.8,0.71,1.0,0.75,0.86,0.79,1.0,0.67,0.8,0.71,1.0,0.75,0.86,0.79,1.0,1.0,1.0,1.0,0.11,0.43,0.5,0.38,0.24,0.28,0.21,0.37,0.42,0.32,0.466,0.516,0.49,0.0,174.99486207962036,0.0,6096,0,0.0,,0,0.0,,,0.0,0.0,,0.0,0.0,https://wandb.ai/kastel-sdq-meta-research/experiment_cross_encoder/r/call/01a05ed4-7823-7ed4-a61c-efe7e46555fa,retrieval_config,False,KitToolbox,kit.qwen3-embedding-8b,10,10,True,cosine,True,False,10,-1,8,False,False,1,False,-1,-1,False,,['R659055'],['Paper'],True,False,False,kg_retrieval,hublink,kittoolbox_kit.minimax-m2.7-229b_tmpNone_maxt-1_reasoningNone,KitToolbox,kit.minimax-m2.7-229b,,-1,,kittoolbox_kit.minimax-m2.7-229b_tmpNone_maxt-1_reasoningNone,KitToolbox,kit.minimax-m2.7-229b,,-1,,orkg_merged_ecsa_icsa.json_jsonpublicationloader_limit-1,['paper_class'],['research_level'],['first_research_object'],['second_research_object'],['validity'],['evidence'],False,False,R659055,https://sandbox.orkg.org,-1,orkg,merged_ecsa_icsa.json_jsonpublicationloader_limit-1,merged_ecsa_icsa.json,JsonPublicationLoader,-1,,4000,2,generation_kittoolbox_kit.minimax-m2.7-229b_tmpNone_maxt-1_reasoningNone,generation,kittoolbox_kit.minimax-m2.7-229b_tmpNone_maxt-1_reasoningNone,KitToolbox,kit.minimax-m2.7-229b,,-1,,Which validity threats are discussed in 'Architectural Security Weaknesses in Industrial Control Systems (ICS) an Empirical Study Based on Disclosed Software Vulnerabilities'? Rank them in reverse alphabetical order.,"The validity threats discussed in 'Architectural Security Weaknesses in Industrial Control Systems (ICS) an Empirical Study Based on Disclosed Software Vulnerabilities', ranked in reverse alphabetical order, are internal validity, external validity, and construct validity.","['10.1109/ICSA.2019.00012', '10.1109/ICSA.2019.00012', '10.1109/ICSA.2019.00012']",,"['(R870786:Threat to Validity, internal validity, L1525093:True)', '(R870786:Threat to Validity, external validity, L1525094:True)', '(R870786:Threat to Validity, construct validity, L1525091:True)']",publication_subgraph_strategy,R870753,Architectural Security Weaknesses in Industrial Control Systems (ICS) an Empirical Study Based on Disclosed Software Vulnerabilities,3,"Which threats to validity does the publication '[Metadata: paper title]' have, ranked in descending alphabetical order?"
40,39f0c727f1c36390b5a876e7120bfff1,90c11fd9-663f-4a90-ab34-29b7e67499f0,"

The paper **“Model‑Based Analysis of Microservice Resiliency Patterns”** is presented as an evaluation‑research contribution, but the specific evaluation technique it employs is not described in the supplied information [1].  

The paper **“Supporting Architectural Decision Making on Data Management in Microservice Architectures”** includes an evaluation that is identified through a “Limit of detection” property, yet the exact nature of the evaluation (e.g., experiment, case study, simulation) is not specified [2].  

Because the details of the evaluation methods are limited for both papers, a direct comparison of their evaluation approaches cannot be made based on the provided contexts.

[1] Source: Model-Based Analysis of Microservice Resiliency Patterns, 10.1109/ICSA47634.2020.00019
[2] Source: Supporting Architectural Decision Making on Data Management in Microservice Architectures, 10.1007/978-3-030-29983-5_2
","['(R869851:Model-Based Analysis of Microservice Resiliency Patterns, contribution, R869896:Evidence 2)', '(R869896:Evidence 2, Uses Input Data, R869897:Input Data)', '(R872980:Supporting Architectural Decision Making on Data Management in Microservice Architectures, contribution, R873002:First Research Object 2)', '(R873002:First Research Object 2, evaluation, R873003:Evaluation)', '(R873003:Evaluation, properties, R873006:Property)', '(R873008:Property, Name, L1529650:Limit of detection)', '(R869851:Model-Based Analysis of Microservice Resiliency Patterns, contribution, R869878:Paper Class 2)', '(R869878:Paper Class 2, evaluation research, L1523195:True)', '(R869851:Model-Based Analysis of Microservice Resiliency Patterns, contribution, R869899:Validity 2)', '(R869899:Validity 2, Referenced Threats to Validity Guideline, L1523220:False)']","['Model-Based Analysis of Microservice Resiliency Patterns', 'Supporting Architectural Decision Making on Data Management in Microservice Architectures']",0.0,0.0,0.0,0.0,0.0,0.0,0.0,0.0,0.0,0.0,0.0,0.0,0.0,0.0,0.0,0.0,0.0,0.0,0.0,0.0,0.0,0.0,0.0,0.0,0.0,0.0,0.1,0.45,0.4,0.51,0.26,0.23,0.3,0.35,0.31,0.4,0.523,0.606,0.561,0.0,158.08450150489807,0.0,9576,0,0.0,,0,0.0,,,0.0,0.0,,0.0,0.0,https://wandb.ai/kastel-sdq-meta-research/experiment_cross_encoder/r/call/01a05ed6-3d67-7aef-88ac-4038ab531c46,retrieval_config,False,KitToolbox,kit.qwen3-embedding-8b,10,10,True,cosine,True,False,10,-1,8,False,False,1,False,-1,-1,False,,['R659055'],['Paper'],True,False,False,kg_retrieval,hublink,kittoolbox_kit.minimax-m2.7-229b_tmpNone_maxt-1_reasoningNone,KitToolbox,kit.minimax-m2.7-229b,,-1,,kittoolbox_kit.minimax-m2.7-229b_tmpNone_maxt-1_reasoningNone,KitToolbox,kit.minimax-m2.7-229b,,-1,,orkg_merged_ecsa_icsa.json_jsonpublicationloader_limit-1,['paper_class'],['research_level'],['first_research_object'],['second_research_object'],['validity'],['evidence'],False,False,R659055,https://sandbox.orkg.org,-1,orkg,merged_ecsa_icsa.json_jsonpublicationloader_limit-1,merged_ecsa_icsa.json,JsonPublicationLoader,-1,,4000,2,generation_kittoolbox_kit.minimax-m2.7-229b_tmpNone_maxt-1_reasoningNone,generation,kittoolbox_kit.minimax-m2.7-229b_tmpNone_maxt-1_reasoningNone,KitToolbox,kit.minimax-m2.7-229b,,-1,,What are the evaluation methods used by the paper with the title 'Model-Based Analysis of Microservice Resiliency Patterns' compared to the evaluation methods applied in the paper with the title 'Supporting Architectural Decision Making on Data Management in Microservice Architectures'?,"The evaluation methods used by the paper with the title 'Model-Based Analysis of Microservice Resiliency Patterns' compared to the evaluation methods applied in the paper with the title 'Supporting Architectural Decision Making on Data Management in Microservice Architectures' are as follows: the paper 'Model-Based Analysis of Microservice Resiliency Patterns' uses Technical Experiment as its evaluation method, whereas the paper 'Supporting Architectural Decision Making on Data Management in Microservice Architectures' applies Grounded Theory as its evaluation method.","['10.1109/ICSA47634.2020.00019', '10.1007/978-3-030-29983-5_2']",,"['(R869891:Evaluation Method Entity, Name, L1523203:Technical Experiment)', '(R873005:Evaluation Method Entity, Name, L1529647:Grounded Theory)']",publication_subgraph_strategy,R659055,Software Architecture and Design,6,What are the names of the evaluation methods used by the paper with the title '[paper title 1]' compared to the methods applied in the paper with the title '[paper title 2]'?
41,39f0c727f1c36390b5a876e7120bfff1,a0a0cd4a-6ddc-470e-9d49-68bf90f4a0ec,"

# Comparison of Evaluation Methods

## Evaluation Method for ""A Blockchain-Based Micro Economy Platform for Distributed Infrastructure Initiatives""

According to the source material [1], this paper employs a **Case Study** evaluation method.

## Evaluation Method for ""Integrating Statistical Response Time Models in Architectural Performance Models""

The source material [1] does not provide information regarding the evaluation method used in this paper.

## Comparison

A direct comparison of the two evaluation methods cannot be made, as the necessary information about the evaluation approach used in ""Integrating Statistical Response Time Models in Architectural Performance Models"" is not available in the provided texts [1].

---

**Source:**
[1] Partial Answer 1

[1] Source: A Blockchain-Based Micro Economy Platform for Distributed Infrastructure Initiatives, 10.1109/ICSA.2018.00010
","['(R874707:First Research Object 2, evaluation, R874708:Evaluation)', '(R874708:Evaluation, Evaluation method, R874709:Evaluation Method List)', '(R874709:Evaluation Method List, Entity, R874710:Evaluation Method Entity)', '(R874710:Evaluation Method Entity, Name, L1533181:Case Study)']","['A Blockchain-Based Micro Economy Platform for Distributed Infrastructure Initiatives', 'Integrating Statistical Response Time Models in Architectural Performance Models']",0.5,0.5,0.125,0.208,0.25,0.333,0.25,0.5,0.33,0.42,0.4,0.5,0.44,0.48,0.25,0.5,0.33,0.42,0.4,0.5,0.44,0.48,0.25,0.4,0.25,0.4,0.12,0.47,0.32,0.89,0.41,0.28,0.77,0.43,0.29,0.81,0.492,0.68,0.571,0.0,154.91930532455444,0.0,7460,0,0.0,,0,0.0,,,0.0,0.0,,0.0,0.0,https://wandb.ai/kastel-sdq-meta-research/experiment_cross_encoder/r/call/01a05ed6-d2b7-7dc2-b5bb-0eb9b5a8a919,retrieval_config,False,KitToolbox,kit.qwen3-embedding-8b,10,10,True,cosine,True,False,10,-1,8,False,False,1,False,-1,-1,False,,['R659055'],['Paper'],True,False,False,kg_retrieval,hublink,kittoolbox_kit.minimax-m2.7-229b_tmpNone_maxt-1_reasoningNone,KitToolbox,kit.minimax-m2.7-229b,,-1,,kittoolbox_kit.minimax-m2.7-229b_tmpNone_maxt-1_reasoningNone,KitToolbox,kit.minimax-m2.7-229b,,-1,,orkg_merged_ecsa_icsa.json_jsonpublicationloader_limit-1,['paper_class'],['research_level'],['first_research_object'],['second_research_object'],['validity'],['evidence'],False,False,R659055,https://sandbox.orkg.org,-1,orkg,merged_ecsa_icsa.json_jsonpublicationloader_limit-1,merged_ecsa_icsa.json,JsonPublicationLoader,-1,,4000,2,generation_kittoolbox_kit.minimax-m2.7-229b_tmpNone_maxt-1_reasoningNone,generation,kittoolbox_kit.minimax-m2.7-229b_tmpNone_maxt-1_reasoningNone,KitToolbox,kit.minimax-m2.7-229b,,-1,,Compare the evaluation method used in 'A Blockchain-Based Micro Economy Platform for Distributed Infrastructure Initiatives' with the method used in 'Integrating Statistical Response Time Models in Architectural Performance Models'.,"The evaluation method used in 'A Blockchain-Based Micro Economy Platform for Distributed Infrastructure Initiatives' is 'Case Study', while the evaluation method used in 'Integrating Statistical Response Time Models in Architectural Performance Models' is 'Technical Experiment'.","['10.1109/ICSA.2018.00010', '10.1109/ICSA.2019.00016']",,"['(R874710:Evaluation Method Entity, Name, L1533181:Case Study)', '(R872218:Evaluation Method Entity, Name, L1528030:Technical Experiment)']",publication_subgraph_strategy,R659055,Software Architecture and Design,6,What evaluation methods does the paper [paper_title_1] use compared to the paper [paper_title_2]?
42,39f0c727f1c36390b5a876e7120bfff1,75d04db2-69b3-4f2e-b966-cc2e9ce0bf7d,"

Both papers are classified as **Paper Class 2**.  

- “How Software Architects Focus Their Attention” is assigned to Paper Class 2【2】.  
- “Architecture‑Based Change Impact Analysis in Information Systems and Business Processes” is also classified as Paper Class 2【1】.

","['(R868485:How Software Architects Focus Their Attention, contribution, R868504:Paper Class 2)', '(R873418:Architecture-Based Change Impact Analysis in Information Systems and Business Processes, contribution, R873438:Paper Class 2)']","['How Software Architects Focus Their Attention', 'Architecture-Based Change Impact Analysis in Information Systems and Business Processes']",0.0,0.5,0.0,0.5,0.0,1.0,0.0,0.0,0.0,0.0,0.5,0.5,0.5,0.5,0.0,0.0,0.0,0.0,0.5,0.5,0.5,0.5,0.0,0.5,0.0,0.5,0.14,0.54,0.72,0.43,0.38,0.51,0.3,0.46,0.62,0.37,0.519,0.543,0.531,1.0,220.7984278202057,0.0,27450,0,0.0,,0,0.0,,,0.0,0.0,,0.0,0.0,https://wandb.ai/kastel-sdq-meta-research/experiment_cross_encoder/r/call/01a05ed7-7784-75db-984c-7946ec65255d,retrieval_config,False,KitToolbox,kit.qwen3-embedding-8b,10,10,True,cosine,True,False,10,-1,8,False,False,1,False,-1,-1,False,,['R659055'],['Paper'],True,False,False,kg_retrieval,hublink,kittoolbox_kit.minimax-m2.7-229b_tmpNone_maxt-1_reasoningNone,KitToolbox,kit.minimax-m2.7-229b,,-1,,kittoolbox_kit.minimax-m2.7-229b_tmpNone_maxt-1_reasoningNone,KitToolbox,kit.minimax-m2.7-229b,,-1,,orkg_merged_ecsa_icsa.json_jsonpublicationloader_limit-1,['paper_class'],['research_level'],['first_research_object'],['second_research_object'],['validity'],['evidence'],False,False,R659055,https://sandbox.orkg.org,-1,orkg,merged_ecsa_icsa.json_jsonpublicationloader_limit-1,merged_ecsa_icsa.json,JsonPublicationLoader,-1,,4000,2,generation_kittoolbox_kit.minimax-m2.7-229b_tmpNone_maxt-1_reasoningNone,generation,kittoolbox_kit.minimax-m2.7-229b_tmpNone_maxt-1_reasoningNone,KitToolbox,kit.minimax-m2.7-229b,,-1,,What paper class does the paper with the title 'How Software Architects Focus Their Attention' have compared to the paper with the title 'Architecture-Based Change Impact Analysis in Information Systems and Business Processes'?,"The paper class that the paper with the title 'How Software Architects Focus Their Attention' has compared to the paper with the title 'Architecture-Based Change Impact Analysis in Information Systems and Business Processes' is that 'How Software Architects Focus Their Attention' is classified as a validation research paper, while 'Architecture-Based Change Impact Analysis in Information Systems and Business Processes' is classified as an evaluation research paper.","['10.1007/978-3-030-86044-8_21', '10.1109/ICSA.2017.17']",,"['(R868504:Paper Class 2, validation research, L1520241:True)', '(R873438:Paper Class 2, evaluation research, L1530523:True)']",publication_subgraph_strategy,R659055,Software Architecture and Design,3,What paper class does the paper [paper_title_1] have compared to the paper [paper_title_2]?
43,39f0c727f1c36390b5a876e7120bfff1,08ba06c8-0d54-49cb-bde3-75d19b15260a,"

**Paper class of “From Monolithic Architecture Style to Microservice one Based on a Semi‑Automatic Approach”**  
- The work is classified as **Paper Class 2** [2][3][5].

**Paper class of “Enabling Consistency between Software Artefacts for Software Adaption and Evolution”**  
- One source reports that this paper is also classified as **Paper Class 2** [1].  
- The remaining provided texts do not give a class for this paper [2][3][4][5].

**Comparison**  
Both papers are identified as **Paper Class 2**, but the classification for the second paper is only explicitly stated in one source [1], whereas the first paper’s classification is confirmed by several independent sources [2][3][5].

[1] Source: Enabling Consistency between Software Artefacts for Software Adaption and Evolution, 10.1109/ICSA51549.2021.00009
[2] Source: From Monolithic Architecture Style to Microservice one Based on a Semi-Automatic Approach, 10.1109/ICSA47634.2020.00023
[3] Source: From a Monolith to a Microservices Architecture: An Approach Based on Transactional Contexts, 10.1007/978-3-030-29983-5_3
[4] Source: Semi-automatic Feedback for Improving Architecture Conformance to Microservice Patterns and Practices, 10.1109/ICSA51549.2021.00012
[5] Source: Automatic Extraction of Design Decisions from Issue Management Systems: A Machine Learning Based Approach, 10.1007/978-3-319-65831-5_10
","['(R870521:From Monolithic Architecture Style to Microservice one Based on a Semi-Automatic Approach, contribution, R870540:Paper Class 2)', '(R870521:From Monolithic Architecture Style to Microservice one Based on a Semi-Automatic Approach, contribution, R2156185:Paper Class 2)', '(R868698:Enabling Consistency between Software Artefacts for Software Adaption and Evolution, contribution, R868721:Paper Class 2)', '(R868698:Enabling Consistency between Software Artefacts for Software Adaption and Evolution, contribution, R868735:Evidence 2)', '(R869264:Semi-automatic Feedback for Improving Architecture Conformance to Microservice Patterns and Practices, contribution, R869287:Paper Class 2)', '(R871186:From a Monolith to a Microservices Architecture: An Approach Based on Transactional Contexts, contribution, R871205:Paper Class 2)', '(R871186:From a Monolith to a Microservices Architecture: An Approach Based on Transactional Contexts, contribution, R2156141:Paper Class 2)']","['From Monolithic Architecture Style to Microservice one Based on a Semi-Automatic Approach', 'Enabling Consistency between Software Artefacts for Software Adaption and Evolution']",0.0,0.5,0.0,0.417,0.0,1.0,0.0,0.0,0.0,0.0,0.18,0.5,0.27,0.37,0.0,0.0,0.0,0.0,0.18,0.5,0.27,0.37,0.0,0.182,0.0,0.182,0.07,0.45,0.3,0.89,0.35,0.23,0.69,0.4,0.27,0.78,0.455,0.766,0.57,1.0,308.31975293159485,0.0,34155,0,0.0,,0,0.0,,,0.0,0.0,,0.0,0.0,https://wandb.ai/kastel-sdq-meta-research/experiment_cross_encoder/r/call/01a05ed7-b7e9-7781-993b-03eee9c1b330,retrieval_config,False,KitToolbox,kit.qwen3-embedding-8b,10,10,True,cosine,True,False,10,-1,8,False,False,1,False,-1,-1,False,,['R659055'],['Paper'],True,False,False,kg_retrieval,hublink,kittoolbox_kit.minimax-m2.7-229b_tmpNone_maxt-1_reasoningNone,KitToolbox,kit.minimax-m2.7-229b,,-1,,kittoolbox_kit.minimax-m2.7-229b_tmpNone_maxt-1_reasoningNone,KitToolbox,kit.minimax-m2.7-229b,,-1,,orkg_merged_ecsa_icsa.json_jsonpublicationloader_limit-1,['paper_class'],['research_level'],['first_research_object'],['second_research_object'],['validity'],['evidence'],False,False,R659055,https://sandbox.orkg.org,-1,orkg,merged_ecsa_icsa.json_jsonpublicationloader_limit-1,merged_ecsa_icsa.json,JsonPublicationLoader,-1,,4000,2,generation_kittoolbox_kit.minimax-m2.7-229b_tmpNone_maxt-1_reasoningNone,generation,kittoolbox_kit.minimax-m2.7-229b_tmpNone_maxt-1_reasoningNone,KitToolbox,kit.minimax-m2.7-229b,,-1,,What is the paper class of 'From Monolithic Architecture Style to Microservice one Based on a Semi-Automatic Approach' compared to 'Enabling Consistency between Software Artefacts for Software Adaption and Evolution'?,"The paper class of 'From Monolithic Architecture Style to Microservice One Based on a Semi-Automatic Approach' is evaluation research, which is the same as that of 'Enabling Consistency between Software Artefacts for Software Adaptation and Evolution'.","['10.1109/ICSA47634.2020.00023', '10.1109/ICSA51549.2021.00009']",,"['(R870540:Paper Class 2, evaluation research, L1524575:True)', '(R868721:Paper Class 2, evaluation research, L1520709:True)']",publication_subgraph_strategy,R659055,Software Architecture and Design,3,What paper class does the paper [paper_title_1] have compared to the paper [paper_title_2]?
44,39f0c727f1c36390b5a876e7120bfff1,fce381c2-0d49-4c12-95f3-45fcb19ef7be,"

António Silva’s only paper with a specified publication year is **“Monolith Migration Complexity Tuning Through the Application of Microservices Patterns,”** which appeared in **2020** and involved **one research object** (referred to as the **First Research Object 2**) [1].  

Two additional works are also attributed to him:

* **“A Complexity Metric for Microservices Architecture Migration”** – investigated one research object (First Research Object 2) [2].  
* **“From a Monolith to a Microservices Architecture: An Approach Based on Transactional Contexts”** – also involved at least one research object (First Research Object 2) [3].

No publication year is given for the latter two papers in the provided texts.  

**Per‑publication‑year summary**  
- **2020:** 1 research object (Monolith Migration Complexity Tuning… paper)  

Because the remaining papers lack a stated year, the number of research objects per publication year cannot be determined for any other year.

[1] Source: Monolith Migration Complexity Tuning Through the Application of Microservices Patterns, 10.1007/978-3-030-58923-3_3
[2] Source: A Complexity Metric for Microservices Architecture Migration, 10.1109/ICSA47634.2020.00024
[3] Source: From a Monolith to a Microservices Architecture: An Approach Based on Transactional Contexts, 10.1007/978-3-030-29983-5_3
","['(R872484:Monolith Migration Complexity Tuning Through the Application of Microservices Patterns, authors, R872485:authors list)', '(R872485:authors list, has list element, L1528607:António Silva)', '(R874604:A Complexity Metric for Microservices Architecture Migration, authors, R874605:authors list)', '(R874605:authors list, has list element, L1532957:António Silva)', '(R871187:authors list, has list element, L1525913:António Silva)', '(R872484:Monolith Migration Complexity Tuning Through the Application of Microservices Patterns, contribution, R872507:First Research Object 2)', '(R874604:A Complexity Metric for Microservices Architecture Migration, contribution, R874625:First Research Object 2)', '(R871186:From a Monolith to a Microservices Architecture: An Approach Based on Transactional Contexts, contribution, R871207:First Research Object 2)', '(R871186:From a Monolith to a Microservices Architecture: An Approach Based on Transactional Contexts, contribution, R2156223:First Research Object 2)', '(R872484:Monolith Migration Complexity Tuning Through the Application of Microservices Patterns, publication year, L1528608:2020)']",['António Silva'],0.444,0.444,0.222,0.89,0.5,1.0,0.4,0.44,0.42,0.43,0.71,0.56,0.63,0.58,0.4,0.44,0.42,0.43,0.71,0.56,0.63,0.58,0.4,0.714,0.4,0.714,0.03,0.29,0.17,0.83,0.14,0.09,0.43,0.17,0.1,0.48,0.397,0.615,0.483,1.0,435.9819414615631,0.0,35889,0,0.0,,0,0.0,,,0.0,0.0,,0.0,0.0,https://wandb.ai/kastel-sdq-meta-research/experiment_cross_encoder/r/call/01a05ed8-61cf-7fcc-93d8-5071738f66e7,retrieval_config,False,KitToolbox,kit.qwen3-embedding-8b,10,10,True,cosine,True,False,10,-1,8,False,False,1,False,-1,-1,False,,['R659055'],['Paper'],True,False,False,kg_retrieval,hublink,kittoolbox_kit.minimax-m2.7-229b_tmpNone_maxt-1_reasoningNone,KitToolbox,kit.minimax-m2.7-229b,,-1,,kittoolbox_kit.minimax-m2.7-229b_tmpNone_maxt-1_reasoningNone,KitToolbox,kit.minimax-m2.7-229b,,-1,,orkg_merged_ecsa_icsa.json_jsonpublicationloader_limit-1,['paper_class'],['research_level'],['first_research_object'],['second_research_object'],['validity'],['evidence'],False,False,R659055,https://sandbox.orkg.org,-1,orkg,merged_ecsa_icsa.json_jsonpublicationloader_limit-1,merged_ecsa_icsa.json,JsonPublicationLoader,-1,,4000,2,generation_kittoolbox_kit.minimax-m2.7-229b_tmpNone_maxt-1_reasoningNone,generation,kittoolbox_kit.minimax-m2.7-229b_tmpNone_maxt-1_reasoningNone,KitToolbox,kit.minimax-m2.7-229b,,-1,,How many research objects did the author António Silva investigate in his papers per publication year?,The number of research objects that the author António Silva investigated in his papers per publication year is as follows: 2019: one research object; 2020: two research objects.,"['10.1007/978-3-030-29983-5_3', '10.1007/978-3-030-29983-5_3', '10.1007/978-3-030-29983-5_3', '10.1109/ICSA47634.2020.00024', '10.1109/ICSA47634.2020.00024', '10.1109/ICSA47634.2020.00024', '10.1007/978-3-030-58923-3_3', '10.1007/978-3-030-58923-3_3', '10.1007/978-3-030-58923-3_3']",,"['(R871187:authors list, has list element, L1525913:António Silva)', '(R871186:From a Monolith to a Microservices Architecture: An Approach Based on Transactional Contexts, publication year, L1525914:2019)', '(R871214:Research Object Entity, Name, L1525968:Architectural Aspects)', '(R874605:authors list, has list element, L1532957:António Silva)', '(R874604:A Complexity Metric for Microservices Architecture Migration, publication year, L1532958:2020)', '(R874632:Research Object Entity, Name, L1533010:Architecture Design Method)', '(R872485:authors list, has list element, L1528607:António Silva)', '(R872484:Monolith Migration Complexity Tuning Through the Application of Microservices Patterns, publication year, L1528608:2020)', '(R872516:Research Object Entity, Name, L1528666:Architecture Optimization Method)']",clustering_strategy,R659055,Software Architecture and Design,5,How many research objects did the author [Metadata: author name] investigate per year?
45,39f0c727f1c36390b5a876e7120bfff1,00fb2198-9f70-4176-bfa6-0db522a18bd4,"

The available source material provides only fragmentary information about the objects of research that appear in papers authored (or co‑authored) by Klym Shumaiev, and the attribution of the papers to him is not always clear.  

| Year | Research object(s) identified | Source |
|------|-------------------------------|--------|
| 2017 | **First Research Object 2** – described as belonging to the entity **Architecture Optimization Method** | **[3]** |
| 2018 | **First Research Object 2** – described as containing the entity **Architecture Evolution** | **[2]**, **[4]** |

- In 2017, one paper (title not provided in the excerpts) investigates the object labeled *First Research Object 2* and links it to **Architecture Optimization Method**【3】.  
- In 2018, two separate works are reported to examine *First Research Object 2* and associate it with **Architecture Evolution**【2】【4】. One of these works is titled *“Using Informal Knowledge for Improving Software Quality Trade‑Off Decisions”* and the other is *“Empirical Insights into the Evolving Role of Architects in Decision‑Making in an Agile Context.”* However, the sources note that these 2018 publications are attributed to other authors (e.g., Axel Busch) and do not explicitly mention Klym Shumaiev【2】【4】.  

Consequently, the only concrete distribution that can be inferred from the provided texts is:

- **2017:** 1 research object (First Research Object 2 / Architecture Optimization Method)  
- **2018:** 1 research object (First Research Object 2 / Architecture Evolution)  

All other years and any additional research objects remain undocumented in the excerpts, and the exact authorship by Klym Shumaiev for the 2018 papers is not confirmed.

[2] Source: Using Informal Knowledge for Improving Software Quality Trade-Off Decisions, 10.1007/978-3-030-00761-4_18
[3] Source: Workload-Based Clustering of Coherent Feature Sets in Microservice Architectures, 10.1109/ICSA.2017.38
[4] Source: Empirical Insights into the Evolving Role of Architects in Decision-Making in an Agile Context, 10.1007/978-3-030-00761-4_17
","['(R873301:Empirical Insights into the Evolving Role of Architects in Decision-Making in an Agile Context, publication year, L1530222:2018)', '(R873459:Using Informal Knowledge for Improving Software Quality Trade-Off Decisions, publication year, L1530563:2018)', '(R874643:Workload-Based Clustering of Coherent Feature Sets in Microservice Architectures, publication year, L1533042:2017)', '(R873459:Using Informal Knowledge for Improving Software Quality Trade-Off Decisions, contribution, R873475:First Research Object 2)', '(R873482:Research Object Entity, Name, L1530596:Architecture Evolution)', '(R873301:Empirical Insights into the Evolving Role of Architects in Decision-Making in an Agile Context, contribution, R873322:First Research Object 2)', '(R874643:Workload-Based Clustering of Coherent Feature Sets in Microservice Architectures, contribution, R874665:First Research Object 2)', '(R874665:First Research Object 2, Object, R874672:Research Object List)', '(R874672:Research Object List, Entity, R874673:Research Object Entity)', '(R874673:Research Object Entity, Name, L1533096:Architecture Optimization Method)']",['Klym Shumaiev'],0.0,0.0,0.0,0.0,0.0,0.0,0.0,0.0,0.0,0.0,0.0,0.0,0.0,0.0,0.0,0.0,0.0,0.0,0.0,0.0,0.0,0.0,0.0,0.0,0.0,0.0,0.01,0.15,0.08,0.95,0.05,0.03,0.32,0.11,0.06,0.7,0.327,0.594,0.422,1.0,542.2926092147827,0.0,68530,0,0.0,,0,0.0,,,0.0,0.0,,0.0,0.0,https://wandb.ai/kastel-sdq-meta-research/experiment_cross_encoder/r/call/01a05ed8-eeb0-7179-9a97-8c40b699fdb2,retrieval_config,False,KitToolbox,kit.qwen3-embedding-8b,10,10,True,cosine,True,False,10,-1,8,False,False,1,False,-1,-1,False,,['R659055'],['Paper'],True,False,False,kg_retrieval,hublink,kittoolbox_kit.minimax-m2.7-229b_tmpNone_maxt-1_reasoningNone,KitToolbox,kit.minimax-m2.7-229b,,-1,,kittoolbox_kit.minimax-m2.7-229b_tmpNone_maxt-1_reasoningNone,KitToolbox,kit.minimax-m2.7-229b,,-1,,orkg_merged_ecsa_icsa.json_jsonpublicationloader_limit-1,['paper_class'],['research_level'],['first_research_object'],['second_research_object'],['validity'],['evidence'],False,False,R659055,https://sandbox.orkg.org,-1,orkg,merged_ecsa_icsa.json_jsonpublicationloader_limit-1,merged_ecsa_icsa.json,JsonPublicationLoader,-1,,4000,2,generation_kittoolbox_kit.minimax-m2.7-229b_tmpNone_maxt-1_reasoningNone,generation,kittoolbox_kit.minimax-m2.7-229b_tmpNone_maxt-1_reasoningNone,KitToolbox,kit.minimax-m2.7-229b,,-1,,How are the objects of research that have been investigated in papers published by Klym Shumaiev distributed per year?,The research objects investigated in papers published by Klym Shumaiev are distributed as one in 2017 and one in 2018.,"['10.1109/ICSA.2018.00018', '10.1109/ICSA.2018.00018', '10.1109/ICSA.2018.00018', '10.1007/978-3-319-65831-5_10', '10.1007/978-3-319-65831-5_10', '10.1007/978-3-319-65831-5_10']",,"['(R873899:authors list, has list element, L1531468:Klym Shumaiev)', '(R873898:An Expert Recommendation System for Design Decision Making: Who Should be Involved in Making a Design Decision?, publication year, L1531473:2018)', '(R873926:Research Object Entity, Name, L1531525:Architecture Decision Making)', '(R868746:authors list, has list element, L1520755:Klym Shumaiev)', '(R868745:Automatic Extraction of Design Decisions from Issue Management Systems: A Machine Learning Based Approach, publication year, L1520759:2017)', '(R868773:Research Object Entity, Name, L1520811:Architecture Analysis Method)']",clustering_strategy,R659055,Software Architecture and Design,5,What is the proportion of research objects that have been published by the author [Metadata: author name] per year?
46,39f0c727f1c36390b5a876e7120bfff1,2d90aff2-825e-4574-aad5-d1f643ffe7a3,"

**Publication‑year breakdown of evaluation methods used in papers authored by Mauro Caporuscio**

| Year | Paper (explicitly attributed to Mauro Caporuscio) | Evaluation method(s) used | Number of methods for the paper | Source |
|------|---------------------------------------------------|---------------------------|--------------------------------|--------|
| **2020** | *Decentralized Architecture for Energy‑Aware Service Assembly* | Technical Experiment | 1 | **[1]** |
|          | *Architectural Concerns for Digital Twin of the Organization* | Case Study | 1 | **[2]** |
|          | **Total for 2020** | — | **2** | — |
| **2021** | *A Machine Learning Approach to Service Discovery for Microservice Architectures* | Technical Experiment | 1 | **[3]** |
|          | **Total for 2021** | — | **1** | — |
| **Other years** | No paper authored by Mauro Caporuscio is explicitly identified in the supplied texts. A 2017 paper (*Designing Robust Software Systems through Parametric Markov Chain Synthesis*) is mentioned but is **not linked** to the author **[4]**; a 2020 paper with Argumentation and Technical Experiment methods is reported, but the source does **not associate** it with Mauro Caporuscio **[5]**. Therefore, the number of evaluation methods for any year other than 2020 and 2021 cannot be determined from the given information. |

**Summary**

- **2020:** 2 distinct evaluation methods (Technical Experiment and Case Study) across 2 papers.  
- **2021:** 1 evaluation method (Technical Experiment) in 1 paper.  
- **Other years:** No reliable data linking additional papers or methods to Mauro Caporuscio.

[1] Source: Decentralized Architecture for Energy-Aware Service Assembly, 10.1007/978-3-030-58923-3_4
[2] Source: Architectural Concerns for Digital Twin of the Organization, 10.1007/978-3-030-58923-3_18
[3] Source: A Machine Learning Approach to Service Discovery for Microservice Architectures, 10.1007/978-3-030-86044-8_5
[4] Source: Designing Robust Software Systems through Parametric Markov Chain Synthesis, 10.1109/ICSA.2017.16
[5] Source: Continuous Experimentation for Automotive Software on the Example of a Heavy Commercial Vehicle in Daily Operation, 10.1007/978-3-030-58923-3_5
","['(R869730:Architectural Concerns for Digital Twin of the Organization, publication year, L1522884:2020)', '(R869907:Decentralized Architecture for Energy-Aware Service Assembly, publication year, L1523247:2020)', '(R869908:authors list, has list element, L1523243:Mauro Caporuscio)', '(R873021:Continuous Experimentation for Automotive Software on the Example of a Heavy Commercial Vehicle in Daily Operation, publication year, L1529684:2020)', '(R869731:authors list, has list element, L1522878:Mauro Caporuscio)', '(R870227:A Machine Learning Approach to Service Discovery for Microservice Architectures, authors, R870228:authors list)', '(R870228:authors list, has list element, L1523935:Mauro Caporuscio)', '(R868403:Designing Robust Software Systems through Parametric Markov Chain Synthesis, publication year, L1520024:2017)', '(R869730:Architectural Concerns for Digital Twin of the Organization, authors, R869731:authors list)', '(R869751:Paper Class 2, evaluation research, L1522932:True)', '(R873059:Evaluation, Evaluation method, R873060:Evaluation Method List)', '(R873060:Evaluation Method List, Entity, R873061:Evaluation Method Entity)', '(R873061:Evaluation Method Entity, Name, L1529746:Argumentation)', '(R870227:A Machine Learning Approach to Service Discovery for Microservice Architectures, contribution, R2156218:First Research Object 2)', '(R2156218:First Research Object 2, evaluation, R2156231:Evaluation)', '(R869753:First Research Object 2, evaluation, R869754:Evaluation)', '(R869754:Evaluation, Evaluation method, R869755:Evaluation Method List)', '(R869755:Evaluation Method List, Entity, R869756:Evaluation Method Entity)', '(R869756:Evaluation Method Entity, Name, L1522935:Case Study)', '(R870227:A Machine Learning Approach to Service Discovery for Microservice Architectures, publication year, L1523939:2021)', '(R873051:Evaluation, Evaluation method, R873052:Evaluation Method List)', '(R873052:Evaluation Method List, Entity, R873053:Evaluation Method Entity)', '(R873053:Evaluation Method Entity, Name, L1529741:Technical Experiment)', '(R869930:Evaluation, Evaluation method, R869931:Evaluation Method List)', '(R869932:Evaluation Method Entity, Name, L1523299:Technical Experiment)', '(R2156231:Evaluation, Evaluation method, R2156235:Evaluation Method List)', '(R2156235:Evaluation Method List, Entity, R2156239:Evaluation Method Entity)', '(R2156239:Evaluation Method Entity, Name, L2809609:Technical Experiment)', '(R868427:Evaluation, Evaluation method, R868428:Evaluation Method List)', '(R868428:Evaluation Method List, Entity, R868429:Evaluation Method Entity)', '(R868429:Evaluation Method Entity, Name, L1520077:Technical Experiment)']",['Mauro Caporuscio'],0.556,0.278,0.502,0.549,1.0,1.0,0.5,0.56,0.53,0.54,0.65,0.61,0.63,0.62,0.26,0.89,0.4,0.6,0.36,0.89,0.52,0.69,0.5,0.647,0.258,0.364,0.01,0.21,0.12,0.69,0.09,0.05,0.29,0.16,0.09,0.51,0.406,0.607,0.486,1.0,538.5490992069244,0.0,32125,0,0.0,,0,0.0,,,0.0,0.0,,0.0,0.0,https://wandb.ai/kastel-sdq-meta-research/experiment_cross_encoder/r/call/01a05ed9-96ba-712c-add8-072ab712af4a,retrieval_config,False,KitToolbox,kit.qwen3-embedding-8b,10,10,True,cosine,True,False,10,-1,8,False,False,1,False,-1,-1,False,,['R659055'],['Paper'],True,False,False,kg_retrieval,hublink,kittoolbox_kit.minimax-m2.7-229b_tmpNone_maxt-1_reasoningNone,KitToolbox,kit.minimax-m2.7-229b,,-1,,kittoolbox_kit.minimax-m2.7-229b_tmpNone_maxt-1_reasoningNone,KitToolbox,kit.minimax-m2.7-229b,,-1,,orkg_merged_ecsa_icsa.json_jsonpublicationloader_limit-1,['paper_class'],['research_level'],['first_research_object'],['second_research_object'],['validity'],['evidence'],False,False,R659055,https://sandbox.orkg.org,-1,orkg,merged_ecsa_icsa.json_jsonpublicationloader_limit-1,merged_ecsa_icsa.json,JsonPublicationLoader,-1,,4000,2,generation_kittoolbox_kit.minimax-m2.7-229b_tmpNone_maxt-1_reasoningNone,generation,kittoolbox_kit.minimax-m2.7-229b_tmpNone_maxt-1_reasoningNone,KitToolbox,kit.minimax-m2.7-229b,,-1,,"For each publication year, what is the number of evaluation methods applied in papers published by the author Mauro Caporuscio?","The number of evaluation methods applied in papers published by the author Mauro Caporuscio for each publication year is as follows: in 2020, two evaluation methods were applied; in 2021, one evaluation method was applied.","['10.1007/978-3-030-58923-3_4', '10.1007/978-3-030-58923-3_4', '10.1007/978-3-030-58923-3_4', '10.1007/978-3-030-86044-8_5', '10.1007/978-3-030-86044-8_5', '10.1007/978-3-030-86044-8_5', '10.1007/978-3-030-58923-3_18', '10.1007/978-3-030-58923-3_18', '10.1007/978-3-030-58923-3_18']",,"['(R869908:authors list, has list element, L1523243:Mauro Caporuscio)', '(R869907:Decentralized Architecture for Energy-Aware Service Assembly, publication year, L1523247:2020)', '(R869932:Evaluation Method Entity, Name, L1523299:Technical Experiment)', '(R870228:authors list, has list element, L1523935:Mauro Caporuscio)', '(R870227:A Machine Learning Approach to Service Discovery for Microservice Architectures, publication year, L1523939:2021)', '(R870253:Evaluation Method Entity, Name, L1523994:Technical Experiment)', '(R869731:authors list, has list element, L1522878:Mauro Caporuscio)', '(R869730:Architectural Concerns for Digital Twin of the Organization, publication year, L1522884:2020)', '(R869756:Evaluation Method Entity, Name, L1522935:Case Study)']",clustering_strategy,R659055,Software Architecture and Design,6,What is the proportion of the evaluation methods that have been published by the author [Metadata: author name] per year?
47,39f0c727f1c36390b5a876e7120bfff1,ea232df6-7d5e-493e-802e-5aef7c93b2ac,"

**Evaluation approaches used by Danny Weyns per year**

| Year | Number of evaluation approaches | Description (as reported) | Source |
|------|--------------------------------|---------------------------|--------|
| 2018 | **1** | The paper *Applying Architecture‑Based Adaptation to Automate the Management of Internet‑of‑Things* includes an evaluation of its first research object that focuses on product‑quality properties and a discussion of validity considerations. | [1] |
| 2019 | **1** | The paper *Continuous Adaptation Management in Collective Intelligence Systems* employs a single “Case Study” method for its evaluation. | [2] |

Only these two publications of Danny Weyns appear in the provided texts, each using one evaluation approach.

[1] Source: Applying Architecture-Based Adaptation to Automate the Management of Internet-of-Things, 10.1007/978-3-030-00761-4_4
[2] Source: Continuous Adaptation Management in Collective Intelligence Systems, 10.1007/978-3-030-29983-5_8
","['(R869606:authors list, has list element, L1522603:Danny Weyns)', '(R871631:Applying Architecture-Based Adaptation to Automate the Management of Internet-of-Things, authors, R871632:authors list)', '(R871632:authors list, has list element, L1526813:Danny Weyns)', '(R871654:First Research Object 2, evaluation, R871655:Evaluation)', '(R869605:Continuous Adaptation Management in Collective Intelligence Systems, contribution, R869628:First Research Object 2)', '(R869628:First Research Object 2, evaluation, R869629:Evaluation)', '(R871631:Applying Architecture-Based Adaptation to Automate the Management of Internet-of-Things, publication year, L1526817:2018)', '(R869605:Continuous Adaptation Management in Collective Intelligence Systems, publication year, L1522605:2019)', '(R869629:Evaluation, Evaluation method, R869630:Evaluation Method List)', '(R869630:Evaluation Method List, Entity, R869631:Evaluation Method Entity)', '(R869631:Evaluation Method Entity, Name, L1522660:Case Study)']",['Danny Weyns'],0.667,0.667,0.433,0.596,1.0,1.0,0.4,0.67,0.5,0.59,0.64,0.75,0.69,0.73,0.45,0.83,0.59,0.71,0.67,0.83,0.74,0.79,0.4,0.643,0.455,0.667,0.02,0.3,0.18,0.74,0.09,0.05,0.23,0.17,0.11,0.43,0.422,0.625,0.504,1.0,497.6792461872101,0.0,11661,0,0.0,,0,0.0,,,0.0,0.0,,0.0,0.0,https://wandb.ai/kastel-sdq-meta-research/experiment_cross_encoder/r/call/01a05edb-1242-7221-ac97-bc6d9819c74a,retrieval_config,False,KitToolbox,kit.qwen3-embedding-8b,10,10,True,cosine,True,False,10,-1,8,False,False,1,False,-1,-1,False,,['R659055'],['Paper'],True,False,False,kg_retrieval,hublink,kittoolbox_kit.minimax-m2.7-229b_tmpNone_maxt-1_reasoningNone,KitToolbox,kit.minimax-m2.7-229b,,-1,,kittoolbox_kit.minimax-m2.7-229b_tmpNone_maxt-1_reasoningNone,KitToolbox,kit.minimax-m2.7-229b,,-1,,orkg_merged_ecsa_icsa.json_jsonpublicationloader_limit-1,['paper_class'],['research_level'],['first_research_object'],['second_research_object'],['validity'],['evidence'],False,False,R659055,https://sandbox.orkg.org,-1,orkg,merged_ecsa_icsa.json_jsonpublicationloader_limit-1,merged_ecsa_icsa.json,JsonPublicationLoader,-1,,4000,2,generation_kittoolbox_kit.minimax-m2.7-229b_tmpNone_maxt-1_reasoningNone,generation,kittoolbox_kit.minimax-m2.7-229b_tmpNone_maxt-1_reasoningNone,KitToolbox,kit.minimax-m2.7-229b,,-1,,"For each year, what is the number of evaluation approaches that have been applied in papers published by Danny Weyns?",The number of evaluation approaches that have been applied in papers published by Danny Weyns is one in 2018 and one in 2019.,"['10.1007/978-3-030-00761-4_4', '10.1007/978-3-030-00761-4_4', '10.1007/978-3-030-00761-4_4', '10.1007/978-3-030-29983-5_8', '10.1007/978-3-030-29983-5_8', '10.1007/978-3-030-29983-5_8']",,"['(R871632:authors list, has list element, L1526813:Danny Weyns)', '(R871631:Applying Architecture-Based Adaptation to Automate the Management of Internet-of-Things, publication year, L1526817:2018)', '(R871657:Evaluation Method Entity, Name, L1526868:Case Study)', '(R869606:authors list, has list element, L1522603:Danny Weyns)', '(R869605:Continuous Adaptation Management in Collective Intelligence Systems, publication year, L1522605:2019)', '(R869631:Evaluation Method Entity, Name, L1522660:Case Study)']",clustering_strategy,R659055,Software Architecture and Design,6,What is the proportion of the evaluation methods that have been published by the author [Metadata: author name] per year?
48,39f0c727f1c36390b5a876e7120bfff1,45fd4cfa-0734-4805-b703-9108057fe185,"

The work that directly investigates the **property Robustness** is the paper titled **“Designing Robust Software Systems through Parametric Markov Chain Synthesis.”** This study includes an evaluation (the “First Research Object 2”) that explicitly examines properties and focuses on the primary property **Robustness**, together with its sub‑properties. The paper was presented at the **International Conference on Software Architecture (ICSA 2017)** (DOI: 10.1109/ICSA.2017.16) and lists **Nicola Paoletti** among its authors. [1]

[1] Source: Designing Robust Software Systems through Parametric Markov Chain Synthesis, 10.1109/ICSA.2017.16
","['(R868403:Designing Robust Software Systems through Parametric Markov Chain Synthesis, contribution, R868426:First Research Object 2)', '(R868426:First Research Object 2, evaluation, R868427:Evaluation)', '(R868427:Evaluation, properties, R868432:Property)', '(R868433:Property, Name, L1520081:Robustness)']",[],1.0,1.0,0.25,0.125,0.25,0.25,0.25,1.0,0.4,0.62,0.33,1.0,0.5,0.71,0.25,1.0,0.4,0.62,0.33,1.0,0.5,0.71,0.25,0.333,0.25,0.333,0.07,0.45,0.3,0.96,0.29,0.19,0.64,0.35,0.23,0.74,0.523,0.813,0.637,1.0,384.73037600517273,0.0,3419,0,0.0,,0,0.0,,,0.0,0.0,,0.0,0.0,https://wandb.ai/kastel-sdq-meta-research/experiment_cross_encoder/r/call/01a05edc-cc78-7524-8536-24d9c7cd956b,retrieval_config,False,KitToolbox,kit.qwen3-embedding-8b,10,10,True,cosine,True,False,10,-1,8,False,False,1,False,-1,-1,False,,['R659055'],['Paper'],True,False,False,kg_retrieval,hublink,kittoolbox_kit.minimax-m2.7-229b_tmpNone_maxt-1_reasoningNone,KitToolbox,kit.minimax-m2.7-229b,,-1,,kittoolbox_kit.minimax-m2.7-229b_tmpNone_maxt-1_reasoningNone,KitToolbox,kit.minimax-m2.7-229b,,-1,,orkg_merged_ecsa_icsa.json_jsonpublicationloader_limit-1,['paper_class'],['research_level'],['first_research_object'],['second_research_object'],['validity'],['evidence'],False,False,R659055,https://sandbox.orkg.org,-1,orkg,merged_ecsa_icsa.json_jsonpublicationloader_limit-1,merged_ecsa_icsa.json,JsonPublicationLoader,-1,,4000,2,generation_kittoolbox_kit.minimax-m2.7-229b_tmpNone_maxt-1_reasoningNone,generation,kittoolbox_kit.minimax-m2.7-229b_tmpNone_maxt-1_reasoningNone,KitToolbox,kit.minimax-m2.7-229b,,-1,,Which paper investigates the property robustness?,The paper with the title 'Designing Robust Software Systems through Parametric Markov Chain Synthesis' is the only paper that evaluates the property robustness.,['10.1109/ICSA.2017.16'],,"['(R868433:Property, Name, L1520081:Robustness)']",publication_subgraph_strategy,R868403,Designing Robust Software Systems through Parametric Markov Chain Synthesis,5,Which papers evaluate the sub-property with the name [Content Data: sub-property name]?
49,39f0c727f1c36390b5a876e7120bfff1,2187663c-dd71-43a1-aa61-14fefbf9bc53,"

Based on the partial answers provided, the paper that applies verification as a method in its evaluation is **""Semantic Differencing for Message-Driven Component & Connector Architectures""** [1].

[1] Source: Semantic Differencing for Message-Driven Component & Connector Architectures, 10.1109/ICSA.2017.34
","['(R873116:Semantic Differencing for Message-Driven Component & Connector Architectures, contribution, R873145:First Research Object 2)', '(R873145:First Research Object 2, evaluation, R873152:Evaluation)', '(R873152:Evaluation, Evaluation method, R873153:Evaluation Method List)', '(R873153:Evaluation Method List, Entity, R873154:Evaluation Method Entity)', '(R873154:Evaluation Method Entity, Name, L1529927:Verification)']",[],1.0,1.0,0.2,0.325,0.2,0.25,0.2,1.0,0.33,0.56,0.33,1.0,0.5,0.71,0.2,1.0,0.33,0.56,0.33,1.0,0.5,0.71,0.2,0.333,0.2,0.333,0.19,0.76,0.63,0.94,0.37,0.31,0.47,0.49,0.41,0.61,0.758,0.876,0.813,1.0,289.09969902038574,0.0,6730,0,0.0,,0,0.0,,,0.0,0.0,,0.0,0.0,https://wandb.ai/kastel-sdq-meta-research/experiment_cross_encoder/r/call/01a05edf-84c0-70bf-a7ff-8c1ec566f514,retrieval_config,False,KitToolbox,kit.qwen3-embedding-8b,10,10,True,cosine,True,False,10,-1,8,False,False,1,False,-1,-1,False,,['R659055'],['Paper'],True,False,False,kg_retrieval,hublink,kittoolbox_kit.minimax-m2.7-229b_tmpNone_maxt-1_reasoningNone,KitToolbox,kit.minimax-m2.7-229b,,-1,,kittoolbox_kit.minimax-m2.7-229b_tmpNone_maxt-1_reasoningNone,KitToolbox,kit.minimax-m2.7-229b,,-1,,orkg_merged_ecsa_icsa.json_jsonpublicationloader_limit-1,['paper_class'],['research_level'],['first_research_object'],['second_research_object'],['validity'],['evidence'],False,False,R659055,https://sandbox.orkg.org,-1,orkg,merged_ecsa_icsa.json_jsonpublicationloader_limit-1,merged_ecsa_icsa.json,JsonPublicationLoader,-1,,4000,2,generation_kittoolbox_kit.minimax-m2.7-229b_tmpNone_maxt-1_reasoningNone,generation,kittoolbox_kit.minimax-m2.7-229b_tmpNone_maxt-1_reasoningNone,KitToolbox,kit.minimax-m2.7-229b,,-1,,Which paper applies verification as a method in their evaluation?,The evaluation method Verification is applied in the paper titled 'Semantic Differencing for Message-Driven Component & Connector Architectures.',['10.1109/ICSA.2017.34'],,"['(R873154:Evaluation Method Entity, Name, L1529927:Verification)']",publication_subgraph_strategy,R873116,Semantic Differencing for Message-Driven Component & Connector Architectures,5,Which paper includes the evaluation method [Content Data: evaluation method name]?
50,39f0c727f1c36390b5a876e7120bfff1,6f38c463-5bcd-45c3-8bb7-c37ffef0f7fc,"

The information provided in the two sources does not explicitly identify a paper that evaluates the “limit of detection.” According to the summaries in [1] and [2], the papers discussed are “Incremental Calibration of Architectural Performance Models with Parametric Dependencies” and “Microservice Architecture in Reality: An Industrial Inquiry,” but neither source mentions an evaluation of the limit of detection.

[1] Source: Incremental Calibration of Architectural Performance Models with Parametric Dependencies, 10.1109/ICSA47634.2020.00011
[2] Source: Microservice Architecture in Reality: An Industrial Inquiry, 10.1109/ICSA.2019.00014
","['(R870188:Microservice Architecture in Reality: An Industrial Inquiry, contribution, R2156156:Paper Class 2)', '(R870188:Microservice Architecture in Reality: An Industrial Inquiry, contribution, R870209:First Research Object 2)', '(R2156156:Paper Class 2, evaluation research, L2809508:True)', '(R870059:Incremental Calibration of Architectural Performance Models with Parametric Dependencies, contribution, R870082:First Research Object 2)', '(R870082:First Research Object 2, evaluation, R870083:Evaluation)', '(R870209:First Research Object 2, evaluation, R870210:Evaluation)']",[],0.0,0.0,0.0,0.0,0.0,0.0,0.0,0.0,0.0,0.0,0.0,0.0,0.0,0.0,0.0,0.0,0.0,0.0,0.0,0.0,0.0,0.0,0.0,0.0,0.0,0.0,0.04,0.3,0.2,0.57,0.13,0.09,0.25,0.23,0.15,0.43,0.534,0.711,0.61,1.0,336.5554995536804,0.0,53582,0,0.0,,0,0.0,,,0.0,0.0,,0.0,0.0,https://wandb.ai/kastel-sdq-meta-research/experiment_cross_encoder/r/call/01a05ee1-9108-7ea7-8998-f6573159f425,retrieval_config,False,KitToolbox,kit.qwen3-embedding-8b,10,10,True,cosine,True,False,10,-1,8,False,False,1,False,-1,-1,False,,['R659055'],['Paper'],True,False,False,kg_retrieval,hublink,kittoolbox_kit.minimax-m2.7-229b_tmpNone_maxt-1_reasoningNone,KitToolbox,kit.minimax-m2.7-229b,,-1,,kittoolbox_kit.minimax-m2.7-229b_tmpNone_maxt-1_reasoningNone,KitToolbox,kit.minimax-m2.7-229b,,-1,,orkg_merged_ecsa_icsa.json_jsonpublicationloader_limit-1,['paper_class'],['research_level'],['first_research_object'],['second_research_object'],['validity'],['evidence'],False,False,R659055,https://sandbox.orkg.org,-1,orkg,merged_ecsa_icsa.json_jsonpublicationloader_limit-1,merged_ecsa_icsa.json,JsonPublicationLoader,-1,,4000,2,generation_kittoolbox_kit.minimax-m2.7-229b_tmpNone_maxt-1_reasoningNone,generation,kittoolbox_kit.minimax-m2.7-229b_tmpNone_maxt-1_reasoningNone,KitToolbox,kit.minimax-m2.7-229b,,-1,,In which paper is the limit of detection evaluated?,The paper in which the limit of detection is evaluated is 'Supporting Architectural Decision Making on Data Management in Microservice Architectures.',['10.1007/978-3-030-29983-5_2'],,"['(R873008:Property, Name, L1529650:Limit of detection)']",publication_subgraph_strategy,R659055,Software Architecture and Design,6,Which paper includes the evaluation sub-property [Content Data: sub-property name]?
51,39f0c727f1c36390b5a876e7120bfff1,214b727e-0f2c-47c9-a05b-380312427489,"

The property **Recovery** is evaluated in the paper titled **“Butterfly Space: An Architectural Approach for Investigating Performance Issues.”** [1]

[1] Source: Butterfly Space: An Architectural Approach for Investigating Performance Issues, 10.1109/ICSA47634.2020.00027
","['(R873171:Butterfly Space: An Architectural Approach for Investigating Performance Issues, contribution, R873214:Second Research Object 2)', '(R873171:Butterfly Space: An Architectural Approach for Investigating Performance Issues, contribution, R873203:First Research Object 2)', '(R873203:First Research Object 2, evaluation, R873204:Evaluation)', '(R873204:Evaluation, properties, R873207:Property)', '(R873209:Property, Name, L1530038:Recovery)']",[],1.0,1.0,0.2,0.1,0.2,0.2,0.2,1.0,0.33,0.56,0.29,1.0,0.44,0.67,0.2,1.0,0.33,0.56,0.29,1.0,0.44,0.67,0.2,0.286,0.2,0.286,0.41,0.94,0.89,1.0,0.88,0.83,0.94,0.94,0.89,1.0,0.765,0.942,0.844,1.0,432.15889620780945,0.0,50247,0,0.0,,0,0.0,,,0.0,0.0,,0.0,0.0,https://wandb.ai/kastel-sdq-meta-research/experiment_cross_encoder/r/call/01a05ee2-3cb3-72d2-b0c8-1350995aa0c7,retrieval_config,False,KitToolbox,kit.qwen3-embedding-8b,10,10,True,cosine,True,False,10,-1,8,False,False,1,False,-1,-1,False,,['R659055'],['Paper'],True,False,False,kg_retrieval,hublink,kittoolbox_kit.minimax-m2.7-229b_tmpNone_maxt-1_reasoningNone,KitToolbox,kit.minimax-m2.7-229b,,-1,,kittoolbox_kit.minimax-m2.7-229b_tmpNone_maxt-1_reasoningNone,KitToolbox,kit.minimax-m2.7-229b,,-1,,orkg_merged_ecsa_icsa.json_jsonpublicationloader_limit-1,['paper_class'],['research_level'],['first_research_object'],['second_research_object'],['validity'],['evidence'],False,False,R659055,https://sandbox.orkg.org,-1,orkg,merged_ecsa_icsa.json_jsonpublicationloader_limit-1,merged_ecsa_icsa.json,JsonPublicationLoader,-1,,4000,2,generation_kittoolbox_kit.minimax-m2.7-229b_tmpNone_maxt-1_reasoningNone,generation,kittoolbox_kit.minimax-m2.7-229b_tmpNone_maxt-1_reasoningNone,KitToolbox,kit.minimax-m2.7-229b,,-1,,In which paper is the property Recovery evaluated?,The property Recovery is evaluated in the paper 'Butterfly Space: An Architectural Approach for Investigating Performance Issues.',['10.1109/ICSA47634.2020.00027'],,"['(R873209:Property, Name, L1530038:Recovery)']",publication_subgraph_strategy,R659055,Software Architecture and Design,6,Which paper includes the evaluation sub-property [Content Data: sub-property name]?
52,39f0c727f1c36390b5a876e7120bfff1,5bb01df5-bdda-4226-9abb-0508dd287db1,"

Based on the provided partial answers, the following papers apply the evaluation method **Field Experiment**:

1. **""ACE: Easy Deployment of Field Optimization Experiments""** — This paper is explicitly identified as applying the Field Experiment evaluation method [1].

2. **""An Architecture for Decentralized, Collaborative, and Autonomous Robots""** — This paper is also identified as applying the Field Experiment evaluation method [2].

3. **""Decision Models for Microservices: Design Areas, Stakeholders, Use Cases, and Requirements""** — This paper is further identified as applying the Field Experiment evaluation method [3].

It should be noted that partial answer [4] states that no paper in the provided texts was evaluated using the Field Experiment method, contradicting the other partial answers. Given that the majority of partial answers identify specific papers as applying this method, this final answer follows the consistent evidence from sources [1], [2], and [3].

[1] Source: ACE: Easy Deployment of Field Optimization Experiments, 10.1007/978-3-030-29983-5_18
[2] Source: An Architecture for Decentralized, Collaborative, and Autonomous Robots, 10.1109/ICSA.2018.00017
[3] Source: Decision Models for Microservices: Design Areas, Stakeholders, Use Cases, and Requirements, 10.1007/978-3-319-65831-5_11
[4] Source: Experiments in Curation: Towards Machine-Assisted Construction of Software Architecture Knowledge Bases, 10.1109/ICSA.2017.27
","['(R869486:ACE: Easy Deployment of Field Optimization Experiments, contribution, R869507:First Research Object 2)', '(R869507:First Research Object 2, evaluation, R869508:Evaluation)', '(R869508:Evaluation, Evaluation method, R869509:Evaluation Method List)', '(R869509:Evaluation Method List, Entity, R869510:Evaluation Method Entity)', '(R869510:Evaluation Method Entity, Name, L1522395:Field Experiment)', '(R871523:An Architecture for Decentralized, Collaborative, and Autonomous Robots, contribution, R871554:First Research Object 2)', '(R871554:First Research Object 2, evaluation, R871565:Evaluation)', '(R871565:Evaluation, Evaluation method, R871566:Evaluation Method List)', '(R871566:Evaluation Method List, Entity, R871567:Evaluation Method Entity)', '(R869392:Decision Models for Microservices: Design Areas, Stakeholders, Use Cases, and Requirements, contribution, R869415:First Research Object 2)', '(R869415:First Research Object 2, evaluation, R869416:Evaluation)', '(R869416:Evaluation, Evaluation method, R869417:Evaluation Method List)', '(R869417:Evaluation Method List, Entity, R869418:Evaluation Method Entity)', '(R869418:Evaluation Method Entity, Name, L1522201:Field Experiment)', '(R871554:First Research Object 2, evaluation, R871555:Evaluation)', '(R871555:Evaluation, Evaluation method, R871556:Evaluation Method List)', '(R871556:Evaluation Method List, Entity, R871557:Evaluation Method Entity)', '(R871557:Evaluation Method Entity, Name, L1526667:Field Experiment)']",[],0.333,0.167,0.067,0.108,0.2,0.25,0.1,0.33,0.15,0.23,0.15,0.33,0.21,0.27,0.17,1.0,0.29,0.5,0.29,1.0,0.44,0.67,0.1,0.154,0.167,0.286,0.18,0.44,0.28,0.97,0.34,0.22,0.77,0.34,0.22,0.75,0.523,0.799,0.632,1.0,266.85717940330505,0.0,5404,0,0.0,,0,0.0,,,0.0,0.0,,0.0,0.0,https://wandb.ai/kastel-sdq-meta-research/experiment_cross_encoder/r/call/01a05ee3-2d88-7463-82af-07419c042653,retrieval_config,False,KitToolbox,kit.qwen3-embedding-8b,10,10,True,cosine,True,False,10,-1,8,False,False,1,False,-1,-1,False,,['R659055'],['Paper'],True,False,False,kg_retrieval,hublink,kittoolbox_kit.minimax-m2.7-229b_tmpNone_maxt-1_reasoningNone,KitToolbox,kit.minimax-m2.7-229b,,-1,,kittoolbox_kit.minimax-m2.7-229b_tmpNone_maxt-1_reasoningNone,KitToolbox,kit.minimax-m2.7-229b,,-1,,orkg_merged_ecsa_icsa.json_jsonpublicationloader_limit-1,['paper_class'],['research_level'],['first_research_object'],['second_research_object'],['validity'],['evidence'],False,False,R659055,https://sandbox.orkg.org,-1,orkg,merged_ecsa_icsa.json_jsonpublicationloader_limit-1,merged_ecsa_icsa.json,JsonPublicationLoader,-1,,4000,2,generation_kittoolbox_kit.minimax-m2.7-229b_tmpNone_maxt-1_reasoningNone,generation,kittoolbox_kit.minimax-m2.7-229b_tmpNone_maxt-1_reasoningNone,KitToolbox,kit.minimax-m2.7-229b,,-1,,Which papers apply the evaluation method Field Experiment?,"The papers that apply the evaluation method Field Experiment are: 1. ACE: Easy Deployment of Field Optimization Experiments, 2. Decision Models for Microservices: Design Areas, Stakeholders, Use Cases, and Requirements, and 3. An Architecture for Decentralized, Collaborative, and Autonomous Robots.","['10.1007/978-3-030-29983-5_18', '10.1007/978-3-319-65831-5_11', '10.1109/ICSA.2018.00017']",,"['(R869510:Evaluation Method Entity, Name, L1522395:Field Experiment)', '(R869418:Evaluation Method Entity, Name, L1522201:Field Experiment)', '(R871557:Evaluation Method Entity, Name, L1526667:Field Experiment)']",clustering_strategy,R659055,Software Architecture and Design,6,Which papers apply the evaluation method with the name [Content Data: evaluation method name]?
53,39f0c727f1c36390b5a876e7120bfff1,bc1db099-d9e2-4833-aace-3d841e893500,"

None of the papers discussed in the provided sources employ focus groups as an evaluation method. The sources indicate only other evaluation approaches—Argumentation, Case Study, and Interview—are used in the respective papers [1][2][3].

[1] Source: Towards a Reference Architecture for Cloud-Based Plant Genotyping and Phenotyping Analysis Frameworks, 10.1109/ICSA.2017.42
[2] Source: A Four-Layer Architecture Pattern for Constructing and Managing Digital Twins, 10.1007/978-3-030-29983-5_16
[3] Source: An Architecture for Decentralized, Collaborative, and Autonomous Robots, 10.1109/ICSA.2018.00017
","['(R870325:First Research Object 2, evaluation, R870326:Evaluation)', '(R870326:Evaluation, Evaluation method, R870327:Evaluation Method List)', '(R870327:Evaluation Method List, Entity, R870328:Evaluation Method Entity)', '(R870328:Evaluation Method Entity, Name, L1524149:Case Study)']",[],0.0,0.0,0.0,0.0,0.0,0.0,0.0,0.0,0.0,0.0,0.0,0.0,0.0,0.0,0.0,0.0,0.0,0.0,0.0,0.0,0.0,0.0,0.0,0.0,0.0,0.0,0.01,0.31,0.54,0.22,0.06,0.11,0.04,0.17,0.3,0.12,0.559,0.48,0.516,0.0,363.6862938404083,0.0020319,13901,0,0.0,,0,0.0,,,0.0,0.0,,0.0,0.0,https://wandb.ai/kastel-sdq-meta-research/experiment_cross_encoder/r/call/01a05ee3-7f3e-74af-9f78-ca7aa839e645,retrieval_config,False,KitToolbox,kit.qwen3-embedding-8b,10,10,True,cosine,True,False,10,-1,8,False,False,1,False,-1,-1,False,,['R659055'],['Paper'],True,False,False,kg_retrieval,hublink,kittoolbox_kit.minimax-m2.7-229b_tmpNone_maxt-1_reasoningNone,KitToolbox,kit.minimax-m2.7-229b,,-1,,kittoolbox_kit.minimax-m2.7-229b_tmpNone_maxt-1_reasoningNone,KitToolbox,kit.minimax-m2.7-229b,,-1,,orkg_merged_ecsa_icsa.json_jsonpublicationloader_limit-1,['paper_class'],['research_level'],['first_research_object'],['second_research_object'],['validity'],['evidence'],False,False,R659055,https://sandbox.orkg.org,-1,orkg,merged_ecsa_icsa.json_jsonpublicationloader_limit-1,merged_ecsa_icsa.json,JsonPublicationLoader,-1,,4000,2,generation_kittoolbox_kit.minimax-m2.7-229b_tmpNone_maxt-1_reasoningNone,generation,kittoolbox_kit.minimax-m2.7-229b_tmpNone_maxt-1_reasoningNone,KitToolbox,kit.minimax-m2.7-229b,,-1,,Which papers use focus groups as a method in their evaluations?,"The papers that use focus groups as a method in their evaluations are: 1. Technical Architectures for Automotive Systems, 2. Architectural Assumptions and Their Management in Industry - An Exploratory Study, 3. An Exploratory Study of Naturalistic Decision Making in Complex Software Architecture Environments, 4. Continuous Architecture: Towards the Goldilocks Zone and Away from Vicious Circles, 5. On Cognitive Biases in Architecture Decision Making, 6. System- and Software-level Architecting Harmonization Practices for Systems-of-Systems: An exploratory case study on a long-running large-scale scientific instrument, 7. Understanding Architecture Decisions in Context.","['10.1109/ICSA47634.2020.00013', '10.1007/978-3-319-65831-5_14', '10.1007/978-3-030-29983-5_4', '10.1109/ICSA.2019.00022', '10.1007/978-3-319-65831-5_9', '10.1109/ICSA51549.2021.00010', '10.1007/978-3-030-00761-4_19']",,"['(R870973:Evaluation Method Entity, Name, L1525466:Focus Group)', '(R868634:Evaluation Method Entity, Name, L1520518:Focus Group)', '(R873799:Evaluation Method Entity, Name, L1531251:Focus Group)', '(R873977:Evaluation Method Entity, Name, L1531621:Focus Group)', '(R874243:Evaluation Method Entity, Name, L1532191:Focus Group)', '(R871508:Evaluation Method Entity, Name, L1526567:Focus Group)', '(R868683:Evaluation Method Entity, Name, L1520616:Focus Group)']",clustering_strategy,R659055,Software Architecture and Design,6,Which publications have the evaluation method [Content Data: evaluation method name]?
54,39f0c727f1c36390b5a876e7120bfff1,fc884d7c-e208-42e9-bc8a-41278fc275ca,"

The papers that **both evaluate the Security property and make input data available** are:

| Paper | Why it meets both criteria |
|-------|----------------------------|
| **“A Blockchain‑Based Micro Economy Platform for Distributed Infrastructure Initiatives”** | The contribution evaluates **Security** (its First Research Object 2 is assessed for the “Security” property) and includes input data – Evidence 2 “uses input data” and the “None” flag is *false*, indicating that input data are present【1】. |
| **“Architectural Security Weaknesses in Industrial Control Systems (ICS) – an Empirical Study Based on Disclosed Software Vulnerabilities”** | The study’s First Research Object 2 explicitly includes the **Security** property, and Evidence 2 states that it **uses input data**, showing that input data are employed in the analysis【3】. |
| **“Understanding Software Vulnerabilities Related to Architectural Security Tactics: An Empirical Investigation of Chromium, PHP and Thunderbird”** | The contribution is evaluated against the **Security** property (and its sub‑properties), and Evidence 2 **examines the utilisation of input data**, indicating that input data are available【5】. |

All other papers mentioned in the provided texts either lack a Security evaluation or do not have input data available:

* “Automatic Extraction of Design Decisions from Issue Management Systems” and “ADOOPLA – Combining Product‑Line‑ and Product‑Level Criteria in Multi‑objective Optimization of Product Line Architectures” have input data but do not evaluate Security【2, 4】.  
* “A Comparison of MQTT Brokers for Distributed IoT Edge Computing” evaluates Security but its input‑data field is marked “None”/“False”, meaning no input data are available【6】.  
* The remaining text only discusses a “Product Quality” evaluation with no Security focus or input data【7】.

","['(R874684:A Blockchain-Based Micro Economy Platform for Distributed Infrastructure Initiatives, contribution, R874707:First Research Object 2)', '(R874707:First Research Object 2, evaluation, R874708:Evaluation)', '(R874708:Evaluation, properties, R874711:Property)', '(R874713:Property, Name, L1533184:Security)', '(R873760:Property, Name, L1531164:Security)', '(R870753:Architectural Security Weaknesses in Industrial Control Systems (ICS) an Empirical Study Based on Disclosed Software Vulnerabilities, contribution, R870774:First Research Object 2)', '(R870774:First Research Object 2, evaluation, R870775:Evaluation)', '(R870775:Evaluation, properties, R870778:Property)', '(R870779:Property, Name, L1525081:Security)', '(R872233:Understanding Software Vulnerabilities Related to Architectural Security Tactics: An Empirical Investigation of Chromium, PHP and Thunderbird, contribution, R872254:First Research Object 2)', '(R872254:First Research Object 2, evaluation, R872255:Evaluation)', '(R872255:Evaluation, properties, R872258:Property)', '(R872259:Property, Name, L1528119:Security)', '(R874684:A Blockchain-Based Micro Economy Platform for Distributed Infrastructure Initiatives, contribution, R874717:Evidence 2)', '(R874717:Evidence 2, Uses Input Data, R874718:Input Data)', '(R874718:Input Data, None, L1533191:False)', '(R870753:Architectural Security Weaknesses in Industrial Control Systems (ICS) an Empirical Study Based on Disclosed Software Vulnerabilities, contribution, R870782:Evidence 2)', '(R870782:Evidence 2, Uses Input Data, R870783:Input Data)', '(R873728:A Comparison of MQTT Brokers for Distributed IoT Edge Computing, contribution, R873765:Evidence 2)', '(R873765:Evidence 2, Uses Input Data, R873766:Input Data)', '(R873766:Input Data, None, L1531172:False)', '(R872233:Understanding Software Vulnerabilities Related to Architectural Security Tactics: An Empirical Investigation of Chromium, PHP and Thunderbird, contribution, R872262:Evidence 2)', '(R872262:Evidence 2, Uses Input Data, R872263:Input Data)']",[],0.25,0.125,0.05,0.025,0.2,0.2,0.1,0.25,0.14,0.19,0.12,0.25,0.17,0.21,0.09,0.5,0.15,0.26,0.19,0.75,0.31,0.48,0.1,0.125,0.087,0.194,0.08,0.26,0.15,0.97,0.2,0.11,0.74,0.25,0.14,0.93,0.429,0.729,0.54,1.0,522.2369120121002,0.0,60966,0,0.0,,0,0.0,,,0.0,0.0,,0.0,0.0,https://wandb.ai/kastel-sdq-meta-research/experiment_cross_encoder/r/call/01a05ee4-49ae-79f9-9c04-fea3d5f9696c,retrieval_config,False,KitToolbox,kit.qwen3-embedding-8b,10,10,True,cosine,True,False,10,-1,8,False,False,1,False,-1,-1,False,,['R659055'],['Paper'],True,False,False,kg_retrieval,hublink,kittoolbox_kit.minimax-m2.7-229b_tmpNone_maxt-1_reasoningNone,KitToolbox,kit.minimax-m2.7-229b,,-1,,kittoolbox_kit.minimax-m2.7-229b_tmpNone_maxt-1_reasoningNone,KitToolbox,kit.minimax-m2.7-229b,,-1,,orkg_merged_ecsa_icsa.json_jsonpublicationloader_limit-1,['paper_class'],['research_level'],['first_research_object'],['second_research_object'],['validity'],['evidence'],False,False,R659055,https://sandbox.orkg.org,-1,orkg,merged_ecsa_icsa.json_jsonpublicationloader_limit-1,merged_ecsa_icsa.json,JsonPublicationLoader,-1,,4000,2,generation_kittoolbox_kit.minimax-m2.7-229b_tmpNone_maxt-1_reasoningNone,generation,kittoolbox_kit.minimax-m2.7-229b_tmpNone_maxt-1_reasoningNone,KitToolbox,kit.minimax-m2.7-229b,,-1,,Which papers evaluate the property Security and have input data available?,"The publications that evaluate the property Security and have input data available are: 'Understanding Software Vulnerabilities Related to Architectural Security Tactics: An Empirical Investigation of Chromium, PHP and Thunderbird' and 'A Comparison of MQTT Brokers for Distributed IoT Edge Computing'.","['10.1109/ICSA.2017.39', '10.1109/ICSA.2017.39', '10.1007/978-3-030-58923-3_23', '10.1007/978-3-030-58923-3_23']",,"['(R872259:Property, Name, L1528119:Security)', '(R872263:Input Data, available, L1528123:True)', '(R873760:Property, Name, L1531164:Security)', '(R873766:Input Data, available, L1531170:True)']",clustering_strategy,R659055,Software Architecture and Design,6,Which publications evaluate the sub-property [sub property name] and have input data available?
55,39f0c727f1c36390b5a876e7120bfff1,ab14918e-f1a8-448e-81ed-9b45c89d93b6,"

The publications that both **assess the functional suitability of a reference architecture** and **make their input data available** are:

| Publication | Functional‑suitability assessment | Input‑data availability |
|-------------|-----------------------------------|--------------------------|
| **FLRA: A Reference Architecture for Federated Learning Systems** | Contributed First Research Object 2, whose evaluation includes the property **Functional Suitability**【2】 | Evidence 2 *uses* input data, with the “Input Data” flag set to **True**【2】 |
| **Architecture‑Centric Support for Integrating Security Tools in a Security Orchestration Platform** | First Research Object 2 is identified as a **Reference Architecture** and its evaluation lists **Functional Suitability** as a property【4】 | Evidence 2 shows “Input Data” with a **None = False** attribute, indicating that the data are provided【4】 |
| **Towards a Reference Architecture for Cloud‑Based Plant Genotyping and Phenotyping Analysis Frameworks** | The work evaluates Second (and First) Research Object 2, explicitly including **Functional Suitability** in the property set【5】 | Evidence 2 *uses* input data, with the entry marked **None = False**, meaning the data are present【5】 |
| **Unlimited Rulebook: a Reference Architecture for Economy Mechanics in Digital Games** | Contributed First Research Object 2, whose evaluation identifies **Functional Suitability** as a examined property【9】 | Evidence 2 uses input data, and the “Input Data” attribute is set to **True**【9】 |

All other publications described in the provided texts either assess functional suitability **without** making their input data available, or they do not explicitly confirm an assessment of functional suitability.

","['(R871383:Architecture-Centric Support for Integrating Security Tools in a Security Orchestration Platform, contribution, R871404:First Research Object 2)', '(R871404:First Research Object 2, evaluation, R871405:Evaluation)', '(R871405:Evaluation, properties, R871408:Property)', '(R871409:Property, Name, L1526368:Functional Suitability)', '(R871264:Determination and Enforcement of Least-Privilege Architecture in Android, contribution, R871286:First Research Object 2)', '(R871286:First Research Object 2, evaluation, R871287:Evaluation)', '(R871287:Evaluation, properties, R871290:Property)', '(R871292:Property, Name, L1526136:Functional Suitability)', '(R869987:FLRA: A Reference Architecture for Federated Learning Systems, contribution, R870003:First Research Object 2)', '(R870003:First Research Object 2, evaluation, R870004:Evaluation)', '(R870004:Evaluation, properties, R870007:Property)', '(R870008:Property, Name, L1523457:Functional Suitability)', '(R871726:A Platform Architecture for Multi-Tenant Blockchain-Based Systems, contribution, R871757:First Research Object 2)', '(R871757:First Research Object 2, evaluation, R871758:Evaluation)', '(R871758:Evaluation, properties, R871761:Property)', '(R871762:Property, Name, L1527088:Functional Suitability)', '(R871523:An Architecture for Decentralized, Collaborative, and Autonomous Robots, contribution, R871554:First Research Object 2)', '(R871554:First Research Object 2, evaluation, R871555:Evaluation)', '(R871555:Evaluation, properties, R871560:Property)', '(R871561:Property, Name, L1526671:Functional Suitability)', '(R873533:Providing Context as a Service Using Service-Oriented Mobile Indie Fog and Opportunistic Computing, contribution, R873549:First Research Object 2)', '(R873549:First Research Object 2, evaluation, R873550:Evaluation)', '(R873550:Evaluation, properties, R873553:Property)', '(R873554:Property, Name, L1530736:Functional Suitability)', '(R869051:Unlimited Rulebook: a Reference Architecture for Economy Mechanics in Digital Games, contribution, R869079:First Research Object 2)', '(R869079:First Research Object 2, evaluation, R869087:Evaluation)', '(R869087:Evaluation, properties, R869090:Property)', '(R869091:Property, Name, L1521484:Functional Suitability)', '(R872527:Towards a Reference Architecture for Cloud-Based Plant Genotyping and Phenotyping Analysis Frameworks, contribution, R872580:Second Research Object 2)', '(R872580:Second Research Object 2, evaluation, R872581:Evaluation)', '(R872581:Evaluation, properties, R872584:Property)', '(R872585:Property, Name, L1528788:Functional Suitability)', '(R871775:Evidence 2, Uses Input Data, R871776:Input Data)', '(R871776:Input Data, None, L1527103:False)', '(R868784:A Flexible Architecture for Key Performance Indicators Assessment in Smart Cities, contribution, R868813:Evidence 2)', '(R868813:Evidence 2, Uses Input Data, R868814:Input Data)', '(R868814:Input Data, None, L1520900:False)', '(R873533:Providing Context as a Service Using Service-Oriented Mobile Indie Fog and Opportunistic Computing, contribution, R874837:Evidence 2)', '(R874837:Evidence 2, Uses Input Data, R874838:Input Data)', '(R874838:Input Data, None, L1533481:True)', '(R868784:A Flexible Architecture for Key Performance Indicators Assessment in Smart Cities, contribution, R868805:First Research Object 2)', '(R868805:First Research Object 2, Object, R868811:Research Object List)', '(R868811:Research Object List, Entity, R868812:Research Object Entity)', '(R868812:Research Object Entity, Name, L1520896:Reference Architecture)', '(R870003:First Research Object 2, Object, R870009:Research Object List)', '(R870009:Research Object List, Entity, R870010:Research Object Entity)', '(R870010:Research Object Entity, Name, L1523459:Reference Architecture)', '(R871757:First Research Object 2, Object, R871773:Research Object List)', '(R871773:Research Object List, Entity, R871774:Research Object Entity)', '(R871774:Research Object Entity, Name, L1527099:Reference Architecture)', '(R871404:First Research Object 2, Object, R871410:Research Object List)', '(R871410:Research Object List, Entity, R871411:Research Object Entity)', '(R871411:Research Object Entity, Name, L1526370:Reference Architecture)', '(R869987:FLRA: A Reference Architecture for Federated Learning Systems, contribution, R874749:Evidence 2)', '(R874749:Evidence 2, Uses Input Data, R874750:Input Data)', '(R874750:Input Data, None, L1533260:True)', '(R871264:Determination and Enforcement of Least-Privilege Architecture in Android, contribution, R871295:Evidence 2)', '(R871295:Evidence 2, Uses Input Data, R871296:Input Data)', '(R871296:Input Data, None, L1526142:False)', '(R869051:Unlimited Rulebook: a Reference Architecture for Economy Mechanics in Digital Games, contribution, R869094:Evidence 2)', '(R869094:Evidence 2, Uses Input Data, R869095:Input Data)', '(R869095:Input Data, None, L1521490:True)', '(R869093:Research Object Entity, Name, L1521486:Reference Architecture)', '(R871523:An Architecture for Decentralized, Collaborative, and Autonomous Robots, contribution, R871572:Evidence 2)', '(R871572:Evidence 2, Uses Input Data, R871573:Input Data)', '(R871573:Input Data, None, L1526684:False)', '(R872527:Towards a Reference Architecture for Cloud-Based Plant Genotyping and Phenotyping Analysis Frameworks, contribution, R872596:Evidence 2)', '(R872596:Evidence 2, Uses Input Data, R872597:Input Data)', '(R872597:Input Data, None, L1528801:False)', '(R871383:Architecture-Centric Support for Integrating Security Tools in a Security Orchestration Platform, contribution, R871412:Evidence 2)', '(R871412:Evidence 2, Uses Input Data, R871413:Input Data)', '(R871413:Input Data, None, L1526374:False)', '(R873556:Research Object Entity, Name, L1530738:Reference Architecture)', '(R868805:First Research Object 2, evaluation, R868806:Evaluation)', '(R868806:Evaluation, properties, R868809:Property)', '(R868809:Property, Name, L1520895:Product Quality)']",[],0.167,0.167,0.042,0.025,0.25,0.25,0.1,0.17,0.12,0.15,0.13,0.17,0.15,0.16,0.04,0.5,0.07,0.15,0.08,0.67,0.15,0.28,0.1,0.133,0.039,0.083,0.06,0.26,0.15,0.9,0.21,0.12,0.74,0.24,0.14,0.82,0.398,0.665,0.498,1.0,676.3872482776642,0.0,19328,0,0.0,,0,0.0,,,0.0,0.0,,0.0,0.0,https://wandb.ai/kastel-sdq-meta-research/experiment_cross_encoder/r/call/01a05ee7-2631-79da-b906-668326116284,retrieval_config,False,KitToolbox,kit.qwen3-embedding-8b,10,10,True,cosine,True,False,10,-1,8,False,False,1,False,-1,-1,False,,['R659055'],['Paper'],True,False,False,kg_retrieval,hublink,kittoolbox_kit.minimax-m2.7-229b_tmpNone_maxt-1_reasoningNone,KitToolbox,kit.minimax-m2.7-229b,,-1,,kittoolbox_kit.minimax-m2.7-229b_tmpNone_maxt-1_reasoningNone,KitToolbox,kit.minimax-m2.7-229b,,-1,,orkg_merged_ecsa_icsa.json_jsonpublicationloader_limit-1,['paper_class'],['research_level'],['first_research_object'],['second_research_object'],['validity'],['evidence'],False,False,R659055,https://sandbox.orkg.org,-1,orkg,merged_ecsa_icsa.json_jsonpublicationloader_limit-1,merged_ecsa_icsa.json,JsonPublicationLoader,-1,,4000,2,generation_kittoolbox_kit.minimax-m2.7-229b_tmpNone_maxt-1_reasoningNone,generation,kittoolbox_kit.minimax-m2.7-229b_tmpNone_maxt-1_reasoningNone,KitToolbox,kit.minimax-m2.7-229b,,-1,,Which publications assess the functional suitability of a reference architecture and make their input data available?,"The publications that assess the functional suitability of a reference architecture and make their input data available are 'An Architecture for Decentralized, Collaborative, and Autonomous Robots' and 'Architecture-Centric Support for Integrating Security Tools in a Security Orchestration Platform'.","['10.1109/ICSA.2018.00017', '10.1109/ICSA.2018.00017', '10.1109/ICSA.2018.00017', '10.1007/978-3-030-58923-3_11', '10.1007/978-3-030-58923-3_11', '10.1007/978-3-030-58923-3_11']",,"['(R871571:Research Object Entity, Name, L1526680:Reference Architecture)', '(R871561:Property, Name, L1526671:Functional Suitability)', '(R871573:Input Data, available, L1526682:True)', '(R871411:Research Object Entity, Name, L1526370:Reference Architecture)', '(R871409:Property, Name, L1526368:Functional Suitability)', '(R871413:Input Data, available, L1526372:True)']",clustering_strategy,R659055,Software Architecture and Design,6,Which publications evaluate the research object [Content Data: research object name] with the sub-property [Content Data: sub-property name] and have input data available?
56,39f0c727f1c36390b5a876e7120bfff1,e241a8f3-84f7-4189-9808-85e606369b6a,"

Exactly one paper evaluates the property Reliability. Each of the provided sources reports that a single paper examines this property, although the titles they mention differ [1][2][3][4][5].

[1] Source: An Architecture for Decentralized, Collaborative, and Autonomous Robots, 10.1109/ICSA.2018.00017
[2] Source: A Platform Architecture for Multi-Tenant Blockchain-Based Systems, 10.1109/ICSA.2019.00019
[3] Source: A Comparison of MQTT Brokers for Distributed IoT Edge Computing, 10.1007/978-3-030-58923-3_23
[4] Source: Quality Evaluation of PaaS Cloud Application Design Using Generated Prototypes, 10.1109/ICSA.2017.43
[5] Source: An Architecture-Driven Adaptation Approach for Big Data Cyber Security Analytics, 10.1109/ICSA.2019.00013
","['(R870014:An Architecture-Driven Adaptation Approach for Big Data Cyber Security Analytics, contribution, R2156164:First Research Object 2)', '(R2156164:First Research Object 2, evaluation, R2156177:Evaluation)', '(R2156177:Evaluation, properties, R2156187:Property)', '(R2156187:Property, Sub-Property, R2156195:Property)', '(R2156195:Property, Name, L2809563:Reliability)', '(R873728:A Comparison of MQTT Brokers for Distributed IoT Edge Computing, contribution, R873753:First Research Object 2)', '(R873753:First Research Object 2, evaluation, R873754:Evaluation)', '(R873754:Evaluation, properties, R873757:Property)', '(R873759:Property, Name, L1531163:Reliability)', '(R871104:Quality Evaluation of PaaS Cloud Application Design Using Generated Prototypes, contribution, R2156196:First Research Object 2)', '(R2156196:First Research Object 2, evaluation, R2156209:Evaluation)', '(R2156209:Evaluation, properties, R2156220:Property)', '(R2156224:Property, Name, L2809597:Reliability)', '(R871726:A Platform Architecture for Multi-Tenant Blockchain-Based Systems, contribution, R871757:First Research Object 2)', '(R871757:First Research Object 2, evaluation, R871758:Evaluation)', '(R871758:Evaluation, properties, R871761:Property)', '(R871765:Property, Name, L1527091:Reliability)', '(R871523:An Architecture for Decentralized, Collaborative, and Autonomous Robots, contribution, R871554:First Research Object 2)', '(R871554:First Research Object 2, evaluation, R871555:Evaluation)', '(R871555:Evaluation, properties, R871560:Property)', '(R871563:Property, Name, L1526673:Reliability)', '(R870014:An Architecture-Driven Adaptation Approach for Big Data Cyber Security Analytics, contribution, R870038:First Research Object 2)', '(R870038:First Research Object 2, evaluation, R870039:Evaluation)', '(R870039:Evaluation, properties, R870042:Property)', '(R870042:Property, Sub-Property, R870044:Property)', '(R870044:Property, Name, L1523526:Reliability)']",[],0.2,0.2,0.022,0.011,0.111,0.111,0.1,0.2,0.13,0.17,0.14,0.2,0.17,0.19,0.15,0.8,0.26,0.43,0.23,0.8,0.36,0.53,0.1,0.143,0.154,0.229,0.06,0.3,0.19,0.67,0.16,0.1,0.38,0.25,0.16,0.56,0.443,0.677,0.535,1.0,488.04516553878784,0.0,117060,0,0.0,,0,0.0,,,0.0,0.0,,0.0,0.0,https://wandb.ai/kastel-sdq-meta-research/experiment_cross_encoder/r/call/01a05ee7-af24-7fcb-b960-d69cb4c22adf,retrieval_config,False,KitToolbox,kit.qwen3-embedding-8b,10,10,True,cosine,True,False,10,-1,8,False,False,1,False,-1,-1,False,,['R659055'],['Paper'],True,False,False,kg_retrieval,hublink,kittoolbox_kit.minimax-m2.7-229b_tmpNone_maxt-1_reasoningNone,KitToolbox,kit.minimax-m2.7-229b,,-1,,kittoolbox_kit.minimax-m2.7-229b_tmpNone_maxt-1_reasoningNone,KitToolbox,kit.minimax-m2.7-229b,,-1,,orkg_merged_ecsa_icsa.json_jsonpublicationloader_limit-1,['paper_class'],['research_level'],['first_research_object'],['second_research_object'],['validity'],['evidence'],False,False,R659055,https://sandbox.orkg.org,-1,orkg,merged_ecsa_icsa.json_jsonpublicationloader_limit-1,merged_ecsa_icsa.json,JsonPublicationLoader,-1,,4000,2,generation_kittoolbox_kit.minimax-m2.7-229b_tmpNone_maxt-1_reasoningNone,generation,kittoolbox_kit.minimax-m2.7-229b_tmpNone_maxt-1_reasoningNone,KitToolbox,kit.minimax-m2.7-229b,,-1,,How many papers evaluate the property Reliability?,There are five papers that evaluate the property Reliability.,"['10.1007/978-3-030-58923-3_23', '10.1109/ICSA.2018.00017', '10.1109/ICSA.2019.00019', '10.1109/ICSA.2017.43', '10.1109/ICSA.2019.00013']",,"['(R873759:Property, Name, L1531163:Reliability)', '(R871563:Property, Name, L1526673:Reliability)', '(R871765:Property, Name, L1527091:Reliability)', '(R871130:Property, Name, L1525789:Reliability)', '(R870044:Property, Name, L1523526:Reliability)']",clustering_strategy,R659055,Software Architecture and Design,6,How many papers evaluate the sub-property with the name [Content Data: sub-property name]?
57,39f0c727f1c36390b5a876e7120bfff1,137febde-0bb1-4b18-b5ca-c8e7a878c974,"

The provided sources each indicate that only one paper investigates the property **Security** — the specific title varies by source, but the count is consistently one [1][2][3][4][5].

[1] Source: A Platform Architecture for Multi-Tenant Blockchain-Based Systems, 10.1109/ICSA.2019.00019
[2] Source: Architectural Security Weaknesses in Industrial Control Systems (ICS) an Empirical Study Based on Disclosed Software Vulnerabilities, 10.1109/ICSA.2019.00012
[3] Source: A Comparison of MQTT Brokers for Distributed IoT Edge Computing, 10.1007/978-3-030-58923-3_23
[4] Source: A Blockchain-Based Micro Economy Platform for Distributed Infrastructure Initiatives, 10.1109/ICSA.2018.00010
[5] Source: Towards a Reference Architecture for Cloud-Based Plant Genotyping and Phenotyping Analysis Frameworks, 10.1109/ICSA.2017.42
","['(R874684:A Blockchain-Based Micro Economy Platform for Distributed Infrastructure Initiatives, contribution, R874707:First Research Object 2)', '(R874707:First Research Object 2, evaluation, R874708:Evaluation)', '(R874708:Evaluation, properties, R874711:Property)', '(R874713:Property, Name, L1533184:Security)', '(R873728:A Comparison of MQTT Brokers for Distributed IoT Edge Computing, contribution, R873753:First Research Object 2)', '(R873753:First Research Object 2, evaluation, R873754:Evaluation)', '(R873754:Evaluation, properties, R873757:Property)', '(R873760:Property, Name, L1531164:Security)', '(R870753:Architectural Security Weaknesses in Industrial Control Systems (ICS) an Empirical Study Based on Disclosed Software Vulnerabilities, contribution, R870774:First Research Object 2)', '(R870774:First Research Object 2, evaluation, R870775:Evaluation)', '(R870775:Evaluation, properties, R870778:Property)', '(R870779:Property, Name, L1525081:Security)', '(R872527:Towards a Reference Architecture for Cloud-Based Plant Genotyping and Phenotyping Analysis Frameworks, contribution, R872580:Second Research Object 2)', '(R872580:Second Research Object 2, evaluation, R872587:Evaluation)', '(R872587:Evaluation, properties, R872590:Property)', '(R872592:Property, Name, L1528794:Security)', '(R871726:A Platform Architecture for Multi-Tenant Blockchain-Based Systems, contribution, R871757:First Research Object 2)', '(R871757:First Research Object 2, evaluation, R871758:Evaluation)', '(R871758:Evaluation, properties, R871761:Property)', '(R871764:Property, Name, L1527090:Security)', '(R871757:First Research Object 2, evaluation, R871768:Evaluation)', '(R871768:Evaluation, properties, R871771:Property)', '(R872527:Towards a Reference Architecture for Cloud-Based Plant Genotyping and Phenotyping Analysis Frameworks, contribution, R872568:First Research Object 2)', '(R872568:First Research Object 2, evaluation, R872569:Evaluation)', '(R872569:Evaluation, properties, R872572:Property)', '(R872574:Property, Name, L1528780:Security)']",[],0.333,0.167,0.083,0.05,0.25,0.25,0.2,0.33,0.25,0.29,0.27,0.33,0.3,0.32,0.19,0.83,0.31,0.5,0.27,0.83,0.41,0.59,0.2,0.267,0.192,0.27,0.02,0.28,0.17,0.83,0.24,0.14,0.8,0.28,0.17,0.83,0.386,0.717,0.502,1.0,578.2282464504242,0.007839599999999999,39380,0,0.0,,0,0.0,,,0.0,0.0,,0.0,0.0,https://wandb.ai/kastel-sdq-meta-research/experiment_cross_encoder/r/call/01a05ee9-18a9-71d4-9c27-d87b22e44ef6,retrieval_config,False,KitToolbox,kit.qwen3-embedding-8b,10,10,True,cosine,True,False,10,-1,8,False,False,1,False,-1,-1,False,,['R659055'],['Paper'],True,False,False,kg_retrieval,hublink,kittoolbox_kit.minimax-m2.7-229b_tmpNone_maxt-1_reasoningNone,KitToolbox,kit.minimax-m2.7-229b,,-1,,kittoolbox_kit.minimax-m2.7-229b_tmpNone_maxt-1_reasoningNone,KitToolbox,kit.minimax-m2.7-229b,,-1,,orkg_merged_ecsa_icsa.json_jsonpublicationloader_limit-1,['paper_class'],['research_level'],['first_research_object'],['second_research_object'],['validity'],['evidence'],False,False,R659055,https://sandbox.orkg.org,-1,orkg,merged_ecsa_icsa.json_jsonpublicationloader_limit-1,merged_ecsa_icsa.json,JsonPublicationLoader,-1,,4000,2,generation_kittoolbox_kit.minimax-m2.7-229b_tmpNone_maxt-1_reasoningNone,generation,kittoolbox_kit.minimax-m2.7-229b_tmpNone_maxt-1_reasoningNone,KitToolbox,kit.minimax-m2.7-229b,,-1,,What is the number of papers that investigate the property Security?,Six papers investigate the property Security.,"['10.1007/978-3-030-58923-3_23', '10.1109/ICSA.2017.39', '10.1109/ICSA.2019.00019', '10.1109/ICSA.2019.00012', '10.1109/ICSA.2018.00010', '10.1109/ICSA.2017.42']",,"['(R873760:Property, Name, L1531164:Security)', '(R872259:Property, Name, L1528119:Security)', '(R871764:Property, Name, L1527090:Security)', '(R870779:Property, Name, L1525081:Security)', '(R874713:Property, Name, L1533184:Security)', '(R872592:Property, Name, L1528794:Security)']",clustering_strategy,R659055,Software Architecture and Design,6,How many publications have the evaluation sub-property [Content Data: sub-property name]?
58,39f0c727f1c36390b5a876e7120bfff1,5a13eb06-0414-46ed-9a8b-d0bfd0c62097,"

Based on the information supplied in the partial answers, several papers address repeatability as a threat to validity:

- **Data‑Driven Software Architecture for Analyzing Confidentiality** – discusses repeatability as a validity threat【1】.  
- **Designing Robust Software Systems through Parametric Markov Chain Synthesis** – includes repeatability in its “Threats to Validity” section【2】.  
- **A Machine Learning Approach to Service Discovery for Microservice Architectures** – lists repeatability as a validity issue【3】.  
- **Component‑Based Refinement and Verification of Information‑Flow Security Policies for Cyber‑Physical Microservice Architectures** – treats repeatability as a threat (repeatability = True)【4】.  
- **Enforcing Architectural Security Decisions** – marks repeatability as a validity threat (repeatability = True)【5】.  
- **Automatic Extraction of Design Decisions from Issue Management Systems: A Machine Learning Based Approach** – records repeatability among the threats (repeatability = False)【6】.  
- **Automated Microservice Identification in Legacy Systems with Functional and Non‑Functional Metrics** – notes repeatability as a threat (repeatability = False)【7】.  
- **InMap: Automated Interactive Code‑to‑Architecture Mapping Recommendations** – flags repeatability as a threat (repeatability = False)【8】.  
- **An Architecture‑Driven Adaptation Approach for Big Data Cyber Security Analytics** – explicitly mentions repeatability as a validity threat【9】.

In none of the provided texts is there any mention of **interviews** being used in the evaluation of these papers. The partial answers consistently report that the evaluation details (e.g., “Quality of Method,” “Product Quality”) do not include interview data, and they do not indicate any other use of interviews.

**Therefore, the number of papers that both discuss repeatability as a validity threat and use interviews in their evaluation is zero.**

","['(R868467:First Research Object 2, evaluation, R868468:Evaluation)', '(R868468:Evaluation, properties, R868471:Property)', '(R868471:Property, Name, L1520169:Quality of Method)', '(R2156336:First Research Object 2, evaluation, R2156340:Evaluation)', '(R2156340:Evaluation, properties, R2156344:Property)', '(R2156344:Property, Name, L2809712:Quality of Method)', '(R2156164:First Research Object 2, evaluation, R2156177:Evaluation)', '(R868446:Automated Microservice Identification in Legacy Systems with Functional and Non-Functional Metrics, contribution, R868478:Validity 2)', '(R868478:Validity 2, Threats To Validity, R868479:Threat to Validity)', '(R868479:Threat to Validity, repeatability, L1520179:False)', '(R868325:Component-Based Refinement and Verification of Information-Flow Security Policies for Cyber-Physical Microservice Architectures, contribution, R868357:Validity 2)', '(R868357:Validity 2, Threats To Validity, R868358:Threat to Validity)', '(R868358:Threat to Validity, repeatability, L1519912:True)', '(R873653:Data-Driven Software Architecture for Analyzing Confidentiality, contribution, R873693:Validity 2)', '(R873693:Validity 2, Threats To Validity, R873694:Threat to Validity)', '(R873694:Threat to Validity, repeatability, L1531026:True)', '(R870227:A Machine Learning Approach to Service Discovery for Microservice Architectures, contribution, R870263:Validity 2)', '(R870263:Validity 2, Threats To Validity, R870264:Threat to Validity)', '(R870264:Threat to Validity, repeatability, L1524010:False)', '(R872915:Threat to Validity, repeatability, L1529453:True)', '(R870014:An Architecture-Driven Adaptation Approach for Big Data Cyber Security Analytics, contribution, R870052:Validity 2)', '(R870052:Validity 2, Threats To Validity, R870053:Threat to Validity)', '(R870053:Threat to Validity, repeatability, L1523539:False)', '(R870841:InMap: Automated Interactive Code-to-Architecture Mapping Recommendations, contribution, R870877:Validity 2)', '(R870877:Validity 2, Threats To Validity, R870878:Threat to Validity)', '(R870878:Threat to Validity, repeatability, L1525275:False)', '(R868403:Designing Robust Software Systems through Parametric Markov Chain Synthesis, contribution, R868439:Validity 2)', '(R868439:Validity 2, Threats To Validity, R868440:Threat to Validity)', '(R868440:Threat to Validity, repeatability, L1520092:False)', '(R868745:Automatic Extraction of Design Decisions from Issue Management Systems: A Machine Learning Based Approach, contribution, R868777:Validity 2)', '(R868777:Validity 2, Threats To Validity, R868778:Threat to Validity)', '(R868778:Threat to Validity, repeatability, L1520820:False)', '(R868468:Evaluation, Has Guideline, L1520167:False)']",[],0.0,0.0,0.0,0.0,0.0,0.0,0.0,0.0,0.0,0.0,0.0,0.0,0.0,0.0,0.0,0.0,0.0,0.0,0.0,0.0,0.0,0.0,0.0,0.0,0.0,0.0,0.02,0.11,0.06,0.83,0.06,0.03,0.47,0.1,0.05,0.72,0.321,0.582,0.414,1.0,521.9710206985474,0.0,0,0,0.0,,0,0.0,,,0.0,0.0,,0.0,0.0,https://wandb.ai/kastel-sdq-meta-research/experiment_cross_encoder/r/call/01a05ee9-81c2-7ed7-9744-b747bca15e24,retrieval_config,False,KitToolbox,kit.qwen3-embedding-8b,10,10,True,cosine,True,False,10,-1,8,False,False,1,False,-1,-1,False,,['R659055'],['Paper'],True,False,False,kg_retrieval,hublink,kittoolbox_kit.minimax-m2.7-229b_tmpNone_maxt-1_reasoningNone,KitToolbox,kit.minimax-m2.7-229b,,-1,,kittoolbox_kit.minimax-m2.7-229b_tmpNone_maxt-1_reasoningNone,KitToolbox,kit.minimax-m2.7-229b,,-1,,orkg_merged_ecsa_icsa.json_jsonpublicationloader_limit-1,['paper_class'],['research_level'],['first_research_object'],['second_research_object'],['validity'],['evidence'],False,False,R659055,https://sandbox.orkg.org,-1,orkg,merged_ecsa_icsa.json_jsonpublicationloader_limit-1,merged_ecsa_icsa.json,JsonPublicationLoader,-1,,4000,2,generation_kittoolbox_kit.minimax-m2.7-229b_tmpNone_maxt-1_reasoningNone,generation,kittoolbox_kit.minimax-m2.7-229b_tmpNone_maxt-1_reasoningNone,KitToolbox,kit.minimax-m2.7-229b,,-1,,How many papers that discuss repeatability as a validity threat use interviews in their evaluation?,There are three papers that discuss repeatability as a threat to validity and apply the evaluation method interviews.,"['10.1109/ICSA51549.2021.00010', '10.1109/ICSA51549.2021.00010', '10.1109/ICSA51549.2021.00013', '10.1109/ICSA51549.2021.00013', '10.1007/978-3-030-00761-4_17', '10.1007/978-3-030-00761-4_17']",,"['(R874254:Threat to Validity, repeatability, L1532206:True)', '(R874237:Evaluation Method Entity, Name, L1532186:Interview)', '(R869347:Threat to Validity, repeatability, L1522043:True)', '(R869337:Evaluation Method Entity, Name, L1522029:Interview)', '(R873334:Threat to Validity, repeatability, L1530285:True)', '(R873325:Evaluation Method Entity, Name, L1530272:Interview)']",clustering_strategy,R659055,Software Architecture and Design,6,"How many papers, that discuss the [Content Data: threat to validity] as a threat to validity, apply [Content Data: evaluation method name] as a evaluation method?"
59,39f0c727f1c36390b5a876e7120bfff1,fd0f5f35-4f48-4c58-b5ec-175c572ebc85,No context has been found for the given question.,,[],0.0,0.0,0.0,0.0,0.0,0.0,0.0,0.0,0.0,0.0,0.0,0.0,0.0,0.0,0.0,0.0,0.0,0.0,0.0,0.0,0.0,0.0,0.0,0.0,0.0,0.0,0.01,0.13,0.22,0.09,0.0,0.0,0.0,0.06,0.11,0.05,0.607,0.539,0.571,0.0,288.65068650245667,0.0,81254,0,0.0,,0,0.0,,,0.0,0.0,,0.0,0.0,https://wandb.ai/kastel-sdq-meta-research/experiment_cross_encoder/r/call/01a05eec-adc0-7322-81b4-0c1a78f1f980,retrieval_config,False,KitToolbox,kit.qwen3-embedding-8b,10,10,True,cosine,True,False,10,-1,8,False,False,1,False,-1,-1,False,,['R659055'],['Paper'],True,False,False,kg_retrieval,hublink,kittoolbox_kit.minimax-m2.7-229b_tmpNone_maxt-1_reasoningNone,KitToolbox,kit.minimax-m2.7-229b,,-1,,kittoolbox_kit.minimax-m2.7-229b_tmpNone_maxt-1_reasoningNone,KitToolbox,kit.minimax-m2.7-229b,,-1,,orkg_merged_ecsa_icsa.json_jsonpublicationloader_limit-1,['paper_class'],['research_level'],['first_research_object'],['second_research_object'],['validity'],['evidence'],False,False,R659055,https://sandbox.orkg.org,-1,orkg,merged_ecsa_icsa.json_jsonpublicationloader_limit-1,merged_ecsa_icsa.json,JsonPublicationLoader,-1,,4000,2,generation_kittoolbox_kit.minimax-m2.7-229b_tmpNone_maxt-1_reasoningNone,generation,kittoolbox_kit.minimax-m2.7-229b_tmpNone_maxt-1_reasoningNone,KitToolbox,kit.minimax-m2.7-229b,,-1,,In how many publications is confirmability identified as a validity threat while focus groups are employed for evaluation?,The number of publications in which confirmability is identified as a validity threat while focus groups are employed for evaluation is two.,"['10.1007/978-3-319-65831-5_14', '10.1007/978-3-319-65831-5_14', '10.1007/978-3-030-29983-5_4', '10.1007/978-3-030-29983-5_4']",,"['(R868692:Threat to Validity, confirmability, L1520632:True)', '(R868683:Evaluation Method Entity, Name, L1520616:Focus Group)', '(R873986:Threat to Validity, confirmability, L1531637:True)', '(R873977:Evaluation Method Entity, Name, L1531621:Focus Group)']",clustering_strategy,R659055,Software Architecture and Design,6,"How many papers, that discuss the [Content Data: threat to validity] as a threat to validity, apply [Content Data: evaluation method name] as a evaluation method?"
60,39f0c727f1c36390b5a876e7120bfff1,69e09835-46f3-4c0f-a8d4-41534fa28e48,"

**Papers reported to use the “Field Experiment” evaluation method**

| # | Paper (as identified in the source) | Source | Publication year reported |
|---|--------------------------------------|--------|---------------------------|
| 1 | *ACE: Easy Deployment of Field Optimization Experiments* | [1] | 2019 |
| 2 | *An Architecture for Decentralized, Collaborative, and Autonomous Robots* | [2] | – (no year given) |
| 3 | *Decision Models for Microservices: Design Areas, Stakeholders, Use Cases, and Requirements* | [4] | – (no year given) |

**Contradictory reports**

- Sources [3], [5] and [6] state that **no** paper in the provided texts applies the “Field Experiment” method; they cite other evaluation methods (e.g., “Technical Experiment”) instead.

**Ranking by descending publication year**

Only the first entry in the table has a known publication year (2019) [1]. The other two papers lack any publication‑year information in the source texts [2][4], so they cannot be ordered relative to each other or to the 2019 paper.

**Result**

- The only paper that can be placed in a descending‑year ranking is **ACE: Easy Deployment of Field Optimization Experiments** (2019) [1].  
- The remaining two papers (*An Architecture for Decentralized, Collaborative, and Autonomous Robots* [2] and *Decision Models for Microservices: Design Areas, Stakeholders, Use Cases, and Requirements* [4]) are reported to use “Field Experiment,” but because their publication years are not supplied, a complete descending‑year ranking cannot be produced.

[1] Source: ACE: Easy Deployment of Field Optimization Experiments, 10.1007/978-3-030-29983-5_18
[2] Source: An Architecture for Decentralized, Collaborative, and Autonomous Robots, 10.1109/ICSA.2018.00017
[3] Source: Component-Based Refinement and Verification of Information-Flow Security Policies for Cyber-Physical Microservice Architectures, 10.1109/ICSA.2019.00015
[4] Source: Decision Models for Microservices: Design Areas, Stakeholders, Use Cases, and Requirements, 10.1007/978-3-319-65831-5_11
[5] Source: Designing Robust Software Systems through Parametric Markov Chain Synthesis, 10.1109/ICSA.2017.16
[6] Source: A Machine Learning Approach to Service Discovery for Microservice Architectures, 10.1007/978-3-030-86044-8_5
","['(R869486:ACE: Easy Deployment of Field Optimization Experiments, contribution, R869507:First Research Object 2)', '(R869507:First Research Object 2, evaluation, R869508:Evaluation)', '(R869508:Evaluation, Evaluation method, R869509:Evaluation Method List)', '(R869509:Evaluation Method List, Entity, R869510:Evaluation Method Entity)', '(R869510:Evaluation Method Entity, Name, L1522395:Field Experiment)', '(R871523:An Architecture for Decentralized, Collaborative, and Autonomous Robots, contribution, R871554:First Research Object 2)', '(R871554:First Research Object 2, evaluation, R871555:Evaluation)', '(R871555:Evaluation, Evaluation method, R871556:Evaluation Method List)', '(R871556:Evaluation Method List, Entity, R871557:Evaluation Method Entity)', '(R871557:Evaluation Method Entity, Name, L1526667:Field Experiment)', '(R869418:Evaluation Method Entity, Name, L1522201:Field Experiment)', '(R868426:First Research Object 2, evaluation, R868427:Evaluation)', '(R868427:Evaluation, Evaluation method, R868428:Evaluation Method List)', '(R868428:Evaluation Method List, Entity, R868429:Evaluation Method Entity)', '(R868429:Evaluation Method Entity, Name, L1520077:Technical Experiment)', '(R869486:ACE: Easy Deployment of Field Optimization Experiments, publication year, L1522347:2019)']",[],0.333,0.417,0.067,0.392,0.2,1.0,0.2,0.33,0.25,0.29,0.5,0.5,0.5,0.5,0.25,0.67,0.36,0.5,0.45,0.75,0.56,0.66,0.2,0.5,0.25,0.45,0.11,0.38,0.24,0.96,0.27,0.17,0.7,0.32,0.2,0.8,0.431,0.599,0.501,1.0,314.6289608478546,0.0,28664,0,0.0,,0,0.0,,,0.0,0.0,,0.0,0.0,https://wandb.ai/kastel-sdq-meta-research/experiment_cross_encoder/r/call/01a05eef-525f-734c-9e8b-4771966aaa3f,retrieval_config,False,KitToolbox,kit.qwen3-embedding-8b,10,10,True,cosine,True,False,10,-1,8,False,False,1,False,-1,-1,False,,['R659055'],['Paper'],True,False,False,kg_retrieval,hublink,kittoolbox_kit.minimax-m2.7-229b_tmpNone_maxt-1_reasoningNone,KitToolbox,kit.minimax-m2.7-229b,,-1,,kittoolbox_kit.minimax-m2.7-229b_tmpNone_maxt-1_reasoningNone,KitToolbox,kit.minimax-m2.7-229b,,-1,,orkg_merged_ecsa_icsa.json_jsonpublicationloader_limit-1,['paper_class'],['research_level'],['first_research_object'],['second_research_object'],['validity'],['evidence'],False,False,R659055,https://sandbox.orkg.org,-1,orkg,merged_ecsa_icsa.json_jsonpublicationloader_limit-1,merged_ecsa_icsa.json,JsonPublicationLoader,-1,,4000,2,generation_kittoolbox_kit.minimax-m2.7-229b_tmpNone_maxt-1_reasoningNone,generation,kittoolbox_kit.minimax-m2.7-229b_tmpNone_maxt-1_reasoningNone,KitToolbox,kit.minimax-m2.7-229b,,-1,,Which papers apply the evaluation method Field Experiment? Rank the papers in descending order of their publication year.,"The papers that apply the evaluation method Field Experiment, ranked in descending order of their publication year, are: 1. ACE: Easy Deployment of Field Optimization Experiments (2019), 2. An Architecture for Decentralized, Collaborative, and Autonomous Robots (2018), and 3. Decision Models for Microservices: Design Areas, Stakeholders, Use Cases, and Requirements (2017).","['10.1109/ICSA.2018.00017', '10.1109/ICSA.2018.00017', '10.1007/978-3-030-29983-5_18', '10.1007/978-3-030-29983-5_18', '10.1007/978-3-319-65831-5_11', '10.1007/978-3-319-65831-5_11']",,"['(R871557:Evaluation Method Entity, Name, L1526667:Field Experiment)', '(R871523:An Architecture for Decentralized, Collaborative, and Autonomous Robots, publication year, L1526604:2018)', '(R869510:Evaluation Method Entity, Name, L1522395:Field Experiment)', '(R869486:ACE: Easy Deployment of Field Optimization Experiments, publication year, L1522347:2019)', '(R869418:Evaluation Method Entity, Name, L1522201:Field Experiment)', '(R869392:Decision Models for Microservices: Design Areas, Stakeholders, Use Cases, and Requirements, publication year, L1522148:2017)']",clustering_strategy,R659055,Software Architecture and Design,6,Which papers apply the evaluation method with the name [Content Data: evaluation method name]? Rank the papers in descending order of their publication year.
61,39f0c727f1c36390b5a876e7120bfff1,69bcdd8c-745a-4605-8dc6-e3678b2142bd,"

Two studies are identified as evaluating **Compatibility** in their work:

1. **“An Architecture for Decentralized, Collaborative, and Autonomous Robots.”** – identified as the sole study that evaluates Compatibility in the source from [1].

2. **“Mitigating the Influence of Embedded Software Development Environments and Toolsets (ESDT) on Software Architecture”** (author Pablo Antonino) – listed as the study that explicitly evaluates Compatibility (including a sub‑property called Compatibility) in the source from [2].

Because the provided texts do not include publication years or any other chronological information for either study, it is not possible to sort them from the most recent to the earliest. If publication dates were available, the ordering could be performed accordingly.

[1] Source: An Architecture for Decentralized, Collaborative, and Autonomous Robots, 10.1109/ICSA.2018.00017
[2] Source: Mitigating the Influence of Embedded Software Development Environments and Toolsets (ESDT) on Software Architecture, 10.1109/ICSA.2019.00020
","['(R871523:An Architecture for Decentralized, Collaborative, and Autonomous Robots, contribution, R871554:First Research Object 2)', '(R871554:First Research Object 2, evaluation, R871565:Evaluation)', '(R871565:Evaluation, properties, R871568:Property)', '(R871569:Property, Name, L1526678:Compatibility)', '(R868862:Mitigating the Influence of Embedded Software Development Environments and Toolsets (ESDT) on Software Architecture, contribution, R868878:First Research Object 2)', '(R868878:First Research Object 2, evaluation, R868879:Evaluation)', '(R868879:Evaluation, properties, R868882:Property)', '(R868883:Property, Name, L1521052:Compatibility)']",[],0.25,0.25,0.062,0.263,0.25,1.0,0.12,0.25,0.17,0.21,0.33,0.5,0.4,0.45,0.12,0.25,0.17,0.21,0.33,0.5,0.4,0.45,0.125,0.333,0.125,0.333,0.17,0.48,0.33,0.86,0.29,0.2,0.52,0.29,0.2,0.51,0.537,0.76,0.63,0.0,257.7398171424866,0.0,25042,0,0.0,,0,0.0,,,0.0,0.0,,0.0,0.0,https://wandb.ai/kastel-sdq-meta-research/experiment_cross_encoder/r/call/01a05ef1-4c99-7d14-90b4-bde2c06c1e62,retrieval_config,False,KitToolbox,kit.qwen3-embedding-8b,10,10,True,cosine,True,False,10,-1,8,False,False,1,False,-1,-1,False,,['R659055'],['Paper'],True,False,False,kg_retrieval,hublink,kittoolbox_kit.minimax-m2.7-229b_tmpNone_maxt-1_reasoningNone,KitToolbox,kit.minimax-m2.7-229b,,-1,,kittoolbox_kit.minimax-m2.7-229b_tmpNone_maxt-1_reasoningNone,KitToolbox,kit.minimax-m2.7-229b,,-1,,orkg_merged_ecsa_icsa.json_jsonpublicationloader_limit-1,['paper_class'],['research_level'],['first_research_object'],['second_research_object'],['validity'],['evidence'],False,False,R659055,https://sandbox.orkg.org,-1,orkg,merged_ecsa_icsa.json_jsonpublicationloader_limit-1,merged_ecsa_icsa.json,JsonPublicationLoader,-1,,4000,2,generation_kittoolbox_kit.minimax-m2.7-229b_tmpNone_maxt-1_reasoningNone,generation,kittoolbox_kit.minimax-m2.7-229b_tmpNone_maxt-1_reasoningNone,KitToolbox,kit.minimax-m2.7-229b,,-1,,Which studies evaluate compatibility in their work sorted from the most recent publication to the earliest?,"The publications that evaluate the property Compatibility, ranked in descending order of their publication year, are: 1. Mitigating the Influence of Embedded Software Development Environments and Toolsets (ESDT) on Software Architecture (2019), and 2. An Architecture for Decentralized, Collaborative, and Autonomous Robots (2018).","['10.1109/ICSA.2018.00017', '10.1109/ICSA.2018.00017', '10.1109/ICSA.2019.00020', '10.1109/ICSA.2019.00020']",,"['(R871562:Property, Name, L1526672:Compatibility)', '(R871523:An Architecture for Decentralized, Collaborative, and Autonomous Robots, publication year, L1526604:2018)', '(R871569:Property, Name, L1526678:Compatibility)', '(R868862:Mitigating the Influence of Embedded Software Development Environments and Toolsets (ESDT) on Software Architecture, publication year, L1521021:2019)']",clustering_strategy,R659055,Software Architecture and Design,6,Which publications have the evaluation sub-property [evaluation sub-property name] ranked by the publication year?
62,39f0c727f1c36390b5a876e7120bfff1,52148f59-5e9a-4d7f-bc61-f52cf2e56fd7,"

**Papers that evaluate the property Reliability (ranked by publication year, descending)**  

| Rank | Paper Title | Publication Year | Source |
|------|-------------|------------------|--------|
| 1 | “A Comparison of MQTT Brokers for Distributed IoT Edge Computing” | 2020 | [1] |
| 2 | “A Platform Architecture for Multi‑Tenant Blockchain‑Based Systems” | 2019 | [2] |
| 3 | “An Architecture‑Driven Adaptation Approach for Big Data Cyber Security Analytics” | 2019 | [5] |
| 4 | “An Architecture for Decentralized, Collaborative, and Autonomous Robots” | 2018 | [3] |
| 5 | “Quality Evaluation of PaaS Cloud Application Design Using Generated Prototypes” | 2017 | [4] |

*Only the papers listed above were identified in the provided partial answers as evaluating the Reliability property.*

[1] Source: A Comparison of MQTT Brokers for Distributed IoT Edge Computing, 10.1007/978-3-030-58923-3_23
[2] Source: A Platform Architecture for Multi-Tenant Blockchain-Based Systems, 10.1109/ICSA.2019.00019
[3] Source: An Architecture for Decentralized, Collaborative, and Autonomous Robots, 10.1109/ICSA.2018.00017
[4] Source: Quality Evaluation of PaaS Cloud Application Design Using Generated Prototypes, 10.1109/ICSA.2017.43
[5] Source: An Architecture-Driven Adaptation Approach for Big Data Cyber Security Analytics, 10.1109/ICSA.2019.00013
","['(R871726:A Platform Architecture for Multi-Tenant Blockchain-Based Systems, contribution, R871757:First Research Object 2)', '(R871757:First Research Object 2, evaluation, R871758:Evaluation)', '(R871758:Evaluation, properties, R871761:Property)', '(R871765:Property, Name, L1527091:Reliability)', '(R871523:An Architecture for Decentralized, Collaborative, and Autonomous Robots, contribution, R871554:First Research Object 2)', '(R871554:First Research Object 2, evaluation, R871555:Evaluation)', '(R871555:Evaluation, properties, R871560:Property)', '(R871563:Property, Name, L1526673:Reliability)', '(R870014:An Architecture-Driven Adaptation Approach for Big Data Cyber Security Analytics, contribution, R2156164:First Research Object 2)', '(R2156164:First Research Object 2, evaluation, R2156177:Evaluation)', '(R2156177:Evaluation, properties, R2156187:Property)', '(R2156195:Property, Name, L2809563:Reliability)', '(R873728:A Comparison of MQTT Brokers for Distributed IoT Edge Computing, contribution, R873753:First Research Object 2)', '(R873753:First Research Object 2, evaluation, R873754:Evaluation)', '(R873754:Evaluation, properties, R873757:Property)', '(R873759:Property, Name, L1531163:Reliability)', '(R2156224:Property, Name, L2809597:Reliability)', '(R870014:An Architecture-Driven Adaptation Approach for Big Data Cyber Security Analytics, publication year, L1523470:2019)', '(R871523:An Architecture for Decentralized, Collaborative, and Autonomous Robots, publication year, L1526604:2018)', '(R871726:A Platform Architecture for Multi-Tenant Blockchain-Based Systems, publication year, L1527024:2019)', '(R871104:Quality Evaluation of PaaS Cloud Application Design Using Generated Prototypes, publication year, L1525740:2017)', '(R873728:A Comparison of MQTT Brokers for Distributed IoT Edge Computing, publication year, L1531105:2020)', '(R871130:Property, Name, L1525789:Reliability)']",[],0.2,0.25,0.05,0.316,0.25,1.0,0.2,0.2,0.2,0.2,0.47,0.35,0.4,0.37,0.39,0.9,0.55,0.71,0.53,0.9,0.67,0.79,0.2,0.467,0.391,0.529,0.2,0.81,0.71,0.93,0.65,0.57,0.75,0.64,0.57,0.74,0.661,0.83,0.736,1.0,409.47948122024536,0.0,42606,0,0.0,,0,0.0,,,0.0,0.0,,0.0,0.0,https://wandb.ai/kastel-sdq-meta-research/experiment_cross_encoder/r/call/01a05ef2-3e79-76cc-9373-c88def72a785,retrieval_config,False,KitToolbox,kit.qwen3-embedding-8b,10,10,True,cosine,True,False,10,-1,8,False,False,1,False,-1,-1,False,,['R659055'],['Paper'],True,False,False,kg_retrieval,hublink,kittoolbox_kit.minimax-m2.7-229b_tmpNone_maxt-1_reasoningNone,KitToolbox,kit.minimax-m2.7-229b,,-1,,kittoolbox_kit.minimax-m2.7-229b_tmpNone_maxt-1_reasoningNone,KitToolbox,kit.minimax-m2.7-229b,,-1,,orkg_merged_ecsa_icsa.json_jsonpublicationloader_limit-1,['paper_class'],['research_level'],['first_research_object'],['second_research_object'],['validity'],['evidence'],False,False,R659055,https://sandbox.orkg.org,-1,orkg,merged_ecsa_icsa.json_jsonpublicationloader_limit-1,merged_ecsa_icsa.json,JsonPublicationLoader,-1,,4000,2,generation_kittoolbox_kit.minimax-m2.7-229b_tmpNone_maxt-1_reasoningNone,generation,kittoolbox_kit.minimax-m2.7-229b_tmpNone_maxt-1_reasoningNone,KitToolbox,kit.minimax-m2.7-229b,,-1,,Which papers evaluate the property Reliability? Rank the papers in descending order by their publication year.,"The papers with the investigated property Reliability, ranked in descending order by their publication year, are: 1. A Comparison of MQTT Brokers for Distributed IoT Edge Computing (2020), 2. An Architecture-Driven Adaptation Approach for Big Data Cyber Security Analytics (2019), 3. A Platform Architecture for Multi-Tenant Blockchain-Based Systems (2019), 4. An Architecture for Decentralized, Collaborative, and Autonomous Robots (2018), 5. Quality Evaluation of PaaS Cloud Application Design Using Generated Prototypes (2017)","['10.1109/ICSA.2019.00013', '10.1109/ICSA.2019.00013', '10.1109/ICSA.2019.00019', '10.1109/ICSA.2019.00019', '10.1007/978-3-030-58923-3_23', '10.1007/978-3-030-58923-3_23', '10.1109/ICSA.2018.00017', '10.1109/ICSA.2018.00017', '10.1109/ICSA.2017.43', '10.1109/ICSA.2017.43']",,"['(R870044:Property, Name, L1523526:Reliability)', '(R870014:An Architecture-Driven Adaptation Approach for Big Data Cyber Security Analytics, publication year, L1523470:2019)', '(R871765:Property, Name, L1527091:Reliability)', '(R871726:A Platform Architecture for Multi-Tenant Blockchain-Based Systems, publication year, L1527024:2019)', '(R873759:Property, Name, L1531163:Reliability)', '(R873728:A Comparison of MQTT Brokers for Distributed IoT Edge Computing, publication year, L1531105:2020)', '(R871563:Property, Name, L1526673:Reliability)', '(R871523:An Architecture for Decentralized, Collaborative, and Autonomous Robots, publication year, L1526604:2018)', '(R871130:Property, Name, L1525789:Reliability)', '(R871104:Quality Evaluation of PaaS Cloud Application Design Using Generated Prototypes, publication year, L1525740:2017)']",clustering_strategy,R659055,Software Architecture and Design,6,Which publications have the evaluation sub-property [evaluation sub-property name] ranked by the publication year?
63,39f0c727f1c36390b5a876e7120bfff1,4de79ef4-57b4-4a22-9f2e-286995751d3c,"

**Papers that apply a benchmark in their evaluation (ordered from most recent to oldest):**  

- **Experiments in Curation: Towards Machine‑Assisted Construction of Software Architecture Knowledge Bases** [1]

[1] Source: Experiments in Curation: Towards Machine-Assisted Construction of Software Architecture Knowledge Bases, 10.1109/ICSA.2017.27
","['(R871608:First Research Object 2, evaluation, R871614:Evaluation)', '(R871614:Evaluation, Evaluation method, R871615:Evaluation Method List)', '(R871615:Evaluation Method List, Entity, R871616:Evaluation Method Entity)', '(R871616:Evaluation Method Entity, Name, L1526778:Benchmark)']",[],0.125,0.125,0.031,0.083,0.25,0.333,0.25,0.12,0.17,0.14,0.4,0.12,0.19,0.14,0.25,0.12,0.17,0.14,0.4,0.12,0.19,0.14,0.25,0.4,0.25,0.4,0.12,0.51,0.93,0.35,0.4,0.73,0.27,0.49,0.89,0.34,0.703,0.636,0.668,0.0,291.5005638599396,0.0,27672,0,0.0,,0,0.0,,,0.0,0.0,,0.0,0.0,https://wandb.ai/kastel-sdq-meta-research/experiment_cross_encoder/r/call/01a05ef2-618b-77b0-b08c-82bac19591b6,retrieval_config,False,KitToolbox,kit.qwen3-embedding-8b,10,10,True,cosine,True,False,10,-1,8,False,False,1,False,-1,-1,False,,['R659055'],['Paper'],True,False,False,kg_retrieval,hublink,kittoolbox_kit.minimax-m2.7-229b_tmpNone_maxt-1_reasoningNone,KitToolbox,kit.minimax-m2.7-229b,,-1,,kittoolbox_kit.minimax-m2.7-229b_tmpNone_maxt-1_reasoningNone,KitToolbox,kit.minimax-m2.7-229b,,-1,,orkg_merged_ecsa_icsa.json_jsonpublicationloader_limit-1,['paper_class'],['research_level'],['first_research_object'],['second_research_object'],['validity'],['evidence'],False,False,R659055,https://sandbox.orkg.org,-1,orkg,merged_ecsa_icsa.json_jsonpublicationloader_limit-1,merged_ecsa_icsa.json,JsonPublicationLoader,-1,,4000,2,generation_kittoolbox_kit.minimax-m2.7-229b_tmpNone_maxt-1_reasoningNone,generation,kittoolbox_kit.minimax-m2.7-229b_tmpNone_maxt-1_reasoningNone,KitToolbox,kit.minimax-m2.7-229b,,-1,,Give me all the papers that apply a benchmark in their evaluation ranked from the most recent to the oldest.,"The publications that apply a benchmark in their evaluation, ranked from the most recent to the oldest, are: 1. Formal Software Architectural Migration Towards Emerging Architectural Styles (2020), 2. Employment of Optimal Approximations on Apache Hadoop Checkpoint Technique for Performance Improvements (2020), 3. Evaluating the Effectiveness of Multi-level Greedy Modularity Clustering for Software Architecture Recovery (2019), 4. Experiments in Curation: Towards Machine-Assisted Construction of Software Architecture Knowledge Bases (2017)","['10.1007/978-3-030-29983-5_5', '10.1007/978-3-030-29983-5_5', '10.1109/ICSA.2017.27', '10.1109/ICSA.2017.27', '10.1007/978-3-030-58923-3_2', '10.1007/978-3-030-58923-3_2', '10.1109/ICSA47634.2020.00009', '10.1109/ICSA47634.2020.00009']",,"['(R874284:Evaluation Method Entity, Name, L1532280:Benchmark)', '(R874518:Evaluating the Effectiveness of Multi-level Greedy Modularity Clustering for Software Architecture Recovery, publication year, L1532779:2019)', '(R871169:Evaluation Method Entity, Name, L1525874:Benchmark)', '(R871582:Experiments in Curation: Towards Machine-Assisted Construction of Software Architecture Knowledge Bases, publication year, L1526719:2017)', '(R871616:Evaluation Method Entity, Name, L1526778:Benchmark)', '(R871143:Formal Software Architectural Migration Towards Emerging Architectural Styles, publication year, L1525821:2020)', '(R874546:Evaluation Method Entity, Name, L1532835:Benchmark)', '(R874260:Employment of Optimal Approximations on Apache Hadoop Checkpoint Technique for Performance Improvements, publication year, L1532232:2020)']",clustering_strategy,R659055,Software Architecture and Design,6,Which publications have the evaluation method [Content Data: evaluation method name] ranked by the publication year?
64,39f0c727f1c36390b5a876e7120bfff1,37e36398-faeb-463f-9814-24d6adbd029d,"

The eight sources do not agree on a single set of numbers; they describe different Data‑Science papers and report different input‑data statuses.  The most common statements are:

| Source | What the source says about input‑data usage | Input‑data “available?” |
|--------|--------------------------------------------|--------------------------|
| [1]    | *The Evolution of Technical Debt in the Apache Ecosystem* uses input data. | **Yes** – the data are made public. |
| [2]    | *An Empirical Study of Architectural Decay in Open‑Source Software* uses input data (Evidence 2). | **No** – the data are marked “not available”. |
| [3]    | *Architectural Security Weaknesses in Industrial Control Systems (ICS) an Empirical Study Based on Disclosed Software Vulnerabilities* uses input data. | **Yes** – the data are reported as available. |
| [4]    | *Architectural Design Decisions for Systems Supporting Model‑Based Analysis of Runtime Events* uses input data. | **No** – the data are marked “not available”. |
| [5]    | *Architectural Decay as Predictor of Issue‑ and Change‑Proneness* uses input data. | **No** – the data are marked “not available”. |
| [6]    | States outright: “0 papers have not used input data, while 1 paper has made its input data available.” | **Yes** – aligns with the “1 paper with data available” view. |
| [7]    | The FLRA paper’s Evidence 2 uses input data, but the data are reported as not available. | **No** – the data are not publicly available. |
| [8]    | Discusses a paper that uses “Technical Experiment” rather than Data Science, so this source does not provide information about Data‑Science papers. | – |

### Summary of the conflicting counts

| Metric | Count according to each set of sources |
|--------|------------------------------------------|
| **Papers that have NOT used input data** | • 0 papers – [1], [2], [3], [6]  <br>• 1 paper – [4], [5], [7] |
| **Papers that HAVE made their input data available** | • 1 paper – [1], [3], [6]  <br>• 0 papers – [2], [4], [5], [7] |

Thus, **among the papers that apply the Data Science evaluation method, the sources disagree**: some report that **one** paper has made its input data available and that **no** paper has failed to use input data, while others report that **no** Data‑Science paper has made its input data available and that **one** paper has not used (or does not provide) input data.  Consequently, a single definitive count cannot be derived from the provided partial answers.

[1] Source: The Evolution of Technical Debt in the Apache Ecosystem, 10.1007/978-3-319-65831-5_4
[2] Source: An Empirical Study of Architectural Decay in Open-Source Software, 10.1109/ICSA.2018.00027
[3] Source: Architectural Security Weaknesses in Industrial Control Systems (ICS) an Empirical Study Based on Disclosed Software Vulnerabilities, 10.1109/ICSA.2019.00012
[4] Source: Architectural Design Decisions for Systems Supporting Model-Based Analysis of Runtime Events: A Qualitative Multi-method Study, 10.1109/ICSA.2018.00021
[5] Source: Architectural Decay as Predictor of Issue- and Change-Proneness, 10.1109/ICSA51549.2021.00017
[6] Source: An Expert Recommendation System for Design Decision Making: Who Should be Involved in Making a Design Decision?, 10.1109/ICSA.2018.00018
[7] Source: FLRA: A Reference Architecture for Federated Learning Systems, 10.1007/978-3-030-86044-8_6
[8] Source: Architecture-Based Change Impact Analysis in Information Systems and Business Processes, 10.1109/ICSA.2017.17
","['(R873101:Evaluation Method Entity, Name, L1529831:Data Science)', '(R869987:FLRA: A Reference Architecture for Federated Learning Systems, contribution, R870003:First Research Object 2)', '(R870003:First Research Object 2, evaluation, R870004:Evaluation)', '(R870004:Evaluation, Evaluation method, R870005:Evaluation Method List)', '(R870005:Evaluation Method List, Entity, R870006:Evaluation Method Entity)', '(R870006:Evaluation Method Entity, Name, L1523455:Data Science)', '(R870774:First Research Object 2, evaluation, R870775:Evaluation)', '(R870775:Evaluation, Evaluation method, R870776:Evaluation Method List)', '(R870776:Evaluation Method List, Entity, R870777:Evaluation Method Entity)', '(R870777:Evaluation Method Entity, Name, L1525079:Data Science)', '(R873922:Evaluation Method Entity, Name, L1531521:Data Science)', '(R870102:An Empirical Study of Architectural Decay in Open-Source Software, contribution, R870131:Evidence 2)', '(R870131:Evidence 2, Uses Input Data, R870132:Input Data)', '(R872780:Architectural Decay as Predictor of Issue- and Change-Proneness, contribution, R872801:First Research Object 2)', '(R872801:First Research Object 2, evaluation, R872802:Evaluation)', '(R872802:Evaluation, Evaluation method, R872803:Evaluation Method List)', '(R872803:Evaluation Method List, Entity, R872804:Evaluation Method Entity)', '(R872804:Evaluation Method Entity, Name, L1529234:Data Science)', '(R870102:An Empirical Study of Architectural Decay in Open-Source Software, contribution, R870123:First Research Object 2)', '(R870123:First Research Object 2, evaluation, R870124:Evaluation)', '(R870124:Evaluation, Evaluation method, R870125:Evaluation Method List)', '(R870125:Evaluation Method List, Entity, R870126:Evaluation Method Entity)', '(R870126:Evaluation Method Entity, Name, L1523703:Data Science)', '(R870753:Architectural Security Weaknesses in Industrial Control Systems (ICS) an Empirical Study Based on Disclosed Software Vulnerabilities, contribution, R870782:Evidence 2)', '(R870782:Evidence 2, Uses Input Data, R870783:Input Data)', '(R870783:Input Data, None, L1525087:False)', '(R872780:Architectural Decay as Predictor of Issue- and Change-Proneness, contribution, R872809:Evidence 2)', '(R872809:Evidence 2, Uses Input Data, R872810:Input Data)', '(R872810:Input Data, None, L1529242:False)', '(R873927:Evidence 2, Uses Input Data, R873928:Input Data)', '(R869104:The Evolution of Technical Debt in the Apache Ecosystem, contribution, R869125:First Research Object 2)', '(R869125:First Research Object 2, evaluation, R869126:Evaluation)', '(R869126:Evaluation, Evaluation method, R869127:Evaluation Method List)', '(R869127:Evaluation Method List, Entity, R869128:Evaluation Method Entity)', '(R869128:Evaluation Method Entity, Name, L1521574:Data Science)', '(R869104:The Evolution of Technical Debt in the Apache Ecosystem, contribution, R869133:Evidence 2)', '(R869133:Evidence 2, Uses Input Data, R869134:Input Data)', '(R869134:Input Data, None, L1521582:False)', '(R869987:FLRA: A Reference Architecture for Federated Learning Systems, contribution, R874749:Evidence 2)', '(R874749:Evidence 2, Uses Input Data, R874750:Input Data)', '(R874750:Input Data, None, L1533260:True)', '(R874750:Input Data, available, L1533258:False)', '(R869134:Input Data, available, L1521580:True)', '(R870132:Input Data, available, L1523709:False)', '(R872810:Input Data, available, L1529240:False)', '(R873107:Input Data, available, L1529837:False)', '(R873928:Input Data, available, L1531527:True)']",[],0.167,0.167,0.028,0.053,0.167,0.2,0.1,0.17,0.12,0.15,0.15,0.17,0.16,0.16,0.13,1.0,0.23,0.42,0.21,1.0,0.35,0.57,0.1,0.154,0.128,0.211,0.02,0.19,0.11,0.72,0.08,0.05,0.33,0.14,0.08,0.55,0.43,0.602,0.502,0.0,644.0034794807434,0.0,117408,0,0.0,,0,0.0,,,0.0,0.0,,0.0,0.0,https://wandb.ai/kastel-sdq-meta-research/experiment_cross_encoder/r/call/01a05ef2-c684-7622-8668-a16970b5e9a1,retrieval_config,False,KitToolbox,kit.qwen3-embedding-8b,10,10,True,cosine,True,False,10,-1,8,False,False,1,False,-1,-1,False,,['R659055'],['Paper'],True,False,False,kg_retrieval,hublink,kittoolbox_kit.minimax-m2.7-229b_tmpNone_maxt-1_reasoningNone,KitToolbox,kit.minimax-m2.7-229b,,-1,,kittoolbox_kit.minimax-m2.7-229b_tmpNone_maxt-1_reasoningNone,KitToolbox,kit.minimax-m2.7-229b,,-1,,orkg_merged_ecsa_icsa.json_jsonpublicationloader_limit-1,['paper_class'],['research_level'],['first_research_object'],['second_research_object'],['validity'],['evidence'],False,False,R659055,https://sandbox.orkg.org,-1,orkg,merged_ecsa_icsa.json_jsonpublicationloader_limit-1,merged_ecsa_icsa.json,JsonPublicationLoader,-1,,4000,2,generation_kittoolbox_kit.minimax-m2.7-229b_tmpNone_maxt-1_reasoningNone,generation,kittoolbox_kit.minimax-m2.7-229b_tmpNone_maxt-1_reasoningNone,KitToolbox,kit.minimax-m2.7-229b,,-1,,"Among papers that apply the evaluation method Data Science, how many have not used input data compared to those that have made their input data available?","There is one paper with the evaluation method Data Science that does not provide input data, and there are two papers with the evaluation method Data Science that make their input data available. Therefore, the comparison shows that there is one paper with no input data and two papers with input data available.","['10.1007/978-3-030-86044-8_6', '10.1007/978-3-030-86044-8_6', '10.1109/ICSA.2018.00018', '10.1109/ICSA.2018.00018', '10.1007/978-3-319-65831-5_4', '10.1007/978-3-319-65831-5_4']",,"['(R873922:Evaluation Method Entity, Name, L1531521:Data Science)', '(R874750:Input Data, None, L1533260:True)', '(R870006:Evaluation Method Entity, Name, L1523455:Data Science)', '(R873928:Input Data, available, L1531527:True)', '(R869128:Evaluation Method Entity, Name, L1521574:Data Science)', '(R869134:Input Data, available, L1521580:True)']",clustering_strategy,R659055,Software Architecture and Design,6,"How many papers that apply the evaluation method with the name [Content Data: evaluation method name], have not used input data  compared to those that state that their input data is made available?"
65,39f0c727f1c36390b5a876e7120bfff1,2f2e5828-4c5f-4015-be3d-0c4a05242d7a,"

Among the publications that use **grounded theory** for evaluation, the available texts identify **one** such study [2]. That study does **not** provide a replication package, which means its input data are **not publicly available** [2]. Consequently:

- **Papers with publicly available input data:** **0**  
- **Papers without publicly available input data:** **1**

The other papers discussed in the texts (e.g., the contribution with “non‑null” input data in [1] and the “Architectural Decay as Predictor” paper in [3]) do contain input data, but they are **not** identified as using grounded‑theory evaluation, so they do not affect the count for this specific subset [1][3].

[1] Source: Employment of Optimal Approximations on Apache Hadoop Checkpoint Technique for Performance Improvements, 10.1109/ICSA47634.2020.00009
[2] Source: How Developers Discuss Architecture Smells? An Exploratory Study on Stack Overflow, 10.1109/ICSA.2019.00018
[3] Source: Architectural Decay as Predictor of Issue- and Change-Proneness, 10.1109/ICSA51549.2021.00017
","['(R874289:Evidence 2, Uses Input Data, R874290:Input Data)', '(R874290:Input Data, None, L1532288:False)', '(R868310:Evaluation, Evaluation method, R868311:Evaluation Method List)', '(R868311:Evaluation Method List, Entity, R868312:Evaluation Method Entity)', '(R868312:Evaluation Method Entity, Name, L1519814:Grounded Theory)', '(R868315:Evidence 2, Provides Replication Package, L1519818:False)']",[],0.1,0.1,0.02,0.065,0.2,0.25,0.17,0.1,0.12,0.11,0.22,0.1,0.14,0.11,0.17,0.1,0.12,0.11,0.22,0.1,0.14,0.11,0.167,0.222,0.167,0.222,0.06,0.34,0.22,0.74,0.23,0.15,0.5,0.28,0.18,0.61,0.465,0.681,0.553,1.0,635.3653917312622,0.0,38792,0,0.0,,0,0.0,,,0.0,0.0,,0.0,0.0,https://wandb.ai/kastel-sdq-meta-research/experiment_cross_encoder/r/call/01a05ef4-659e-7b0b-967a-8bd4317a9c44,retrieval_config,False,KitToolbox,kit.qwen3-embedding-8b,10,10,True,cosine,True,False,10,-1,8,False,False,1,False,-1,-1,False,,['R659055'],['Paper'],True,False,False,kg_retrieval,hublink,kittoolbox_kit.minimax-m2.7-229b_tmpNone_maxt-1_reasoningNone,KitToolbox,kit.minimax-m2.7-229b,,-1,,kittoolbox_kit.minimax-m2.7-229b_tmpNone_maxt-1_reasoningNone,KitToolbox,kit.minimax-m2.7-229b,,-1,,orkg_merged_ecsa_icsa.json_jsonpublicationloader_limit-1,['paper_class'],['research_level'],['first_research_object'],['second_research_object'],['validity'],['evidence'],False,False,R659055,https://sandbox.orkg.org,-1,orkg,merged_ecsa_icsa.json_jsonpublicationloader_limit-1,merged_ecsa_icsa.json,JsonPublicationLoader,-1,,4000,2,generation_kittoolbox_kit.minimax-m2.7-229b_tmpNone_maxt-1_reasoningNone,generation,kittoolbox_kit.minimax-m2.7-229b_tmpNone_maxt-1_reasoningNone,KitToolbox,kit.minimax-m2.7-229b,,-1,,"Among publications that use grounded theory for evaluation, what is the number of papers with publicly available input data versus those without?","The number of papers among publications that use grounded theory for evaluation with publicly available input data is four, whereas the number of papers without publicly available input data is one.","['10.1007/978-3-030-58923-3_1', '10.1007/978-3-030-58923-3_1', '10.1007/978-3-030-58923-3_14', '10.1007/978-3-030-58923-3_14', '10.1007/978-3-030-29983-5_1', '10.1007/978-3-030-29983-5_1', '10.1109/ICSA.2019.00018', '10.1109/ICSA.2019.00018', '10.1007/978-3-030-29983-5_2', '10.1007/978-3-030-29983-5_2']",,"['(R869590:Evaluation Method Entity, Name, L1522568:Grounded Theory)', '(R869596:Input Data, available, L1522574:True)', '(R873364:Evaluation Method Entity, Name, L1530356:Grounded Theory)', '(R874817:Input Data, None, L1533427:True)', '(R873005:Evaluation Method Entity, Name, L1529647:Grounded Theory)', '(R873370:Input Data, available, L1530362:True)', '(R868312:Evaluation Method Entity, Name, L1519814:Grounded Theory)', '(R868316:Input Data, available, L1519819:True)', '(R872627:Evaluation Method Entity, Name, L1528876:Grounded Theory)', '(R873012:Input Data, available, L1529654:True)']",clustering_strategy,R659055,Software Architecture and Design,6,How many papers with the evaluation method [Content Data: evaluation method name] have their input data marked as [input type] compared to those with the input data marked as [input type]?
66,39f0c727f1c36390b5a876e7120bfff1,cb20ce38-aaad-4b13-b082-7594e50e35f1,"

**Papers that investigate the research object *Architecture Design Method***  

The partial answers identify the following studies as dealing with *Architecture Design Method*:

| Paper (as named in the partial answers) | Property‑evaluation information |
|-----------------------------------------|----------------------------------|
| “REST vs GraphQL: A Controlled Experiment” [1] | Explicitly evaluates **Usability**. |
| “Microservice Ambients: An Architectural Meta‑Modelling Approach for Microservice Granularity” [2] | Explicitly evaluates **Portability**. |
| “Guidelines for Architecting Android Apps: A Mixed‑Method Empirical Study” [3] | Performed an evaluation of properties, but the texts do **not** specify which properties (e.g., Portability or Usability) were assessed. |
| “Mapping Features to Source Code through Product Line Architecture: Traceability and Conformance” [4] | Explicitly evaluates **Usability**. |
| “Reducing Development Overheads with a Generic and Model‑Centric Architecture for Online Games” [5] | Evaluates **both** Portability and Usability; however, the paper’s research object is described as “First Research Object 2” and is **not explicitly identified** as *Architecture Design Method*. |
| “QoS‑Based Formation of Software Architectures in the Internet of Things” [6] | Does **not** report an evaluation of either Portability or Usability. |
| “Towards a Reference Architecture for Cloud‑Based Plant Genotyping and Phenotyping Analysis Frameworks” [7] | **Does not** investigate *Architecture Design Method*. |

**Count of evaluations**

- **Portability** – at least one paper (the *Microservice Ambients* study) explicitly reports an evaluation of this property [2].  
- **Usability** – at least two papers (the *REST vs GraphQL* study and the *Mapping Features to Source Code* study) explicitly report an evaluation of this property [1][4].

If the paper *Reducing Development Overheads…* were confirmed to belong to the *Architecture Design Method* set, the counts would rise to two for each property. However, because its research object is described as a different entity (“First Research Object 2”) and is not explicitly linked to *Architecture Design Method* in the provided texts, it is not included in the strict tally.

**Result**

- **Portability:** 1 paper (minimum)  
- **Usability:** 2 papers (minimum)  

Thus, among the papers that clearly investigate *Architecture Design Method*, a smaller number have evaluated Portability compared with those that have evaluated Usability.

[1] Source: REST vs GraphQL: A Controlled Experiment, 10.1109/ICSA47634.2020.00016
[2] Source: Microservice Ambients: An Architectural Meta-Modelling Approach for Microservice Granularity, 10.1109/ICSA.2017.32
[3] Source: Guidelines for Architecting Android Apps: A Mixed-Method Empirical Study, 10.1109/ICSA.2019.00023
[4] Source: Mapping Features to Source Code through Product Line Architecture: Traceability and Conformance, 10.1109/ICSA.2017.13
[5] Source: Reducing Development Overheads with a Generic and Model-Centric Architecture for Online Games, 10.1109/ICSA.2018.00011
[6] Source: QoS-Based Formation of Software Architectures in the Internet of Things, 10.1007/978-3-030-29983-5_12
[7] Source: Towards a Reference Architecture for Cloud-Based Plant Genotyping and Phenotyping Analysis Frameworks, 10.1109/ICSA.2017.42
","['(R873993:Reducing Development Overheads with a Generic and Model-Centric Architecture for Online Games, contribution, R874017:First Research Object 2)', '(R874017:First Research Object 2, evaluation, R874018:Evaluation)', '(R874018:Evaluation, properties, R874021:Property)', '(R874023:Property, Name, L1531719:Usability)', '(R868928:Mapping Features to Source Code through Product Line Architecture: Traceability and Conformance, contribution, R868951:First Research Object 2)', '(R868951:First Research Object 2, evaluation, R868952:Evaluation)', '(R868952:Evaluation, properties, R868955:Property)', '(R868956:Property, Name, L1521203:Usability)', '(R874025:Property, Name, L1531721:Portability)', '(R870884:REST vs GraphQL: A Controlled Experiment, contribution, R870908:First Research Object 2)', '(R870908:First Research Object 2, evaluation, R870909:Evaluation)', '(R870909:Evaluation, properties, R870915:Property)', '(R870916:Property, Name, L1525358:Usability)', '(R871785:Microservice Ambients: An Architectural Meta-Modelling Approach for Microservice Granularity, contribution, R871802:First Research Object 2)', '(R871802:First Research Object 2, evaluation, R871803:Evaluation)', '(R871803:Evaluation, properties, R871806:Property)', '(R871806:Property, Sub-Property, R871807:Property)', '(R871807:Property, Name, L1527168:Portability)', '(R869525:QoS-Based Formation of Software Architectures in the Internet of Things, contribution, R869547:First Research Object 2)', '(R869547:First Research Object 2, Object, R869554:Research Object List)', '(R869554:Research Object List, Entity, R869555:Research Object Entity)', '(R869555:Research Object Entity, Name, L1522485:Architecture Design Method)', '(R874174:Guidelines for Architecting Android Apps: A Mixed-Method Empirical Study, contribution, R874191:First Research Object 2)', '(R874191:First Research Object 2, Object, R874193:Research Object List)', '(R874193:Research Object List, Entity, R874194:Research Object Entity)', '(R874194:Research Object Entity, Name, L1532090:Architecture Design Method)', '(R868960:Research Object Entity, Name, L1521207:Architecture Design Method)', '(R870908:First Research Object 2, Object, R870917:Research Object List)', '(R870917:Research Object List, Entity, R870918:Research Object Entity)', '(R870918:Research Object Entity, Name, L1525360:Architecture Design Method)', '(R871802:First Research Object 2, Object, R871809:Research Object List)', '(R871809:Research Object List, Entity, R871810:Research Object Entity)', '(R871810:Research Object Entity, Name, L1527171:Architecture Design Method)', '(R869547:First Research Object 2, evaluation, R869548:Evaluation)', '(R869548:Evaluation, properties, R869551:Property)', '(R869553:Property, Name, L1522483:Functional Suitability)', '(R869551:Property, Name, L1522484:Product Quality)', '(R874191:First Research Object 2, evaluation, R874192:Evaluation)', '(R874192:Evaluation, properties, L1532089:False)']",[],0.167,0.083,0.021,0.013,0.125,0.125,0.1,0.17,0.12,0.15,0.12,0.17,0.14,0.16,0.15,1.0,0.27,0.48,0.24,1.0,0.38,0.61,0.1,0.125,0.154,0.235,0.02,0.15,0.08,0.93,0.07,0.04,0.48,0.12,0.06,0.75,0.37,0.578,0.451,1.0,742.5592443943024,0.0,83860,0,0.0,,0,0.0,,,0.0,0.0,,0.0,0.0,https://wandb.ai/kastel-sdq-meta-research/experiment_cross_encoder/r/call/01a05ef5-b14c-78bc-970e-e99cdafc2d59,retrieval_config,False,KitToolbox,kit.qwen3-embedding-8b,10,10,True,cosine,True,False,10,-1,8,False,False,1,False,-1,-1,False,,['R659055'],['Paper'],True,False,False,kg_retrieval,hublink,kittoolbox_kit.minimax-m2.7-229b_tmpNone_maxt-1_reasoningNone,KitToolbox,kit.minimax-m2.7-229b,,-1,,kittoolbox_kit.minimax-m2.7-229b_tmpNone_maxt-1_reasoningNone,KitToolbox,kit.minimax-m2.7-229b,,-1,,orkg_merged_ecsa_icsa.json_jsonpublicationloader_limit-1,['paper_class'],['research_level'],['first_research_object'],['second_research_object'],['validity'],['evidence'],False,False,R659055,https://sandbox.orkg.org,-1,orkg,merged_ecsa_icsa.json_jsonpublicationloader_limit-1,merged_ecsa_icsa.json,JsonPublicationLoader,-1,,4000,2,generation_kittoolbox_kit.minimax-m2.7-229b_tmpNone_maxt-1_reasoningNone,generation,kittoolbox_kit.minimax-m2.7-229b_tmpNone_maxt-1_reasoningNone,KitToolbox,kit.minimax-m2.7-229b,,-1,,"Among papers that investigate the research object Architecture Design Method, how many papers have evaluated the property Portability compared to those that evaluated the property Usability?","Among papers that investigate the research object Architecture Design Method, one paper has evaluated Portability as a property, while two different papers have evaluated Usability as a property.","['10.1109/ICSA.2017.32', '10.1109/ICSA.2017.32', '10.1109/ICSA47634.2020.00016', '10.1109/ICSA47634.2020.00016', '10.1109/ICSA.2017.13', '10.1109/ICSA.2017.13']",,"['(R870918:Research Object Entity, Name, L1525360:Architecture Design Method)', '(R871807:Property, Name, L1527168:Portability)', '(R868960:Research Object Entity, Name, L1521207:Architecture Design Method)', '(R870916:Property, Name, L1525358:Usability)', '(R871810:Research Object Entity, Name, L1527171:Architecture Design Method)', '(R868956:Property, Name, L1521203:Usability)']",clustering_strategy,R659055,Software Architecture and Design,6,"How many papers have used the sub-property [Content Data: sub-property name] compared to those that used the sub-property [Content Data: sub-property name], with the research object [Content Data: research object name]?"
67,39f0c727f1c36390b5a876e7120bfff1,1075f1c8-0fce-4044-ae87-7e7d3ef35ad2,"

Across the five partial answers, the papers that investigate a reference architecture are reported as follows:

* **Usability** – Four of the papers explicitly list a usability property or sub‑property. These are the works described in [1], [2], [4] and [5].  
* **Portability** – Three of the papers define a portability property or sub‑property. These are the works described in [2], [3] and [4].

Thus, among the papers that investigate a reference architecture, **four focus on usability** and **three focus on portability** — meaning usability is addressed by one more paper than portability.

[1] Source: Mapping Features to Source Code through Product Line Architecture: Traceability and Conformance, 10.1109/ICSA.2017.13
[2] Source: Reducing Development Overheads with a Generic and Model-Centric Architecture for Online Games, 10.1109/ICSA.2018.00011
[3] Source: Assessing Adaptability of Software Architectures for Cyber Physical Production Systems, 10.1007/978-3-030-29983-5_10
[4] Source: Towards a Reference Architecture for Cloud-Based Plant Genotyping and Phenotyping Analysis Frameworks, 10.1109/ICSA.2017.42
[5] Source: Constructing a Shared Infrastructure for Software Architecture Analysis and Maintenance, 10.1109/ICSA51549.2021.00022
","['(R871346:Assessing Adaptability of Software Architectures for Cyber Physical Production Systems, contribution, R871367:First Research Object 2)', '(R871367:First Research Object 2, evaluation, R871373:Evaluation)', '(R871373:Evaluation, properties, R871376:Property)', '(R871377:Property, Name, L1526301:Portability)', '(R874023:Property, Name, L1531719:Usability)', '(R868956:Property, Name, L1521203:Usability)', '(R874025:Property, Name, L1531721:Portability)', '(R872591:Property, Name, L1528793:Usability)', '(R872593:Property, Name, L1528795:Portability)', '(R871708:Property, Name, L1526978:Usability)', '(R871707:Property, Sub-Property, R871708:Property)', '(R872595:Research Object Entity, Name, L1528797:Reference Architecture)', '(R871367:First Research Object 2, Object, R871378:Research Object List)', '(R871378:Research Object List, Entity, R871379:Research Object Entity)', '(R871379:Research Object Entity, Name, L1526303:Reference Architecture)']",[],0.333,0.333,0.079,0.047,0.25,0.25,0.2,0.33,0.25,0.29,0.22,0.33,0.27,0.3,0.27,0.67,0.38,0.51,0.33,0.67,0.44,0.56,0.2,0.222,0.267,0.333,0.06,0.34,0.22,0.77,0.14,0.09,0.32,0.28,0.18,0.62,0.435,0.621,0.512,1.0,492.1261022090912,0.0,26525,0,0.0,,0,0.0,,,0.0,0.0,,0.0,0.0,https://wandb.ai/kastel-sdq-meta-research/experiment_cross_encoder/r/call/01a05ef7-253b-743c-a0dc-150dc113573e,retrieval_config,False,KitToolbox,kit.qwen3-embedding-8b,10,10,True,cosine,True,False,10,-1,8,False,False,1,False,-1,-1,False,,['R659055'],['Paper'],True,False,False,kg_retrieval,hublink,kittoolbox_kit.minimax-m2.7-229b_tmpNone_maxt-1_reasoningNone,KitToolbox,kit.minimax-m2.7-229b,,-1,,kittoolbox_kit.minimax-m2.7-229b_tmpNone_maxt-1_reasoningNone,KitToolbox,kit.minimax-m2.7-229b,,-1,,orkg_merged_ecsa_icsa.json_jsonpublicationloader_limit-1,['paper_class'],['research_level'],['first_research_object'],['second_research_object'],['validity'],['evidence'],False,False,R659055,https://sandbox.orkg.org,-1,orkg,merged_ecsa_icsa.json_jsonpublicationloader_limit-1,merged_ecsa_icsa.json,JsonPublicationLoader,-1,,4000,2,generation_kittoolbox_kit.minimax-m2.7-229b_tmpNone_maxt-1_reasoningNone,generation,kittoolbox_kit.minimax-m2.7-229b_tmpNone_maxt-1_reasoningNone,KitToolbox,kit.minimax-m2.7-229b,,-1,,"Among papers that investigate a reference architecture, how many focus on usability compared to portability?","Among papers that investigate a reference architecture, the number that focus on usability compared to portability is one paper for usability and two papers for portability.","['10.1109/ICSA.2017.42', '10.1109/ICSA.2017.42', '10.1109/ICSA.2017.42', '10.1007/978-3-030-29983-5_10', '10.1007/978-3-030-29983-5_10']",,"['(R872595:Research Object Entity, Name, L1528797:Reference Architecture)', '(R872593:Property, Name, L1528795:Portability)', '(R872573:Property, Name, L1528779:Usability)', '(R871379:Research Object Entity, Name, L1526303:Reference Architecture)', '(R871372:Property, Name, L1526297:Portability)', '(R871377:Property, Name, L1526301:Portability)']",clustering_strategy,R659055,Software Architecture and Design,6,"How many papers have used the sub-property [Content Data: sub-property name] compared to those that used the sub-property [Content Data: sub-property name], with the research object [Content Data: research object name]?"
68,39f0c727f1c36390b5a876e7120bfff1,716d3216-9a3a-4a4b-acaf-1183d4d09575,"

**Papers that, according to the source texts, both *investigate the “Architecture Optimization Method”* research object and *explicitly state that no input data was used***

| Paper (title) | Source that identifies it as meeting **both** criteria |
|---|---|
| “Semi‑automatic Feedback for Improving Architecture Conformance to Microservice Patterns and Practices” | 【1】 |
| “Monolith Migration Complexity Tuning Through the Application of Microservices Patterns” | 【2】 |
| “An Architecture‑Driven Adaptation Approach for Big Data Cyber Security Analytics” | 【3】 |
| “Dynamic Updates of Virtual PLCs Deployed as Kubernetes Microservices” | 【9】 |

**Why these four are listed**

- **Source [1]** reports that the contribution “Semi‑automatic Feedback …” investigates the **Architecture Optimization Method** and that *Evidence 2* records “Input Data” as “None/False”, i.e., no input data was used.  
- **Source [2]** notes that “Monolith Migration Complexity Tuning …” also studies the **Architecture Optimization Method** and its *Evidence 2* marks the input‑data characteristic as *false* (no input data).  
- **Source [3]** states that the paper “An Architecture‑Driven Adaptation Approach …” lists **Architecture Optimization Method** as its first research object and that *Evidence 2* shows the “Input Data” field is **False**, indicating no input data.  
- **Source [9]** identifies “Dynamic Updates of Virtual PLCs …” as contributing to the **Architecture Optimization Method** (linked to First Research Object 2 of the “Architecture Optimization Method” list) and cites *Evidence 2* (`R872015:Input Data, None, …`) which records “None” for input data, i.e., no input data was used.

**Other sources that do **not** confirm a paper meeting both criteria**

- **Sources [4], [5], [6], [7], [8], [10]** discuss various papers that investigate the **Architecture Optimization Method**, but each of these sources reports that the corresponding *Evidence 2* indicates **input data was used** (or that no paper satisfying the two conditions could be identified).  

  - **[4]** – reports that “Employment of Optimal Approximations …” uses input data (the “None” value for input‑data is *false*).  
  - **[5]** – notes that “ADOOPLA …” includes input data (Evidence 2 shows “false” for “None”).  
  - **[6]** – states that “A Machine Learning Approach …” uses input data (the input‑data field is *not null*).  
  - **[7]** – says “Modeling of Parametric Dependencies …” uses input data.  
  - **[8]** – observes that “InMap: Automated Interactive …” uses input data (input data is *not None*).  
  - **[10]** – reports that “Explaining Architectural Design Tradeoff Spaces …” uses input data (input data is *not None*).

**Summary**

- **Four** papers are explicitly cited by separate sources as satisfying **both** conditions (investigating the Architecture Optimization Method **and** indicating that no input data was used):  
  1. *Semi‑automatic Feedback for Improving Architecture Conformance to Microservice Patterns and Practices* 【1】  
  2. *Monolith Migration Complexity Tuning Through the Application of Microservices Patterns* 【2】  
  3. *An Architecture‑Driven Adaptation Approach for Big Data Cyber Security Analytics* 【3】  
  4. *Dynamic Updates of Virtual PLCs Deployed as Kubernetes Microservices* 【9】

- The remaining source texts either describe papers that **do** investigate the Architecture Optimization Method **but** indicate that input data **was used**, or explicitly state that **no** paper meeting both criteria was found.

[1] Source: Semi-automatic Feedback for Improving Architecture Conformance to Microservice Patterns and Practices, 10.1109/ICSA51549.2021.00012
[2] Source: Monolith Migration Complexity Tuning Through the Application of Microservices Patterns, 10.1007/978-3-030-58923-3_3
[3] Source: An Architecture-Driven Adaptation Approach for Big Data Cyber Security Analytics, 10.1109/ICSA.2019.00013
[4] Source: Employment of Optimal Approximations on Apache Hadoop Checkpoint Technique for Performance Improvements, 10.1109/ICSA47634.2020.00009
[5] Source: ADOOPLA - Combining Product-Line- and Product-Level Criteria in Multi-objective Optimization of Product Line Architectures, 10.1007/978-3-030-29983-5_9
[6] Source: A Machine Learning Approach to Service Discovery for Microservice Architectures, 10.1007/978-3-030-86044-8_5
[7] Source: Modeling of Parametric Dependencies for Performance Prediction of Component-Based Software Systems at Run-Time, 10.1109/ICSA.2018.00023
[8] Source: InMap: Automated Interactive Code-to-Architecture Mapping Recommendations, 10.1109/ICSA51549.2021.00024
[9] Source: Dynamic Updates of Virtual PLCs Deployed as Kubernetes Microservices, 10.1007/978-3-030-86044-8_1
[10] Source: Explaining Architectural Design Tradeoff Spaces: A Machine Learning Approach, 10.1007/978-3-030-86044-8_4
","['(R874260:Employment of Optimal Approximations on Apache Hadoop Checkpoint Technique for Performance Improvements, contribution, R874281:First Research Object 2)', '(R874281:First Research Object 2, Object, R874287:Research Object List)', '(R874287:Research Object List, Entity, R874288:Research Object Entity)', '(R874288:Research Object Entity, Name, L1532284:Architecture Optimization Method)', '(R871983:Dynamic Updates of Virtual PLCs Deployed as Kubernetes Microservices, contribution, R872005:First Research Object 2)', '(R872005:First Research Object 2, Object, R872012:Research Object List)', '(R872012:Research Object List, Entity, R872013:Research Object Entity)', '(R872013:Research Object Entity, Name, L1527594:Architecture Optimization Method)', '(R872484:Monolith Migration Complexity Tuning Through the Application of Microservices Patterns, contribution, R872507:First Research Object 2)', '(R872507:First Research Object 2, Object, R872515:Research Object List)', '(R872515:Research Object List, Entity, R872516:Research Object Entity)', '(R872516:Research Object Entity, Name, L1528666:Architecture Optimization Method)', '(R871857:Explaining Architectural Design Tradeoff Spaces: A Machine Learning Approach, contribution, R871878:First Research Object 2)', '(R871878:First Research Object 2, Object, R871884:Research Object List)', '(R871884:Research Object List, Entity, R871885:Research Object Entity)', '(R871885:Research Object Entity, Name, L1527323:Architecture Optimization Method)', '(R869812:ADOOPLA - Combining Product-Line- and Product-Level Criteria in Multi-objective Optimization of Product Line Architectures, contribution, R869833:First Research Object 2)', '(R869833:First Research Object 2, Object, R869839:Research Object List)', '(R869839:Research Object List, Entity, R869840:Research Object Entity)', '(R869840:Research Object Entity, Name, L1523106:Architecture Optimization Method)', '(R870841:InMap: Automated Interactive Code-to-Architecture Mapping Recommendations, contribution, R2156336:First Research Object 2)', '(R2156336:First Research Object 2, Object, R2156337:Research Object List)', '(R2156337:Research Object List, Entity, R2156338:Research Object Entity)', '(R2156338:Research Object Entity, Name, L2809704:Architecture Optimization Method)', '(R872272:Modeling of Parametric Dependencies for Performance Prediction of Component-Based Software Systems at Run-Time, contribution, R872297:First Research Object 2)', '(R872308:Research Object Entity, Name, L1528217:Architecture Optimization Method)', '(R869264:Semi-automatic Feedback for Improving Architecture Conformance to Microservice Patterns and Practices, contribution, R869297:Second Research Object 2)', '(R869297:Second Research Object 2, Object, R869299:Research Object List)', '(R869299:Research Object List, Entity, R869300:Research Object Entity)', '(R869300:Research Object Entity, Name, L1521937:Architecture Optimization Method)', '(R870014:An Architecture-Driven Adaptation Approach for Big Data Cyber Security Analytics, contribution, R2156164:First Research Object 2)', '(R2156175:Research Object Entity, Name, L2809553:Architecture Optimization Method)', '(R870227:A Machine Learning Approach to Service Discovery for Microservice Architectures, contribution, R2156233:First Research Object 2)', '(R2156233:First Research Object 2, Object, R2156240:Research Object List)', '(R2156240:Research Object List, Entity, R2156241:Research Object Entity)', '(R2156241:Research Object Entity, Name, L2809618:Architecture Optimization Method)', '(R874260:Employment of Optimal Approximations on Apache Hadoop Checkpoint Technique for Performance Improvements, contribution, R874289:Evidence 2)', '(R874289:Evidence 2, Uses Input Data, R874290:Input Data)', '(R874290:Input Data, None, L1532288:False)', '(R872484:Monolith Migration Complexity Tuning Through the Application of Microservices Patterns, contribution, R872517:Evidence 2)', '(R872517:Evidence 2, Uses Input Data, R872518:Input Data)', '(R872518:Input Data, None, L1528670:False)', '(R869264:Semi-automatic Feedback for Improving Architecture Conformance to Microservice Patterns and Practices, contribution, R869301:Evidence 2)', '(R869301:Evidence 2, Uses Input Data, R869302:Input Data)', '(R869302:Input Data, None, L1521941:False)', '(R872309:Evidence 2, Uses Input Data, R872310:Input Data)', '(R870841:InMap: Automated Interactive Code-to-Architecture Mapping Recommendations, contribution, R870874:Evidence 2)', '(R870874:Evidence 2, Uses Input Data, R870875:Input Data)', '(R870875:Input Data, None, L1525270:False)', '(R871983:Dynamic Updates of Virtual PLCs Deployed as Kubernetes Microservices, contribution, R872014:Evidence 2)', '(R872015:Input Data, None, L1527598:True)', '(R871857:Explaining Architectural Design Tradeoff Spaces: A Machine Learning Approach, contribution, R871886:Evidence 2)', '(R871886:Evidence 2, Uses Input Data, R871887:Input Data)', '(R871887:Input Data, None, L1527327:False)', '(R869812:ADOOPLA - Combining Product-Line- and Product-Level Criteria in Multi-objective Optimization of Product Line Architectures, contribution, R869841:Evidence 2)', '(R869841:Evidence 2, Uses Input Data, R869842:Input Data)', '(R869842:Input Data, None, L1523110:False)', '(R870014:An Architecture-Driven Adaptation Approach for Big Data Cyber Security Analytics, contribution, R870049:Evidence 2)', '(R870049:Evidence 2, Uses Input Data, R870050:Input Data)', '(R870050:Input Data, None, L1523534:False)', '(R870227:A Machine Learning Approach to Service Discovery for Microservice Architectures, contribution, R870260:Evidence 2)', '(R870260:Evidence 2, Uses Input Data, R870261:Input Data)', '(R870261:Input Data, None, L1524004:False)', '(R870841:InMap: Automated Interactive Code-to-Architecture Mapping Recommendations, contribution, R2156291:First Research Object 2)']",[],0.167,0.0,0.021,0.039,0.125,0.143,0.1,0.17,0.12,0.15,0.15,0.17,0.16,0.16,0.05,0.5,0.09,0.17,0.09,0.58,0.16,0.28,0.1,0.154,0.047,0.09,0.02,0.14,0.08,0.73,0.1,0.05,0.49,0.12,0.07,0.62,0.355,0.568,0.437,1.0,553.3741960525513,0.0057884999999999985,62141,0,0.0,,0,0.0,,,0.0,0.0,,0.0,0.0,https://wandb.ai/kastel-sdq-meta-research/experiment_cross_encoder/r/call/01a05ef8-fffa-7f34-830a-820143730422,retrieval_config,False,KitToolbox,kit.qwen3-embedding-8b,10,10,True,cosine,True,False,10,-1,8,False,False,1,False,-1,-1,False,,['R659055'],['Paper'],True,False,False,kg_retrieval,hublink,kittoolbox_kit.minimax-m2.7-229b_tmpNone_maxt-1_reasoningNone,KitToolbox,kit.minimax-m2.7-229b,,-1,,kittoolbox_kit.minimax-m2.7-229b_tmpNone_maxt-1_reasoningNone,KitToolbox,kit.minimax-m2.7-229b,,-1,,orkg_merged_ecsa_icsa.json_jsonpublicationloader_limit-1,['paper_class'],['research_level'],['first_research_object'],['second_research_object'],['validity'],['evidence'],False,False,R659055,https://sandbox.orkg.org,-1,orkg,merged_ecsa_icsa.json_jsonpublicationloader_limit-1,merged_ecsa_icsa.json,JsonPublicationLoader,-1,,4000,2,generation_kittoolbox_kit.minimax-m2.7-229b_tmpNone_maxt-1_reasoningNone,generation,kittoolbox_kit.minimax-m2.7-229b_tmpNone_maxt-1_reasoningNone,KitToolbox,kit.minimax-m2.7-229b,,-1,,Which papers investigate the research object Architecture Optimization Method and indicate that no input data was used?,"The papers 'EASIER: An Evolutionary Approach for Multi-objective Software ArchItecturE Refactoring', 'Dynamic Updates of Virtual PLCs Deployed as Kubernetes Microservices', and 'Modeling of Parametric Dependencies for Performance Prediction of Component-Based Software Systems at Run-Time' investigate the research object Architecture Optimization Method and indicate that no input data was used.","['10.1109/ICSA.2018.00020', '10.1109/ICSA.2018.00020', '10.1007/978-3-030-86044-8_1', '10.1007/978-3-030-86044-8_1', '10.1109/ICSA.2018.00023', '10.1109/ICSA.2018.00023']",,"['(R871335:Research Object Entity, Name, L1526225:Architecture Optimization Method)', '(R871337:Input Data, None, L1526229:True)', '(R872013:Research Object Entity, Name, L1527594:Architecture Optimization Method)', '(R872015:Input Data, None, L1527598:True)', '(R872308:Research Object Entity, Name, L1528217:Architecture Optimization Method)', '(R872310:Input Data, None, L1528221:True)']",clustering_strategy,R659055,Software Architecture and Design,5,Which papers investigate the research object [Content Data: research object name] and indicate that no input data was used in their work?
69,39f0c727f1c36390b5a876e7120bfff1,7f747a8f-886a-4c9f-8c56-68b9cff875a8,"

The texts that explicitly state a study **investigates architecture evolution** and **does not use input data** are:

| Paper (Architecture‑evolution focus) | Evidence of no‑input‑data |
|--------------------------------------|---------------------------|
| *Incremental Calibration of Architectural Performance Models with Parametric Dependencies* | The contribution’s Evidence 2 is marked “Uses Input Data = False” [5] |
| *Continuous API Evolution in Heterogeneous Enterprise Software Systems* | Evidence 2 is described as “utilizes Input Data … with a **false** value” (i.e., no actual input data) [6] |

All other papers mentioned in the provided excerpts either employ input data or are not linked to the “Architecture Evolution” research object, so they do not meet the criteria.

[5] Source: Incremental Calibration of Architectural Performance Models with Parametric Dependencies, 10.1109/ICSA47634.2020.00011
[6] Source: Continuous API Evolution in Heterogenous Enterprise Software Systems, 10.1109/ICSA51549.2021.00014
","['(R874338:Continuous API Evolution in Heterogenous Enterprise Software Systems, contribution, R874367:First Research Object 2)', '(R874367:First Research Object 2, Object, R874381:Research Object List)', '(R874381:Research Object List, Entity, R874382:Research Object Entity)', '(R874382:Research Object Entity, Name, L1532476:Architecture Evolution)', '(R874338:Continuous API Evolution in Heterogenous Enterprise Software Systems, contribution, R874383:Evidence 2)', '(R874383:Evidence 2, Uses Input Data, R874384:Input Data)', '(R874384:Input Data, None, L1532480:False)', '(R870059:Incremental Calibration of Architectural Performance Models with Parametric Dependencies, contribution, R2156359:Evidence 2)', '(R2156359:Evidence 2, Uses Input Data, R2156360:Input Data)', '(R2156360:Input Data, None, L2809730:False)', '(R870059:Incremental Calibration of Architectural Performance Models with Parametric Dependencies, contribution, R2156282:First Research Object 2)', '(R2156282:First Research Object 2, Object, R2156285:Research Object List)', '(R2156285:Research Object List, Entity, R2156290:Research Object Entity)', '(R2156290:Research Object Entity, Name, L2809656:Architecture Evolution)']",[],0.0,0.0,0.0,0.0,0.0,0.0,0.0,0.0,0.0,0.0,0.0,0.0,0.0,0.0,0.0,0.0,0.0,0.0,0.0,0.0,0.0,0.0,0.0,0.0,0.0,0.0,0.01,0.29,0.2,0.49,0.06,0.04,0.1,0.16,0.12,0.28,0.447,0.613,0.517,1.0,391.5972409248352,0.0,66468,0,0.0,,0,0.0,,,0.0,0.0,,0.0,0.0,https://wandb.ai/kastel-sdq-meta-research/experiment_cross_encoder/r/call/01a05efd-4b1b-7c95-8df3-5bfa26c1742f,retrieval_config,False,KitToolbox,kit.qwen3-embedding-8b,10,10,True,cosine,True,False,10,-1,8,False,False,1,False,-1,-1,False,,['R659055'],['Paper'],True,False,False,kg_retrieval,hublink,kittoolbox_kit.minimax-m2.7-229b_tmpNone_maxt-1_reasoningNone,KitToolbox,kit.minimax-m2.7-229b,,-1,,kittoolbox_kit.minimax-m2.7-229b_tmpNone_maxt-1_reasoningNone,KitToolbox,kit.minimax-m2.7-229b,,-1,,orkg_merged_ecsa_icsa.json_jsonpublicationloader_limit-1,['paper_class'],['research_level'],['first_research_object'],['second_research_object'],['validity'],['evidence'],False,False,R659055,https://sandbox.orkg.org,-1,orkg,merged_ecsa_icsa.json_jsonpublicationloader_limit-1,merged_ecsa_icsa.json,JsonPublicationLoader,-1,,4000,2,generation_kittoolbox_kit.minimax-m2.7-229b_tmpNone_maxt-1_reasoningNone,generation,kittoolbox_kit.minimax-m2.7-229b_tmpNone_maxt-1_reasoningNone,KitToolbox,kit.minimax-m2.7-229b,,-1,,Which papers investigating architecture evolution have not used input data?,The papers that use the research object Architecture Evolution but do not have any input data available are: 1) 'Using Informal Knowledge for Improving Software Quality Trade-Off Decisions' and 2) 'On Interfaces to Support Agile Architecting in Automotive: An Exploratory Case Study'.,"['10.1007/978-3-030-00761-4_18', '10.1007/978-3-030-00761-4_18', '10.1109/ICSA.2019.00025', '10.1109/ICSA.2019.00025']",,"['(R873482:Research Object Entity, Name, L1530596:Architecture Evolution)', '(R874831:Input Data, None, L1533463:True)', '(R868851:Research Object Entity, Name, L1520985:Architecture Evolution)', '(R868853:Input Data, None, L1520989:True)']",clustering_strategy,R659055,Software Architecture and Design,5,"Which papers use the research object [Content Data: research object name], but do not have any input data available?"
70,39f0c727f1c36390b5a876e7120bfff1,ccaed07d-0852-400a-804c-b7197cd45257,"

**Papers that are explicitly reported to use the *Questionnaire* evaluation method **and** to indicate that **no input data was used**

| Paper (as identified in the partial answers) | Evidence that the paper meets both criteria | Source |
|----------------------------------------------|----------------------------------------------|--------|
| *Continuous Analysis of Collaborative Design* | The evaluation of **First Research Object 2** is described as using a **Questionnaire**; the accompanying Input‑Data relationship (Evidence 2) is characterized as **None/False**, i.e., “no input data”. | [2] |
| *A Survey on Big Data Analytics Solutions Deployment* | The evaluation method for **First Research Object 2** is a **Questionnaire**; the text notes that “Evidence 2 uses input data, which is **false**”, meaning no input data is present. | [3] |
| *Determining Microservice Boundaries: A Case Study Using Static and Dynamic Software Analysis* | **First Research Object 2** was evaluated with a **Questionnaire**; the paper’s **Evidence 2** is described with a **true‑valued “none” attribute**, explicitly stating that no input data was used. | [5] |
| *Architectural Assumptions and Their Management in Industry – An Exploratory Study* | The evaluation of **First Research Object 2** employs a **Questionnaire**; the Input‑Data entry is marked as **None**, indicating that no input data was used. | [8] |

**Other perspectives in the provided partial answers**

- Partial answers [4] and [9] argue that **no paper** in the supplied texts satisfies both conditions (they report that the cited papers either have input‑data present or do not explicitly link the questionnaire evaluation to a lack of input data).  
- Partial answers [1], [6], and [7] find the connection between the questionnaire method and input‑data status **unclear or not explicitly stated**, noting mismatches between the research object that uses the questionnaire and the evidence that reports input‑data usage.

**Summary**

The texts examined contain four distinct papers—*Continuous Analysis of Collaborative Design*, *A Survey on Big Data Analytics Solutions Deployment*, *Determining Microservice Boundaries: A Case Study Using Static and Dynamic Software Analysis*, and *Architectural Assumptions and Their Management in Industry – An Exploratory Study*—that are described as using the **Questionnaire** evaluation method while also indicating that **no input data was used** [2][3][5][8]. However, other parts of the synthesis report either that no such papers exist [4][9] or that the relationship is ambiguous [1][6][7].

[1] Source: Continuous API Evolution in Heterogenous Enterprise Software Systems, 10.1109/ICSA51549.2021.00014
[2] Source: Continuous Analysis of Collaborative Design, 10.1109/ICSA.2017.45
[3] Source: A Survey on Big Data Analytics Solutions Deployment, 10.1007/978-3-030-29983-5_13
[4] Source: Improving the Consistency and Usefulness of Architecture Descriptions: Guidelines for Architects, 10.1109/ICSA.2019.00024
[5] Source: Determining Microservice Boundaries: A Case Study Using Static and Dynamic Software Analysis, 10.1007/978-3-030-58923-3_21
[6] Source: An Exploratory Study of Naturalistic Decision Making in Complex Software Architecture Environments, 10.1007/978-3-030-29983-5_4
[7] Source: Migrating Towards Microservice Architectures: An Industrial Survey, 10.1109/ICSA.2018.00012
[8] Source: Architectural Assumptions and Their Management in Industry – An Exploratory Study, 10.1007/978-3-319-65831-5_14
[9] Source: Identifying and Prioritizing Architectural Debt Through Architectural Smells: A Case Study in a Large Software Company, 10.1007/978-3-030-00761-4_21
","['(R873814:A Survey on Big Data Analytics Solutions Deployment, contribution, R873836:First Research Object 2)', '(R873836:First Research Object 2, evaluation, R873837:Evaluation)', '(R873837:Evaluation, Evaluation method, R873838:Evaluation Method List)', '(R873838:Evaluation Method List, Entity, R873839:Evaluation Method Entity)', '(R873839:Evaluation Method Entity, Name, L1531340:Questionnaire)', '(R870431:Determining Microservice Boundaries: A Case Study Using Static and Dynamic Software Analysis, contribution, R2156283:First Research Object 2)', '(R2156283:First Research Object 2, evaluation, R2156323:Evaluation)', '(R2156323:Evaluation, Evaluation method, R2156325:Evaluation Method List)', '(R2156325:Evaluation Method List, Entity, R2156327:Evaluation Method Entity)', '(R2156327:Evaluation Method Entity, Name, L2809683:Questionnaire)', '(R872819:Continuous Analysis of Collaborative Design, contribution, R872850:First Research Object 2)', '(R872850:First Research Object 2, evaluation, R872851:Evaluation)', '(R872851:Evaluation, Evaluation method, R872852:Evaluation Method List)', '(R872852:Evaluation Method List, Entity, R872853:Evaluation Method Entity)', '(R872853:Evaluation Method Entity, Name, L1529335:Questionnaire)', '(R868651:Architectural Assumptions and Their Management in Industry – An Exploratory Study, contribution, R868676:First Research Object 2)', '(R868676:First Research Object 2, evaluation, R868677:Evaluation)', '(R868677:Evaluation, Evaluation method, R868678:Evaluation Method List)', '(R868678:Evaluation Method List, Entity, R868679:Evaluation Method Entity)', '(R868679:Evaluation Method Entity, Name, L1520614:Questionnaire)', '(R868677:Evaluation, Evaluation method, R868682:Evaluation Method List)', '(R868682:Evaluation Method List, Entity, R868683:Evaluation Method Entity)', '(R874370:Evaluation Method Entity, Name, L1532465:Questionnaire)', '(R873814:A Survey on Big Data Analytics Solutions Deployment, contribution, R873845:Evidence 2)', '(R873845:Evidence 2, Uses Input Data, R873846:Input Data)', '(R873846:Input Data, None, L1531349:False)', '(R874383:Evidence 2, Uses Input Data, R874384:Input Data)', '(R874384:Input Data, None, L1532480:False)', '(R868651:Architectural Assumptions and Their Management in Industry – An Exploratory Study, contribution, R868688:Evidence 2)', '(R868688:Evidence 2, Uses Input Data, R868689:Input Data)', '(R868689:Input Data, None, L1520624:True)', '(R872819:Continuous Analysis of Collaborative Design, contribution, R872868:Evidence 2)', '(R872868:Evidence 2, Uses Input Data, R872869:Input Data)', '(R872869:Input Data, None, L1529351:False)', '(R870431:Determining Microservice Boundaries: A Case Study Using Static and Dynamic Software Analysis, contribution, R870472:Evidence 2)', '(R870472:Evidence 2, Uses Input Data, R870473:Input Data)', '(R870473:Input Data, None, L1524413:True)']",[],0.0,0.25,0.0,0.0,0.0,0.0,0.0,0.0,0.0,0.0,0.0,0.0,0.0,0.0,0.08,0.75,0.15,0.28,0.14,0.75,0.24,0.4,0.0,0.0,0.081,0.14,0.04,0.23,0.13,0.89,0.15,0.08,0.58,0.18,0.1,0.7,0.41,0.575,0.479,1.0,506.7926917076111,0.00075735,11493,0,0.0,,0,0.0,,,0.0,0.0,,0.0,0.0,https://wandb.ai/kastel-sdq-meta-research/experiment_cross_encoder/r/call/01a05efe-6294-7155-838a-9160be7312ed,retrieval_config,False,KitToolbox,kit.qwen3-embedding-8b,10,10,True,cosine,True,False,10,-1,8,False,False,1,False,-1,-1,False,,['R659055'],['Paper'],True,False,False,kg_retrieval,hublink,kittoolbox_kit.minimax-m2.7-229b_tmpNone_maxt-1_reasoningNone,KitToolbox,kit.minimax-m2.7-229b,,-1,,kittoolbox_kit.minimax-m2.7-229b_tmpNone_maxt-1_reasoningNone,KitToolbox,kit.minimax-m2.7-229b,,-1,,orkg_merged_ecsa_icsa.json_jsonpublicationloader_limit-1,['paper_class'],['research_level'],['first_research_object'],['second_research_object'],['validity'],['evidence'],False,False,R659055,https://sandbox.orkg.org,-1,orkg,merged_ecsa_icsa.json_jsonpublicationloader_limit-1,merged_ecsa_icsa.json,JsonPublicationLoader,-1,,4000,2,generation_kittoolbox_kit.minimax-m2.7-229b_tmpNone_maxt-1_reasoningNone,generation,kittoolbox_kit.minimax-m2.7-229b_tmpNone_maxt-1_reasoningNone,KitToolbox,kit.minimax-m2.7-229b,,-1,,Which papers use the evaluation method Questionnaire but indicate that no input data was used?,The papers that use the evaluation method Questionnaire but do not have any input data available are: 'Architectural Assumptions and Their Management in Industry – An Exploratory Study' and 'Determining Microservice Boundaries: A Case Study Using Static and Dynamic Software Analysis'. Both papers indicate that there is no input data available for their respective studies.,"['10.1007/978-3-319-65831-5_14', '10.1007/978-3-319-65831-5_14', '10.1007/978-3-030-58923-3_21', '10.1007/978-3-030-58923-3_21']",,"['(R868679:Evaluation Method Entity, Name, L1520614:Questionnaire)', '(R868689:Input Data, None, L1520624:True)', '(R870466:Evaluation Method Entity, Name, L1524404:Questionnaire)', '(R870473:Input Data, None, L1524413:True)']",clustering_strategy,R659055,Software Architecture and Design,6,"Which papers use the evaluation method [Content Data: evaluation method name], but do not have any input data available?"
71,39f0c727f1c36390b5a876e7120bfff1,a86df857-bfb6-44b8-936e-896e52072183,"

**Papers that apply a controlled experiment and have no input data available**

| Paper (title) | Reason it meets both criteria | Source |
|---------------|-------------------------------|--------|
| *REST vs GraphQL: A Controlled Experiment* | The study’s First Research Object 2 is evaluated with a **Controlled Experiment**, and the associated Evidence 2 indicates that the input‑data entry is “not available.” | [1] |
| *On the Understandability of Semantic Constraints for Behavioral Software Architecture Compliance: A Controlled Experiment* | The contribution is evaluated by a **Controlled Experiment**, and Evidence 2 shows that the input‑data resource has its “available” property set to **False**. | [2] |
| *Unlimited Rulebook: a Reference Architecture for Economy Mechanics in Digital Games* | The work’s First Research Object 2 is assessed via a **Controlled Experiment**, and Evidence 2 records that the input data is **not available**. | [3] |
| *Two Architectural Threat Analysis Techniques Compared* | The study’s First Research Object 2 uses a **Controlled Experiment** for evaluation, and Evidence 2 lists the input‑data entry as **unavailable**. | [4] |
| *Continuous Analysis of Collaborative Design* | The work’s First Research Object 2 is evaluated with a **Controlled Experiment**, and Evidence 2 marks the “Uses Input Data” relationship as **false**, indicating no input data. | [5] |
| *Mitigating the Influence of Embedded Software Development Environments and Toolsets (ESDT) on Software Architecture* | The contribution is assessed through a **Technical Experiment** (a form of controlled experiment), and Evidence 2 explicitly records the input‑data’s “available” attribute as **False**. | [6] |
| *Modeling of Parametric Dependencies for Performance Prediction of Component‑Based Software Systems at Run‑Time* | The study’s evaluation method is a **Technical Experiment**, and Evidence 2 indicates that the input data used is **not available**. | [7] |
| *Semi‑automatic Feedback for Improving Architecture Conformance to Microservice Patterns and Practices* | The work employs a **Technical Experiment** (controlled experiment) for evaluation, and Evidence 2 reports that the input data is **not available** (despite a contradictory note, the explicit flag shows “available = False”). | [9] |

**Note:**  
The paper *Improving the Search for Architecture Knowledge in Online Developer Communities* also uses a controlled experiment, but its Evidence 2 shows that **input data is available** (available = True) [8]. Therefore, it does **not** satisfy the “no input data available” condition and is not included in the list above.

All of the papers listed above are identified in the provided partial answers as applying a controlled experiment while explicitly lacking any available input data.

[1] Source: REST vs GraphQL: A Controlled Experiment, 10.1109/ICSA47634.2020.00016
[2] Source: On the Understandability of Semantic Constraints for Behavioral Software Architecture Compliance: A Controlled Experiment, 10.1109/ICSA.2017.10
[3] Source: Unlimited Rulebook: a Reference Architecture for Economy Mechanics in Digital Games, 10.1109/ICSA47634.2020.00014
[4] Source: Two Architectural Threat Analysis Techniques Compared, 10.1007/978-3-030-00761-4_23
[5] Source: Continuous Analysis of Collaborative Design, 10.1109/ICSA.2017.45
[6] Source: Mitigating the Influence of Embedded Software Development Environments and Toolsets (ESDT) on Software Architecture, 10.1109/ICSA.2019.00020
[7] Source: Modeling of Parametric Dependencies for Performance Prediction of Component-Based Software Systems at Run-Time, 10.1109/ICSA.2018.00023
[8] Source: Improving the Search for Architecture Knowledge in Online Developer Communities, 10.1109/ICSA.2018.00028
[9] Source: Semi-automatic Feedback for Improving Architecture Conformance to Microservice Patterns and Practices, 10.1109/ICSA51549.2021.00012
","['(R874323:Evaluation Method Entity, Name, L1532368:Controlled Experiment)', '(R870884:REST vs GraphQL: A Controlled Experiment, contribution, R870908:First Research Object 2)', '(R870908:First Research Object 2, evaluation, R870909:Evaluation)', '(R870909:Evaluation, Evaluation method, R870910:Evaluation Method List)', '(R870910:Evaluation Method List, Entity, R870911:Evaluation Method Entity)', '(R870911:Evaluation Method Entity, Name, L1525353:Controlled Experiment)', '(R869051:Unlimited Rulebook: a Reference Architecture for Economy Mechanics in Digital Games, contribution, R869079:First Research Object 2)', '(R869079:First Research Object 2, evaluation, R869080:Evaluation)', '(R869080:Evaluation, Evaluation method, R869081:Evaluation Method List)', '(R869081:Evaluation Method List, Entity, R869082:Evaluation Method Entity)', '(R869082:Evaluation Method Entity, Name, L1521476:Controlled Experiment)', '(R872819:Continuous Analysis of Collaborative Design, contribution, R872850:First Research Object 2)', '(R872850:First Research Object 2, evaluation, R872851:Evaluation)', '(R872851:Evaluation, Evaluation method, R872854:Evaluation Method List)', '(R872854:Evaluation Method List, Entity, R872855:Evaluation Method Entity)', '(R872855:Evaluation Method Entity, Name, L1529336:Controlled Experiment)', '(R869353:Two Architectural Threat Analysis Techniques Compared, contribution, R869374:First Research Object 2)', '(R869374:First Research Object 2, evaluation, R869375:Evaluation)', '(R869375:Evaluation, Evaluation method, R869376:Evaluation Method List)', '(R869376:Evaluation Method List, Entity, R869377:Evaluation Method Entity)', '(R869377:Evaluation Method Entity, Name, L1522113:Controlled Experiment)', '(R868881:Evaluation Method Entity, Name, L1521050:Technical Experiment)', '(R872272:Modeling of Parametric Dependencies for Performance Prediction of Component-Based Software Systems at Run-Time, contribution, R872297:First Research Object 2)', '(R872297:First Research Object 2, evaluation, R872298:Evaluation)', '(R872298:Evaluation, Evaluation method, R872299:Evaluation Method List)', '(R872299:Evaluation Method List, Entity, R872300:Evaluation Method Entity)', '(R872300:Evaluation Method Entity, Name, L1528209:Technical Experiment)', '(R869292:Evaluation Method Entity, Name, L1521929:Technical Experiment)', '(R870884:REST vs GraphQL: A Controlled Experiment, contribution, R870919:Evidence 2)', '(R870919:Evidence 2, Uses Input Data, R870920:Input Data)', '(R869051:Unlimited Rulebook: a Reference Architecture for Economy Mechanics in Digital Games, contribution, R869094:Evidence 2)', '(R869094:Evidence 2, Uses Input Data, R869095:Input Data)', '(R869095:Input Data, None, L1521490:True)', '(R869353:Two Architectural Threat Analysis Techniques Compared, contribution, R869382:Evidence 2)', '(R869382:Evidence 2, Uses Input Data, R869383:Input Data)', '(R869383:Input Data, None, L1522121:True)', '(R872272:Modeling of Parametric Dependencies for Performance Prediction of Component-Based Software Systems at Run-Time, contribution, R872309:Evidence 2)', '(R872309:Evidence 2, Uses Input Data, R872310:Input Data)', '(R869302:Input Data, None, L1521941:False)', '(R872819:Continuous Analysis of Collaborative Design, contribution, R872868:Evidence 2)', '(R872868:Evidence 2, Uses Input Data, R872869:Input Data)', '(R872869:Input Data, None, L1529351:False)', '(R869095:Input Data, available, L1521488:False)', '(R869383:Input Data, available, L1522119:False)', '(R870920:Input Data, available, L1525362:False)', '(R874329:Input Data, available, L1532374:False)', '(R872310:Input Data, available, L1528219:False)', '(R874743:Input Data, available, L1533240:False)']",[],0.167,0.083,0.167,0.12,1.0,1.0,0.1,0.17,0.12,0.15,0.23,0.25,0.24,0.25,0.1,0.83,0.19,0.35,0.19,0.92,0.31,0.51,0.1,0.231,0.104,0.186,0.05,0.23,0.13,0.98,0.17,0.1,0.73,0.2,0.11,0.83,0.425,0.692,0.527,1.0,458.2801215648651,0.0,38246,0,0.0,,0,0.0,,,0.0,0.0,,0.0,0.0,https://wandb.ai/kastel-sdq-meta-research/experiment_cross_encoder/r/call/01a05eff-0034-7f04-866b-099382fef464,retrieval_config,False,KitToolbox,kit.qwen3-embedding-8b,10,10,True,cosine,True,False,10,-1,8,False,False,1,False,-1,-1,False,,['R659055'],['Paper'],True,False,False,kg_retrieval,hublink,kittoolbox_kit.minimax-m2.7-229b_tmpNone_maxt-1_reasoningNone,KitToolbox,kit.minimax-m2.7-229b,,-1,,kittoolbox_kit.minimax-m2.7-229b_tmpNone_maxt-1_reasoningNone,KitToolbox,kit.minimax-m2.7-229b,,-1,,orkg_merged_ecsa_icsa.json_jsonpublicationloader_limit-1,['paper_class'],['research_level'],['first_research_object'],['second_research_object'],['validity'],['evidence'],False,False,R659055,https://sandbox.orkg.org,-1,orkg,merged_ecsa_icsa.json_jsonpublicationloader_limit-1,merged_ecsa_icsa.json,JsonPublicationLoader,-1,,4000,2,generation_kittoolbox_kit.minimax-m2.7-229b_tmpNone_maxt-1_reasoningNone,generation,kittoolbox_kit.minimax-m2.7-229b_tmpNone_maxt-1_reasoningNone,KitToolbox,kit.minimax-m2.7-229b,,-1,,Which papers apply a controlled experiment and do not have any input data available?,"The papers that use the evaluation method Controlled Experiment but do not have any input data available are: 1) 'On the Understandability of Semantic Constraints for Behavioral Software Architecture Compliance: A Controlled Experiment', 2) 'Unlimited Rulebook: a Reference Architecture for Economy Mechanics in Digital Games', and 3) 'Two Architectural Threat Analysis Techniques Compared'.","['10.1109/ICSA.2017.10', '10.1109/ICSA.2017.10', '10.1109/ICSA47634.2020.00014', '10.1109/ICSA47634.2020.00014', '10.1007/978-3-030-00761-4_23', '10.1007/978-3-030-00761-4_23']",,"['(R874323:Evaluation Method Entity, Name, L1532368:Controlled Experiment)', '(R874329:Input Data, None, L1532376:True)', '(R869082:Evaluation Method Entity, Name, L1521476:Controlled Experiment)', '(R869095:Input Data, None, L1521490:True)', '(R869377:Evaluation Method Entity, Name, L1522113:Controlled Experiment)', '(R869383:Input Data, None, L1522121:True)']",clustering_strategy,R659055,Software Architecture and Design,6,"Which papers use the evaluation method [Content Data: evaluation method name], but do not have any input data available?"
72,39f0c727f1c36390b5a876e7120bfff1,33b23515-6a6b-4976-9fd7-1de4bc7db859,"

Papers that investigate the **Reliability** property are most frequently classified as **Paper Class 2** [1][2][3][4][5].

[1] Source: A Platform Architecture for Multi-Tenant Blockchain-Based Systems, 10.1109/ICSA.2019.00019
[2] Source: Quality Evaluation of PaaS Cloud Application Design Using Generated Prototypes, 10.1109/ICSA.2017.43
[3] Source: A Comparison of MQTT Brokers for Distributed IoT Edge Computing, 10.1007/978-3-030-58923-3_23
[4] Source: An Architecture for Decentralized, Collaborative, and Autonomous Robots, 10.1109/ICSA.2018.00017
[5] Source: An Architecture-Driven Adaptation Approach for Big Data Cyber Security Analytics, 10.1109/ICSA.2019.00013
","['(R871765:Property, Name, L1527091:Reliability)', '(R871523:An Architecture for Decentralized, Collaborative, and Autonomous Robots, contribution, R871554:First Research Object 2)', '(R871554:First Research Object 2, evaluation, R871555:Evaluation)', '(R871555:Evaluation, properties, R871560:Property)', '(R871563:Property, Name, L1526673:Reliability)', '(R2156195:Property, Name, L2809563:Reliability)', '(R873759:Property, Name, L1531163:Reliability)', '(R2156224:Property, Name, L2809597:Reliability)', '(R873728:A Comparison of MQTT Brokers for Distributed IoT Edge Computing, contribution, R873751:Paper Class 2)', '(R871523:An Architecture for Decentralized, Collaborative, and Autonomous Robots, contribution, R871552:Paper Class 2)', '(R871104:Quality Evaluation of PaaS Cloud Application Design Using Generated Prototypes, contribution, R2156144:Paper Class 2)', '(R870014:An Architecture-Driven Adaptation Approach for Big Data Cyber Security Analytics, contribution, R2156135:Paper Class 2)', '(R871726:A Platform Architecture for Multi-Tenant Blockchain-Based Systems, contribution, R871755:Paper Class 2)', '(R871130:Property, Name, L1525789:Reliability)', '(R870014:An Architecture-Driven Adaptation Approach for Big Data Cyber Security Analytics, contribution, R870036:Paper Class 2)', '(R871104:Quality Evaluation of PaaS Cloud Application Design Using Generated Prototypes, contribution, R871123:Paper Class 2)', '(R871554:First Research Object 2, evaluation, R871565:Evaluation)']",[],0.3,0.25,0.183,0.277,1.0,1.0,0.3,0.3,0.3,0.3,0.47,0.4,0.43,0.41,0.24,0.4,0.3,0.35,0.46,0.65,0.54,0.6,0.3,0.471,0.235,0.464,0.12,0.68,0.68,0.68,0.33,0.33,0.33,0.37,0.37,0.37,0.51,0.73,0.6,0.0,233.38674879074097,0.0,92624,0,0.0,,0,0.0,,,0.0,0.0,,0.0,0.0,https://wandb.ai/kastel-sdq-meta-research/experiment_cross_encoder/r/call/01a05f01-abcf-7467-ab9b-4d40c1cdae8d,retrieval_config,False,KitToolbox,kit.qwen3-embedding-8b,10,10,True,cosine,True,False,10,-1,8,False,False,1,False,-1,-1,False,,['R659055'],['Paper'],True,False,False,kg_retrieval,hublink,kittoolbox_kit.minimax-m2.7-229b_tmpNone_maxt-1_reasoningNone,KitToolbox,kit.minimax-m2.7-229b,,-1,,kittoolbox_kit.minimax-m2.7-229b_tmpNone_maxt-1_reasoningNone,KitToolbox,kit.minimax-m2.7-229b,,-1,,orkg_merged_ecsa_icsa.json_jsonpublicationloader_limit-1,['paper_class'],['research_level'],['first_research_object'],['second_research_object'],['validity'],['evidence'],False,False,R659055,https://sandbox.orkg.org,-1,orkg,merged_ecsa_icsa.json_jsonpublicationloader_limit-1,merged_ecsa_icsa.json,JsonPublicationLoader,-1,,4000,2,generation_kittoolbox_kit.minimax-m2.7-229b_tmpNone_maxt-1_reasoningNone,generation,kittoolbox_kit.minimax-m2.7-229b_tmpNone_maxt-1_reasoningNone,KitToolbox,kit.minimax-m2.7-229b,,-1,,What is the paper class that papers are most frequently classified as when they investigate the property Reliability?,The paper class that papers are most frequently classified as when they investigate the property Reliability is Evaluation research.,"['10.1007/978-3-030-58923-3_23', '10.1007/978-3-030-58923-3_23', '10.1109/ICSA.2019.00019', '10.1109/ICSA.2019.00019', '10.1109/ICSA.2019.00013', '10.1109/ICSA.2019.00013', '10.1109/ICSA.2017.43', '10.1109/ICSA.2017.43', '10.1109/ICSA.2018.00017', '10.1109/ICSA.2018.00017']",,"['(R873759:Property, Name, L1531163:Reliability)', '(R873751:Paper Class 2, evaluation research, L1531157:True)', '(R871765:Property, Name, L1527091:Reliability)', '(R871755:Paper Class 2, evaluation research, L1527083:True)', '(R870044:Property, Name, L1523526:Reliability)', '(R870036:Paper Class 2, validation research, L1523515:True)', '(R871563:Property, Name, L1526673:Reliability)', '(R871123:Paper Class 2, proposal of solution, L1525781:True)', '(R871130:Property, Name, L1525789:Reliability)', '(R871552:Paper Class 2, evaluation research, L1526664:True)']",clustering_strategy,R659055,Software Architecture and Design,6,What is the paper class that papers are most frequently classified as when they investigate the sub-property with the name [Content Data: sub-property name] in their evaluations?
73,39f0c727f1c36390b5a876e7120bfff1,30595f47-6fe5-40c8-8d45-c18f0843cbbf,"

The papers that apply the “Case Study” evaluation method and investigate the research object **Architecture Description** are reported to belong to **Paper Class 2** [1].  However, another source notes that the only paper class represented in the supplied texts is **Contribution** [5]; this statement is not linked specifically to the combination of the “Case Study” method and “Architecture Description” research object.  The remaining sources [2] [3] [4] [6] [7] do not provide any information about a paper class for these criteria.

Thus, the only explicit class identified for papers that meet the specified evaluation method and research object is **Paper Class 2** [1], while source [5] offers a different (but not directly comparable) classification.  Consequently, the most‑used paper class cannot be definitively determined from the provided texts, but the class that is specifically associated with the described papers is **Paper Class 2**.

[1] Source: Automated Microservice Identification in Legacy Systems with Functional and Non-Functional Metrics, 10.1109/ICSA47634.2020.00021
[2] Source: Automatic Extraction of Design Decisions from Issue Management Systems: A Machine Learning Based Approach, 10.1007/978-3-319-65831-5_10
[3] Source: Determining Microservice Boundaries: A Case Study Using Static and Dynamic Software Analysis, 10.1007/978-3-030-58923-3_21
[4] Source: QoS-Based Formation of Software Architectures in the Internet of Things, 10.1007/978-3-030-29983-5_12
[5] Source: A Quantitative Approach for the Assessment of Microservice Architecture Deployment Alternatives by Automated Performance Testing, 10.1007/978-3-030-00761-4_11
[6] Source: A Generic and Highly Scalable Framework for the Automation and Execution of Scientific Data Processing and Simulation Workflows, 10.1109/ICSA.2018.00024
[7] Source: Applying Architecture-Based Adaptation to Automate the Management of Internet-of-Things, 10.1007/978-3-030-00761-4_4
","['(R872350:A Quantitative Approach for the Assessment of Microservice Architecture Deployment Alternatives by Automated Performance Testing, contribution, R872371:First Research Object 2)', '(R872371:First Research Object 2, evaluation, R872372:Evaluation)', '(R872372:Evaluation, Evaluation method, R872373:Evaluation Method List)', '(R872373:Evaluation Method List, Entity, R872374:Evaluation Method Entity)', '(R872374:Evaluation Method Entity, Name, L1528385:Case Study)', '(R871657:Evaluation Method Entity, Name, L1526868:Case Study)', '(R868446:Automated Microservice Identification in Legacy Systems with Functional and Non-Functional Metrics, contribution, R868467:First Research Object 2)', '(R868467:First Research Object 2, evaluation, R868468:Evaluation)', '(R868468:Evaluation, Evaluation method, R868469:Evaluation Method List)', '(R868469:Evaluation Method List, Entity, R868470:Evaluation Method Entity)', '(R868470:Evaluation Method Entity, Name, L1520166:Case Study)', '(R2156311:Evaluation Method Entity, Name, L2809677:Case Study)', '(R868769:Evaluation Method Entity, Name, L1520807:Case Study)', '(R2156292:Research Object Entity, Name, L2809675:Architecture Design Method)', '(R868467:First Research Object 2, Object, R868473:Research Object List)', '(R868473:Research Object List, Entity, R868474:Research Object Entity)', '(R868474:Research Object Entity, Name, L1520170:Architecture Design Method)', '(R872371:First Research Object 2, Object, R872377:Research Object List)', '(R872377:Research Object List, Entity, R872378:Research Object Entity)', '(R872378:Research Object Entity, Name, L1528389:Architecture Analysis Method)', '(R868446:Automated Microservice Identification in Legacy Systems with Functional and Non-Functional Metrics, contribution, R868465:Paper Class 2)', '(R868465:Paper Class 2, evaluation research, L1520163:True)']",[],0.0,0.0,0.0,0.0,0.0,0.0,0.0,0.0,0.0,0.0,0.0,0.0,0.0,0.0,0.0,0.0,0.0,0.0,0.0,0.0,0.0,0.0,0.0,0.0,0.0,0.0,0.04,0.27,0.16,0.92,0.19,0.11,0.67,0.19,0.11,0.64,0.375,0.581,0.456,1.0,446.95147800445557,0.0,65963,0,0.0,,0,0.0,,,0.0,0.0,,0.0,0.0,https://wandb.ai/kastel-sdq-meta-research/experiment_cross_encoder/r/call/01a05f01-f1ef-7b60-a2af-5e57e588bb8f,retrieval_config,False,KitToolbox,kit.qwen3-embedding-8b,10,10,True,cosine,True,False,10,-1,8,False,False,1,False,-1,-1,False,,['R659055'],['Paper'],True,False,False,kg_retrieval,hublink,kittoolbox_kit.minimax-m2.7-229b_tmpNone_maxt-1_reasoningNone,KitToolbox,kit.minimax-m2.7-229b,,-1,,kittoolbox_kit.minimax-m2.7-229b_tmpNone_maxt-1_reasoningNone,KitToolbox,kit.minimax-m2.7-229b,,-1,,orkg_merged_ecsa_icsa.json_jsonpublicationloader_limit-1,['paper_class'],['research_level'],['first_research_object'],['second_research_object'],['validity'],['evidence'],False,False,R659055,https://sandbox.orkg.org,-1,orkg,merged_ecsa_icsa.json_jsonpublicationloader_limit-1,merged_ecsa_icsa.json,JsonPublicationLoader,-1,,4000,2,generation_kittoolbox_kit.minimax-m2.7-229b_tmpNone_maxt-1_reasoningNone,generation,kittoolbox_kit.minimax-m2.7-229b_tmpNone_maxt-1_reasoningNone,KitToolbox,kit.minimax-m2.7-229b,,-1,,Which is the most used paper class for papers that apply the evaluation method Case Study and investigate the research object Architecture Description?,The most commonly used paper class for papers that apply the evaluation method Case Study and investigate the research object Architecture Description is validation research.,"['10.1109/ICSA.2018.00024', '10.1109/ICSA.2018.00024', '10.1109/ICSA.2018.00024', '10.1109/ICSA.2018.00024', '10.1109/ICSA.2018.00009', '10.1109/ICSA.2018.00009', '10.1109/ICSA.2018.00009']",,"['(R874062:Evaluation Method Entity, Name, L1531810:Case Study)', '(R874066:Research Object Entity, Name, L1531814:Architecture Description)', '(R874057:Paper Class 2, proposal of solution, L1531804:True)', '(R874057:Paper Class 2, validation research, L1531802:True)', '(R869715:Evaluation Method Entity, Name, L1522846:Case Study)', '(R869719:Research Object Entity, Name, L1522850:Architecture Description)', '(R869710:Paper Class 2, validation research, L1522838:True)']",clustering_strategy,R659055,Software Architecture and Design,6,Which is the most used paper class for publications with the evaluation method [method name] and the research object [Content Data: research object name]?
74,39f0c727f1c36390b5a876e7120bfff1,dd9b02a6-7f62-4bec-91dd-330398852334,"

The only paper class that is identified in the reviewed publications is **First Research Object 2**, described as the **Architecture Analysis Method**. Since no other paper classes are mentioned in the examined material, this class is the most commonly referenced within the set of publications that investigate architecture patterns and employ case‑study evaluations. [1]

[1] Source: Automatic Extraction of Design Decisions from Issue Management Systems: A Machine Learning Based Approach, 10.1007/978-3-319-65831-5_10
","['(R868745:Automatic Extraction of Design Decisions from Issue Management Systems: A Machine Learning Based Approach, contribution, R868766:First Research Object 2)', '(R868766:First Research Object 2, evaluation, R868767:Evaluation)', '(R868773:Research Object Entity, Name, L1520811:Architecture Analysis Method)']",[],0.0,0.0,0.0,0.0,0.0,0.0,0.0,0.0,0.0,0.0,0.0,0.0,0.0,0.0,0.0,0.0,0.0,0.0,0.0,0.0,0.0,0.0,0.0,0.0,0.0,0.0,0.02,0.5,0.36,0.8,0.18,0.13,0.29,0.25,0.18,0.4,0.528,0.656,0.585,1.0,224.10661959648132,0.0,13095,0,0.0,,0,0.0,,,0.0,0.0,,0.0,0.0,https://wandb.ai/kastel-sdq-meta-research/experiment_cross_encoder/r/call/01a05f03-84c6-77ec-a605-1e2423a0a761,retrieval_config,False,KitToolbox,kit.qwen3-embedding-8b,10,10,True,cosine,True,False,10,-1,8,False,False,1,False,-1,-1,False,,['R659055'],['Paper'],True,False,False,kg_retrieval,hublink,kittoolbox_kit.minimax-m2.7-229b_tmpNone_maxt-1_reasoningNone,KitToolbox,kit.minimax-m2.7-229b,,-1,,kittoolbox_kit.minimax-m2.7-229b_tmpNone_maxt-1_reasoningNone,KitToolbox,kit.minimax-m2.7-229b,,-1,,orkg_merged_ecsa_icsa.json_jsonpublicationloader_limit-1,['paper_class'],['research_level'],['first_research_object'],['second_research_object'],['validity'],['evidence'],False,False,R659055,https://sandbox.orkg.org,-1,orkg,merged_ecsa_icsa.json_jsonpublicationloader_limit-1,merged_ecsa_icsa.json,JsonPublicationLoader,-1,,4000,2,generation_kittoolbox_kit.minimax-m2.7-229b_tmpNone_maxt-1_reasoningNone,generation,kittoolbox_kit.minimax-m2.7-229b_tmpNone_maxt-1_reasoningNone,KitToolbox,kit.minimax-m2.7-229b,,-1,,"Among the publications that investigate architecture patterns and apply case studies in their evaluation, which is the most used paper class?",The most commonly used paper class for publications that employ the evaluation method Case Study and target the research object Architecture Pattern is evaluation research.,"['10.1007/978-3-030-00761-4_21', '10.1007/978-3-030-00761-4_21', '10.1007/978-3-030-00761-4_21', '10.1109/ICSA.2017.39', '10.1109/ICSA.2017.39', '10.1109/ICSA.2017.39', '10.1007/978-3-030-29983-5_16', '10.1007/978-3-030-29983-5_16', '10.1007/978-3-030-29983-5_16', '10.1007/978-3-030-29983-5_16']",,"['(R870410:Evaluation Method Entity, Name, L1524293:Case Study)', '(R870420:Research Object Entity, Name, L1524302:Architecture Pattern)', '(R870405:Paper Class 2, evaluation research, L1524290:True)', '(R872257:Evaluation Method Entity, Name, L1528117:Case Study)', '(R872261:Research Object Entity, Name, L1528121:Architecture Pattern)', '(R872252:Paper Class 2, evaluation research, L1528114:True)', '(R870328:Evaluation Method Entity, Name, L1524149:Case Study)', '(R870332:Research Object Entity, Name, L1524153:Architecture Pattern)', '(R870323:Paper Class 2, validation research, L1524141:True)', '(R870323:Paper Class 2, proposal of solution, L1524143:True)']",clustering_strategy,R659055,Software Architecture and Design,6,Which is the most used paper class for publications with the evaluation method [method name] and the research object [Content Data: research object name]?
75,39f0c727f1c36390b5a876e7120bfff1,502b6de0-07d3-4ff0-b138-101edf292d49,"

The information that is supplied points to a single work that both investigates technical debt and uses a data‑science evaluation method.  However, the three sources disagree on how that work is classified:

* **Source [1]** notes that the study “Architectural Decay as Predictor of Issue‑ and Change‑Proneness” does not indicate its paper class, so the class cannot be inferred from the text.  
* **Source [2]** identifies the same work as an **empirical study**.  
* **Source [3]** describes it as a **conference paper** presented at the International Conference on Software Architecture (ICSA).

Because the sources provide conflicting or incomplete class information, it is not possible to determine which paper class is most frequently used among publications that investigate technical debt and apply data‑science evaluation.  The only conclusion that can be drawn is that the single identified publication is either an empirical study or a conference paper, but a definitive “most‑used” class cannot be established from the given material.

[1] Source: Architectural Decay as Predictor of Issue- and Change-Proneness, 10.1109/ICSA51549.2021.00017
[2] Source: An Empirical Study of Architectural Decay in Open-Source Software, 10.1109/ICSA.2018.00027
[3] Source: Architectural Design Decisions for Systems Supporting Model-Based Analysis of Runtime Events: A Qualitative Multi-method Study, 10.1109/ICSA.2018.00021
","['(R870102:An Empirical Study of Architectural Decay in Open-Source Software, contribution, R870123:First Research Object 2)', '(R870123:First Research Object 2, evaluation, R870124:Evaluation)', '(R870124:Evaluation, Evaluation method, R870125:Evaluation Method List)', '(R870125:Evaluation Method List, Entity, R870126:Evaluation Method Entity)', '(R870126:Evaluation Method Entity, Name, L1523703:Data Science)', '(R873101:Evaluation Method Entity, Name, L1529831:Data Science)', '(R873077:Architectural Design Decisions for Systems Supporting Model-Based Analysis of Runtime Events: A Qualitative Multi-method Study, venue, R820814:International Conference on Software Architecture (ICSA))']",[],0.0,0.0,0.0,0.0,0.0,0.0,0.0,0.0,0.0,0.0,0.0,0.0,0.0,0.0,0.0,0.0,0.0,0.0,0.0,0.0,0.0,0.0,0.0,0.0,0.0,0.0,0.01,0.19,0.11,0.77,0.06,0.03,0.24,0.1,0.06,0.41,0.374,0.518,0.434,0.0,242.29405736923218,0.0039017999999999995,34248,0,0.0,,0,0.0,,,0.0,0.0,,0.0,0.0,https://wandb.ai/kastel-sdq-meta-research/experiment_cross_encoder/r/call/01a05f05-6fa2-7b2c-99a9-a10803dc5427,retrieval_config,False,KitToolbox,kit.qwen3-embedding-8b,10,10,True,cosine,True,False,10,-1,8,False,False,1,False,-1,-1,False,,['R659055'],['Paper'],True,False,False,kg_retrieval,hublink,kittoolbox_kit.minimax-m2.7-229b_tmpNone_maxt-1_reasoningNone,KitToolbox,kit.minimax-m2.7-229b,,-1,,kittoolbox_kit.minimax-m2.7-229b_tmpNone_maxt-1_reasoningNone,KitToolbox,kit.minimax-m2.7-229b,,-1,,orkg_merged_ecsa_icsa.json_jsonpublicationloader_limit-1,['paper_class'],['research_level'],['first_research_object'],['second_research_object'],['validity'],['evidence'],False,False,R659055,https://sandbox.orkg.org,-1,orkg,merged_ecsa_icsa.json_jsonpublicationloader_limit-1,merged_ecsa_icsa.json,JsonPublicationLoader,-1,,4000,2,generation_kittoolbox_kit.minimax-m2.7-229b_tmpNone_maxt-1_reasoningNone,generation,kittoolbox_kit.minimax-m2.7-229b_tmpNone_maxt-1_reasoningNone,KitToolbox,kit.minimax-m2.7-229b,,-1,,"Among the publications that investigate technical debt and apply data science in their evaluation, which is the most used paper class?",The most used paper class for publications with the evaluation method Data Science and the research object Technical Debt is evaluation research.,"['10.1007/978-3-319-65831-5_4', '10.1007/978-3-319-65831-5_4', '10.1007/978-3-319-65831-5_4', '10.1109/ICSA51549.2021.00017', '10.1109/ICSA51549.2021.00017', '10.1109/ICSA51549.2021.00017']",,"['(R869128:Evaluation Method Entity, Name, L1521574:Data Science)', '(R869132:Research Object Entity, Name, L1521578:Technical Debt)', '(R869123:Paper Class 2, evaluation research, L1521571:True)', '(R872804:Evaluation Method Entity, Name, L1529234:Data Science)', '(R872808:Research Object Entity, Name, L1529238:Technical Debt)', '(R872799:Paper Class 2, evaluation research, L1529231:True)']",clustering_strategy,R659055,Software Architecture and Design,6,Which is the most used paper class for publications with the evaluation method [method name] and the research object [Content Data: research object name]?
76,39f0c727f1c36390b5a876e7120bfff1,1494fc87-34e3-4f7b-ae77-54093e3988b0,"

The papers that investigate the research object **Technical Debt** are spread across three different publication years:

- **2017:** 1 paper – “The Evolution of Technical Debt in the Apache Ecosystem” [1]  
- **2018:** 1 paper – “Identifying and Prioritizing Architectural Debt Through Architectural Smells: A Case Study in a Large Software Company” [3]  
- **2020:** 1 paper – “Architectural Technical Debt: A Grounded Theory” [2]

Thus, the distribution of Technical Debt‑related papers by year is one paper per year in 2017, 2018, and 2020.

[1] Source: The Evolution of Technical Debt in the Apache Ecosystem, 10.1007/978-3-319-65831-5_4
[2] Source: Architectural Technical Debt: A Grounded Theory, 10.1007/978-3-030-58923-3_14
[3] Source: Identifying and Prioritizing Architectural Debt Through Architectural Smells: A Case Study in a Large Software Company, 10.1007/978-3-030-00761-4_21
","['(R872632:Research Object Entity, Name, L1528881:Technical Debt)', '(R869104:The Evolution of Technical Debt in the Apache Ecosystem, contribution, R869125:First Research Object 2)', '(R869132:Research Object Entity, Name, L1521578:Technical Debt)', '(R870380:Identifying and Prioritizing Architectural Debt Through Architectural Smells: A Case Study in a Large Software Company, publication year, L1524234:2018)', '(R869104:The Evolution of Technical Debt in the Apache Ecosystem, publication year, L1521523:2017)', '(R872607:Architectural Technical Debt: A Grounded Theory, publication year, L1528844:2020)']",[],0.667,0.667,0.489,0.463,1.0,1.0,0.67,0.67,0.67,0.67,0.73,0.67,0.7,0.68,0.67,0.67,0.67,0.67,0.73,0.67,0.7,0.68,0.667,0.727,0.667,0.727,0.07,0.41,0.29,0.68,0.23,0.17,0.39,0.3,0.22,0.5,0.484,0.657,0.557,1.0,236.35050559043884,0.0,4940,0,0.0,,0,0.0,,,0.0,0.0,,0.0,0.0,https://wandb.ai/kastel-sdq-meta-research/experiment_cross_encoder/r/call/01a05f06-64cc-7cf7-a488-c401c41aba87,retrieval_config,False,KitToolbox,kit.qwen3-embedding-8b,10,10,True,cosine,True,False,10,-1,8,False,False,1,False,-1,-1,False,,['R659055'],['Paper'],True,False,False,kg_retrieval,hublink,kittoolbox_kit.minimax-m2.7-229b_tmpNone_maxt-1_reasoningNone,KitToolbox,kit.minimax-m2.7-229b,,-1,,kittoolbox_kit.minimax-m2.7-229b_tmpNone_maxt-1_reasoningNone,KitToolbox,kit.minimax-m2.7-229b,,-1,,orkg_merged_ecsa_icsa.json_jsonpublicationloader_limit-1,['paper_class'],['research_level'],['first_research_object'],['second_research_object'],['validity'],['evidence'],False,False,R659055,https://sandbox.orkg.org,-1,orkg,merged_ecsa_icsa.json_jsonpublicationloader_limit-1,merged_ecsa_icsa.json,JsonPublicationLoader,-1,,4000,2,generation_kittoolbox_kit.minimax-m2.7-229b_tmpNone_maxt-1_reasoningNone,generation,kittoolbox_kit.minimax-m2.7-229b_tmpNone_maxt-1_reasoningNone,KitToolbox,kit.minimax-m2.7-229b,,-1,,How are the papers that investigate the research object Technical Debt distributed by their publication year?,"The distribution of papers that investigate the research object Technical Debt per year is as follows: In 2017, there was one paper. In 2020, there was one paper. In 2021, there was one paper.","['10.1007/978-3-319-65831-5_4', '10.1007/978-3-319-65831-5_4', '10.1109/ICSA51549.2021.00017', '10.1109/ICSA51549.2021.00017', '10.1007/978-3-030-58923-3_14', '10.1007/978-3-030-58923-3_14']",,"['(R869132:Research Object Entity, Name, L1521578:Technical Debt)', '(R869104:The Evolution of Technical Debt in the Apache Ecosystem, publication year, L1521523:2017)', '(R872808:Research Object Entity, Name, L1529238:Technical Debt)', '(R872780:Architectural Decay as Predictor of Issue- and Change-Proneness, publication year, L1529184:2021)', '(R872632:Research Object Entity, Name, L1528881:Technical Debt)', '(R872607:Architectural Technical Debt: A Grounded Theory, publication year, L1528844:2020)']",clustering_strategy,R659055,Software Architecture and Design,5,How are the papers that investigate the research object with the name [Content Data: research object name] distributed by their publication year?
77,39f0c727f1c36390b5a876e7120bfff1,ad5d0aac-1275-4204-8dfd-d74a2478e87e,"

Based on the information supplied in the partial answers, only a handful of papers that investigate “architectural assumptions” are mentioned, and the sources do not provide any aggregated data that would allow a per‑year frequency to be calculated.

- One paper titled **“Predicting the Performance of Privacy‑Preserving Data Analytics Using Architecture Modelling and Simulation”** is reported as having been published in 2018 [1][3][4].
- A second study, **“Architectural Assumptions and Their Management in Industry – An Exploratory Study,”** is noted as appearing in 2017 [2].

Thus, the available references cover two distinct years (2017 and 2018) with one paper per year, but they contain no information on the number or rate of such papers across additional years. Consequently, the per‑year frequency of papers that investigate architectural assumptions cannot be determined from the provided texts.

[1] Source: Predicting the Performance of Privacy-Preserving Data Analytics Using Architecture Modelling and Simulation, 10.1109/ICSA.2018.00026
[2] Source: Architectural Assumptions and Their Management in Industry – An Exploratory Study, 10.1007/978-3-319-65831-5_14
[3] Source: Infrastructure-as-Code for Data-Intensive Architectures: A Model-Driven Development Approach, 10.1109/ICSA.2018.00025
[4] Source: An Expert Recommendation System for Design Decision Making: Who Should be Involved in Making a Design Decision?, 10.1109/ICSA.2018.00018
","['(R873379:Predicting the Performance of Privacy-Preserving Data Analytics Using Architecture Modelling and Simulation, contribution, R873400:First Research Object 2)', '(R873400:First Research Object 2, Object, R873406:Research Object List)', '(R873406:Research Object List, Entity, R873407:Research Object Entity)', '(R873407:Research Object Entity, Name, L1530444:Architectural Assumptions)', '(R873379:Predicting the Performance of Privacy-Preserving Data Analytics Using Architecture Modelling and Simulation, publication year, L1530392:2018)', '(R868651:Architectural Assumptions and Their Management in Industry – An Exploratory Study, publication year, L1520562:2017)']",[],0.5,0.5,0.192,0.405,0.25,1.0,0.5,0.5,0.5,0.5,0.75,0.5,0.6,0.54,0.5,0.5,0.5,0.5,0.75,0.5,0.6,0.54,0.5,0.75,0.5,0.75,0.05,0.28,0.16,0.92,0.14,0.08,0.48,0.2,0.12,0.67,0.442,0.621,0.516,0.0,219.2323760986328,0.0,12822,0,0.0,,0,0.0,,,0.0,0.0,,0.0,0.0,https://wandb.ai/kastel-sdq-meta-research/experiment_cross_encoder/r/call/01a05f06-a582-7823-ad88-1c0d1f6f92cf,retrieval_config,False,KitToolbox,kit.qwen3-embedding-8b,10,10,True,cosine,True,False,10,-1,8,False,False,1,False,-1,-1,False,,['R659055'],['Paper'],True,False,False,kg_retrieval,hublink,kittoolbox_kit.minimax-m2.7-229b_tmpNone_maxt-1_reasoningNone,KitToolbox,kit.minimax-m2.7-229b,,-1,,kittoolbox_kit.minimax-m2.7-229b_tmpNone_maxt-1_reasoningNone,KitToolbox,kit.minimax-m2.7-229b,,-1,,orkg_merged_ecsa_icsa.json_jsonpublicationloader_limit-1,['paper_class'],['research_level'],['first_research_object'],['second_research_object'],['validity'],['evidence'],False,False,R659055,https://sandbox.orkg.org,-1,orkg,merged_ecsa_icsa.json_jsonpublicationloader_limit-1,merged_ecsa_icsa.json,JsonPublicationLoader,-1,,4000,2,generation_kittoolbox_kit.minimax-m2.7-229b_tmpNone_maxt-1_reasoningNone,generation,kittoolbox_kit.minimax-m2.7-229b_tmpNone_maxt-1_reasoningNone,KitToolbox,kit.minimax-m2.7-229b,,-1,,What is the frequency of papers that investigate architectural assumptions per year?,"The frequency of papers that investigate architectural assumptions per year is: one paper in 2017, one paper in 2018, and one paper in 2019.","['10.1109/ICSA.2019.00024', '10.1109/ICSA.2019.00024', '10.1007/978-3-319-65831-5_14', '10.1007/978-3-319-65831-5_14', '10.1109/ICSA.2018.00026', '10.1109/ICSA.2018.00026']",,"['(R873641:Research Object Entity, Name, L1530909:Architectural Assumptions)', '(R873599:Improving the Consistency and Usefulness of Architecture Descriptions: Guidelines for Architects, publication year, L1530833:2019)', '(R868687:Research Object Entity, Name, L1520620:Architectural Assumptions)', '(R868651:Architectural Assumptions and Their Management in Industry – An Exploratory Study, publication year, L1520562:2017)', '(R873407:Research Object Entity, Name, L1530444:Architectural Assumptions)', '(R873379:Predicting the Performance of Privacy-Preserving Data Analytics Using Architecture Modelling and Simulation, publication year, L1530392:2018)']",clustering_strategy,R659055,Software Architecture and Design,5,What is the proportion of papers that have the research object [Content Data: research object name] per year?
78,39f0c727f1c36390b5a876e7120bfff1,fbc403f4-026c-409b-b3e2-95335faee310,No context has been found for the given question.,,[],0.0,0.0,0.0,0.0,0.0,0.0,0.0,0.0,0.0,0.0,0.0,0.0,0.0,0.0,0.0,0.0,0.0,0.0,0.0,0.0,0.0,0.0,0.0,0.0,0.0,0.0,0.01,0.06,0.11,0.04,0.0,0.0,0.0,0.06,0.11,0.04,0.593,0.437,0.503,0.0,161.02647423744202,0.0,23826,0,0.0,,0,0.0,,,0.0,0.0,,0.0,0.0,https://wandb.ai/kastel-sdq-meta-research/experiment_cross_encoder/r/call/01a05f07-27bf-7028-809e-400613a7ce8d,retrieval_config,False,KitToolbox,kit.qwen3-embedding-8b,10,10,True,cosine,True,False,10,-1,8,False,False,1,False,-1,-1,False,,['R659055'],['Paper'],True,False,False,kg_retrieval,hublink,kittoolbox_kit.minimax-m2.7-229b_tmpNone_maxt-1_reasoningNone,KitToolbox,kit.minimax-m2.7-229b,,-1,,kittoolbox_kit.minimax-m2.7-229b_tmpNone_maxt-1_reasoningNone,KitToolbox,kit.minimax-m2.7-229b,,-1,,orkg_merged_ecsa_icsa.json_jsonpublicationloader_limit-1,['paper_class'],['research_level'],['first_research_object'],['second_research_object'],['validity'],['evidence'],False,False,R659055,https://sandbox.orkg.org,-1,orkg,merged_ecsa_icsa.json_jsonpublicationloader_limit-1,merged_ecsa_icsa.json,JsonPublicationLoader,-1,,4000,2,generation_kittoolbox_kit.minimax-m2.7-229b_tmpNone_maxt-1_reasoningNone,generation,kittoolbox_kit.minimax-m2.7-229b_tmpNone_maxt-1_reasoningNone,KitToolbox,kit.minimax-m2.7-229b,,-1,,What is the frequency of papers that apply the evaluation method Benchmark per publication year?,"The frequency of papers that apply the evaluation method Benchmark per publication year is: 1 paper in 2017, 1 paper in 2019, and 2 papers in 2020.","['10.1109/ICSA.2017.27', '10.1109/ICSA.2017.27', '10.1007/978-3-030-58923-3_2', '10.1007/978-3-030-58923-3_2', '10.1109/ICSA47634.2020.00009', '10.1109/ICSA47634.2020.00009', '10.1007/978-3-030-29983-5_5', '10.1007/978-3-030-29983-5_5']",,"['(R871169:Evaluation Method Entity, Name, L1525874:Benchmark)', '(R871582:Experiments in Curation: Towards Machine-Assisted Construction of Software Architecture Knowledge Bases, publication year, L1526719:2017)', '(R874546:Evaluation Method Entity, Name, L1532835:Benchmark)', '(R871143:Formal Software Architectural Migration Towards Emerging Architectural Styles, publication year, L1525821:2020)', '(R874284:Evaluation Method Entity, Name, L1532280:Benchmark)', '(R874260:Employment of Optimal Approximations on Apache Hadoop Checkpoint Technique for Performance Improvements, publication year, L1532232:2020)', '(R871616:Evaluation Method Entity, Name, L1526778:Benchmark)', '(R874518:Evaluating the Effectiveness of Multi-level Greedy Modularity Clustering for Software Architecture Recovery, publication year, L1532779:2019)']",clustering_strategy,R659055,Software Architecture and Design,6,What is the proportion of papers that have the evaluation method [Content Data: evaluation method name] per year?
79,39f0c727f1c36390b5a876e7120bfff1,93d40c0d-7ddf-4136-9630-bafe39bd8488,"

Based on the provided partial answers, the frequency of papers that used a field experiment in their evaluations per year cannot be determined. Each partial answer identifies specific papers that employed field experiments as evaluation methods—including *ACE: Easy Deployment of Field Optimization Experiments* [1], *An Architecture for Decentralized, Collaborative, and Autonomous Robots* [2], and *Decision Models for Microservices: Design Areas, Stakeholders, Use Cases, and Requirements* [3]—but none of the texts contain data on the total number of papers analyzed, the time period covered, or any distribution of field experiment usage across years. Therefore, the annual frequency remains undetermined from the given information.

[1] Source: ACE: Easy Deployment of Field Optimization Experiments, 10.1007/978-3-030-29983-5_18
[2] Source: An Architecture for Decentralized, Collaborative, and Autonomous Robots, 10.1109/ICSA.2018.00017
[3] Source: Decision Models for Microservices: Design Areas, Stakeholders, Use Cases, and Requirements, 10.1007/978-3-319-65831-5_11
","['(R869510:Evaluation Method Entity, Name, L1522395:Field Experiment)', '(R871523:An Architecture for Decentralized, Collaborative, and Autonomous Robots, contribution, R871554:First Research Object 2)', '(R871554:First Research Object 2, evaluation, R871555:Evaluation)', '(R871555:Evaluation, Evaluation method, R871556:Evaluation Method List)', '(R871556:Evaluation Method List, Entity, R871557:Evaluation Method Entity)', '(R871557:Evaluation Method Entity, Name, L1526667:Field Experiment)']",[],0.333,0.417,0.222,0.327,1.0,1.0,0.33,0.33,0.33,0.33,0.62,0.42,0.5,0.45,0.33,0.33,0.33,0.33,0.62,0.42,0.5,0.45,0.333,0.625,0.333,0.625,0.1,0.23,0.14,0.6,0.2,0.13,0.54,0.23,0.14,0.6,0.475,0.634,0.543,0.0,328.6344356536865,0.0018383999999999996,20593,0,0.0,,0,0.0,,,0.0,0.0,,0.0,0.0,https://wandb.ai/kastel-sdq-meta-research/experiment_cross_encoder/r/call/01a05f09-458e-7655-a872-d7696008775f,retrieval_config,False,KitToolbox,kit.qwen3-embedding-8b,10,10,True,cosine,True,False,10,-1,8,False,False,1,False,-1,-1,False,,['R659055'],['Paper'],True,False,False,kg_retrieval,hublink,kittoolbox_kit.minimax-m2.7-229b_tmpNone_maxt-1_reasoningNone,KitToolbox,kit.minimax-m2.7-229b,,-1,,kittoolbox_kit.minimax-m2.7-229b_tmpNone_maxt-1_reasoningNone,KitToolbox,kit.minimax-m2.7-229b,,-1,,orkg_merged_ecsa_icsa.json_jsonpublicationloader_limit-1,['paper_class'],['research_level'],['first_research_object'],['second_research_object'],['validity'],['evidence'],False,False,R659055,https://sandbox.orkg.org,-1,orkg,merged_ecsa_icsa.json_jsonpublicationloader_limit-1,merged_ecsa_icsa.json,JsonPublicationLoader,-1,,4000,2,generation_kittoolbox_kit.minimax-m2.7-229b_tmpNone_maxt-1_reasoningNone,generation,kittoolbox_kit.minimax-m2.7-229b_tmpNone_maxt-1_reasoningNone,KitToolbox,kit.minimax-m2.7-229b,,-1,,What is the frequency of papers that used a field experiment in their evaluations per year?,"The frequency of papers that used a field experiment in their evaluations per year is: one in 2017, one in 2018, and one in 2019.","['10.1007/978-3-319-65831-5_11', '10.1007/978-3-319-65831-5_11', '10.1007/978-3-030-29983-5_18', '10.1007/978-3-030-29983-5_18', '10.1109/ICSA.2018.00017', '10.1109/ICSA.2018.00017']",,"['(R869418:Evaluation Method Entity, Name, L1522201:Field Experiment)', '(R869392:Decision Models for Microservices: Design Areas, Stakeholders, Use Cases, and Requirements, publication year, L1522148:2017)', '(R869510:Evaluation Method Entity, Name, L1522395:Field Experiment)', '(R869486:ACE: Easy Deployment of Field Optimization Experiments, publication year, L1522347:2019)', '(R871557:Evaluation Method Entity, Name, L1526667:Field Experiment)', '(R871523:An Architecture for Decentralized, Collaborative, and Autonomous Robots, publication year, L1526604:2018)']",clustering_strategy,R659055,Software Architecture and Design,6,What is the proportion of papers that have the evaluation method [Content Data: evaluation method name] per year?
80,39f0c727f1c36390b5a876e7120bfff1,24172dfa-095e-4798-803c-4c4ab294b94a,"

The only research object that is explicitly identified as being investigated in papers belonging to the **philosophical‑paper** class is **First Research Object 2**. In the philosophical paper “Flaws in Flows: Unveiling Design Flaws via Information Flow Analysis,” this object is part of a broader “Research Object List” that is identified as the **Architecture Analysis Method** [1][4].

[1] Source: Flaws in Flows: Unveiling Design Flaws via Information Flow Analysis, 10.1109/ICSA.2019.00028
[4] Source: From a Monolith to a Microservices Architecture: An Approach Based on Transactional Contexts, 10.1007/978-3-030-29983-5_3
","['(R871186:From a Monolith to a Microservices Architecture: An Approach Based on Transactional Contexts, contribution, R2156223:First Research Object 2)', '(R871225:Flaws in Flows: Unveiling Design Flaws via Information Flow Analysis, contribution, R871246:First Research Object 2)', '(R871246:First Research Object 2, Object, R871252:Research Object List)', '(R871252:Research Object List, Entity, R871253:Research Object Entity)', '(R871253:Research Object Entity, Name, L1526053:Architecture Analysis Method)']",[],0.0,0.0,0.0,0.0,0.0,0.0,0.0,0.0,0.0,0.0,0.0,0.0,0.0,0.0,0.0,0.0,0.0,0.0,0.0,0.0,0.0,0.0,0.0,0.0,0.0,0.0,0.04,0.36,0.22,0.87,0.2,0.12,0.5,0.33,0.21,0.8,0.505,0.711,0.591,1.0,311.27005672454834,0.0,3932,0,0.0,,0,0.0,,,0.0,0.0,,0.0,0.0,https://wandb.ai/kastel-sdq-meta-research/experiment_cross_encoder/r/call/01a05f09-654c-7a2f-b515-1e22ef985d33,retrieval_config,False,KitToolbox,kit.qwen3-embedding-8b,10,10,True,cosine,True,False,10,-1,8,False,False,1,False,-1,-1,False,,['R659055'],['Paper'],True,False,False,kg_retrieval,hublink,kittoolbox_kit.minimax-m2.7-229b_tmpNone_maxt-1_reasoningNone,KitToolbox,kit.minimax-m2.7-229b,,-1,,kittoolbox_kit.minimax-m2.7-229b_tmpNone_maxt-1_reasoningNone,KitToolbox,kit.minimax-m2.7-229b,,-1,,orkg_merged_ecsa_icsa.json_jsonpublicationloader_limit-1,['paper_class'],['research_level'],['first_research_object'],['second_research_object'],['validity'],['evidence'],False,False,R659055,https://sandbox.orkg.org,-1,orkg,merged_ecsa_icsa.json_jsonpublicationloader_limit-1,merged_ecsa_icsa.json,JsonPublicationLoader,-1,,4000,2,generation_kittoolbox_kit.minimax-m2.7-229b_tmpNone_maxt-1_reasoningNone,generation,kittoolbox_kit.minimax-m2.7-229b_tmpNone_maxt-1_reasoningNone,KitToolbox,kit.minimax-m2.7-229b,,-1,,What are the research objects investigated in papers of the paper class philosophical paper?,The research object investigated in papers of the philosophical paper class is Architecture Decision Making.,"['10.1109/ICSA.2018.00021', '10.1109/ICSA.2018.00021']",,"['(R873096:Paper Class 2, philosophical paper, L1529827:True)', '(R873105:Research Object Entity, Name, L1529835:Architecture Decision Making)']",publication_subgraph_strategy,R873077,Architectural Design Decisions for Systems Supporting Model-Based Analysis of Runtime Events: A Qualitative Multi-method Study,4,What are the names of the research objects that are investigated in papers with the paper class [Metadata: paper class name]?
81,39f0c727f1c36390b5a876e7120bfff1,82f7245c-2c4e-48d6-add2-3c8865676839,"

The studies that employ the **“Field Experiment”** evaluation method are focused on a single research object – **“First Research Object 2.”**  

- This object is identified as the **Architecture Optimization Method** in the “Research Object List” that the paper investigates [1].  
- It is explicitly reported that the paper applies the “Field Experiment” method to examine **First Research Object 2** [2][3].  
- The research object is further described as aiming to improve the search for architecture knowledge in online developer communities [4].  

Thus, the only research object explored in the papers that use the “Field Experiment” evaluation method is **First Research Object 2**, corresponding to the Architecture Optimization Method targeted at enhancing architecture‑knowledge retrieval in online developer communities.

[1] Source: ACE: Easy Deployment of Field Optimization Experiments, 10.1007/978-3-030-29983-5_18
[2] Source: An Architecture for Decentralized, Collaborative, and Autonomous Robots, 10.1109/ICSA.2018.00017
[3] Source: Decision Models for Microservices: Design Areas, Stakeholders, Use Cases, and Requirements, 10.1007/978-3-319-65831-5_11
[4] Source: Improving the Search for Architecture Knowledge in Online Developer Communities, 10.1109/ICSA.2018.00028
","['(R869507:First Research Object 2, evaluation, R869508:Evaluation)', '(R869508:Evaluation, Evaluation method, R869509:Evaluation Method List)', '(R869509:Evaluation Method List, Entity, R869510:Evaluation Method Entity)', '(R869510:Evaluation Method Entity, Name, L1522395:Field Experiment)', '(R871554:First Research Object 2, evaluation, R871555:Evaluation)', '(R871555:Evaluation, Evaluation method, R871556:Evaluation Method List)', '(R871556:Evaluation Method List, Entity, R871557:Evaluation Method Entity)', '(R871557:Evaluation Method Entity, Name, L1526667:Field Experiment)', '(R869392:Decision Models for Microservices: Design Areas, Stakeholders, Use Cases, and Requirements, contribution, R869415:First Research Object 2)', '(R869415:First Research Object 2, evaluation, R869416:Evaluation)', '(R869416:Evaluation, Evaluation method, R869417:Evaluation Method List)', '(R869417:Evaluation Method List, Entity, R869418:Evaluation Method Entity)', '(R869418:Evaluation Method Entity, Name, L1522201:Field Experiment)', '(R871554:First Research Object 2, evaluation, R871565:Evaluation)', '(R871565:Evaluation, Evaluation method, R871566:Evaluation Method List)', '(R871566:Evaluation Method List, Entity, R871567:Evaluation Method Entity)', '(R869507:First Research Object 2, Object, R869513:Research Object List)', '(R869513:Research Object List, Entity, R869514:Research Object Entity)', '(R869514:Research Object Entity, Name, L1522399:Architecture Optimization Method)']",['Field Experiment'],0.333,0.167,0.083,0.176,0.25,0.333,0.2,0.33,0.25,0.29,0.31,0.33,0.32,0.33,0.21,0.67,0.32,0.47,0.36,0.67,0.47,0.57,0.2,0.308,0.211,0.364,0.02,0.26,0.16,0.78,0.13,0.08,0.41,0.19,0.11,0.57,0.437,0.603,0.507,0.0,301.43101811408997,0.0,4873,0,0.0,,0,0.0,,,0.0,0.0,,0.0,0.0,https://wandb.ai/kastel-sdq-meta-research/experiment_cross_encoder/r/call/01a05f09-bfaf-7801-ab57-4a35109981d8,retrieval_config,False,KitToolbox,kit.qwen3-embedding-8b,10,10,True,cosine,True,False,10,-1,8,False,False,1,False,-1,-1,False,,['R659055'],['Paper'],True,False,False,kg_retrieval,hublink,kittoolbox_kit.minimax-m2.7-229b_tmpNone_maxt-1_reasoningNone,KitToolbox,kit.minimax-m2.7-229b,,-1,,kittoolbox_kit.minimax-m2.7-229b_tmpNone_maxt-1_reasoningNone,KitToolbox,kit.minimax-m2.7-229b,,-1,,orkg_merged_ecsa_icsa.json_jsonpublicationloader_limit-1,['paper_class'],['research_level'],['first_research_object'],['second_research_object'],['validity'],['evidence'],False,False,R659055,https://sandbox.orkg.org,-1,orkg,merged_ecsa_icsa.json_jsonpublicationloader_limit-1,merged_ecsa_icsa.json,JsonPublicationLoader,-1,,4000,2,generation_kittoolbox_kit.minimax-m2.7-229b_tmpNone_maxt-1_reasoningNone,generation,kittoolbox_kit.minimax-m2.7-229b_tmpNone_maxt-1_reasoningNone,KitToolbox,kit.minimax-m2.7-229b,,-1,,What are the research objects investigated in papers that apply the evaluation method Field Experiment?,"The research objects investigated with the Field Experiment evaluation method are 1. Architecture Optimization Method, 2. Reference Architecture, and 3. Architecture Decision Making.","['10.1007/978-3-030-29983-5_18', '10.1007/978-3-030-29983-5_18', '10.1109/ICSA.2018.00017', '10.1109/ICSA.2018.00017', '10.1007/978-3-319-65831-5_11', '10.1007/978-3-319-65831-5_11']",,"['(R869510:Evaluation Method Entity, Name, L1522395:Field Experiment)', '(R869514:Research Object Entity, Name, L1522399:Architecture Optimization Method)', '(R871557:Evaluation Method Entity, Name, L1526667:Field Experiment)', '(R871571:Research Object Entity, Name, L1526680:Reference Architecture)', '(R869418:Evaluation Method Entity, Name, L1522201:Field Experiment)', '(R869424:Research Object Entity, Name, L1522207:Architecture Decision Making)']",clustering_strategy,R659055,Software Architecture and Design,6,What are the research objects that are investigated in papers that apply the evaluation method [Content Data: evaluation method name]?
82,39f0c727f1c36390b5a876e7120bfff1,1b7b46cd-e9ce-4de5-8229-35df5e5c28f3,"

The research object evaluated with the property Freedom from Risk is **First Research Object 2**. This is confirmed by both sources [1] and [2], which explicitly identify First Research Object 2 as the object assessed for this property. According to the provided information, no other research objects are evaluated with the Freedom from Risk property [1][2].

[1] Source: Data-Centric Communication and Containerization for Future Automotive Software Architectures, 10.1109/ICSA.2018.00016
[2] Source: System- and Software-level Architecting Harmonization Practices for Systems-of-Systems : An exploratory case study on a long-running large-scale scientific instrument, 10.1109/ICSA51549.2021.00010
","['(R872636:Data-Centric Communication and Containerization for Future Automotive Software Architectures, contribution, R872670:First Research Object 2)', '(R872670:First Research Object 2, evaluation, R872671:Evaluation)', '(R872671:Evaluation, properties, R872678:Property)', '(R872679:Property, Name, L1528970:Freedom from Risk)', '(R874234:First Research Object 2, evaluation, R874241:Evaluation)', '(R874241:Evaluation, properties, R874244:Property)', '(R874246:Property, Name, L1532194:Freedom from Risk)']",[],0.5,0.5,0.134,0.067,0.25,0.25,0.29,0.5,0.36,0.43,0.36,0.5,0.42,0.47,0.29,0.5,0.36,0.43,0.36,0.5,0.42,0.47,0.286,0.364,0.286,0.364,0.11,0.32,0.21,0.63,0.24,0.16,0.5,0.29,0.19,0.58,0.49,0.592,0.536,1.0,259.1984832286835,0.0,132747,0,0.0,,0,0.0,,,0.0,0.0,,0.0,0.0,https://wandb.ai/kastel-sdq-meta-research/experiment_cross_encoder/r/call/01a05f0a-3079-7a73-9cb2-543e8da6779b,retrieval_config,False,KitToolbox,kit.qwen3-embedding-8b,10,10,True,cosine,True,False,10,-1,8,False,False,1,False,-1,-1,False,,['R659055'],['Paper'],True,False,False,kg_retrieval,hublink,kittoolbox_kit.minimax-m2.7-229b_tmpNone_maxt-1_reasoningNone,KitToolbox,kit.minimax-m2.7-229b,,-1,,kittoolbox_kit.minimax-m2.7-229b_tmpNone_maxt-1_reasoningNone,KitToolbox,kit.minimax-m2.7-229b,,-1,,orkg_merged_ecsa_icsa.json_jsonpublicationloader_limit-1,['paper_class'],['research_level'],['first_research_object'],['second_research_object'],['validity'],['evidence'],False,False,R659055,https://sandbox.orkg.org,-1,orkg,merged_ecsa_icsa.json_jsonpublicationloader_limit-1,merged_ecsa_icsa.json,JsonPublicationLoader,-1,,4000,2,generation_kittoolbox_kit.minimax-m2.7-229b_tmpNone_maxt-1_reasoningNone,generation,kittoolbox_kit.minimax-m2.7-229b_tmpNone_maxt-1_reasoningNone,KitToolbox,kit.minimax-m2.7-229b,,-1,,Which research objects are evaluated with the property Freedom from Risk?,The research objects that are evaluated with the Freedom from Risk property are Architecture Decision Making and Architecture Description.,"['10.1109/ICSA51549.2021.00010', '10.1109/ICSA51549.2021.00010', '10.1109/ICSA.2018.00016', '10.1109/ICSA.2018.00016']",,"['(R874246:Property, Name, L1532194:Freedom from Risk)', '(R874249:Research Object Entity, Name, L1532197:Architecture Decision Making)', '(R872679:Property, Name, L1528970:Freedom from Risk)', '(R872681:Research Object Entity, Name, L1528972:Architecture Description)']",clustering_strategy,R659055,Software Architecture and Design,6,Which research objects are used in conjunction with the [evaluation sub property name] sub-property?
83,39f0c727f1c36390b5a876e7120bfff1,05474243-a2d2-4c3f-8699-408c05dbeb0c,"

The papers that evaluate reliability focus on the research object **First Research Object 2** – this is the object most frequently cited in connection with reliability evaluations [1][2][4][5][6]. One source also mentions **Second Research Object 2** as being examined in papers that evaluate reliability [3]. No other distinct research objects are identified as part of reliability‑evaluation work in the provided texts.

[1] Source: A Platform Architecture for Multi-Tenant Blockchain-Based Systems, 10.1109/ICSA.2019.00019
[2] Source: A Comparison of MQTT Brokers for Distributed IoT Edge Computing, 10.1007/978-3-030-58923-3_23
[3] Source: An Exploratory Study of Naturalistic Decision Making in Complex Software Architecture Environments, 10.1007/978-3-030-29983-5_4
[4] Source: Quality Evaluation of PaaS Cloud Application Design Using Generated Prototypes, 10.1109/ICSA.2017.43
[5] Source: An Architecture for Decentralized, Collaborative, and Autonomous Robots, 10.1109/ICSA.2018.00017
[6] Source: An Architecture-Driven Adaptation Approach for Big Data Cyber Security Analytics, 10.1109/ICSA.2019.00013
","['(R2156164:First Research Object 2, evaluation, R2156177:Evaluation)', '(R2156195:Property, Name, L2809563:Reliability)', '(R873728:A Comparison of MQTT Brokers for Distributed IoT Edge Computing, contribution, R873753:First Research Object 2)', '(R873753:First Research Object 2, evaluation, R873754:Evaluation)', '(R873754:Evaluation, properties, R873757:Property)', '(R873759:Property, Name, L1531163:Reliability)', '(R871104:Quality Evaluation of PaaS Cloud Application Design Using Generated Prototypes, contribution, R2156196:First Research Object 2)', '(R2156196:First Research Object 2, evaluation, R2156209:Evaluation)', '(R2156209:Evaluation, properties, R2156220:Property)', '(R2156224:Property, Name, L2809597:Reliability)', '(R871757:First Research Object 2, evaluation, R871758:Evaluation)', '(R871758:Evaluation, properties, R871761:Property)', '(R871765:Property, Name, L1527091:Reliability)', '(R871523:An Architecture for Decentralized, Collaborative, and Autonomous Robots, contribution, R871554:First Research Object 2)', '(R871554:First Research Object 2, evaluation, R871555:Evaluation)', '(R871555:Evaluation, properties, R871560:Property)', '(R871563:Property, Name, L1526673:Reliability)', '(R873937:An Exploratory Study of Naturalistic Decision Making in Complex Software Architecture Environments, contribution, R873966:First Research Object 2)', '(R873966:First Research Object 2, evaluation, R873967:Evaluation)', '(R871554:First Research Object 2, evaluation, R871565:Evaluation)', '(R871757:First Research Object 2, evaluation, R871768:Evaluation)', '(R871104:Quality Evaluation of PaaS Cloud Application Design Using Generated Prototypes, contribution, R871125:First Research Object 2)', '(R871125:First Research Object 2, evaluation, R871126:Evaluation)', '(R871126:Evaluation, properties, R871129:Property)', '(R871130:Property, Name, L1525789:Reliability)', '(R870038:First Research Object 2, evaluation, R870039:Evaluation)', '(R871768:Evaluation, properties, R871771:Property)', '(R873937:An Exploratory Study of Naturalistic Decision Making in Complex Software Architecture Environments, contribution, R873974:Second Research Object 2)', '(R873974:Second Research Object 2, evaluation, R873975:Evaluation)']",[],0.1,0.05,0.017,0.017,0.167,0.167,0.1,0.1,0.1,0.1,0.12,0.1,0.11,0.1,0.14,0.4,0.21,0.29,0.19,0.4,0.26,0.33,0.1,0.125,0.138,0.19,0.05,0.21,0.14,0.43,0.14,0.09,0.3,0.21,0.14,0.43,0.491,0.604,0.542,1.0,379.85876512527466,0.0,87565,0,0.0,,0,0.0,,,0.0,0.0,,0.0,0.0,https://wandb.ai/kastel-sdq-meta-research/experiment_cross_encoder/r/call/01a05f0a-745b-76c0-8253-3194272291fc,retrieval_config,False,KitToolbox,kit.qwen3-embedding-8b,10,10,True,cosine,True,False,10,-1,8,False,False,1,False,-1,-1,False,,['R659055'],['Paper'],True,False,False,kg_retrieval,hublink,kittoolbox_kit.minimax-m2.7-229b_tmpNone_maxt-1_reasoningNone,KitToolbox,kit.minimax-m2.7-229b,,-1,,kittoolbox_kit.minimax-m2.7-229b_tmpNone_maxt-1_reasoningNone,KitToolbox,kit.minimax-m2.7-229b,,-1,,orkg_merged_ecsa_icsa.json_jsonpublicationloader_limit-1,['paper_class'],['research_level'],['first_research_object'],['second_research_object'],['validity'],['evidence'],False,False,R659055,https://sandbox.orkg.org,-1,orkg,merged_ecsa_icsa.json_jsonpublicationloader_limit-1,merged_ecsa_icsa.json,JsonPublicationLoader,-1,,4000,2,generation_kittoolbox_kit.minimax-m2.7-229b_tmpNone_maxt-1_reasoningNone,generation,kittoolbox_kit.minimax-m2.7-229b_tmpNone_maxt-1_reasoningNone,KitToolbox,kit.minimax-m2.7-229b,,-1,,Which research objects are investigated in papers that evaluate reliability?,"The research objects investigated in papers that evaluate reliability are Reference Architecture, Architecture Analysis Method, Architecture Optimization Method, and Architectural Aspects.","['10.1109/ICSA.2019.00019', '10.1109/ICSA.2019.00019', '10.1109/ICSA.2018.00017', '10.1109/ICSA.2018.00017', '10.1109/ICSA.2017.43', '10.1109/ICSA.2017.43', '10.1109/ICSA.2019.00013', '10.1109/ICSA.2019.00013', '10.1007/978-3-030-58923-3_23', '10.1007/978-3-030-58923-3_23']",,"['(R871765:Property, Name, L1527091:Reliability)', '(R871774:Research Object Entity, Name, L1527099:Reference Architecture)', '(R871563:Property, Name, L1526673:Reliability)', '(R871571:Research Object Entity, Name, L1526680:Reference Architecture)', '(R871130:Property, Name, L1525789:Reliability)', '(R871132:Research Object Entity, Name, L1525791:Architecture Analysis Method)', '(R870044:Property, Name, L1523526:Reliability)', '(R870048:Research Object Entity, Name, L1523530:Architecture Optimization Method)', '(R873759:Property, Name, L1531163:Reliability)', '(R873764:Research Object Entity, Name, L1531168:Architectural Aspects)']",clustering_strategy,R659055,Software Architecture and Design,6,Which research objects are used in conjunction with the [evaluation sub property name] sub-property?
84,39f0c727f1c36390b5a876e7120bfff1,71cc65a5-073e-4fd1-a6cc-6c56cc33fb7a,"

The texts indicate that the papers treat **Compatibility** as a property that was examined, but they do not give a concrete evaluation technique (such as a case study, experiment, or benchmark) for that property. The evaluation‑method details that are explicitly reported in the supplied passages are limited to the following:

| Evaluation method (as stated in the texts) | Source(s) |
|--------------------------------------------|-----------|
| **Property‑based assessment** – the evaluation is recorded as assessing a named property (e.g., “Compatibility,” “Quality in Use,” “Quality of Method,” “Product Quality”) | [3], [4] (compatibility), [2] (Quality in Use), [5] & [6] (Quality of Method), [1] & [7] (Product Quality) |
| **Guideline‑compliance check** – the “Has Guideline” flag is reported (either true or false) to indicate whether the evaluation followed an established guideline | [2] (false), [5] (false), [6] (true) |
| **Validity assessment** – findings are categorized under a validity dimension (e.g., “Validity 2”) and the status of a referenced threats‑to‑validity guideline is noted | [2] (false), [7] (false) |
| **Evidence‑based support / tool‑support analysis** – the evaluation includes evidence (e.g., “Evidence 2”) that records whether tool support was used (the “used” flag is reported as true or false) | [2] (tool‑support false), [5] (tool‑support false), [6] (tool‑support false), [7] (tool‑support true/false) |
| **Architecture analysis method** – the research objects are listed as being evaluated by an “Architecture Analysis Method” | [6] |
| **Property‑specific conclusion (no guideline)** – the evaluation reports that “no guideline was associated with the research object” for the examined property | [1] |

In summary, the papers that evaluate compatibility do so **as a property within a property‑based assessment**, but the texts do not describe the specific empirical or analytical technique (e.g., case study, experiment, survey, simulation) used to evaluate that property. The only explicitly mentioned evaluation methods are the property‑based checks, guideline‑compliance examinations, validity assessments, evidence/tool‑support analyses, and, in one case, an “Architecture Analysis Method.” No concrete compatibility‑specific evaluation method (such as benchmarking, simulation, or user study) is reported in the supplied passages.

[1] Source: An Exploratory Study of Naturalistic Decision Making in Complex Software Architecture Environments, 10.1007/978-3-030-29983-5_4
[2] Source: A Generic and Highly Scalable Framework for the Automation and Execution of Scientific Data Processing and Simulation Workflows, 10.1109/ICSA.2018.00024
[3] Source: Mitigating the Influence of Embedded Software Development Environments and Toolsets (ESDT) on Software Architecture, 10.1109/ICSA.2019.00020
[4] Source: An Architecture for Decentralized, Collaborative, and Autonomous Robots, 10.1109/ICSA.2018.00017
[5] Source: Accurate Analysis of Quality Properties of Software with Observation-Based Markov Chain Refinement, 10.1109/ICSA.2017.14
[6] Source: Assessing Architecture Conformance to Coupling-Related Patterns and Practices in Microservices, 10.1007/978-3-030-58923-3_1
[7] Source: Assessing Adaptability of Software Architectures for Cyber Physical Production Systems, 10.1007/978-3-030-29983-5_10
","['(R871569:Property, Name, L1526678:Compatibility)', '(R868878:First Research Object 2, evaluation, R868879:Evaluation)', '(R868883:Property, Name, L1521052:Compatibility)', '(R868879:Evaluation, properties, R868882:Property)', '(R869594:Research Object Entity, Name, L1522572:Architecture Analysis Method)', '(R868243:Tool Support, used, L1519655:False)', '(R869566:Assessing Architecture Conformance to Coupling-Related Patterns and Practices in Microservices, contribution, R869595:Evidence 2)', '(R869595:Evidence 2, Uses Tool Support, R869597:Tool Support)', '(R869597:Tool Support, used, L1522578:False)', '(R874784:Evidence 2, Uses Tool Support, R874786:Tool Support)', '(R869588:Evaluation, Has Guideline, L1522569:True)', '(R871565:Evaluation, Has Guideline, L1526677:False)', '(R871373:Evaluation, Has Guideline, L1526300:False)', '(R868233:First Research Object 2, evaluation, R868234:Evaluation)', '(R868234:Evaluation, Has Guideline, L1519646:False)', '(R868879:Evaluation, Has Guideline, L1521051:False)', '(R874060:Evaluation, Has Guideline, L1531811:False)', '(R868234:Evaluation, properties, R868237:Property)', '(R868237:Property, Name, L1519648:Quality of Method)', '(R871373:Evaluation, properties, R871376:Property)', '(R871376:Property, Name, L1526302:Product Quality)', '(R869591:Property, Name, L1522571:Quality of Method)', '(R874060:Evaluation, properties, R874063:Property)', '(R874063:Property, Name, L1531813:Quality in Use)', '(R874038:A Generic and Highly Scalable Framework for the Automation and Execution of Scientific Data Processing and Simulation Workflows, contribution, R874070:Validity 2)', '(R874070:Validity 2, Referenced Threats to Validity Guideline, L1531827:False)', '(R871346:Assessing Adaptability of Software Architectures for Cyber Physical Production Systems, contribution, R874787:Validity 2)', '(R874787:Validity 2, Referenced Threats to Validity Guideline, L1533359:False)', '(R874038:A Generic and Highly Scalable Framework for the Automation and Execution of Scientific Data Processing and Simulation Workflows, contribution, R874067:Evidence 2)', '(R874067:Evidence 2, Uses Tool Support, R874069:Tool Support)', '(R874069:Tool Support, None, L1531821:False)']",[],0.25,0.0,0.25,0.125,1.0,1.0,0.1,0.25,0.14,0.19,0.12,0.25,0.16,0.2,0.03,0.25,0.06,0.11,0.04,0.25,0.07,0.13,0.1,0.118,0.032,0.043,0.0,0.06,0.03,0.79,0.02,0.01,0.23,0.06,0.03,0.71,0.275,0.525,0.361,1.0,253.41939091682434,0.0,18927,0,0.0,,0,0.0,,,0.0,0.0,,0.0,0.0,https://wandb.ai/kastel-sdq-meta-research/experiment_cross_encoder/r/call/01a05f0e-4f7c-70e4-8cb9-abe5feb4b2fc,retrieval_config,False,KitToolbox,kit.qwen3-embedding-8b,10,10,True,cosine,True,False,10,-1,8,False,False,1,False,-1,-1,False,,['R659055'],['Paper'],True,False,False,kg_retrieval,hublink,kittoolbox_kit.minimax-m2.7-229b_tmpNone_maxt-1_reasoningNone,KitToolbox,kit.minimax-m2.7-229b,,-1,,kittoolbox_kit.minimax-m2.7-229b_tmpNone_maxt-1_reasoningNone,KitToolbox,kit.minimax-m2.7-229b,,-1,,orkg_merged_ecsa_icsa.json_jsonpublicationloader_limit-1,['paper_class'],['research_level'],['first_research_object'],['second_research_object'],['validity'],['evidence'],False,False,R659055,https://sandbox.orkg.org,-1,orkg,merged_ecsa_icsa.json_jsonpublicationloader_limit-1,merged_ecsa_icsa.json,JsonPublicationLoader,-1,,4000,2,generation_kittoolbox_kit.minimax-m2.7-229b_tmpNone_maxt-1_reasoningNone,generation,kittoolbox_kit.minimax-m2.7-229b_tmpNone_maxt-1_reasoningNone,KitToolbox,kit.minimax-m2.7-229b,,-1,,What are the evaluation methods applied in papers that evaluate compatibility?,The evaluation methods applied to evaluate the Compatibility are Field Experiment and Technical Experiment.,"['10.1109/ICSA.2018.00017', '10.1109/ICSA.2018.00017', '10.1109/ICSA.2019.00020', '10.1109/ICSA.2019.00020']",,"['(R871562:Property, Name, L1526672:Compatibility)', '(R871557:Evaluation Method Entity, Name, L1526667:Field Experiment)', '(R871569:Property, Name, L1526678:Compatibility)', '(R868881:Evaluation Method Entity, Name, L1521050:Technical Experiment)']",clustering_strategy,R659055,Software Architecture and Design,6,Which evaluation methods are used in conjunction with the evaluation sub-property [evaluation sub property name]?
85,39f0c727f1c36390b5a876e7120bfff1,2f9e9f18-07a3-49f0-bbe2-85ed8c71e686,"

Both sources report that only one evaluation method is used for the property Freedom from Risk. However, they disagree on which specific method it is: one source cites a **Technical Experiment** [1], while the other points to a **Focus Group** [2].

[1] Source: Data-Centric Communication and Containerization for Future Automotive Software Architectures, 10.1109/ICSA.2018.00016
[2] Source: System- and Software-level Architecting Harmonization Practices for Systems-of-Systems : An exploratory case study on a long-running large-scale scientific instrument, 10.1109/ICSA51549.2021.00010
","['(R872671:Evaluation, properties, R872678:Property)', '(R872679:Property, Name, L1528970:Freedom from Risk)', '(R874246:Property, Name, L1532194:Freedom from Risk)', '(R872671:Evaluation, Evaluation method, R872672:Evaluation Method List)', '(R872672:Evaluation Method List, Entity, R872673:Evaluation Method Entity)', '(R872673:Evaluation Method Entity, Name, L1528964:Technical Experiment)', '(R874241:Evaluation, Evaluation method, R874242:Evaluation Method List)', '(R874242:Evaluation Method List, Entity, R874243:Evaluation Method Entity)', '(R874243:Evaluation Method Entity, Name, L1532191:Focus Group)']",[],1.0,0.875,0.528,0.466,0.5,0.5,0.44,1.0,0.62,0.8,0.62,1.0,0.76,0.89,0.44,1.0,0.62,0.8,0.62,1.0,0.76,0.89,0.444,0.615,0.444,0.615,0.03,0.33,0.22,0.69,0.12,0.07,0.25,0.26,0.17,0.54,0.466,0.784,0.585,0.0,201.91741919517517,0.0,65005,0,0.0,,0,0.0,,,0.0,0.0,,0.0,0.0,https://wandb.ai/kastel-sdq-meta-research/experiment_cross_encoder/r/call/01a05f0e-880e-7d6b-850f-ea8d71527ca7,retrieval_config,False,KitToolbox,kit.qwen3-embedding-8b,10,10,True,cosine,True,False,10,-1,8,False,False,1,False,-1,-1,False,,['R659055'],['Paper'],True,False,False,kg_retrieval,hublink,kittoolbox_kit.minimax-m2.7-229b_tmpNone_maxt-1_reasoningNone,KitToolbox,kit.minimax-m2.7-229b,,-1,,kittoolbox_kit.minimax-m2.7-229b_tmpNone_maxt-1_reasoningNone,KitToolbox,kit.minimax-m2.7-229b,,-1,,orkg_merged_ecsa_icsa.json_jsonpublicationloader_limit-1,['paper_class'],['research_level'],['first_research_object'],['second_research_object'],['validity'],['evidence'],False,False,R659055,https://sandbox.orkg.org,-1,orkg,merged_ecsa_icsa.json_jsonpublicationloader_limit-1,merged_ecsa_icsa.json,JsonPublicationLoader,-1,,4000,2,generation_kittoolbox_kit.minimax-m2.7-229b_tmpNone_maxt-1_reasoningNone,generation,kittoolbox_kit.minimax-m2.7-229b_tmpNone_maxt-1_reasoningNone,KitToolbox,kit.minimax-m2.7-229b,,-1,,How many different evaluation methods are used to evaluate the property Freedom from Risk?,There are two evaluation methods used to evaluate the Freedom from Risk property.,"['10.1109/ICSA.2018.00016', '10.1109/ICSA.2018.00016', '10.1109/ICSA51549.2021.00010', '10.1109/ICSA51549.2021.00010']",,"['(R872679:Property, Name, L1528970:Freedom from Risk)', '(R872673:Evaluation Method Entity, Name, L1528964:Technical Experiment)', '(R874246:Property, Name, L1532194:Freedom from Risk)', '(R874243:Evaluation Method Entity, Name, L1532191:Focus Group)']",clustering_strategy,R659055,Software Architecture and Design,6,How many evaluation methods are used in conjunction with the sub-property with the name [Content Data: sub-property name]?
86,39f0c727f1c36390b5a876e7120bfff1,68afa030-1acd-4a13-a5e5-c9732def2f05,"

The source material does not give a single, consistent answer to how many distinct evaluation methods were applied to assess **reliability**.  

- Several sources state that reliability was evaluated with **one** method: the **Technical Experiment** (e.g., [1], [2], [3], [8]).  
- Other passages mention **different** evaluation methods that appear in the overall evaluation (e.g., a **field experiment** [5], an **Interview** [9], and **Argumentation** [7]), but they do not explicitly confirm that these methods were used specifically for the reliability property.  
- A few texts note that the texts do not specify how many different methods were used to evaluate reliability [4] and that the evaluation list includes at least two properties (Satisfaction and Quality‑in‑Use) rather than additional methods [6].

Consequently, the available information indicates **at least one** distinct evaluation method—most commonly identified as the Technical Experiment—but the sources are not in agreement on whether any additional methods were applied specifically to reliability.  

**References**  
- [1], [2], [3], [8] – identify a single Technical Experiment.  
- [5] – mentions a field experiment.  
- [9] – mentions an Interview method.  
- [7] – mentions Argumentation.  
- [4] – notes lack of specification.  
- [6] – describes multiple evaluation properties rather than methods.

[1] Source: Decentralized Architecture for Energy-Aware Service Assembly, 10.1007/978-3-030-58923-3_4
[2] Source: A Comparison of MQTT Brokers for Distributed IoT Edge Computing, 10.1007/978-3-030-58923-3_23
[3] Source: An Architecture-Driven Adaptation Approach for Big Data Cyber Security Analytics, 10.1109/ICSA.2019.00013
[4] Source: Quality Evaluation of PaaS Cloud Application Design Using Generated Prototypes, 10.1109/ICSA.2017.43
[5] Source: An Architecture for Decentralized, Collaborative, and Autonomous Robots, 10.1109/ICSA.2018.00017
[6] Source: State of the Practice in Application Programming Interfaces (APIs): A Case Study, 10.1007/978-3-030-86044-8_14
[7] Source: A Platform Architecture for Multi-Tenant Blockchain-Based Systems, 10.1109/ICSA.2019.00019
[8] Source: Recovering Architectural Design Decisions, 10.1109/ICSA.2018.00019
[9] Source: Aligning Architecture with Business Goals in the Automotive Domain, 10.1109/ICSA51549.2021.00020
","['(R2156164:First Research Object 2, evaluation, R2156177:Evaluation)', '(R2156177:Evaluation, properties, R2156187:Property)', '(R2156195:Property, Name, L2809563:Reliability)', '(R873759:Property, Name, L1531163:Reliability)', '(R2156209:Evaluation, properties, R2156220:Property)', '(R2156224:Property, Name, L2809597:Reliability)', '(R871765:Property, Name, L1527091:Reliability)', '(R871563:Property, Name, L1526673:Reliability)', '(R873511:First Research Object 2, evaluation, R873512:Evaluation)', '(R873512:Evaluation, properties, R873515:Property)', '(R873516:Property, Name, L1530667:Satisfaction)', '(R870038:First Research Object 2, evaluation, R870039:Evaluation)', '(R870039:Evaluation, properties, R870045:Property)', '(R873515:Property, Name, L1530670:Quality in Use)', '(R870039:Evaluation, properties, R870042:Property)', '(R871126:Evaluation, properties, R871129:Property)', '(R871130:Property, Name, L1525789:Reliability)', '(R869930:Evaluation, Evaluation method, R869931:Evaluation Method List)', '(R869931:Evaluation Method List, Entity, R869932:Evaluation Method Entity)', '(R869932:Evaluation Method Entity, Name, L1523299:Technical Experiment)', '(R871758:Evaluation, Evaluation method, R871759:Evaluation Method List)', '(R871759:Evaluation Method List, Entity, R871760:Evaluation Method Entity)', '(R871760:Evaluation Method Entity, Name, L1527086:Argumentation)', '(R872095:Evaluation, Evaluation method, R872096:Evaluation Method List)', '(R872096:Evaluation Method List, Entity, R872097:Evaluation Method Entity)', '(R872097:Evaluation Method Entity, Name, L1527776:Technical Experiment)', '(R873518:Property, Name, L1530669:Satisfaction)', '(R871555:Evaluation, Evaluation method, R871556:Evaluation Method List)', '(R871556:Evaluation Method List, Entity, R871557:Evaluation Method Entity)', '(R871557:Evaluation Method Entity, Name, L1526667:Field Experiment)', '(R873754:Evaluation, Evaluation method, R873755:Evaluation Method List)', '(R873755:Evaluation Method List, Entity, R873756:Evaluation Method Entity)', '(R873756:Evaluation Method Entity, Name, L1531160:Technical Experiment)', '(R873250:Evaluation, Evaluation method, R873251:Evaluation Method List)', '(R873251:Evaluation Method List, Entity, R873252:Evaluation Method Entity)', '(R873252:Evaluation Method Entity, Name, L1530118:Interview)']",[],0.3,0.05,0.091,0.091,0.25,0.25,0.3,0.3,0.3,0.3,0.33,0.3,0.32,0.31,0.19,0.7,0.3,0.46,0.25,0.7,0.37,0.52,0.3,0.333,0.194,0.255,0.0,0.09,0.05,0.82,0.05,0.03,0.5,0.08,0.04,0.73,0.275,0.606,0.378,0.0,286.10321974754333,0.0021709499999999996,48367,0,0.0,,0,0.0,,,0.0,0.0,,0.0,0.0,https://wandb.ai/kastel-sdq-meta-research/experiment_cross_encoder/r/call/01a05f0e-bc5a-7d31-87f6-cfa6a5159819,retrieval_config,False,KitToolbox,kit.qwen3-embedding-8b,10,10,True,cosine,True,False,10,-1,8,False,False,1,False,-1,-1,False,,['R659055'],['Paper'],True,False,False,kg_retrieval,hublink,kittoolbox_kit.minimax-m2.7-229b_tmpNone_maxt-1_reasoningNone,KitToolbox,kit.minimax-m2.7-229b,,-1,,kittoolbox_kit.minimax-m2.7-229b_tmpNone_maxt-1_reasoningNone,KitToolbox,kit.minimax-m2.7-229b,,-1,,orkg_merged_ecsa_icsa.json_jsonpublicationloader_limit-1,['paper_class'],['research_level'],['first_research_object'],['second_research_object'],['validity'],['evidence'],False,False,R659055,https://sandbox.orkg.org,-1,orkg,merged_ecsa_icsa.json_jsonpublicationloader_limit-1,merged_ecsa_icsa.json,JsonPublicationLoader,-1,,4000,2,generation_kittoolbox_kit.minimax-m2.7-229b_tmpNone_maxt-1_reasoningNone,generation,kittoolbox_kit.minimax-m2.7-229b_tmpNone_maxt-1_reasoningNone,KitToolbox,kit.minimax-m2.7-229b,,-1,,How many different evaluation methods are applied to evaluate reliability?,There are five evaluation methods applied to evaluate the Reliability property.,"['10.1007/978-3-030-58923-3_23', '10.1007/978-3-030-58923-3_23', '10.1109/ICSA.2017.43', '10.1109/ICSA.2017.43', '10.1109/ICSA.2019.00013', '10.1109/ICSA.2019.00013', '10.1109/ICSA.2019.00019', '10.1109/ICSA.2019.00019', '10.1109/ICSA.2018.00017', '10.1109/ICSA.2018.00017']",,"['(R873759:Property, Name, L1531163:Reliability)', '(R873756:Evaluation Method Entity, Name, L1531160:Technical Experiment)', '(R871563:Property, Name, L1526673:Reliability)', '(R871128:Evaluation Method Entity, Name, L1525787:Case Study)', '(R870044:Property, Name, L1523526:Reliability)', '(R870041:Evaluation Method Entity, Name, L1523523:Technical Experiment)', '(R871765:Property, Name, L1527091:Reliability)', '(R871760:Evaluation Method Entity, Name, L1527086:Argumentation)', '(R871130:Property, Name, L1525789:Reliability)', '(R871557:Evaluation Method Entity, Name, L1526667:Field Experiment)']",clustering_strategy,R659055,Software Architecture and Design,6,How many evaluation methods are used in conjunction with the [evaluation sub property name] sub-property?
87,39f0c727f1c36390b5a876e7120bfff1,16d9877b-6db2-4ed0-9de6-4cd0aca7abf5,"

The “Freedom from Risk” property is evaluated for **one** research object – the object designated **First Research Object 2** – in the papers that assess this property [1][2].

[1] Source: Data-Centric Communication and Containerization for Future Automotive Software Architectures, 10.1109/ICSA.2018.00016
[2] Source: System- and Software-level Architecting Harmonization Practices for Systems-of-Systems : An exploratory case study on a long-running large-scale scientific instrument, 10.1109/ICSA51549.2021.00010
","['(R872636:Data-Centric Communication and Containerization for Future Automotive Software Architectures, contribution, R872670:First Research Object 2)', '(R872670:First Research Object 2, evaluation, R872671:Evaluation)', '(R872671:Evaluation, properties, R872678:Property)', '(R872679:Property, Name, L1528970:Freedom from Risk)', '(R874234:First Research Object 2, evaluation, R874241:Evaluation)', '(R874241:Evaluation, properties, R874244:Property)', '(R874246:Property, Name, L1532194:Freedom from Risk)']",[],0.5,0.5,0.134,0.067,0.25,0.25,0.29,0.5,0.36,0.43,0.36,0.5,0.42,0.47,0.29,0.5,0.36,0.43,0.36,0.5,0.42,0.47,0.286,0.364,0.286,0.364,0.03,0.53,0.44,0.67,0.19,0.15,0.24,0.27,0.22,0.33,0.527,0.736,0.614,1.0,250.49924325942993,0.0,5347,0,0.0,,0,0.0,,,0.0,0.0,,0.0,0.0,https://wandb.ai/kastel-sdq-meta-research/experiment_cross_encoder/r/call/01a05f0e-f19d-72d9-ac1b-31d29a84212e,retrieval_config,False,KitToolbox,kit.qwen3-embedding-8b,10,10,True,cosine,True,False,10,-1,8,False,False,1,False,-1,-1,False,,['R659055'],['Paper'],True,False,False,kg_retrieval,hublink,kittoolbox_kit.minimax-m2.7-229b_tmpNone_maxt-1_reasoningNone,KitToolbox,kit.minimax-m2.7-229b,,-1,,kittoolbox_kit.minimax-m2.7-229b_tmpNone_maxt-1_reasoningNone,KitToolbox,kit.minimax-m2.7-229b,,-1,,orkg_merged_ecsa_icsa.json_jsonpublicationloader_limit-1,['paper_class'],['research_level'],['first_research_object'],['second_research_object'],['validity'],['evidence'],False,False,R659055,https://sandbox.orkg.org,-1,orkg,merged_ecsa_icsa.json_jsonpublicationloader_limit-1,merged_ecsa_icsa.json,JsonPublicationLoader,-1,,4000,2,generation_kittoolbox_kit.minimax-m2.7-229b_tmpNone_maxt-1_reasoningNone,generation,kittoolbox_kit.minimax-m2.7-229b_tmpNone_maxt-1_reasoningNone,KitToolbox,kit.minimax-m2.7-229b,,-1,,How many research objects are investigated in papers where the property Freedom from Risk is evaluated?,The number of research objects investigated in papers where the property Freedom from Risk is evaluated is two.,"['10.1109/ICSA.2018.00016', '10.1109/ICSA.2018.00016', '10.1109/ICSA51549.2021.00010', '10.1109/ICSA51549.2021.00010']",,"['(R872679:Property, Name, L1528970:Freedom from Risk)', '(R872681:Research Object Entity, Name, L1528972:Architecture Description)', '(R874246:Property, Name, L1532194:Freedom from Risk)', '(R874249:Research Object Entity, Name, L1532197:Architecture Decision Making)']",clustering_strategy,R659055,Software Architecture and Design,6,How many research objects are used in conjunction with the [evaluation sub property name] sub-property?
88,39f0c727f1c36390b5a876e7120bfff1,38d59a50-f037-47e0-aead-506da738d2cd,"

The texts indicate that **one** research object – “First Research Object 2” – is evaluated in the papers that assess compatibility【3】【4】【5】. This conclusion is consistent with the other partial answers, which also identify a single research object being evaluated, even though they note the absence of an explicit “compatibility” mention in some passages【1】【2】【6】【7】.

","['(R871523:An Architecture for Decentralized, Collaborative, and Autonomous Robots, contribution, R871554:First Research Object 2)', '(R871554:First Research Object 2, evaluation, R871565:Evaluation)', '(R871565:Evaluation, properties, R871568:Property)', '(R871569:Property, Name, L1526678:Compatibility)', '(R868878:First Research Object 2, evaluation, R868879:Evaluation)', '(R868879:Evaluation, properties, R868882:Property)', '(R868883:Property, Name, L1521052:Compatibility)', '(R871554:First Research Object 2, Object, R871570:Research Object List)', '(R873796:First Research Object 2, evaluation, R873797:Evaluation)', '(R868233:First Research Object 2, evaluation, R868234:Evaluation)']",[],,,,,,,,,,,,,,,,,,,,,,,,,,,,,,,,,,,,,,,,,275.6302070617676,0.0,43745,0,0.0,,0,0.0,,,0.0,0.0,,0.0,0.0,https://wandb.ai/kastel-sdq-meta-research/experiment_cross_encoder/r/call/01a05f10-7881-718f-86db-d5fb98193e3a,retrieval_config,False,KitToolbox,kit.qwen3-embedding-8b,10,10,True,cosine,True,False,10,-1,8,False,False,1,False,-1,-1,False,,['R659055'],['Paper'],True,False,False,kg_retrieval,hublink,kittoolbox_kit.minimax-m2.7-229b_tmpNone_maxt-1_reasoningNone,KitToolbox,kit.minimax-m2.7-229b,,-1,,kittoolbox_kit.minimax-m2.7-229b_tmpNone_maxt-1_reasoningNone,KitToolbox,kit.minimax-m2.7-229b,,-1,,orkg_merged_ecsa_icsa.json_jsonpublicationloader_limit-1,['paper_class'],['research_level'],['first_research_object'],['second_research_object'],['validity'],['evidence'],False,False,R659055,https://sandbox.orkg.org,-1,orkg,merged_ecsa_icsa.json_jsonpublicationloader_limit-1,merged_ecsa_icsa.json,JsonPublicationLoader,-1,,4000,2,generation_kittoolbox_kit.minimax-m2.7-229b_tmpNone_maxt-1_reasoningNone,generation,kittoolbox_kit.minimax-m2.7-229b_tmpNone_maxt-1_reasoningNone,KitToolbox,kit.minimax-m2.7-229b,,-1,,"Among those papers that evaluate compatibility, what is the number of research objects that are evaluated?","Among papers that evaluate compatibility, the number of research objects evaluated is two.","['10.1109/ICSA.2018.00017', '10.1109/ICSA.2018.00017', '10.1109/ICSA.2019.00020', '10.1109/ICSA.2019.00020']",,"['(R871562:Property, Name, L1526672:Compatibility)', '(R871571:Research Object Entity, Name, L1526680:Reference Architecture)', '(R871569:Property, Name, L1526678:Compatibility)', '(R868885:Research Object Entity, Name, L1521054:Architecture Design Method)']",clustering_strategy,R659055,Software Architecture and Design,6,How many research objects are used in conjunction with the [evaluation sub property name] sub-property?
89,39f0c727f1c36390b5a876e7120bfff1,0d8b410e-9d65-4281-acbc-bba767c1582b,No context has been found for the given question.,,[],,,,,,,,,,,,,,,,,,,,,,,,,,,,,,,,,,,,,,,,,124.93431806564331,0.0,17888,0,0.0,,0,0.0,,,0.0,0.0,,0.0,0.0,https://wandb.ai/kastel-sdq-meta-research/experiment_cross_encoder/r/call/01a05f11-bd9d-78ef-85d6-1ede6dc66459,retrieval_config,False,KitToolbox,kit.qwen3-embedding-8b,10,10,True,cosine,True,False,10,-1,8,False,False,1,False,-1,-1,False,,['R659055'],['Paper'],True,False,False,kg_retrieval,hublink,kittoolbox_kit.minimax-m2.7-229b_tmpNone_maxt-1_reasoningNone,KitToolbox,kit.minimax-m2.7-229b,,-1,,kittoolbox_kit.minimax-m2.7-229b_tmpNone_maxt-1_reasoningNone,KitToolbox,kit.minimax-m2.7-229b,,-1,,orkg_merged_ecsa_icsa.json_jsonpublicationloader_limit-1,['paper_class'],['research_level'],['first_research_object'],['second_research_object'],['validity'],['evidence'],False,False,R659055,https://sandbox.orkg.org,-1,orkg,merged_ecsa_icsa.json_jsonpublicationloader_limit-1,merged_ecsa_icsa.json,JsonPublicationLoader,-1,,4000,2,generation_kittoolbox_kit.minimax-m2.7-229b_tmpNone_maxt-1_reasoningNone,generation,kittoolbox_kit.minimax-m2.7-229b_tmpNone_maxt-1_reasoningNone,KitToolbox,kit.minimax-m2.7-229b,,-1,,"Among those papers that evaluate the property Reliability, what are the evaluation methods that have been applied? Rank the evaluation methods in descending alphabetical order.","Among those papers that evaluate the property Reliability, the evaluation methods that have been applied, ranked in descending alphabetical order, are: Technical Experiment, Field Experiment, Case Study, and Argumentation.","['10.1007/978-3-030-58923-3_23', '10.1007/978-3-030-58923-3_23', '10.1109/ICSA.2018.00017', '10.1109/ICSA.2018.00017', '10.1109/ICSA.2019.00013', '10.1109/ICSA.2019.00013', '10.1109/ICSA.2017.43', '10.1109/ICSA.2017.43', '10.1109/ICSA.2019.00019', '10.1109/ICSA.2019.00019']",,"['(R873759:Property, Name, L1531163:Reliability)', '(R873756:Evaluation Method Entity, Name, L1531160:Technical Experiment)', '(R871563:Property, Name, L1526673:Reliability)', '(R871557:Evaluation Method Entity, Name, L1526667:Field Experiment)', '(R870044:Property, Name, L1523526:Reliability)', '(R870041:Evaluation Method Entity, Name, L1523523:Technical Experiment)', '(R871130:Property, Name, L1525789:Reliability)', '(R871128:Evaluation Method Entity, Name, L1525787:Case Study)', '(R871765:Property, Name, L1527091:Reliability)', '(R871760:Evaluation Method Entity, Name, L1527086:Argumentation)']",clustering_strategy,R659055,Software Architecture and Design,6,What are the names of the evaluation methods that are used in conjunction with the evaluation sub-property [Content Data: sub-property name]? Rank the methods in descending alphabetical order.
90,39f0c727f1c36390b5a876e7120bfff1,1f34b6a1-1348-4347-99b0-038916c1e220,"

**Methods used to evaluate freedom from risk (listed in descending alphabetical order):**  

- **Tool support** [6]  
- **Motivating Example** [2] [4] [6]  
- **Data Science** [5]  
- **Case Study** [1] [3] [7]

[1] Source: Automatic Extraction of Design Decisions from Issue Management Systems: A Machine Learning Based Approach, 10.1007/978-3-319-65831-5_10
[2] Source: An Architectural View for Data Protection by Design, 10.1109/ICSA.2019.00010
[3] Source: A Quantitative Approach for the Assessment of Microservice Architecture Deployment Alternatives by Automated Performance Testing, 10.1007/978-3-030-00761-4_11
[4] Source: A DSL for MAPE Patterns Representation in Self-adapting Systems, 10.1007/978-3-030-00761-4_1
[5] Source: An Expert Recommendation System for Design Decision Making: Who Should be Involved in Making a Design Decision?, 10.1109/ICSA.2018.00018
[6] Source: CAPS: Architecture Description of Situational Aware Cyber Physical Systems, 10.1109/ICSA.2017.21
[7] Source: Accurate Analysis of Quality Properties of Software with Observation-Based Markov Chain Refinement, 10.1109/ICSA.2017.14
","['(R874505:Evaluation Method Entity, Name, L1532748:Motivating Example)', '(R872411:Evaluation, Evaluation method, R872412:Evaluation Method List)', '(R872412:Evaluation Method List, Entity, R872413:Evaluation Method Entity)', '(R872413:Evaluation Method Entity, Name, L1528473:Motivating Example)', '(R871051:Evaluation, Evaluation method, R871052:Evaluation Method List)', '(R871052:Evaluation Method List, Entity, R871053:Evaluation Method Entity)', '(R871053:Evaluation Method Entity, Name, L1525635:Motivating Example)', '(R873922:Evaluation Method Entity, Name, L1531521:Data Science)', '(R868767:Evaluation, Evaluation method, R868768:Evaluation Method List)', '(R868768:Evaluation Method List, Entity, R868769:Evaluation Method Entity)', '(R868769:Evaluation Method Entity, Name, L1520807:Case Study)', '(R872374:Evaluation Method Entity, Name, L1528385:Case Study)', '(R868236:Evaluation Method Entity, Name, L1519645:Case Study)', '(R874508:Evidence 2, Uses Tool Support, R874510:Tool Support)', '(R874510:Tool Support, used, L1532757:True)']",[],0.0,0.0,0.0,0.0,0.0,0.0,0.0,0.0,0.0,0.0,0.0,0.0,0.0,0.0,0.0,0.0,0.0,0.0,0.0,0.0,0.0,0.0,0.0,0.0,0.0,0.0,0.07,0.39,0.39,0.38,0.29,0.3,0.29,0.28,0.29,0.28,0.419,0.675,0.517,1.0,292.5707302093506,0.0,97215,0,0.0,,0,0.0,,,0.0,0.0,,0.0,0.0,https://wandb.ai/kastel-sdq-meta-research/experiment_cross_encoder/r/call/01a05f12-95b1-7582-9277-f29d8f8262f0,retrieval_config,False,KitToolbox,kit.qwen3-embedding-8b,10,10,True,cosine,True,False,10,-1,8,False,False,1,False,-1,-1,False,,['R659055'],['Paper'],True,False,False,kg_retrieval,hublink,kittoolbox_kit.minimax-m2.7-229b_tmpNone_maxt-1_reasoningNone,KitToolbox,kit.minimax-m2.7-229b,,-1,,kittoolbox_kit.minimax-m2.7-229b_tmpNone_maxt-1_reasoningNone,KitToolbox,kit.minimax-m2.7-229b,,-1,,orkg_merged_ecsa_icsa.json_jsonpublicationloader_limit-1,['paper_class'],['research_level'],['first_research_object'],['second_research_object'],['validity'],['evidence'],False,False,R659055,https://sandbox.orkg.org,-1,orkg,merged_ecsa_icsa.json_jsonpublicationloader_limit-1,merged_ecsa_icsa.json,JsonPublicationLoader,-1,,4000,2,generation_kittoolbox_kit.minimax-m2.7-229b_tmpNone_maxt-1_reasoningNone,generation,kittoolbox_kit.minimax-m2.7-229b_tmpNone_maxt-1_reasoningNone,KitToolbox,kit.minimax-m2.7-229b,,-1,,"Among those papers that evaluate freedom from risk in their investigation, what methods are used to realize the evaluation? Rank the methods in descending alphabetical order.","Among those papers that evaluate freedom from risk in their investigation, the methods used to realize the evaluation, ranked in descending alphabetical order, are: Focus Group and Technical Experiment.","['10.1109/ICSA.2018.00016', '10.1109/ICSA.2018.00016', '10.1109/ICSA51549.2021.00010', '10.1109/ICSA51549.2021.00010']",,"['(R872679:Property, Name, L1528970:Freedom from Risk)', '(R872673:Evaluation Method Entity, Name, L1528964:Technical Experiment)', '(R874246:Property, Name, L1532194:Freedom from Risk)', '(R874243:Evaluation Method Entity, Name, L1532191:Focus Group)']",clustering_strategy,R659055,Software Architecture and Design,6,Which evaluation methods are used in conjunction with the evaluation sub-property [evaluation sub property name] ranked in descending alphabetical order?
91,39f0c727f1c36390b5a876e7120bfff1,474a33a6-5165-47ac-8b9e-749c2f8b2fda,"

The papers that assess the **Reliability** property evaluate the following research object:

- **First Research Object 2** (also referred to as “Architecture Optimization Method”)【1】【2】【3】【4】【5】【6】

Because only a single research object is mentioned, the list in descending alphabetical order is:

1. First Research Object 2

","['(R871554:First Research Object 2, evaluation, R871555:Evaluation)', '(R871555:Evaluation, properties, R871560:Property)', '(R871563:Property, Name, L1526673:Reliability)', '(R871726:A Platform Architecture for Multi-Tenant Blockchain-Based Systems, contribution, R871757:First Research Object 2)', '(R871757:First Research Object 2, evaluation, R871758:Evaluation)', '(R871758:Evaluation, properties, R871761:Property)', '(R871765:Property, Name, L1527091:Reliability)', '(R873753:First Research Object 2, evaluation, R873754:Evaluation)', '(R873754:Evaluation, properties, R873757:Property)', '(R873759:Property, Name, L1531163:Reliability)', '(R871104:Quality Evaluation of PaaS Cloud Application Design Using Generated Prototypes, contribution, R2156196:First Research Object 2)', '(R2156196:First Research Object 2, evaluation, R2156209:Evaluation)', '(R2156209:Evaluation, properties, R2156220:Property)', '(R2156224:Property, Name, L2809597:Reliability)', '(R870014:An Architecture-Driven Adaptation Approach for Big Data Cyber Security Analytics, contribution, R2156164:First Research Object 2)', '(R2156164:First Research Object 2, evaluation, R2156177:Evaluation)', '(R2156195:Property, Name, L2809563:Reliability)', '(R2156175:Research Object Entity, Name, L2809553:Architecture Optimization Method)', '(R871104:Quality Evaluation of PaaS Cloud Application Design Using Generated Prototypes, contribution, R871125:First Research Object 2)', '(R871125:First Research Object 2, evaluation, R871126:Evaluation)', '(R871126:Evaluation, properties, R871129:Property)', '(R871130:Property, Name, L1525789:Reliability)', '(R871757:First Research Object 2, evaluation, R871768:Evaluation)', '(R871768:Evaluation, properties, R871771:Property)', '(R871554:First Research Object 2, evaluation, R871565:Evaluation)', '(R871565:Evaluation, properties, R871568:Property)', '(R871758:Evaluation, properties, R871766:Property)']",[],0.3,0.1,0.092,0.092,0.333,0.333,0.3,0.3,0.3,0.3,0.38,0.3,0.33,0.31,0.15,0.4,0.22,0.3,0.21,0.4,0.27,0.34,0.3,0.375,0.148,0.205,0.06,0.42,0.35,0.55,0.21,0.17,0.27,0.27,0.22,0.35,0.5,0.674,0.574,1.0,331.086585521698,0.0,36705,0,0.0,,0,0.0,,,0.0,0.0,,0.0,0.0,https://wandb.ai/kastel-sdq-meta-research/experiment_cross_encoder/r/call/01a05f13-274b-7e91-abe9-8b1275baaee2,retrieval_config,False,KitToolbox,kit.qwen3-embedding-8b,10,10,True,cosine,True,False,10,-1,8,False,False,1,False,-1,-1,False,,['R659055'],['Paper'],True,False,False,kg_retrieval,hublink,kittoolbox_kit.minimax-m2.7-229b_tmpNone_maxt-1_reasoningNone,KitToolbox,kit.minimax-m2.7-229b,,-1,,kittoolbox_kit.minimax-m2.7-229b_tmpNone_maxt-1_reasoningNone,KitToolbox,kit.minimax-m2.7-229b,,-1,,orkg_merged_ecsa_icsa.json_jsonpublicationloader_limit-1,['paper_class'],['research_level'],['first_research_object'],['second_research_object'],['validity'],['evidence'],False,False,R659055,https://sandbox.orkg.org,-1,orkg,merged_ecsa_icsa.json_jsonpublicationloader_limit-1,merged_ecsa_icsa.json,JsonPublicationLoader,-1,,4000,2,generation_kittoolbox_kit.minimax-m2.7-229b_tmpNone_maxt-1_reasoningNone,generation,kittoolbox_kit.minimax-m2.7-229b_tmpNone_maxt-1_reasoningNone,KitToolbox,kit.minimax-m2.7-229b,,-1,,"Among those papers that evaluate the property Reliability, what are the research objects that are evaluated? Rank the research objects in descending alphabetical order.","Among those papers that evaluate the property Reliability, the research objects that are evaluated, ranked in descending alphabetical order, are: Reference Architecture, Architecture Optimization Method, Architecture Analysis Method, and Architectural Aspects.","['10.1109/ICSA.2019.00013', '10.1109/ICSA.2019.00013', '10.1007/978-3-030-58923-3_23', '10.1007/978-3-030-58923-3_23', '10.1109/ICSA.2019.00019', '10.1109/ICSA.2019.00019', '10.1109/ICSA.2018.00017', '10.1109/ICSA.2018.00017', '10.1109/ICSA.2017.43', '10.1109/ICSA.2017.43']",,"['(R870044:Property, Name, L1523526:Reliability)', '(R870048:Research Object Entity, Name, L1523530:Architecture Optimization Method)', '(R873759:Property, Name, L1531163:Reliability)', '(R873764:Research Object Entity, Name, L1531168:Architectural Aspects)', '(R871765:Property, Name, L1527091:Reliability)', '(R871774:Research Object Entity, Name, L1527099:Reference Architecture)', '(R871563:Property, Name, L1526673:Reliability)', '(R871571:Research Object Entity, Name, L1526680:Reference Architecture)', '(R871130:Property, Name, L1525789:Reliability)', '(R871132:Research Object Entity, Name, L1525791:Architecture Analysis Method)']",clustering_strategy,R659055,Software Architecture and Design,6,Which research objects are used in conjunction with the [evaluation sub property name] sub-property ranked in descending alphabetical order?
92,39f0c727f1c36390b5a876e7120bfff1,c5a9135c-9007-4bf2-927e-85127fca519a,"

The compatibility‑evaluation is applied on two research objects:

- **Second Research Object** – identified in the texts as “Second Research Object 2” (also associated with “Architecture Decision Making”)【7】【8】【9】  
- **First Research Object 2** – identified as “First Research Object 2” (with alternative labels such as “Architecture Description Language” and “Architecture Analysis Method”)【1】【2】【3】【4】【5】【6】【9】

Ranked in descending alphabetical order the objects are:

1. **Second Research Object**  
2. **First Research Object 2**

","['(R871554:First Research Object 2, evaluation, R871565:Evaluation)', '(R871565:Evaluation, properties, R871568:Property)', '(R871569:Property, Name, L1526678:Compatibility)', '(R868878:First Research Object 2, evaluation, R868879:Evaluation)', '(R868879:Evaluation, properties, R868882:Property)', '(R868883:Property, Name, L1521052:Compatibility)', '(R872969:Research Object Entity, Name, L1529557:Architecture Description Language)', '(R873974:Second Research Object 2, Object, R873980:Research Object List)', '(R873981:Research Object Entity, Name, L1531625:Architecture Decision Making)', '(R869976:Research Object Entity, Name, L1523394:Architecture Description Language)', '(R868240:Research Object Entity, Name, L1519649:Architecture Analysis Method)', '(R869969:First Research Object 2, evaluation, R869970:Evaluation)', '(R2156282:First Research Object 2, evaluation, R2156293:Evaluation)', '(R872952:First Research Object 2, evaluation, R872962:Evaluation)', '(R2156260:First Research Object 2, evaluation, R2156273:Evaluation)', '(R873974:Second Research Object 2, evaluation, R873975:Evaluation)', '(R869888:Second Research Object 2, evaluation, R869889:Evaluation)', '(R868233:First Research Object 2, evaluation, R868234:Evaluation)']",[],0.25,0.0,0.083,0.042,0.333,0.333,0.1,0.25,0.14,0.19,0.11,0.25,0.15,0.2,0.06,0.25,0.09,0.15,0.06,0.25,0.1,0.15,0.1,0.111,0.056,0.061,0.03,0.35,0.22,0.77,0.15,0.09,0.33,0.22,0.14,0.5,0.383,0.698,0.495,1.0,1000.8962504863739,0.0,37702,0,0.0,,0,0.0,,,0.0,0.0,,0.0,0.0,https://wandb.ai/kastel-sdq-meta-research/experiment_cross_encoder/r/call/01a05f13-6bf4-7310-9be2-652e77145ff2,retrieval_config,False,KitToolbox,kit.qwen3-embedding-8b,10,10,True,cosine,True,False,10,-1,8,False,False,1,False,-1,-1,False,,['R659055'],['Paper'],True,False,False,kg_retrieval,hublink,kittoolbox_kit.minimax-m2.7-229b_tmpNone_maxt-1_reasoningNone,KitToolbox,kit.minimax-m2.7-229b,,-1,,kittoolbox_kit.minimax-m2.7-229b_tmpNone_maxt-1_reasoningNone,KitToolbox,kit.minimax-m2.7-229b,,-1,,orkg_merged_ecsa_icsa.json_jsonpublicationloader_limit-1,['paper_class'],['research_level'],['first_research_object'],['second_research_object'],['validity'],['evidence'],False,False,R659055,https://sandbox.orkg.org,-1,orkg,merged_ecsa_icsa.json_jsonpublicationloader_limit-1,merged_ecsa_icsa.json,JsonPublicationLoader,-1,,4000,2,generation_kittoolbox_kit.minimax-m2.7-229b_tmpNone_maxt-1_reasoningNone,generation,kittoolbox_kit.minimax-m2.7-229b_tmpNone_maxt-1_reasoningNone,KitToolbox,kit.minimax-m2.7-229b,,-1,,"Among those publications that evaluate compatibility in their investigation, what are the research objects the evaluation is applied on? Rank the objects in descending alphabetical order.","The research objects investigated in conjunction with the compatibility property, ranked in descending alphabetical order, are Reference Architecture and Architecture Design Method.","['10.1109/ICSA.2018.00017', '10.1109/ICSA.2018.00017', '10.1109/ICSA.2019.00020', '10.1109/ICSA.2019.00020']",,"['(R871562:Property, Name, L1526672:Compatibility)', '(R871571:Research Object Entity, Name, L1526680:Reference Architecture)', '(R871569:Property, Name, L1526678:Compatibility)', '(R868885:Research Object Entity, Name, L1521054:Architecture Design Method)']",clustering_strategy,R659055,Software Architecture and Design,6,Which research objects are used in conjunction with the [evaluation sub property name] sub-property ranked in descending alphabetical order?
93,39f0c727f1c36390b5a876e7120bfff1,b54fb478-0c65-46ed-8c32-a495b1e5b6cc,"

The texts show that the property **Satisfaction** is evaluated in at least two of the papers that investigate the research object **Architecture Evolution** – the “Improving the Consistency and Usefulness of Architecture Descriptions: Guidelines for Architects” paper explicitly assesses Satisfaction as part of its contribution evaluation [1], and the “Migrating Towards Microservice Architectures: An Industrial Survey” paper evaluates Satisfaction for First Research Object 2 within the same research‑object context [2].  

The property **Context Coverage** is mentioned only in the evaluation of First Research Object 2 in the “Migrating Towards Microservice Architectures” study, where it is listed among the properties that are assessed [3].  

Thus, across the set of papers that focus on Architecture Evolution, **Satisfaction is evaluated more frequently than Context Coverage** (appearing in two studies versus one). The available information does not provide a more detailed quantitative comparison, but the data indicate a higher occurrence of Satisfaction evaluations relative to Context Coverage.  

**Sources**: [1], [2], [3].

[1] Source: Improving the Consistency and Usefulness of Architecture Descriptions: Guidelines for Architects, 10.1109/ICSA.2019.00024
[2] Source: Migrating Towards Microservice Architectures: An Industrial Survey, 10.1109/ICSA.2018.00012
[3] Source: Continuous API Evolution in Heterogenous Enterprise Software Systems, 10.1109/ICSA51549.2021.00014
","['(R870989:Migrating Towards Microservice Architectures: An Industrial Survey, contribution, R2156173:First Research Object 2)', '(R2156173:First Research Object 2, evaluation, R2156188:Evaluation)', '(R2156188:Evaluation, properties, R2156204:Property)', '(R2156212:Property, Name, L2809591:Satisfaction)', '(R873599:Improving the Consistency and Usefulness of Architecture Descriptions: Guidelines for Architects, contribution, R873627:First Research Object 2)', '(R873627:First Research Object 2, evaluation, R873628:Evaluation)', '(R873628:Evaluation, properties, R873631:Property)', '(R873633:Property, Name, L1530901:Satisfaction)', '(R874338:Continuous API Evolution in Heterogenous Enterprise Software Systems, contribution, R874367:First Research Object 2)', '(R874367:First Research Object 2, evaluation, R874368:Evaluation)', '(R874368:Evaluation, properties, R874371:Property)', '(R874372:Property, Name, L1532467:Satisfaction)', '(R2156173:First Research Object 2, Object, R2156179:Research Object List)', '(R2156179:Research Object List, Entity, R2156184:Research Object Entity)', '(R2156184:Research Object Entity, Name, L2809562:Architecture Evolution)', '(R873627:First Research Object 2, Object, R873636:Research Object List)', '(R873636:Research Object List, Entity, R873637:Research Object Entity)', '(R873637:Research Object Entity, Name, L1530905:Architecture Evolution)', '(R874367:First Research Object 2, Object, R874381:Research Object List)', '(R874381:Research Object List, Entity, R874382:Research Object Entity)', '(R874382:Research Object Entity, Name, L1532476:Architecture Evolution)', '(R874367:First Research Object 2, evaluation, R874374:Evaluation)', '(R874374:Evaluation, properties, R874379:Property)', '(R874380:Property, Name, L1532474:Context coverage)']",[],0.143,0.143,0.018,0.013,0.125,0.125,0.1,0.14,0.12,0.13,0.13,0.14,0.14,0.14,0.21,0.71,0.32,0.48,0.32,0.71,0.44,0.57,0.1,0.133,0.208,0.323,0.04,0.31,0.19,0.77,0.19,0.12,0.47,0.22,0.14,0.56,0.476,0.655,0.551,1.0,453.46866035461426,0.0,76660,0,0.0,,0,0.0,,,0.0,0.0,,0.0,0.0,https://wandb.ai/kastel-sdq-meta-research/experiment_cross_encoder/r/call/01a05f13-ddd3-7213-ab8a-ba44378a4c5a,retrieval_config,False,KitToolbox,kit.qwen3-embedding-8b,10,10,True,cosine,True,False,10,-1,8,False,False,1,False,-1,-1,False,,['R659055'],['Paper'],True,False,False,kg_retrieval,hublink,kittoolbox_kit.minimax-m2.7-229b_tmpNone_maxt-1_reasoningNone,KitToolbox,kit.minimax-m2.7-229b,,-1,,kittoolbox_kit.minimax-m2.7-229b_tmpNone_maxt-1_reasoningNone,KitToolbox,kit.minimax-m2.7-229b,,-1,,orkg_merged_ecsa_icsa.json_jsonpublicationloader_limit-1,['paper_class'],['research_level'],['first_research_object'],['second_research_object'],['validity'],['evidence'],False,False,R659055,https://sandbox.orkg.org,-1,orkg,merged_ecsa_icsa.json_jsonpublicationloader_limit-1,merged_ecsa_icsa.json,JsonPublicationLoader,-1,,4000,2,generation_kittoolbox_kit.minimax-m2.7-229b_tmpNone_maxt-1_reasoningNone,generation,kittoolbox_kit.minimax-m2.7-229b_tmpNone_maxt-1_reasoningNone,KitToolbox,kit.minimax-m2.7-229b,,-1,,How frequently is the property Satisfaction evaluated compared to the property Context Coverage in papers that investigate the research object Architecture Evolution?,"The frequency with which the property Satisfaction is evaluated compared to the property Context Coverage in papers that investigate the research object Architecture Evolution is as follows: Satisfaction is evaluated three times, whereas Context Coverage is evaluated only once.","['10.1109/ICSA51549.2021.00014', '10.1109/ICSA51549.2021.00014', '10.1109/ICSA51549.2021.00014', '10.1109/ICSA.2018.00012', '10.1109/ICSA.2018.00012', '10.1109/ICSA.2019.00024', '10.1109/ICSA.2019.00024']",,"['(R874382:Research Object Entity, Name, L1532476:Architecture Evolution)', '(R874372:Property, Name, L1532467:Satisfaction)', '(R874380:Property, Name, L1532474:Context coverage)', '(R871023:Research Object Entity, Name, L1525570:Architecture Evolution)', '(R871021:Property, Name, L1525568:Satisfaction)', '(R873637:Research Object Entity, Name, L1530905:Architecture Evolution)', '(R873633:Property, Name, L1530901:Satisfaction)']",clustering_strategy,R659055,Software Architecture and Design,6,How frequently is the sub-property with the name [Content Data: sub-property name] used compared to the sub-property with the name [Content Data: sub-property name] in research that investigates the research object with the name [Content Data: research object name]?
94,39f0c727f1c36390b5a876e7120bfff1,709abd57-3572-4990-92f9-0d4e7557a999,"

The available texts show that **satisfaction is explicitly evaluated** in at least one of the publications (the “First Research Object 2” result indicates that the applicable guideline criterion is “not satisfied”) and that another publication’s contribution undergoes evaluation that includes a satisfaction‑related property (the Product Quality property). [1][2]  

In contrast, **no mention of a context‑coverage evaluation appears** in the supplied excerpts. Because context coverage is not referenced, it is impossible to determine how often it is evaluated relative to satisfaction. The only observation that can be made is that satisfaction is assessed in the material examined, while context‑coverage assessment is absent. [1][2]

[1] Source: The Evolution of Technical Debt in the Apache Ecosystem, 10.1007/978-3-319-65831-5_4
[2] Source: Decentralized Architecture for Energy-Aware Service Assembly, 10.1007/978-3-030-58923-3_4
","['(R869125:First Research Object 2, evaluation, R869126:Evaluation)', '(R869930:Evaluation, properties, R869933:Property)', '(R869933:Property, Name, L1523303:Product Quality)', '(R869126:Evaluation, Has Guideline, L1521575:False)']",[],0.0,0.0,0.0,0.0,0.0,0.0,0.0,0.0,0.0,0.0,0.0,0.0,0.0,0.0,0.0,0.0,0.0,0.0,0.0,0.0,0.0,0.0,0.0,0.0,0.0,0.0,0.01,0.22,0.13,0.67,0.06,0.04,0.2,0.16,0.09,0.48,0.445,0.549,0.491,0.0,303.9042682647705,0.0,66160,0,0.0,,0,0.0,,,0.0,0.0,,0.0,0.0,https://wandb.ai/kastel-sdq-meta-research/experiment_cross_encoder/r/call/01a05f14-f30d-732d-bbf9-5ad3fac0b5b9,retrieval_config,False,KitToolbox,kit.qwen3-embedding-8b,10,10,True,cosine,True,False,10,-1,8,False,False,1,False,-1,-1,False,,['R659055'],['Paper'],True,False,False,kg_retrieval,hublink,kittoolbox_kit.minimax-m2.7-229b_tmpNone_maxt-1_reasoningNone,KitToolbox,kit.minimax-m2.7-229b,,-1,,kittoolbox_kit.minimax-m2.7-229b_tmpNone_maxt-1_reasoningNone,KitToolbox,kit.minimax-m2.7-229b,,-1,,orkg_merged_ecsa_icsa.json_jsonpublicationloader_limit-1,['paper_class'],['research_level'],['first_research_object'],['second_research_object'],['validity'],['evidence'],False,False,R659055,https://sandbox.orkg.org,-1,orkg,merged_ecsa_icsa.json_jsonpublicationloader_limit-1,merged_ecsa_icsa.json,JsonPublicationLoader,-1,,4000,2,generation_kittoolbox_kit.minimax-m2.7-229b_tmpNone_maxt-1_reasoningNone,generation,kittoolbox_kit.minimax-m2.7-229b_tmpNone_maxt-1_reasoningNone,KitToolbox,kit.minimax-m2.7-229b,,-1,,"Among publications that investigate architecture patterns, how often is the satisfaction evaluated in comparison to context coverage?","Among publications that investigate architecture patterns, the property Satisfaction is evaluated three times while the Context Coverage is only evaluated once.","['10.1109/ICSA.2019.00014', '10.1109/ICSA.2019.00014', '10.1109/ICSA.2017.20', '10.1109/ICSA.2017.20', '10.1109/ICSA.2017.20', '10.1007/978-3-030-00761-4_21', '10.1007/978-3-030-00761-4_21']",,"['(R870420:Research Object Entity, Name, L1524302:Architecture Pattern)', '(R870214:Property, Name, L1523904:Satisfaction)', '(R869040:Research Object Entity, Name, L1521385:Architecture Pattern)', '(R869038:Property, Name, L1521383:Context coverage)', '(R869037:Property, Name, L1521382:Satisfaction)', '(R870216:Research Object Entity, Name, L1523906:Architecture Pattern)', '(R870417:Property, Name, L1524299:Satisfaction)']",clustering_strategy,R659055,Software Architecture and Design,6,How often is the sub-property [Content Data: sub-property name] used in comparison to the sub-property [sub-property] with the research object [Content Data: research object name]?
95,39f0c727f1c36390b5a876e7120bfff1,1a96b5ca-c89f-40e0-ab79-66750d6e4f24,"

The texts indicate that the **Maintainability** property is mentioned **once** in the evaluation (as a sub‑property of the evaluation of First Research Object 2) and that the **Usability** property is mentioned **twice** (as a sub‑property of the evaluation of Second Research Object 2) [5].  

Both of these evaluations are reported to belong to studies that used the **Case Study** evaluation method – the overall evaluation of the research objects is described as being performed with “Case Study” [2][3][4]. However, the source material does not explicitly state that the Case Study method was applied **to each property individually**; it only links the method to the broader evaluation of the research objects that contain those properties. Consequently, while we can report the comparative frequency of the evaluations (Maintainability once vs. Usability twice), the available information does not allow us to determine how often each property is evaluated **using the Case Study method specifically**.  

**In summary**  
- Maintainability is evaluated **once**.  
- Usability is evaluated **twice**.  
- The Case Study method is mentioned for the overall evaluation, but the texts do not provide a specific frequency of evaluation **by applying the Case Study method** for either property.  

**Sources:** [1], [2], [3], [4], [5].

[1] Source: A Comparison of MQTT Brokers for Distributed IoT Edge Computing, 10.1007/978-3-030-58923-3_23
[2] Source: Constructing a Shared Infrastructure for Software Architecture Analysis and Maintenance, 10.1109/ICSA51549.2021.00022
[3] Source: Abstraction Layered Architecture: Writing Maintainable Embedded Code, 10.1007/978-3-030-00761-4_9
[4] Source: Automated Microservice Identification in Legacy Systems with Functional and Non-Functional Metrics, 10.1109/ICSA47634.2020.00021
[5] Source: Towards a Reference Architecture for Cloud-Based Plant Genotyping and Phenotyping Analysis Frameworks, 10.1109/ICSA.2017.42
","['(R872580:Second Research Object 2, evaluation, R872587:Evaluation)', '(R872591:Property, Name, L1528793:Usability)', '(R871701:First Research Object 2, evaluation, R871702:Evaluation)', '(R871708:Property, Name, L1526978:Usability)', '(R874099:First Research Object 2, evaluation, R874100:Evaluation)', '(R874105:Property, Name, L1531896:Maintainability)', '(R872568:First Research Object 2, evaluation, R872569:Evaluation)', '(R872575:Property, Name, L1528781:Maintainability)', '(R874100:Evaluation, Evaluation method, R874101:Evaluation Method List)', '(R874102:Evaluation Method Entity, Name, L1531893:Case Study)', '(R871702:Evaluation, Evaluation method, R871703:Evaluation Method List)', '(R871703:Evaluation Method List, Entity, R871704:Evaluation Method Entity)', '(R871704:Evaluation Method Entity, Name, L1526974:Case Study)']",[],0.5,0.167,0.147,0.088,0.25,0.25,0.3,0.5,0.37,0.44,0.32,0.5,0.39,0.45,0.31,0.67,0.42,0.54,0.36,0.67,0.47,0.57,0.3,0.316,0.308,0.364,0.02,0.27,0.15,0.94,0.11,0.07,0.41,0.17,0.1,0.61,0.42,0.621,0.501,1.0,420.5723316669464,0.0,57734,0,0.0,,0,0.0,,,0.0,0.0,,0.0,0.0,https://wandb.ai/kastel-sdq-meta-research/experiment_cross_encoder/r/call/01a05f17-4040-7060-af8d-7a71506c6f44,retrieval_config,False,KitToolbox,kit.qwen3-embedding-8b,10,10,True,cosine,True,False,10,-1,8,False,False,1,False,-1,-1,False,,['R659055'],['Paper'],True,False,False,kg_retrieval,hublink,kittoolbox_kit.minimax-m2.7-229b_tmpNone_maxt-1_reasoningNone,KitToolbox,kit.minimax-m2.7-229b,,-1,,kittoolbox_kit.minimax-m2.7-229b_tmpNone_maxt-1_reasoningNone,KitToolbox,kit.minimax-m2.7-229b,,-1,,orkg_merged_ecsa_icsa.json_jsonpublicationloader_limit-1,['paper_class'],['research_level'],['first_research_object'],['second_research_object'],['validity'],['evidence'],False,False,R659055,https://sandbox.orkg.org,-1,orkg,merged_ecsa_icsa.json_jsonpublicationloader_limit-1,merged_ecsa_icsa.json,JsonPublicationLoader,-1,,4000,2,generation_kittoolbox_kit.minimax-m2.7-229b_tmpNone_maxt-1_reasoningNone,generation,kittoolbox_kit.minimax-m2.7-229b_tmpNone_maxt-1_reasoningNone,KitToolbox,kit.minimax-m2.7-229b,,-1,,How frequently is the property Maintainability evaluated in comparison to the property Usability by applying the evaluation method Case Study?,"The frequency with which the property Maintainability is evaluated in comparison to the property Usability by applying the evaluation method Case Study is that Maintainability is evaluated twice, while Usability is evaluated once.","['10.1007/978-3-030-00761-4_9', '10.1007/978-3-030-00761-4_9', '10.1007/978-3-030-00761-4_21', '10.1007/978-3-030-00761-4_21', '10.1109/ICSA51549.2021.00022', '10.1109/ICSA51549.2021.00022']",,"['(R874102:Evaluation Method Entity, Name, L1531893:Case Study)', '(R874105:Property, Name, L1531896:Maintainability)', '(R870410:Evaluation Method Entity, Name, L1524293:Case Study)', '(R870412:Property, Name, L1524295:Maintainability)', '(R871704:Evaluation Method Entity, Name, L1526974:Case Study)', '(R871708:Property, Name, L1526978:Usability)']",clustering_strategy,R659055,Software Architecture and Design,6,How often is the sub-property [Content Data: sub-property name] used in comparison to the sub-property [sub-property] with the evaulation method [Content Data: evaluation method name]?
96,39f0c727f1c36390b5a876e7120bfff1,195c7cc5-ccb6-4e29-a56b-e01cee314020,"

Across the publications that use a **controlled experiment** in their evaluation, **Usability** is assessed more often than **Maintainability**.

* In the “REST vs GraphQL” controlled experiment, **Usability** is explicitly evaluated, while **Maintainability** is not mentioned [1].  
* The “On the Understandability of Semantic Constraints for Behavioral Software Architecture Compliance” controlled experiment also focuses on **Usability** without referring to **Maintainability** [3].  
* “DesignDiff: Continuously Modeling Software Design Difference from Code Revisions” uses a controlled experiment and lists **Usability** as an evaluated property, again with no mention of **Maintainability** [5].  

Other sources provide additional, though less definitive, evidence:

* One source notes that a single publication evaluates both **Usability** and **Maintainability**, each appearing once in the texts [2].  
* Another source reports that **Usability** is mentioned twice (in texts 1 and 2) while **Maintainability** appears once (in text 3) in the evaluated material [4].  

The only study that explicitly includes **Maintainability** in its evaluation (“The Evolution of Technical Debt in the Apache Ecosystem”) does **not** employ a controlled experiment [6].

Taken together, among the controlled‑experiment studies described:

* **Usability** is evaluated in at least three distinct publications (with one study noting two occurrences of the property).  
* **Maintainability** appears at most once in a controlled‑experiment context (or is absent in the other studies).

Thus, **Usability is evaluated more frequently than Maintainability** in the subset of publications that apply a controlled experiment for their evaluation.

[1] Source: REST vs GraphQL: A Controlled Experiment, 10.1109/ICSA47634.2020.00016
[2] Source: Reducing Development Overheads with a Generic and Model-Centric Architecture for Online Games, 10.1109/ICSA.2018.00011
[3] Source: On the Understandability of Semantic Constraints for Behavioral Software Architecture Compliance: A Controlled Experiment, 10.1109/ICSA.2017.10
[4] Source: Towards a Reference Architecture for Cloud-Based Plant Genotyping and Phenotyping Analysis Frameworks, 10.1109/ICSA.2017.42
[5] Source: DesignDiff: Continuously Modeling Software Design Difference from Code Revisions, 10.1109/ICSA47634.2020.00025
[6] Source: The Evolution of Technical Debt in the Apache Ecosystem, 10.1007/978-3-319-65831-5_4
","['(R869467:Property, Name, L1522304:Usability)', '(R872591:Property, Name, L1528793:Usability)', '(R874320:First Research Object 2, evaluation, R874321:Evaluation)', '(R874321:Evaluation, properties, R874324:Property)', '(R874325:Property, Name, L1532370:Usability)', '(R874023:Property, Name, L1531719:Usability)', '(R870908:First Research Object 2, evaluation, R870909:Evaluation)', '(R870909:Evaluation, properties, R870915:Property)', '(R870916:Property, Name, L1525358:Usability)', '(R869465:Evaluation Method Entity, Name, L1522302:Controlled Experiment)', '(R869130:Property, Name, L1521576:Maintainability)', '(R874321:Evaluation, Evaluation method, R874322:Evaluation Method List)', '(R874322:Evaluation Method List, Entity, R874323:Evaluation Method Entity)', '(R874323:Evaluation Method Entity, Name, L1532368:Controlled Experiment)', '(R874024:Property, Name, L1531720:Maintainability)', '(R870909:Evaluation, Evaluation method, R870910:Evaluation Method List)', '(R870910:Evaluation Method List, Entity, R870911:Evaluation Method Entity)', '(R870911:Evaluation Method Entity, Name, L1525353:Controlled Experiment)', '(R872575:Property, Name, L1528781:Maintainability)']",[],0.667,0.417,0.356,0.213,1.0,1.0,0.4,0.67,0.5,0.59,0.44,0.67,0.53,0.61,0.32,1.0,0.48,0.7,0.4,1.0,0.57,0.77,0.4,0.444,0.316,0.4,0.03,0.16,0.09,0.87,0.1,0.06,0.59,0.13,0.07,0.7,0.377,0.598,0.462,1.0,572.7560896873474,0.0,3189,0,0.0,,0,0.0,,,0.0,0.0,,0.0,0.0,https://wandb.ai/kastel-sdq-meta-research/experiment_cross_encoder/r/call/01a05f18-6d3f-79a0-9149-142122550571,retrieval_config,False,KitToolbox,kit.qwen3-embedding-8b,10,10,True,cosine,True,False,10,-1,8,False,False,1,False,-1,-1,False,,['R659055'],['Paper'],True,False,False,kg_retrieval,hublink,kittoolbox_kit.minimax-m2.7-229b_tmpNone_maxt-1_reasoningNone,KitToolbox,kit.minimax-m2.7-229b,,-1,,kittoolbox_kit.minimax-m2.7-229b_tmpNone_maxt-1_reasoningNone,KitToolbox,kit.minimax-m2.7-229b,,-1,,orkg_merged_ecsa_icsa.json_jsonpublicationloader_limit-1,['paper_class'],['research_level'],['first_research_object'],['second_research_object'],['validity'],['evidence'],False,False,R659055,https://sandbox.orkg.org,-1,orkg,merged_ecsa_icsa.json_jsonpublicationloader_limit-1,merged_ecsa_icsa.json,JsonPublicationLoader,-1,,4000,2,generation_kittoolbox_kit.minimax-m2.7-229b_tmpNone_maxt-1_reasoningNone,generation,kittoolbox_kit.minimax-m2.7-229b_tmpNone_maxt-1_reasoningNone,KitToolbox,kit.minimax-m2.7-229b,,-1,,"Among publications that apply a controlled experiment in their evaluation, how often is usability evaluated in comparison to maintainability?","Among publications that apply a controlled experiment in their evaluation, the property Usability is evaluated three times while Maintainability has not been evaluated.","['10.1109/ICSA47634.2020.00016', '10.1109/ICSA47634.2020.00016', '10.1109/ICSA.2017.10', '10.1109/ICSA.2017.10', '10.1109/ICSA47634.2020.00025', '10.1109/ICSA47634.2020.00025']",,"['(R870911:Evaluation Method Entity, Name, L1525353:Controlled Experiment)', '(R870916:Property, Name, L1525358:Usability)', '(R874323:Evaluation Method Entity, Name, L1532368:Controlled Experiment)', '(R874325:Property, Name, L1532370:Usability)', '(R869465:Evaluation Method Entity, Name, L1522302:Controlled Experiment)', '(R869467:Property, Name, L1522304:Usability)']",clustering_strategy,R659055,Software Architecture and Design,6,How often is the sub-property [Content Data: sub-property name] used in comparison to the sub-property [sub-property] with the evaulation method [Content Data: evaluation method name]?
97,39f0c727f1c36390b5a876e7120bfff1,9e3c5460-0e14-4afc-884b-7d587a27d540,"

The only property that is explicitly reported as being evaluated in papers that investigate the **Technical Debt** research object **without adhering to an evaluation guideline** is **Maintainability**【5】. This finding is corroborated by another partial answer, which also identifies Maintainability as the property assessed while noting that the evaluation does not satisfy a guideline criterion【1】.  

Other partial answers mention different properties—such as Accuracy, Quality of Method, and Functional Suitability—but these are associated with other research objects or contexts and are not specifically linked to the Technical Debt object in the provided texts. Consequently, the property **Maintainability** is the one clearly identified for Technical Debt evaluations that lack a formal evaluation guideline.

","['(R869132:Research Object Entity, Name, L1521578:Technical Debt)', '(R874819:Validity 2, Referenced Threats to Validity Guideline, L1533436:False)', '(R870336:Data Stream Operations as First-Class Entities in Component-Based Performance Models, contribution, R870368:Second Research Object 2)', '(R870368:Second Research Object 2, evaluation, R870369:Evaluation)', '(R870369:Evaluation, Has Guideline, L1524212:False)', '(R869889:Evaluation, Has Guideline, L1523204:False)', '(R869125:First Research Object 2, evaluation, R869126:Evaluation)', '(R869126:Evaluation, Has Guideline, L1521575:False)', '(R873775:Continuous Architecture: Towards the Goldilocks Zone and Away from Vicious Circles, contribution, R873796:First Research Object 2)', '(R873796:First Research Object 2, evaluation, R873797:Evaluation)', '(R873797:Evaluation, Has Guideline, L1531252:False)', '(R870542:First Research Object 2, evaluation, R870543:Evaluation)', '(R870543:Evaluation, Has Guideline, L1524579:False)', '(R871484:On Cognitive Biases in Architecture Decision Making, contribution, R871505:First Research Object 2)', '(R871505:First Research Object 2, evaluation, R871506:Evaluation)', '(R871506:Evaluation, Has Guideline, L1526568:False)', '(R869889:Evaluation, properties, R869892:Property)', '(R869893:Property, Name, L1523205:Functional Suitability)', '(R870369:Evaluation, properties, R870372:Property)', '(R870373:Property, Name, L1524213:Accuracy)', '(R870543:Evaluation, properties, R870546:Property)', '(R870546:Property, Name, L1524581:Quality of Method)', '(R873797:Evaluation, properties, R873800:Property)', '(R873800:Property, Name, L1531254:Quality of Method)', '(R872625:Evaluation, properties, R872628:Property)', '(R872630:Property, Name, L1528879:Maintainability)', '(R869126:Evaluation, properties, R869129:Property)', '(R869130:Property, Name, L1521576:Maintainability)']",[],0.333,0.25,0.208,0.166,1.0,1.0,0.2,0.33,0.25,0.29,0.25,0.33,0.29,0.31,0.11,0.5,0.18,0.29,0.15,0.5,0.23,0.34,0.2,0.25,0.107,0.146,0.08,0.35,0.21,1.0,0.21,0.12,0.61,0.29,0.18,0.83,0.472,0.698,0.563,1.0,659.6713211536407,0.0,23310,0,0.0,,0,0.0,,,0.0,0.0,,0.0,0.0,https://wandb.ai/kastel-sdq-meta-research/experiment_cross_encoder/r/call/01a05f23-b2dd-7eac-b16e-bfd2477ceacb,retrieval_config,False,KitToolbox,kit.qwen3-embedding-8b,10,10,True,cosine,True,False,10,-1,8,False,False,1,False,-1,-1,False,,['R659055'],['Paper'],True,False,False,kg_retrieval,hublink,kittoolbox_kit.minimax-m2.7-229b_tmpNone_maxt-1_reasoningNone,KitToolbox,kit.minimax-m2.7-229b,,-1,,kittoolbox_kit.minimax-m2.7-229b_tmpNone_maxt-1_reasoningNone,KitToolbox,kit.minimax-m2.7-229b,,-1,,orkg_merged_ecsa_icsa.json_jsonpublicationloader_limit-1,['paper_class'],['research_level'],['first_research_object'],['second_research_object'],['validity'],['evidence'],False,False,R659055,https://sandbox.orkg.org,-1,orkg,merged_ecsa_icsa.json_jsonpublicationloader_limit-1,merged_ecsa_icsa.json,JsonPublicationLoader,-1,,4000,2,generation_kittoolbox_kit.minimax-m2.7-229b_tmpNone_maxt-1_reasoningNone,generation,kittoolbox_kit.minimax-m2.7-229b_tmpNone_maxt-1_reasoningNone,KitToolbox,kit.minimax-m2.7-229b,,-1,,What are the properties that are evaluated in papers that investigate the research object Technical Debt without adhering to an evaluation guideline?,The properties that are evaluated in papers that investigate the research object Technical Debt without adhering to an evaluation guideline are Accuracy and Maintainability.,"['10.1109/ICSA51549.2021.00017', '10.1109/ICSA51549.2021.00017', '10.1007/978-3-319-65831-5_4', '10.1007/978-3-319-65831-5_4', '10.1109/ICSA51549.2021.00017', '10.1007/978-3-319-65831-5_4']",,"['(R872808:Research Object Entity, Name, L1529238:Technical Debt)', '(R872802:Evaluation, Has Guideline, L1529235:False)', '(R869132:Research Object Entity, Name, L1521578:Technical Debt)', '(R869126:Evaluation, Has Guideline, L1521575:False)', '(R872806:Property, Name, L1529236:Accuracy)', '(R869130:Property, Name, L1521576:Maintainability)']",clustering_strategy,R659055,Software Architecture and Design,6,What are the names of the evaluation sub-properties that are assessed in research papers that investigate the research object with the name [Content Data: research object name] without adhering to evaluation guidelines?
98,39f0c727f1c36390b5a876e7120bfff1,1fd7e0a1-08a9-4ef8-8ab5-48440698ff9c,"

The properties that were reported as being evaluated **without** an associated evaluation guideline are:

- **Quality in Use** – evaluated without a guideline (see [1]).  
- **Product Quality** – reported as evaluated without a guideline in several sources (see [2], [3], [5], [7], [8], [9]).  
- **Compatibility** (including a sub‑property) – listed as being evaluated without a guideline (see [4], [8]).  
- **Quality of Method** – evaluated without a guideline (see [6]).

*Note:* One source indicates that “Product Quality” was evaluated *with* a guideline (Has Guideline = True) [10]; however, the majority of the excerpts identify the above properties as having been assessed without a guideline.

[1] Source: Monolith Migration Complexity Tuning Through the Application of Microservices Patterns, 10.1007/978-3-030-58923-3_3
[2] Source: Synthesis and Quantitative Verification of Tradeoff Spaces for Families of Software Systems, 10.1007/978-3-319-65831-5_1
[3] Source: Decentralized Architecture for Energy-Aware Service Assembly, 10.1007/978-3-030-58923-3_4
[4] Source: An Architecture for Decentralized, Collaborative, and Autonomous Robots, 10.1109/ICSA.2018.00017
[5] Source: Formal Software Architectural Migration Towards Emerging Architectural Styles, 10.1007/978-3-030-58923-3_2
[6] Source: Accurate Analysis of Quality Properties of Software with Observation-Based Markov Chain Refinement, 10.1109/ICSA.2017.14
[7] Source: Synchronous Reconfiguration of Distributed Embedded Applications During Operation, 10.1109/ICSA.2019.00021
[8] Source: Mitigating the Influence of Embedded Software Development Environments and Toolsets (ESDT) on Software Architecture, 10.1109/ICSA.2019.00020
[9] Source: Safety Analysis Method for Cooperative Driving Systems, 10.1109/ICSA.2019.00027
[10] Source: Architectural Technical Debt: A Grounded Theory, 10.1007/978-3-030-58923-3_14
","['(R868878:First Research Object 2, evaluation, R868879:Evaluation)', '(R868879:Evaluation, properties, R868882:Property)', '(R868883:Property, Name, L1521052:Compatibility)', '(R871569:Property, Name, L1526678:Compatibility)', '(R872702:Safety Analysis Method for Cooperative Driving Systems, contribution, R872723:First Research Object 2)', '(R868234:Evaluation, properties, R868237:Property)', '(R868237:Property, Name, L1519648:Quality of Method)', '(R874464:First Research Object 2, evaluation, R874465:Evaluation)', '(R874465:Evaluation, properties, R874468:Property)', '(R874468:Property, Name, L1532670:Product Quality)', '(R869929:First Research Object 2, evaluation, R869930:Evaluation)', '(R869930:Evaluation, properties, R869933:Property)', '(R869933:Property, Name, L1523303:Product Quality)', '(R872507:First Research Object 2, evaluation, R872508:Evaluation)', '(R872508:Evaluation, properties, R872513:Property)', '(R872513:Property, Name, L1528665:Quality in Use)', '(R871166:First Research Object 2, evaluation, R871167:Evaluation)', '(R871167:Evaluation, properties, R871172:Property)', '(R871172:Property, Name, L1525879:Product Quality)', '(R868882:Property, Name, L1521053:Product Quality)', '(R871568:Property, Name, L1526679:Product Quality)', '(R873283:Evaluation, properties, R873286:Property)', '(R873286:Property, Name, L1530187:Product Quality)', '(R872624:First Research Object 2, evaluation, R872625:Evaluation)', '(R872625:Evaluation, properties, R872628:Property)', '(R872628:Property, Name, L1528880:Product Quality)', '(R872723:First Research Object 2, evaluation, R872724:Evaluation)', '(R872724:Evaluation, properties, R872727:Property)', '(R872727:Property, Name, L1529070:Product Quality)', '(R872724:Evaluation, Has Guideline, L1529068:False)', '(R872508:Evaluation, Has Guideline, L1528661:False)', '(R871565:Evaluation, Has Guideline, L1526677:False)', '(R872625:Evaluation, Has Guideline, L1528877:True)', '(R868879:Evaluation, Has Guideline, L1521051:False)', '(R874465:Evaluation, Has Guideline, L1532667:False)', '(R868234:Evaluation, Has Guideline, L1519646:False)', '(R871167:Evaluation, Has Guideline, L1525875:False)', '(R873283:Evaluation, Has Guideline, L1530184:False)', '(R869930:Evaluation, Has Guideline, L1523300:False)']",[],0.0,0.0,0.0,0.0,0.0,0.0,0.0,0.0,0.0,0.0,0.0,0.0,0.0,0.0,0.0,0.0,0.0,0.0,0.0,0.0,0.0,0.0,0.0,0.0,0.0,0.0,0.01,0.16,0.09,0.5,0.05,0.03,0.18,0.12,0.07,0.39,0.31,0.532,0.392,1.0,520.2220277786255,0.0,90835,0,0.0,,0,0.0,,,0.0,0.0,,0.0,0.0,https://wandb.ai/kastel-sdq-meta-research/experiment_cross_encoder/r/call/01a05f25-4e56-7b60-a6bb-61f5eb6fe36e,retrieval_config,False,KitToolbox,kit.qwen3-embedding-8b,10,10,True,cosine,True,False,10,-1,8,False,False,1,False,-1,-1,False,,['R659055'],['Paper'],True,False,False,kg_retrieval,hublink,kittoolbox_kit.minimax-m2.7-229b_tmpNone_maxt-1_reasoningNone,KitToolbox,kit.minimax-m2.7-229b,,-1,,kittoolbox_kit.minimax-m2.7-229b_tmpNone_maxt-1_reasoningNone,KitToolbox,kit.minimax-m2.7-229b,,-1,,orkg_merged_ecsa_icsa.json_jsonpublicationloader_limit-1,['paper_class'],['research_level'],['first_research_object'],['second_research_object'],['validity'],['evidence'],False,False,R659055,https://sandbox.orkg.org,-1,orkg,merged_ecsa_icsa.json_jsonpublicationloader_limit-1,merged_ecsa_icsa.json,JsonPublicationLoader,-1,,4000,2,generation_kittoolbox_kit.minimax-m2.7-229b_tmpNone_maxt-1_reasoningNone,generation,kittoolbox_kit.minimax-m2.7-229b_tmpNone_maxt-1_reasoningNone,KitToolbox,kit.minimax-m2.7-229b,,-1,,"Among publications that investigate architectural assumptions, which properties have been evaluated without following a guideline for their evaluation?","Among publications that investigate architectural assumptions, which properties have been evaluated without following a guideline for their evaluation?","['10.1109/ICSA.2019.00024', '10.1109/ICSA.2019.00024', '10.1109/ICSA.2019.00024', '10.1109/ICSA.2019.00024', '10.1109/ICSA.2019.00024', '10.1109/ICSA.2018.00026', '10.1109/ICSA.2018.00026', '10.1109/ICSA.2018.00026']",,"['(R873641:Research Object Entity, Name, L1530909:Architectural Assumptions)', '(R873401:Evaluation, Has Guideline, L1530441:False)', '(R873633:Property, Name, L1530901:Satisfaction)', '(R873635:Property, Name, L1530903:Functional Suitability)', '(R873632:Property, Name, L1530900:Effectiveness)', '(R873407:Research Object Entity, Name, L1530444:Architectural Assumptions)', '(R873639:Evaluation, Has Guideline, L1530907:False)', '(R873405:Property, Name, L1530442:Performance efficiency)']",clustering_strategy,R659055,Software Architecture and Design,6,Which evaluation sub-properties are used in the research object [Content Data: research object name] but do not use evaluation guidelines?
99,39f0c727f1c36390b5a876e7120bfff1,385d45f0-1a9b-4e2f-a511-a9bebb0f6925,"

The partial answers give conflicting evidence about which research object(s) satisfy **both** of the requested criteria – evaluated **without an evaluation guideline** and using the **Field Experiment** evaluation method.

- **Sources [1] and [2]** state that **First Research Object 2** was evaluated using the “Field Experiment” method and that the evaluation was performed **without an evaluation guideline** (`Has Guideline = False`).  
- **Sources [3], [4], [5], [6], [8], [9], and [10]** report that the same object (First Research Object 2) was evaluated **without a guideline** (`Has Guideline = False`) but that the recorded evaluation method is **Technical Experiment**, not “Field Experiment.” They also note that the texts do not contain any mention of a “Field Experiment” evaluation for this or any other research object.  
- **Source [7]** indicates that First Research Object 2 was indeed evaluated using the “Field Experiment” method, but it **had an evaluation guideline** (`Has Guideline = True`).  

Because the majority of the provided sources either identify a different evaluation method (Technical Experiment) or indicate the presence of a guideline, **there is no consistent, unambiguous research object that meets both conditions** across the given texts.  

**Answer:** According to the evidence in the partial answers, no research object can be conclusively identified as being evaluated **without an evaluation guideline** while using the **Field Experiment** method. The only object that some sources ( [1] and [2] ) claim satisfies both criteria is **First Research Object 2**, but other sources ( [3]–[10] ) contradict this by reporting a different evaluation method or the existence of a guideline.

[1] Source: ACE: Easy Deployment of Field Optimization Experiments, 10.1007/978-3-030-29983-5_18
[2] Source: An Architecture for Decentralized, Collaborative, and Autonomous Robots, 10.1109/ICSA.2018.00017
[3] Source: Mitigating the Influence of Embedded Software Development Environments and Toolsets (ESDT) on Software Architecture, 10.1109/ICSA.2019.00020
[4] Source: From Monolithic Architecture Style to Microservice one Based on a Semi-Automatic Approach, 10.1109/ICSA47634.2020.00023
[5] Source: Optimized Dependency Weights in Source Code Clustering, 10.1007/978-3-030-86044-8_16
[6] Source: Data-Driven Software Architecture for Analyzing Confidentiality, 10.1109/ICSA.2019.00009
[7] Source: Decision Models for Microservices: Design Areas, Stakeholders, Use Cases, and Requirements, 10.1007/978-3-319-65831-5_11
[8] Source: Semi-automatic Feedback for Improving Architecture Conformance to Microservice Patterns and Practices, 10.1109/ICSA51549.2021.00012
[9] Source: Towards Micro Service Architecture Recovery: An Empirical Study, 10.1109/ICSA.2018.00014
[10] Source: An Architecture-Driven Adaptation Approach for Big Data Cyber Security Analytics, 10.1109/ICSA.2019.00013
","['(R869507:First Research Object 2, evaluation, R869508:Evaluation)', '(R869510:Evaluation Method Entity, Name, L1522395:Field Experiment)', '(R871554:First Research Object 2, evaluation, R871555:Evaluation)', '(R871555:Evaluation, Evaluation method, R871556:Evaluation Method List)', '(R871556:Evaluation Method List, Entity, R871557:Evaluation Method Entity)', '(R871557:Evaluation Method Entity, Name, L1526667:Field Experiment)', '(R869392:Decision Models for Microservices: Design Areas, Stakeholders, Use Cases, and Requirements, contribution, R869415:First Research Object 2)', '(R869415:First Research Object 2, evaluation, R869416:Evaluation)', '(R869416:Evaluation, Evaluation method, R869417:Evaluation Method List)', '(R869417:Evaluation Method List, Entity, R869418:Evaluation Method Entity)', '(R869418:Evaluation Method Entity, Name, L1522201:Field Experiment)', '(R870542:First Research Object 2, evaluation, R870543:Evaluation)', '(R870543:Evaluation, Evaluation method, R870544:Evaluation Method List)', '(R870544:Evaluation Method List, Entity, R870545:Evaluation Method Entity)', '(R870545:Evaluation Method Entity, Name, L1524578:Technical Experiment)', '(R868992:First Research Object 2, evaluation, R868993:Evaluation)', '(R868993:Evaluation, Evaluation method, R868994:Evaluation Method List)', '(R868994:Evaluation Method List, Entity, R868995:Evaluation Method Entity)', '(R868995:Evaluation Method Entity, Name, L1521289:Technical Experiment)', '(R869264:Semi-automatic Feedback for Improving Architecture Conformance to Microservice Patterns and Practices, contribution, R869297:Second Research Object 2)', '(R869297:Second Research Object 2, evaluation, R869298:Evaluation)', '(R869298:Evaluation, Has Guideline, L1521935:False)', '(R869416:Evaluation, Has Guideline, L1522202:True)', '(R871554:First Research Object 2, evaluation, R871565:Evaluation)', '(R871565:Evaluation, Has Guideline, L1526677:False)', '(R868993:Evaluation, Has Guideline, L1521290:False)', '(R870543:Evaluation, Has Guideline, L1524579:False)', '(R869508:Evaluation, Has Guideline, L1522396:False)', '(R871555:Evaluation, Has Guideline, L1526668:False)', '(R869297:Second Research Object 2, Object, R869299:Research Object List)', '(R869299:Research Object List, Entity, R869300:Research Object Entity)', '(R869300:Research Object Entity, Name, L1521937:Architecture Optimization Method)']",[],0.333,0.0,0.139,0.327,0.5,1.0,0.2,0.33,0.25,0.29,0.36,0.42,0.38,0.4,0.12,0.67,0.21,0.36,0.21,0.67,0.31,0.46,0.2,0.357,0.125,0.205,0.01,0.12,0.07,0.68,0.05,0.03,0.29,0.12,0.06,0.64,0.307,0.526,0.388,0.0,511.165917634964,0.0,30542,0,0.0,,0,0.0,,,0.0,0.0,,0.0,0.0,https://wandb.ai/kastel-sdq-meta-research/experiment_cross_encoder/r/call/01a05f2d-6ae0-7955-a619-f04d6ef97ee5,retrieval_config,False,KitToolbox,kit.qwen3-embedding-8b,10,10,True,cosine,True,False,10,-1,8,False,False,1,False,-1,-1,False,,['R659055'],['Paper'],True,False,False,kg_retrieval,hublink,kittoolbox_kit.minimax-m2.7-229b_tmpNone_maxt-1_reasoningNone,KitToolbox,kit.minimax-m2.7-229b,,-1,,kittoolbox_kit.minimax-m2.7-229b_tmpNone_maxt-1_reasoningNone,KitToolbox,kit.minimax-m2.7-229b,,-1,,orkg_merged_ecsa_icsa.json_jsonpublicationloader_limit-1,['paper_class'],['research_level'],['first_research_object'],['second_research_object'],['validity'],['evidence'],False,False,R659055,https://sandbox.orkg.org,-1,orkg,merged_ecsa_icsa.json_jsonpublicationloader_limit-1,merged_ecsa_icsa.json,JsonPublicationLoader,-1,,4000,2,generation_kittoolbox_kit.minimax-m2.7-229b_tmpNone_maxt-1_reasoningNone,generation,kittoolbox_kit.minimax-m2.7-229b_tmpNone_maxt-1_reasoningNone,KitToolbox,kit.minimax-m2.7-229b,,-1,,"What are the research objects that are evaluated without an evaluation guideline, using the evaluation method Field Experiment?",The research objects that have been evaluated with the evaluation method Field Experiment without using an evaluation guideline are Reference Architecture and Architecture Optimization Method.,"['10.1109/ICSA.2018.00017', '10.1109/ICSA.2018.00017', '10.1109/ICSA.2018.00017', '10.1007/978-3-030-29983-5_18', '10.1007/978-3-030-29983-5_18', '10.1007/978-3-030-29983-5_18']",,"['(R871557:Evaluation Method Entity, Name, L1526667:Field Experiment)', '(R871565:Evaluation, Has Guideline, L1526677:False)', '(R871571:Research Object Entity, Name, L1526680:Reference Architecture)', '(R869510:Evaluation Method Entity, Name, L1522395:Field Experiment)', '(R869508:Evaluation, Has Guideline, L1522396:False)', '(R869514:Research Object Entity, Name, L1522399:Architecture Optimization Method)']",clustering_strategy,R659055,Software Architecture and Design,6,Which research objects that have the evaluation method [Content Data: evaluation method name] do not use evaluation guidelines?
100,39f0c727f1c36390b5a876e7120bfff1,d98023c9-a612-455c-8189-c898a8244e9e,"

Across the publications that list **grounded theory** as part of their evaluation method, the only research object that is explicitly mentioned as being evaluated **without a guideline** is **First Research Object 2** (see [1]).  

However, this conclusion is not uniformly supported by all of the supplied texts:

* Sources [9] and [10] state that the evaluation of **First Research Object 2** *does* include a guideline (“Has Guideline = True”), which contradicts the claim that it was evaluated without a guideline.  
* Several other sources [2]–[8] identify either **First Research Object 2** or **Second Research Object 2** as being evaluated without a guideline, but they do not confirm that the evaluation employed grounded theory, leaving the “grounded‑theory” criterion unmet.  

Because the partial answers provide conflicting evidence, **no research object can be definitively identified that simultaneously satisfies both conditions (use of grounded theory and evaluation without a guideline)**. The only candidate that might meet both criteria—according to a single source [1]—is **First Research Object 2**, but that source is contradicted by other sources regarding guideline usage.

[1] Source: On Service-Orientation for Automotive Software, 10.1109/ICSA.2017.20
[2] Source: Improving the Search for Architecture Knowledge in Online Developer Communities, 10.1109/ICSA.2018.00028
[8] Source: A Goal-Driven Approach for Deploying Self-Adaptive IoT Systems, 10.1109/ICSA47634.2020.00022
[9] Source: How Developers Discuss Architecture Smells? An Exploratory Study on Stack Overflow, 10.1109/ICSA.2019.00018
[10] Source: Architectural Technical Debt: A Grounded Theory, 10.1007/978-3-030-58923-3_14
","['(R874419:First Research Object 2, evaluation, R874425:Evaluation)', '(R868309:First Research Object 2, evaluation, R868310:Evaluation)', '(R868310:Evaluation, Evaluation method, R868311:Evaluation Method List)', '(R868311:Evaluation Method List, Entity, R868312:Evaluation Method Entity)', '(R868312:Evaluation Method Entity, Name, L1519814:Grounded Theory)', '(R869032:First Research Object 2, evaluation, R869033:Evaluation)', '(R869035:Evaluation Method Entity, Name, L1521380:Grounded Theory)', '(R872624:First Research Object 2, evaluation, R872625:Evaluation)', '(R872627:Evaluation Method Entity, Name, L1528876:Grounded Theory)', '(R869033:Evaluation, Has Guideline, L1521381:False)', '(R874425:Evaluation, Has Guideline, L1532577:False)', '(R872625:Evaluation, Has Guideline, L1528877:True)', '(R868310:Evaluation, Has Guideline, L1519815:True)']",[],0.333,0.0,0.057,0.075,0.143,0.167,0.2,0.33,0.25,0.29,0.25,0.33,0.29,0.31,0.15,0.33,0.21,0.27,0.21,0.33,0.26,0.3,0.2,0.25,0.154,0.211,0.01,0.16,0.09,0.73,0.07,0.04,0.33,0.11,0.06,0.5,0.361,0.564,0.44,0.0,571.064653635025,0.0,7342,0,0.0,,0,0.0,,,0.0,0.0,,0.0,0.0,https://wandb.ai/kastel-sdq-meta-research/experiment_cross_encoder/r/call/01a05f2d-f12d-7013-9e45-4a4daf2a0f10,retrieval_config,False,KitToolbox,kit.qwen3-embedding-8b,10,10,True,cosine,True,False,10,-1,8,False,False,1,False,-1,-1,False,,['R659055'],['Paper'],True,False,False,kg_retrieval,hublink,kittoolbox_kit.minimax-m2.7-229b_tmpNone_maxt-1_reasoningNone,KitToolbox,kit.minimax-m2.7-229b,,-1,,kittoolbox_kit.minimax-m2.7-229b_tmpNone_maxt-1_reasoningNone,KitToolbox,kit.minimax-m2.7-229b,,-1,,orkg_merged_ecsa_icsa.json_jsonpublicationloader_limit-1,['paper_class'],['research_level'],['first_research_object'],['second_research_object'],['validity'],['evidence'],False,False,R659055,https://sandbox.orkg.org,-1,orkg,merged_ecsa_icsa.json_jsonpublicationloader_limit-1,merged_ecsa_icsa.json,JsonPublicationLoader,-1,,4000,2,generation_kittoolbox_kit.minimax-m2.7-229b_tmpNone_maxt-1_reasoningNone,generation,kittoolbox_kit.minimax-m2.7-229b_tmpNone_maxt-1_reasoningNone,KitToolbox,kit.minimax-m2.7-229b,,-1,,"Among publications that apply grounded theory in their evaluation, what are the research objects evaluated without using a guideline for the evaluation?",Architecture Pattern is the only research object for which no evaluation guideline has been used when applying the evaluation method Grounded Theory. ,"['10.1007/978-3-030-29983-5_2', '10.1007/978-3-030-29983-5_2', '10.1109/ICSA.2017.20', '10.1109/ICSA.2017.20', '10.1007/978-3-030-29983-5_2', '10.1109/ICSA.2017.20']",,"['(R873005:Evaluation Method Entity, Name, L1529647:Grounded Theory)', '(R873003:Evaluation, Has Guideline, L1529648:False)', '(R869035:Evaluation Method Entity, Name, L1521380:Grounded Theory)', '(R869033:Evaluation, Has Guideline, L1521381:False)', '(R873010:Research Object Entity, Name, L1529652:Architecture Pattern)', '(R869040:Research Object Entity, Name, L1521385:Architecture Pattern)']",clustering_strategy,R659055,Software Architecture and Design,6,Which research objects that have the evaluation method [Content Data: evaluation method name] do not use evaluation guidelines?
101,39f0c727f1c36390b5a876e7120bfff1,1dd32084-dbc1-46d8-bc7a-74d6108c765f,"

The evaluation method that has been applied most often in papers investigating the research object Technical Debt is **“Quality of Method.”** [1] This approach is also reflected in the classification of a representative study, which is described as “evaluation research,” indicating that the method used aligns with the broader category of evaluation research. [2]

[1] Source: Architectural Decay as Predictor of Issue- and Change-Proneness, 10.1109/ICSA51549.2021.00017
[2] Source: The Evolution of Technical Debt in the Apache Ecosystem, 10.1007/978-3-319-65831-5_4
","['(R872808:Research Object Entity, Name, L1529238:Technical Debt)', '(R869104:The Evolution of Technical Debt in the Apache Ecosystem, contribution, R869125:First Research Object 2)', '(R869125:First Research Object 2, Object, R869131:Research Object List)', '(R869131:Research Object List, Entity, R869132:Research Object Entity)', '(R869132:Research Object Entity, Name, L1521578:Technical Debt)', '(R872801:First Research Object 2, evaluation, R872802:Evaluation)', '(R872805:Property, Name, L1529237:Quality of Method)', '(R869125:First Research Object 2, evaluation, R869126:Evaluation)', '(R869104:The Evolution of Technical Debt in the Apache Ecosystem, contribution, R869123:Paper Class 2)', '(R869123:Paper Class 2, evaluation research, L1521571:True)']",[],0.333,0.25,0.233,0.21,1.0,1.0,0.2,0.33,0.25,0.29,0.29,0.33,0.31,0.32,0.2,0.33,0.25,0.29,0.29,0.33,0.31,0.32,0.2,0.286,0.2,0.286,0.14,0.42,0.28,0.88,0.32,0.21,0.69,0.42,0.28,0.88,0.531,0.813,0.643,0.0,284.0356364250183,0.0,7533,0,0.0,,0,0.0,,,0.0,0.0,,0.0,0.0,https://wandb.ai/kastel-sdq-meta-research/experiment_cross_encoder/r/call/01a05f2f-70eb-7036-be8c-e2b153371b02,retrieval_config,False,KitToolbox,kit.qwen3-embedding-8b,10,10,True,cosine,True,False,10,-1,8,False,False,1,False,-1,-1,False,,['R659055'],['Paper'],True,False,False,kg_retrieval,hublink,kittoolbox_kit.minimax-m2.7-229b_tmpNone_maxt-1_reasoningNone,KitToolbox,kit.minimax-m2.7-229b,,-1,,kittoolbox_kit.minimax-m2.7-229b_tmpNone_maxt-1_reasoningNone,KitToolbox,kit.minimax-m2.7-229b,,-1,,orkg_merged_ecsa_icsa.json_jsonpublicationloader_limit-1,['paper_class'],['research_level'],['first_research_object'],['second_research_object'],['validity'],['evidence'],False,False,R659055,https://sandbox.orkg.org,-1,orkg,merged_ecsa_icsa.json_jsonpublicationloader_limit-1,merged_ecsa_icsa.json,JsonPublicationLoader,-1,,4000,2,generation_kittoolbox_kit.minimax-m2.7-229b_tmpNone_maxt-1_reasoningNone,generation,kittoolbox_kit.minimax-m2.7-229b_tmpNone_maxt-1_reasoningNone,KitToolbox,kit.minimax-m2.7-229b,,-1,,What is the evaluation method that has been applied the most in papers that investigate the research object Technical Debt?,The evaluation method that has been applied most frequently in papers investigating Technical Debt is case study.,"['10.1007/978-3-319-65831-5_4', '10.1007/978-3-319-65831-5_4', '10.1109/ICSA51549.2021.00017', '10.1109/ICSA51549.2021.00017', '10.1007/978-3-030-58923-3_14', '10.1007/978-3-030-58923-3_14']",,"['(R869132:Research Object Entity, Name, L1521578:Technical Debt)', '(R869128:Evaluation Method Entity, Name, L1521574:Data Science)', '(R872808:Research Object Entity, Name, L1529238:Technical Debt)', '(R872804:Evaluation Method Entity, Name, L1529234:Data Science)', '(R872632:Research Object Entity, Name, L1528881:Technical Debt)', '(R872627:Evaluation Method Entity, Name, L1528876:Grounded Theory)']",clustering_strategy,R659055,Software Architecture and Design,6,What is the name of the evaluation method that has been used the most in papers that investigate the research object with the name [Content Data: research object name]?
102,39f0c727f1c36390b5a876e7120bfff1,00011b5b-8881-404f-bbc3-5cfec430c28f,No context has been found for the given question.,,[],0.0,0.0,0.0,0.0,0.0,0.0,0.0,0.0,0.0,0.0,0.0,0.0,0.0,0.0,0.0,0.0,0.0,0.0,0.0,0.0,0.0,0.0,0.0,0.0,0.0,0.0,0.05,0.17,0.22,0.13,0.09,0.12,0.07,0.17,0.22,0.13,0.633,0.558,0.593,0.0,150.68741941452026,0.0,54879,0,0.0,,0,0.0,,,0.0,0.0,,0.0,0.0,https://wandb.ai/kastel-sdq-meta-research/experiment_cross_encoder/r/call/01a05f31-2718-7e9b-9a83-9d8a2e371c49,retrieval_config,False,KitToolbox,kit.qwen3-embedding-8b,10,10,True,cosine,True,False,10,-1,8,False,False,1,False,-1,-1,False,,['R659055'],['Paper'],True,False,False,kg_retrieval,hublink,kittoolbox_kit.minimax-m2.7-229b_tmpNone_maxt-1_reasoningNone,KitToolbox,kit.minimax-m2.7-229b,,-1,,kittoolbox_kit.minimax-m2.7-229b_tmpNone_maxt-1_reasoningNone,KitToolbox,kit.minimax-m2.7-229b,,-1,,orkg_merged_ecsa_icsa.json_jsonpublicationloader_limit-1,['paper_class'],['research_level'],['first_research_object'],['second_research_object'],['validity'],['evidence'],False,False,R659055,https://sandbox.orkg.org,-1,orkg,merged_ecsa_icsa.json_jsonpublicationloader_limit-1,merged_ecsa_icsa.json,JsonPublicationLoader,-1,,4000,2,generation_kittoolbox_kit.minimax-m2.7-229b_tmpNone_maxt-1_reasoningNone,generation,kittoolbox_kit.minimax-m2.7-229b_tmpNone_maxt-1_reasoningNone,KitToolbox,kit.minimax-m2.7-229b,,-1,,What are the properties that are most often investigated for the research object Technical Debt?,The property that is investigated most often for the research object Technical Debt is Maintainability.,"['10.1109/ICSA51549.2021.00017', '10.1109/ICSA51549.2021.00017', '10.1007/978-3-030-58923-3_14', '10.1007/978-3-030-58923-3_14', '10.1007/978-3-030-58923-3_14', '10.1007/978-3-319-65831-5_4', '10.1007/978-3-319-65831-5_4']",,"['(R872808:Research Object Entity, Name, L1529238:Technical Debt)', '(R872806:Property, Name, L1529236:Accuracy)', '(R872632:Research Object Entity, Name, L1528881:Technical Debt)', '(R869130:Property, Name, L1521576:Maintainability)', '(R872629:Property, Name, L1528878:Functional Suitability)', '(R869132:Research Object Entity, Name, L1521578:Technical Debt)', '(R872630:Property, Name, L1528879:Maintainability)']",clustering_strategy,R659055,Software Architecture and Design,6,Which is the most used sub-property that is used with the research object [Content Data: research object name]?
103,39f0c727f1c36390b5a876e7120bfff1,c7642d08-74a9-4bff-8f66-19c5caa46f6d,"

Across the publications that investigate architectural assumptions, the property that is mentioned most frequently is **functional suitability** – it is identified in four of the papers [2, 3, 4, 6]. The next most common evaluations are **performance efficiency** (cited in three papers [1, 4, 5]) and **product quality** (also cited in three papers [2, 5, 9]). 

Other properties are evaluated less often:

| Property | Number of citations |
|----------|--------------------|
| Functional suitability | 4 [2, 3, 4, 6] |
| Performance efficiency | 3 [1, 4, 5] |
| Product quality | 3 [2, 5, 9] |
| Satisfaction | 1 [3] |
| Quality in use | 1 [3] |
| Effectiveness | 1 [8] |

Thus, **functional suitability** is the most frequently evaluated property among the considered publications, followed by **performance efficiency** and **product quality** [1, 2, 3, 4, 5, 6, 8, 9].

[3] Source: Data-Centric Communication and Containerization for Future Automotive Software Architectures, 10.1109/ICSA.2018.00016
[8] Source: Determining Microservice Boundaries: A Case Study Using Static and Dynamic Software Analysis, 10.1007/978-3-030-58923-3_21
","['(R872687:Property, Name, L1528975:Satisfaction)', '(R872677:Property, Name, L1528968:Functional Suitability)', '(R2156155:First Research Object 2, evaluation, R2156167:Evaluation)', '(R2156167:Evaluation, properties, R2156172:Property)', '(R2156180:Property, Name, L2809558:Effectiveness)', '(R870458:First Research Object 2, evaluation, R870464:Evaluation)', '(R872686:Property, Name, L1528977:Quality in Use)']",[],0.0,0.0,0.0,0.0,0.0,0.0,0.0,0.0,0.0,0.0,0.0,0.0,0.0,0.0,0.0,0.0,0.0,0.0,0.0,0.0,0.0,0.0,0.0,0.0,0.0,0.0,0.01,0.17,0.1,0.75,0.06,0.03,0.27,0.09,0.05,0.38,0.284,0.637,0.393,1.0,243.54138803482056,0.0,19682,0,0.0,,0,0.0,,,0.0,0.0,,0.0,0.0,https://wandb.ai/kastel-sdq-meta-research/experiment_cross_encoder/r/call/01a05f33-9af7-71f3-b59b-633ad7677a60,retrieval_config,False,KitToolbox,kit.qwen3-embedding-8b,10,10,True,cosine,True,False,10,-1,8,False,False,1,False,-1,-1,False,,['R659055'],['Paper'],True,False,False,kg_retrieval,hublink,kittoolbox_kit.minimax-m2.7-229b_tmpNone_maxt-1_reasoningNone,KitToolbox,kit.minimax-m2.7-229b,,-1,,kittoolbox_kit.minimax-m2.7-229b_tmpNone_maxt-1_reasoningNone,KitToolbox,kit.minimax-m2.7-229b,,-1,,orkg_merged_ecsa_icsa.json_jsonpublicationloader_limit-1,['paper_class'],['research_level'],['first_research_object'],['second_research_object'],['validity'],['evidence'],False,False,R659055,https://sandbox.orkg.org,-1,orkg,merged_ecsa_icsa.json_jsonpublicationloader_limit-1,merged_ecsa_icsa.json,JsonPublicationLoader,-1,,4000,2,generation_kittoolbox_kit.minimax-m2.7-229b_tmpNone_maxt-1_reasoningNone,generation,kittoolbox_kit.minimax-m2.7-229b_tmpNone_maxt-1_reasoningNone,KitToolbox,kit.minimax-m2.7-229b,,-1,,"Among publications that investigate architectural assumptions, what properties have been evaluated the most often?",The most commonly used property that is evaluated for the research object Architectural Assumptions is Satisfaction.,"['10.1109/ICSA.2018.00026', '10.1109/ICSA.2018.00026', '10.1109/ICSA.2019.00024', '10.1109/ICSA.2019.00024', '10.1109/ICSA.2019.00024', '10.1109/ICSA.2019.00024', '10.1007/978-3-319-65831-5_14', '10.1007/978-3-319-65831-5_14']",,"['(R873407:Research Object Entity, Name, L1530444:Architectural Assumptions)', '(R873405:Property, Name, L1530442:Performance efficiency)', '(R873641:Research Object Entity, Name, L1530909:Architectural Assumptions)', '(R873633:Property, Name, L1530901:Satisfaction)', '(R873632:Property, Name, L1530900:Effectiveness)', '(R873635:Property, Name, L1530903:Functional Suitability)', '(R868687:Research Object Entity, Name, L1520620:Architectural Assumptions)', '(R868685:Property, Name, L1520618:Satisfaction)']",clustering_strategy,R659055,Software Architecture and Design,6,Which is the most used sub-property that is used with the research object [Content Data: research object name]?
104,39f0c727f1c36390b5a876e7120bfff1,fca46ea1-13e0-4d34-a94e-7631105830bb,No context has been found for the given question.,,['2021'],0.0,0.0,0.0,0.0,0.0,0.0,0.0,0.0,0.0,0.0,0.0,0.0,0.0,0.0,0.0,0.0,0.0,0.0,0.0,0.0,0.0,0.0,0.0,0.0,0.0,0.0,0.02,0.17,0.33,0.12,0.06,0.12,0.04,0.17,0.33,0.12,0.639,0.536,0.583,0.0,173.94285655021667,0.0,38477,0,0.0,,0,0.0,,,0.0,0.0,,0.0,0.0,https://wandb.ai/kastel-sdq-meta-research/experiment_cross_encoder/r/call/01a05f33-ef86-7efb-aa3f-d168ac05fa31,retrieval_config,False,KitToolbox,kit.qwen3-embedding-8b,10,10,True,cosine,True,False,10,-1,8,False,False,1,False,-1,-1,False,,['R659055'],['Paper'],True,False,False,kg_retrieval,hublink,kittoolbox_kit.minimax-m2.7-229b_tmpNone_maxt-1_reasoningNone,KitToolbox,kit.minimax-m2.7-229b,,-1,,kittoolbox_kit.minimax-m2.7-229b_tmpNone_maxt-1_reasoningNone,KitToolbox,kit.minimax-m2.7-229b,,-1,,orkg_merged_ecsa_icsa.json_jsonpublicationloader_limit-1,['paper_class'],['research_level'],['first_research_object'],['second_research_object'],['validity'],['evidence'],False,False,R659055,https://sandbox.orkg.org,-1,orkg,merged_ecsa_icsa.json_jsonpublicationloader_limit-1,merged_ecsa_icsa.json,JsonPublicationLoader,-1,,4000,2,generation_kittoolbox_kit.minimax-m2.7-229b_tmpNone_maxt-1_reasoningNone,generation,kittoolbox_kit.minimax-m2.7-229b_tmpNone_maxt-1_reasoningNone,KitToolbox,kit.minimax-m2.7-229b,,-1,,"In the publication year 2021, what is the evaluation method that has been applied the most in papers that investigate the research object Architecture Evolution?",The evaluation method that has been applied the most in papers that investigate the research object Architecture Evolution in the publication year 2021 is Technical Experiment.,"['10.1109/ICSA51549.2021.00014', '10.1109/ICSA51549.2021.00014', '10.1109/ICSA51549.2021.00014', '10.1109/ICSA51549.2021.00014', '10.1109/ICSA51549.2021.00009', '10.1109/ICSA51549.2021.00009', '10.1109/ICSA51549.2021.00009']",,"['(R874382:Research Object Entity, Name, L1532476:Architecture Evolution)', '(R874338:Continuous API Evolution in Heterogenous Enterprise Software Systems, publication year, L1532404:2021)', '(R874370:Evaluation Method Entity, Name, L1532465:Questionnaire)', '(R874376:Evaluation Method Entity, Name, L1532470:Technical Experiment)', '(R868734:Research Object Entity, Name, L1520720:Architecture Evolution)', '(R868698:Enabling Consistency between Software Artefacts for Software Adaption and Evolution, publication year, L1520654:2021)', '(R868726:Evaluation Method Entity, Name, L1520712:Technical Experiment)']",clustering_strategy,R659055,Software Architecture and Design,6,"In the year [Metadata: year], what is the name of the most used evaluation method that is applied in papers that investigate the research object with the name [Content Data: research object name]?"
105,39f0c727f1c36390b5a876e7120bfff1,25e23886-0754-4387-8b4e-2a56a5d5f19a,"

The provided source does not contain any information about how often Technical Debt is investigated per publication year, so the frequency cannot be determined from the available data【1】.

",,[],0.0,0.0,0.0,0.0,0.0,0.0,0.0,0.0,0.0,0.0,0.0,0.0,0.0,0.0,0.0,0.0,0.0,0.0,0.0,0.0,0.0,0.0,0.0,0.0,0.0,0.0,0.19,0.34,0.34,0.33,0.25,0.25,0.24,0.27,0.28,0.27,0.563,0.562,0.563,0.0,205.52401041984558,0.0013923,11384,0,0.0,,0,0.0,,,0.0,0.0,,0.0,0.0,https://wandb.ai/kastel-sdq-meta-research/experiment_cross_encoder/r/call/01a05f34-4dbb-7f1a-b689-0700608b3159,retrieval_config,False,KitToolbox,kit.qwen3-embedding-8b,10,10,True,cosine,True,False,10,-1,8,False,False,1,False,-1,-1,False,,['R659055'],['Paper'],True,False,False,kg_retrieval,hublink,kittoolbox_kit.minimax-m2.7-229b_tmpNone_maxt-1_reasoningNone,KitToolbox,kit.minimax-m2.7-229b,,-1,,kittoolbox_kit.minimax-m2.7-229b_tmpNone_maxt-1_reasoningNone,KitToolbox,kit.minimax-m2.7-229b,,-1,,orkg_merged_ecsa_icsa.json_jsonpublicationloader_limit-1,['paper_class'],['research_level'],['first_research_object'],['second_research_object'],['validity'],['evidence'],False,False,R659055,https://sandbox.orkg.org,-1,orkg,merged_ecsa_icsa.json_jsonpublicationloader_limit-1,merged_ecsa_icsa.json,JsonPublicationLoader,-1,,4000,2,generation_kittoolbox_kit.minimax-m2.7-229b_tmpNone_maxt-1_reasoningNone,generation,kittoolbox_kit.minimax-m2.7-229b_tmpNone_maxt-1_reasoningNone,KitToolbox,kit.minimax-m2.7-229b,,-1,,How frequently is the research object Technical Debt investigated per publication year?,"The frequency with which the research object Technical Debt is investigated per publication year is as follows: it was investigated once in 2017, once in 2020, and once in 2021.","['10.1007/978-3-030-58923-3_14', '10.1007/978-3-030-58923-3_14', '10.1007/978-3-319-65831-5_4', '10.1007/978-3-319-65831-5_4', '10.1109/ICSA51549.2021.00017', '10.1109/ICSA51549.2021.00017']",,"['(R872808:Research Object Entity, Name, L1529238:Technical Debt)', '(R872607:Architectural Technical Debt: A Grounded Theory, publication year, L1528844:2020)', '(R869132:Research Object Entity, Name, L1521578:Technical Debt)', '(R869104:The Evolution of Technical Debt in the Apache Ecosystem, publication year, L1521523:2017)', '(R872632:Research Object Entity, Name, L1528881:Technical Debt)', '(R872780:Architectural Decay as Predictor of Issue- and Change-Proneness, publication year, L1529184:2021)']",clustering_strategy,R659055,Software Architecture and Design,5,How frequently per year is the research object with the name [Content Data: research object name] investigated?
106,39f0c727f1c36390b5a876e7120bfff1,ea8f3778-bb1a-4a82-9a13-1ba205970f97,"

Based on the source texts, the publications that investigate architectural assumptions are distributed across the years as follows:

| Year | Publications (investigating architectural assumptions) |
|------|-------------------------------------------------------|
| **2017** | • “Microservice Ambients: An Architectural Meta‑Modelling Approach for Microservice Granularity” – [6]  <br>• “Semantic Differencing for Message‑Driven Component & Connector Architectures” – [7] |
| **2018** | • “Predicting the Performance of Privacy‑Preserving Data Analytics Using Architecture Modelling and Simulation” – [3]  <br>• “Data‑Centric Communication and Containerization for Future Automotive Software Architectures” – [4] |
| **2019** | • “Improving the Consistency and Usefulness of Architecture Descriptions: Guidelines for Architects” – [1]  <br>• “Synchronous Reconfiguration of Distributed Embedded Applications During Operation” – [2]  <br>• An additional 2019 publication (identified only by its year) – [8] |
| **Year not specified** | • “Architecture‑Centric Support for Integrating Security Tools in a Security Orchestration Platform” – [5] |

**Summary of distribution**

- **2017:** 2 publications  
- **2018:** 2 publications  
- **2019:** 3 publications  
- **Unknown year:** 1 publication  

Thus, the investigated publications are spread across 2017, 2018, and 2019, with a concentration of three works in 2019. One paper’s publication year is not provided in the available texts.

[1] Source: Improving the Consistency and Usefulness of Architecture Descriptions: Guidelines for Architects, 10.1109/ICSA.2019.00024
[2] Source: Synchronous Reconfiguration of Distributed Embedded Applications During Operation, 10.1109/ICSA.2019.00021
[3] Source: Predicting the Performance of Privacy-Preserving Data Analytics Using Architecture Modelling and Simulation, 10.1109/ICSA.2018.00026
[4] Source: Data-Centric Communication and Containerization for Future Automotive Software Architectures, 10.1109/ICSA.2018.00016
[5] Source: Architecture-Centric Support for Integrating Security Tools in a Security Orchestration Platform, 10.1007/978-3-030-58923-3_11
[6] Source: Microservice Ambients: An Architectural Meta-Modelling Approach for Microservice Granularity, 10.1109/ICSA.2017.32
[7] Source: Semantic Differencing for Message-Driven Component & Connector Architectures, 10.1109/ICSA.2017.34
[8] Source: Supporting Architectural Decision Making on Data Management in Microservice Architectures, 10.1007/978-3-030-29983-5_2
","['(R873599:Improving the Consistency and Usefulness of Architecture Descriptions: Guidelines for Architects, contribution, R873638:Second Research Object 2)', '(R873638:Second Research Object 2, Object, R873640:Research Object List)', '(R873640:Research Object List, Entity, R873641:Research Object Entity)', '(R873641:Research Object Entity, Name, L1530909:Architectural Assumptions)', '(R873379:Predicting the Performance of Privacy-Preserving Data Analytics Using Architecture Modelling and Simulation, contribution, R873400:First Research Object 2)', '(R873407:Research Object Entity, Name, L1530444:Architectural Assumptions)', '(R873116:Semantic Differencing for Message-Driven Component & Connector Architectures, contribution, R873145:First Research Object 2)', '(R872636:Data-Centric Communication and Containerization for Future Automotive Software Architectures, research field, R659055:Software Architecture and Design)', '(R871785:Microservice Ambients: An Architectural Meta-Modelling Approach for Microservice Granularity, contribution, R871802:First Research Object 2)', '(R871785:Microservice Ambients: An Architectural Meta-Modelling Approach for Microservice Granularity, doi, L1527131:10.1109/ICSA.2017.32)', '(R872980:Supporting Architectural Decision Making on Data Management in Microservice Architectures, publication year, L1529596:2019)', '(R873116:Semantic Differencing for Message-Driven Component & Connector Architectures, doi, L1529861:10.1109/ICSA.2017.34)', '(R873599:Improving the Consistency and Usefulness of Architecture Descriptions: Guidelines for Architects, publication year, L1530833:2019)', '(R873260:Synchronous Reconfiguration of Distributed Embedded Applications During Operation, publication year, L1530133:2019)', '(R871786:authors list, has list element, L1527134:Rami Bahsoon)', '(R873379:Predicting the Performance of Privacy-Preserving Data Analytics Using Architecture Modelling and Simulation, doi, L1530387:10.1109/ICSA.2018.00026)', '(R872636:Data-Centric Communication and Containerization for Future Automotive Software Architectures, publication year, L1528895:2018)', '(R873260:Synchronous Reconfiguration of Distributed Embedded Applications During Operation, research field, R659055:Software Architecture and Design)']",[],0.333,0.25,0.097,0.405,0.25,1.0,0.2,0.33,0.25,0.29,0.38,0.5,0.43,0.47,0.17,0.5,0.25,0.36,0.27,0.58,0.37,0.47,0.2,0.375,0.167,0.269,0.03,0.25,0.15,0.72,0.08,0.05,0.23,0.18,0.11,0.5,0.389,0.566,0.461,1.0,229.9034607410431,0.0,19414,0,0.0,,0,0.0,,,0.0,0.0,,0.0,0.0,https://wandb.ai/kastel-sdq-meta-research/experiment_cross_encoder/r/call/01a05f35-8885-7264-ab77-47c7d2fbc3ed,retrieval_config,False,KitToolbox,kit.qwen3-embedding-8b,10,10,True,cosine,True,False,10,-1,8,False,False,1,False,-1,-1,False,,['R659055'],['Paper'],True,False,False,kg_retrieval,hublink,kittoolbox_kit.minimax-m2.7-229b_tmpNone_maxt-1_reasoningNone,KitToolbox,kit.minimax-m2.7-229b,,-1,,kittoolbox_kit.minimax-m2.7-229b_tmpNone_maxt-1_reasoningNone,KitToolbox,kit.minimax-m2.7-229b,,-1,,orkg_merged_ecsa_icsa.json_jsonpublicationloader_limit-1,['paper_class'],['research_level'],['first_research_object'],['second_research_object'],['validity'],['evidence'],False,False,R659055,https://sandbox.orkg.org,-1,orkg,merged_ecsa_icsa.json_jsonpublicationloader_limit-1,merged_ecsa_icsa.json,JsonPublicationLoader,-1,,4000,2,generation_kittoolbox_kit.minimax-m2.7-229b_tmpNone_maxt-1_reasoningNone,generation,kittoolbox_kit.minimax-m2.7-229b_tmpNone_maxt-1_reasoningNone,KitToolbox,kit.minimax-m2.7-229b,,-1,,"Among publications that investigate architectural assumptions, how are they distributed per year?","The research object Architectural Assumptions was investigated in three publications across the years: 2017, 2018, and 2019. The distribution of the research object Architectural Assumptions applied per year is one per year over the three years.","['10.1109/ICSA.2019.00024', '10.1109/ICSA.2019.00024', '10.1109/ICSA.2018.00026', '10.1109/ICSA.2018.00026', '10.1007/978-3-319-65831-5_14', '10.1007/978-3-319-65831-5_14']",,"['(R873641:Research Object Entity, Name, L1530909:Architectural Assumptions)', '(R873599:Improving the Consistency and Usefulness of Architecture Descriptions: Guidelines for Architects, publication year, L1530833:2019)', '(R873407:Research Object Entity, Name, L1530444:Architectural Assumptions)', '(R873379:Predicting the Performance of Privacy-Preserving Data Analytics Using Architecture Modelling and Simulation, publication year, L1530392:2018)', '(R868687:Research Object Entity, Name, L1520620:Architectural Assumptions)', '(R868651:Architectural Assumptions and Their Management in Industry – An Exploratory Study, publication year, L1520562:2017)']",clustering_strategy,R659055,Software Architecture and Design,5,What is the proportion of the research object [Content Data: research object name] that is applied per year?
107,39f0c727f1c36390b5a876e7120bfff1,66f35b8f-b2a8-4455-8a84-b10360f7de30,"

Benchmark is applied **once in each publication year** that appears in the study – once in 2019 and once in 2020 [1][2].

[1] Source: Employment of Optimal Approximations on Apache Hadoop Checkpoint Technique for Performance Improvements, 10.1109/ICSA47634.2020.00009
[2] Source: Evaluating the Effectiveness of Multi-level Greedy Modularity Clustering for Software Architecture Recovery, 10.1007/978-3-030-29983-5_5
","['(R874282:Evaluation, Evaluation method, R874283:Evaluation Method List)', '(R874283:Evaluation Method List, Entity, R874284:Evaluation Method Entity)', '(R874284:Evaluation Method Entity, Name, L1532280:Benchmark)', '(R874546:Evaluation Method Entity, Name, L1532835:Benchmark)', '(R874260:Employment of Optimal Approximations on Apache Hadoop Checkpoint Technique for Performance Improvements, publication year, L1532232:2020)', '(R874518:Evaluating the Effectiveness of Multi-level Greedy Modularity Clustering for Software Architecture Recovery, publication year, L1532779:2019)']",[],0.5,0.5,0.262,0.355,0.333,0.5,0.67,0.5,0.57,0.53,0.8,0.5,0.62,0.54,0.67,0.5,0.57,0.53,0.8,0.5,0.62,0.54,0.667,0.8,0.667,0.8,0.09,0.53,0.45,0.62,0.28,0.24,0.33,0.37,0.32,0.44,0.617,0.731,0.669,1.0,283.5687437057495,0.0,31071,0,0.0,,0,0.0,,,0.0,0.0,,0.0,0.0,https://wandb.ai/kastel-sdq-meta-research/experiment_cross_encoder/r/call/01a05f36-decb-780c-9f36-c662fea0ebae,retrieval_config,False,KitToolbox,kit.qwen3-embedding-8b,10,10,True,cosine,True,False,10,-1,8,False,False,1,False,-1,-1,False,,['R659055'],['Paper'],True,False,False,kg_retrieval,hublink,kittoolbox_kit.minimax-m2.7-229b_tmpNone_maxt-1_reasoningNone,KitToolbox,kit.minimax-m2.7-229b,,-1,,kittoolbox_kit.minimax-m2.7-229b_tmpNone_maxt-1_reasoningNone,KitToolbox,kit.minimax-m2.7-229b,,-1,,orkg_merged_ecsa_icsa.json_jsonpublicationloader_limit-1,['paper_class'],['research_level'],['first_research_object'],['second_research_object'],['validity'],['evidence'],False,False,R659055,https://sandbox.orkg.org,-1,orkg,merged_ecsa_icsa.json_jsonpublicationloader_limit-1,merged_ecsa_icsa.json,JsonPublicationLoader,-1,,4000,2,generation_kittoolbox_kit.minimax-m2.7-229b_tmpNone_maxt-1_reasoningNone,generation,kittoolbox_kit.minimax-m2.7-229b_tmpNone_maxt-1_reasoningNone,KitToolbox,kit.minimax-m2.7-229b,,-1,,How often is the evaluation method Benchmark applied per publication year?,"The evaluation method Benchmark was used twice in 2020, once in 2017, and once in 2019.","['10.1007/978-3-030-58923-3_2', '10.1007/978-3-030-58923-3_2', '10.1109/ICSA47634.2020.00009', '10.1109/ICSA47634.2020.00009', '10.1109/ICSA.2017.27', '10.1109/ICSA.2017.27', '10.1007/978-3-030-29983-5_5', '10.1007/978-3-030-29983-5_5']",,"['(R871169:Evaluation Method Entity, Name, L1525874:Benchmark)', '(R871143:Formal Software Architectural Migration Towards Emerging Architectural Styles, publication year, L1525821:2020)', '(R874284:Evaluation Method Entity, Name, L1532280:Benchmark)', '(R874260:Employment of Optimal Approximations on Apache Hadoop Checkpoint Technique for Performance Improvements, publication year, L1532232:2020)', '(R871616:Evaluation Method Entity, Name, L1526778:Benchmark)', '(R871582:Experiments in Curation: Towards Machine-Assisted Construction of Software Architecture Knowledge Bases, publication year, L1526719:2017)', '(R874546:Evaluation Method Entity, Name, L1532835:Benchmark)', '(R874518:Evaluating the Effectiveness of Multi-level Greedy Modularity Clustering for Software Architecture Recovery, publication year, L1532779:2019)']",clustering_strategy,R659055,Software Architecture and Design,6,What is the proportion of the evaluation method [Content Data: evaluation method name] that is applied per year?
108,39f0c727f1c36390b5a876e7120bfff1,f86e6a44-1e26-457c-8c53-2be336c61e7f,No context has been found for the given question.,,[],0.0,0.0,0.0,0.0,0.0,0.0,0.0,0.0,0.0,0.0,0.0,0.0,0.0,0.0,0.0,0.0,0.0,0.0,0.0,0.0,0.0,0.0,0.0,0.0,0.0,0.0,0.01,0.13,0.22,0.09,0.0,0.0,0.0,0.06,0.11,0.05,0.615,0.463,0.528,0.0,99.01043653488159,0.0,34041,0,0.0,,0,0.0,,,0.0,0.0,,0.0,0.0,https://wandb.ai/kastel-sdq-meta-research/experiment_cross_encoder/r/call/01a05f37-1966-7ad4-b667-8afdcc663c2f,retrieval_config,False,KitToolbox,kit.qwen3-embedding-8b,10,10,True,cosine,True,False,10,-1,8,False,False,1,False,-1,-1,False,,['R659055'],['Paper'],True,False,False,kg_retrieval,hublink,kittoolbox_kit.minimax-m2.7-229b_tmpNone_maxt-1_reasoningNone,KitToolbox,kit.minimax-m2.7-229b,,-1,,kittoolbox_kit.minimax-m2.7-229b_tmpNone_maxt-1_reasoningNone,KitToolbox,kit.minimax-m2.7-229b,,-1,,orkg_merged_ecsa_icsa.json_jsonpublicationloader_limit-1,['paper_class'],['research_level'],['first_research_object'],['second_research_object'],['validity'],['evidence'],False,False,R659055,https://sandbox.orkg.org,-1,orkg,merged_ecsa_icsa.json_jsonpublicationloader_limit-1,merged_ecsa_icsa.json,JsonPublicationLoader,-1,,4000,2,generation_kittoolbox_kit.minimax-m2.7-229b_tmpNone_maxt-1_reasoningNone,generation,kittoolbox_kit.minimax-m2.7-229b_tmpNone_maxt-1_reasoningNone,KitToolbox,kit.minimax-m2.7-229b,,-1,,How often per year are field experiments used for evaluation?,"The frequency per year that field experiments are used for evaluation is once in 2019, once in 2018, and once in 2017.","['10.1007/978-3-030-29983-5_18', '10.1007/978-3-030-29983-5_18', '10.1007/978-3-319-65831-5_11', '10.1007/978-3-319-65831-5_11', '10.1109/ICSA.2018.00017', '10.1109/ICSA.2018.00017']",,"['(R869510:Evaluation Method Entity, Name, L1522395:Field Experiment)', '(R869486:ACE: Easy Deployment of Field Optimization Experiments, publication year, L1522347:2019)', '(R869418:Evaluation Method Entity, Name, L1522201:Field Experiment)', '(R869392:Decision Models for Microservices: Design Areas, Stakeholders, Use Cases, and Requirements, publication year, L1522148:2017)', '(R871557:Evaluation Method Entity, Name, L1526667:Field Experiment)', '(R871523:An Architecture for Decentralized, Collaborative, and Autonomous Robots, publication year, L1526604:2018)']",clustering_strategy,R659055,Software Architecture and Design,6,What is the proportion of the evaluation method [Content Data: evaluation method name] that is applied per year?
109,39f0c727f1c36390b5a876e7120bfff1,997f2c00-4d34-4801-81f6-aa3b52186e51,"

The paper evaluates the **Architecture Design Method** on the property **“Quality of Method.”** This is the property that is directly tied to the method‑oriented research object (see [4] and [5]).  

The study also records additional properties for the same object – “Product Quality” [1], “Quality in Use” [2] and “Satisfaction” [6] – but the central property under investigation for the Architecture Design Method is “Quality of Method.”

[1] Source: Enabling Continuous Software Engineering for Embedded Systems Architectures with Virtual Prototypes, 10.1007/978-3-030-00761-4_8
[2] Source: Design Criteria to Architect Continuous Experimentation for Self-Driving Vehicles, 10.1109/ICSA.2017.36
[4] Source: Data Stream Operations as First-Class Entities in Component-Based Performance Models, 10.1007/978-3-030-58923-3_10
[5] Source: Enabling Consistency between Software Artefacts for Software Adaption and Evolution, 10.1109/ICSA51549.2021.00009
[6] Source: Data-Centric Communication and Containerization for Future Automotive Software Architectures, 10.1109/ICSA.2018.00016
","['(R2156131:First Research Object 2, Object, R2156136:Research Object List)', '(R2156136:Research Object List, Entity, R2156138:Research Object Entity)', '(R2156138:Research Object Entity, Name, L2809492:Architecture Design Method)', '(R868723:First Research Object 2, evaluation, R868724:Evaluation)', '(R868724:Evaluation, properties, R868727:Property)', '(R868727:Property, Name, L1520715:Quality of Method)', '(R870619:First Research Object 2, evaluation, R870620:Evaluation)', '(R870620:Evaluation, properties, R870623:Property)', '(R870623:Property, Name, L1524746:Product Quality)', '(R2156194:First Research Object 2, Object, R2156201:Research Object List)', '(R2156201:Research Object List, Entity, R2156203:Research Object Entity)', '(R2156203:Research Object Entity, Name, L2809570:Architecture Design Method)', '(R872682:Second Research Object 2, Object, R872689:Research Object List)', '(R872689:Research Object List, Entity, R872690:Research Object Entity)', '(R872690:Research Object Entity, Name, L1528978:Architecture Design Method)', '(R2156131:First Research Object 2, evaluation, R2156139:Evaluation)', '(R2156139:Evaluation, properties, R2156150:Property)', '(R2156150:Property, Name, L2809501:Quality in Use)', '(R870291:First Research Object 2, Object, R870297:Research Object List)', '(R870297:Research Object List, Entity, R870298:Research Object Entity)', '(R870298:Research Object Entity, Name, L1524086:Architecture Design Method)', '(R870291:First Research Object 2, evaluation, R870292:Evaluation)', '(R870292:Evaluation, properties, R870295:Property)', '(R870295:Property, Name, L1524085:Quality in Use)', '(R870372:Property, Name, L1524214:Quality of Method)', '(R872682:Second Research Object 2, evaluation, R872683:Evaluation)', '(R872671:Evaluation, properties, R872674:Property)', '(R872687:Property, Name, L1528975:Satisfaction)']",['Enabling Continuous Software Engineering for Embedded Systems Architectures with Virtual Prototypes'],0.0,0.0,0.0,0.0,0.0,0.0,0.0,0.0,0.0,0.0,0.0,0.0,0.0,0.0,0.0,0.0,0.0,0.0,0.0,0.0,0.0,0.0,0.0,0.0,0.0,0.0,0.03,0.34,0.24,0.59,0.13,0.09,0.23,0.22,0.15,0.37,0.438,0.599,0.506,1.0,465.19771933555603,0.0,7357,0,0.0,,0,0.0,,,0.0,0.0,,0.0,0.0,https://wandb.ai/kastel-sdq-meta-research/experiment_cross_encoder/r/call/01a05f37-92d7-778e-b238-a1e7a23f460f,retrieval_config,False,KitToolbox,kit.qwen3-embedding-8b,10,10,True,cosine,True,False,10,-1,8,False,False,1,False,-1,-1,False,,['R659055'],['Paper'],True,False,False,kg_retrieval,hublink,kittoolbox_kit.minimax-m2.7-229b_tmpNone_maxt-1_reasoningNone,KitToolbox,kit.minimax-m2.7-229b,,-1,,kittoolbox_kit.minimax-m2.7-229b_tmpNone_maxt-1_reasoningNone,KitToolbox,kit.minimax-m2.7-229b,,-1,,orkg_merged_ecsa_icsa.json_jsonpublicationloader_limit-1,['paper_class'],['research_level'],['first_research_object'],['second_research_object'],['validity'],['evidence'],False,False,R659055,https://sandbox.orkg.org,-1,orkg,merged_ecsa_icsa.json_jsonpublicationloader_limit-1,merged_ecsa_icsa.json,JsonPublicationLoader,-1,,4000,2,generation_kittoolbox_kit.minimax-m2.7-229b_tmpNone_maxt-1_reasoningNone,generation,kittoolbox_kit.minimax-m2.7-229b_tmpNone_maxt-1_reasoningNone,KitToolbox,kit.minimax-m2.7-229b,,-1,,What is the property that is evaluated for the research object Architecture Design Method in the paper with the title 'Enabling Continuous Software Engineering for Embedded Systems Architectures with Virtual Prototypes'?,The property investigated on the research object Architecture Design Method in the paper 'Enabling Continuous Software Engineering for Embedded Systems Architectures with Virtual Prototypes' is Functional Suitability.,['10.1007/978-3-030-00761-4_8'],,"['(R870624:Property, Name, L1524745:Functional Suitability)']",publication_subgraph_strategy,R659055,Software Architecture and Design,6,What is the name of the sub-property that is evaluated for the research object with the name [Content Data: research object name] in the paper with the title '[Metadata: paper title]'?
110,39f0c727f1c36390b5a876e7120bfff1,0747eb71-bded-4b8d-8e36-ad0417e51a7a,"

The architecture decision-making investigation in the paper evaluates the property **Quality in Use** [1][4][6][9], with additional mention of related sub-properties such as **Context coverage** and **Satisfaction** in some evaluations [6][7][9].

[1] Source: Guiding Architectural Decision Making on Service Mesh Based Microservice Architectures, 10.1007/978-3-030-29983-5_1
[4] Source: On Cognitive Biases in Architecture Decision Making, 10.1007/978-3-319-65831-5_9
[6] Source: Understanding Architecture Decisions in Context, 10.1007/978-3-030-00761-4_19
[7] Source: State of the Practice in Application Programming Interfaces (APIs): A Case Study, 10.1007/978-3-030-86044-8_14
[9] Source: How Software Architects Focus Their Attention, 10.1007/978-3-030-86044-8_21
","['(R871505:First Research Object 2, evaluation, R871506:Evaluation)', '(R871506:Evaluation, properties, R871509:Property)', '(R871509:Property, Name, L1526570:Quality in Use)', '(R868510:Property, Name, L1520252:Quality in Use)', '(R873361:First Research Object 2, evaluation, R873362:Evaluation)', '(R873362:Evaluation, properties, R873365:Property)', '(R873365:Property, Name, L1530359:Quality in Use)', '(R868631:First Research Object 2, evaluation, R868632:Evaluation)', '(R868632:Evaluation, properties, R868635:Property)', '(R868635:Property, Name, L1520523:Quality in Use)', '(R868511:Property, Name, L1520251:Context coverage)', '(R868636:Property, Name, L1520520:Satisfaction)', '(R873517:Property, Name, L1530668:Context coverage)', '(R873518:Property, Name, L1530669:Satisfaction)', '(R873516:Property, Name, L1530667:Satisfaction)']",['Empirical Insights into the Evolving Role of Architects in Decision-Making in an Agile Context'],0.0,0.0,0.0,0.0,0.0,0.0,0.0,0.0,0.0,0.0,0.0,0.0,0.0,0.0,0.0,0.0,0.0,0.0,0.0,0.0,0.0,0.0,0.0,0.0,0.0,0.0,0.02,0.37,0.35,0.39,0.12,0.11,0.12,0.26,0.24,0.27,0.523,0.615,0.566,1.0,351.3131654262543,0.0,109230,0,0.0,,0,0.0,,,0.0,0.0,,0.0,0.0,https://wandb.ai/kastel-sdq-meta-research/experiment_cross_encoder/r/call/01a05f37-a614-796d-93ac-6728a7441941,retrieval_config,False,KitToolbox,kit.qwen3-embedding-8b,10,10,True,cosine,True,False,10,-1,8,False,False,1,False,-1,-1,False,,['R659055'],['Paper'],True,False,False,kg_retrieval,hublink,kittoolbox_kit.minimax-m2.7-229b_tmpNone_maxt-1_reasoningNone,KitToolbox,kit.minimax-m2.7-229b,,-1,,kittoolbox_kit.minimax-m2.7-229b_tmpNone_maxt-1_reasoningNone,KitToolbox,kit.minimax-m2.7-229b,,-1,,orkg_merged_ecsa_icsa.json_jsonpublicationloader_limit-1,['paper_class'],['research_level'],['first_research_object'],['second_research_object'],['validity'],['evidence'],False,False,R659055,https://sandbox.orkg.org,-1,orkg,merged_ecsa_icsa.json_jsonpublicationloader_limit-1,merged_ecsa_icsa.json,JsonPublicationLoader,-1,,4000,2,generation_kittoolbox_kit.minimax-m2.7-229b_tmpNone_maxt-1_reasoningNone,generation,kittoolbox_kit.minimax-m2.7-229b_tmpNone_maxt-1_reasoningNone,KitToolbox,kit.minimax-m2.7-229b,,-1,,What property is evaluated in the architecture decision making investigation of the paper 'Empirical Insights into the Evolving Role of Architects in Decision-Making in an Agile Context'?,The property that is evaluated on the research object Architecture Decision Making in the publication 'Empirical Insights into the Evolving Role of Architects in Decision-Making in an Agile Context' is Functional Suitability.,"['10.1007/978-3-030-00761-4_17', '10.1007/978-3-030-00761-4_17']",,"['(R873327:Property, Name, L1530274:Functional Suitability)', '(R873329:Research Object Entity, Name, L1530276:Architecture Decision Making)']",publication_subgraph_strategy,R873301,Empirical Insights into the Evolving Role of Architects in Decision-Making in an Agile Context,5,What is the evaluation sub-property used on the research object [Content Data: research object name] in the publication '[Metadata: paper title]'?
111,39f0c727f1c36390b5a876e7120bfff1,16af36ed-fb1f-4147-908d-737e9e33aee1,"

According to the partial answers, the evaluation method reported for the research object **Architecture Analysis Method** varies across the sources:

* **Technical Experiment** – [1], [4], and [6] state that the method used to assess the Architecture Analysis Method was a Technical Experiment.  
* **Motivating Example** – [2] and [10] indicate that the evaluation method was exemplified by a Motivating Example.  
* **Controlled Experiment** – [5] reports that a Controlled Experiment was applied.  
* **Case Study** – [8] mentions a Case Study as the evaluation method for the related First Research Object 2.  
* **No explicit method** – [7] and [9] note that the supplied texts do not provide a specific evaluation approach for the Architecture Analysis Method.

Thus, the provided sources do not give a single, consistent evaluation method for the Architecture Analysis Method; they list several possible methods (Technical Experiment, Motivating Example, Controlled Experiment, and Case Study) while some sources indicate that the evaluation method is not explicitly described.

[1] Source: Architecture-Based Change Impact Analysis in Information Systems and Business Processes, 10.1109/ICSA.2017.17
[2] Source: Safety Analysis Method for Cooperative Driving Systems, 10.1109/ICSA.2019.00027
[4] Source: Model-Based Analysis of Microservice Resiliency Patterns, 10.1109/ICSA47634.2020.00019
[5] Source: Two Architectural Threat Analysis Techniques Compared, 10.1007/978-3-030-00761-4_23
[6] Source: Designing Robust Software Systems through Parametric Markov Chain Synthesis, 10.1109/ICSA.2017.16
[7] Source: Semi-automatic Feedback for Improving Architecture Conformance to Microservice Patterns and Practices, 10.1109/ICSA51549.2021.00012
[8] Source: InMap: Automated Interactive Code-to-Architecture Mapping Recommendations, 10.1109/ICSA51549.2021.00024
[9] Source: Continuous Adaptation Management in Collective Intelligence Systems, 10.1007/978-3-030-29983-5_8
[10] Source: Model-based Performance Analysis for Architecting Cyber-Physical Dynamic Spaces, 10.1109/ICSA51549.2021.00018
","['(R869374:First Research Object 2, Object, R869380:Research Object List)', '(R869380:Research Object List, Entity, R869381:Research Object Entity)', '(R869381:Research Object Entity, Name, L1522117:Architecture Analysis Method)', '(R872723:First Research Object 2, Object, R872729:Research Object List)', '(R872729:Research Object List, Entity, R872730:Research Object Entity)', '(R872730:Research Object Entity, Name, L1529071:Architecture Analysis Method)', '(R869888:Second Research Object 2, Object, R869894:Research Object List)', '(R869894:Research Object List, Entity, R869895:Research Object Entity)', '(R869895:Research Object Entity, Name, L1523207:Architecture Analysis Method)', '(R872723:First Research Object 2, evaluation, R872724:Evaluation)', '(R872724:Evaluation, Evaluation method, R872725:Evaluation Method List)', '(R872725:Evaluation Method List, Entity, R872726:Evaluation Method Entity)', '(R872726:Evaluation Method Entity, Name, L1529067:Motivating Example)', '(R874154:Research Object Entity, Name, L1531992:Architecture Analysis Method)', '(R869888:Second Research Object 2, evaluation, R869889:Evaluation)', '(R869637:Research Object Entity, Name, L1522666:Architecture Analysis Method)', '(R869374:First Research Object 2, evaluation, R869375:Evaluation)', '(R868429:Evaluation Method Entity, Name, L1520077:Technical Experiment)', '(R873443:Evaluation Method Entity, Name, L1530526:Technical Experiment)', '(R869889:Evaluation, Evaluation method, R869890:Evaluation Method List)', '(R869890:Evaluation Method List, Entity, R869891:Evaluation Method Entity)', '(R869891:Evaluation Method Entity, Name, L1523203:Technical Experiment)', '(R2156318:Evaluation Method Entity, Name, L2809670:Case Study)', '(R2156342:Evaluation Method Entity, Name, L2809706:Case Study)', '(R869375:Evaluation, Evaluation method, R869376:Evaluation Method List)', '(R869376:Evaluation Method List, Entity, R869377:Evaluation Method Entity)', '(R869377:Evaluation Method Entity, Name, L1522113:Controlled Experiment)', '(R874158:Evaluation Method Entity, Name, L1531993:Motivating Example)', '(R869628:First Research Object 2, evaluation, R869629:Evaluation)', '(R869629:Evaluation, Has Guideline, L1522661:True)', '(R869605:Continuous Adaptation Management in Collective Intelligence Systems, contribution, R869638:Evidence 2)', '(R869638:Evidence 2, Replication Package Link, L1522674:https://qse.ifs.tuwien.ac.at/ci/material/pub/ecsa19/)', '(R869629:Evaluation, properties, R869634:Property)', '(R869634:Property, Name, L1522665:Quality in Use)', '(R869638:Evidence 2, Uses Tool Support, R869640:Tool Support)', '(R869640:Tool Support, used, L1522672:False)']",['Accurate Analysis of Quality Properties of Software with Observation-Based Markov Chain Refinement'],0.0,0.0,0.0,0.0,0.0,0.0,0.0,0.0,0.0,0.0,0.0,0.0,0.0,0.0,0.0,0.0,0.0,0.0,0.0,0.0,0.0,0.0,0.0,0.0,0.0,0.0,0.02,0.2,0.12,0.56,0.1,0.06,0.29,0.16,0.1,0.47,0.368,0.543,0.439,0.0,507.4386856555939,0.0,62575,0,0.0,,0,0.0,,,0.0,0.0,,0.0,0.0,https://wandb.ai/kastel-sdq-meta-research/experiment_cross_encoder/r/call/01a05f38-bab5-714f-8f5c-d503e902ead0,retrieval_config,False,KitToolbox,kit.qwen3-embedding-8b,10,10,True,cosine,True,False,10,-1,8,False,False,1,False,-1,-1,False,,['R659055'],['Paper'],True,False,False,kg_retrieval,hublink,kittoolbox_kit.minimax-m2.7-229b_tmpNone_maxt-1_reasoningNone,KitToolbox,kit.minimax-m2.7-229b,,-1,,kittoolbox_kit.minimax-m2.7-229b_tmpNone_maxt-1_reasoningNone,KitToolbox,kit.minimax-m2.7-229b,,-1,,orkg_merged_ecsa_icsa.json_jsonpublicationloader_limit-1,['paper_class'],['research_level'],['first_research_object'],['second_research_object'],['validity'],['evidence'],False,False,R659055,https://sandbox.orkg.org,-1,orkg,merged_ecsa_icsa.json_jsonpublicationloader_limit-1,merged_ecsa_icsa.json,JsonPublicationLoader,-1,,4000,2,generation_kittoolbox_kit.minimax-m2.7-229b_tmpNone_maxt-1_reasoningNone,generation,kittoolbox_kit.minimax-m2.7-229b_tmpNone_maxt-1_reasoningNone,KitToolbox,kit.minimax-m2.7-229b,,-1,,What is the evaluation method applied to evaluate the research object Architecture Analysis Method in the paper with the title 'Accurate Analysis of Quality Properties of Software with Observation-Based Markov Chain Refinement'?,The evaluation method applied to evaluate the research object Architecture Analysis Method in the paper 'Accurate Analysis of Quality Properties of Software with Observation-Based Markov Chain Refinement' is a Case Study.,['10.1109/ICSA.2017.14'],,"['(R868236:Evaluation Method Entity, Name, L1519645:Case Study)']",publication_subgraph_strategy,R868212,Accurate Analysis of Quality Properties of Software with Observation-Based Markov Chain Refinement,5,What is the evaluation method used on the research object [Content Data: research object name] in the publication '[Metadata: paper title]'?
112,39f0c727f1c36390b5a876e7120bfff1,a37729e8-51ae-4396-934f-dacfdd428a13,"

The reference architecture described in the paper **“FLRA: A Reference Architecture for Federated Learning Systems”** is evaluated by **examining its properties, with particular attention to the “Product Quality” property**, and the evidence for this assessment is generated using **tool support**. In addition to this property‑focused evaluation, the architecture is also assessed by **means of a focus‑group method** to gather expert insights and validate the design choices.  

- **[1]** – The focus‑group method is reported as the evaluation approach.  
- **[2]** – The evaluation is further described as a property‑based assessment (specifically the “Product Quality” property), supported by a tool.

[1] Source: Technical Architectures for Automotive Systems, 10.1109/ICSA47634.2020.00013
[2] Source: A Flexible Architecture for Key Performance Indicators Assessment in Smart Cities, 10.1007/978-3-030-58923-3_8
","['(R2156352:Research Object Entity, Name, L2809722:Reference Architecture)', '(R2156287:First Research Object 2, evaluation, R2156301:Evaluation)', '(R2156301:Evaluation, Evaluation method, R2156303:Evaluation Method List)', '(R2156303:Evaluation Method List, Entity, R2156309:Evaluation Method Entity)', '(R2156309:Evaluation Method Entity, Name, L2809663:Focus Group)', '(R2156350:Second Research Object 2, evaluation, R2156353:Evaluation)', '(R2156353:Evaluation, Evaluation method, R2156354:Evaluation Method List)', '(R2156354:Evaluation Method List, Entity, R2156356:Evaluation Method Entity)', '(R2156356:Evaluation Method Entity, Name, L2809723:Focus Group)', '(R868805:First Research Object 2, evaluation, R868806:Evaluation)', '(R868806:Evaluation, Has Guideline, L1520893:False)', '(R868806:Evaluation, properties, R868809:Property)', '(R868809:Property, Name, L1520895:Product Quality)', '(R868784:A Flexible Architecture for Key Performance Indicators Assessment in Smart Cities, contribution, R868813:Evidence 2)', '(R868813:Evidence 2, Uses Tool Support, R868815:Tool Support)', '(R868815:Tool Support, used, L1520902:True)']",['FLRA: A Reference Architecture for Federated Learning Systems'],0.0,0.0,0.0,0.0,0.0,0.0,0.0,0.0,0.0,0.0,0.0,0.0,0.0,0.0,0.0,0.0,0.0,0.0,0.0,0.0,0.0,0.0,0.0,0.0,0.0,0.0,0.06,0.31,0.19,0.86,0.24,0.14,0.67,0.25,0.15,0.68,0.468,0.804,0.592,1.0,328.52718114852905,0.0,60754,0,0.0,,0,0.0,,,0.0,0.0,,0.0,0.0,https://wandb.ai/kastel-sdq-meta-research/experiment_cross_encoder/r/call/01a05f39-5f90-749a-9cde-283d1ef74aa2,retrieval_config,False,KitToolbox,kit.qwen3-embedding-8b,10,10,True,cosine,True,False,10,-1,8,False,False,1,False,-1,-1,False,,['R659055'],['Paper'],True,False,False,kg_retrieval,hublink,kittoolbox_kit.minimax-m2.7-229b_tmpNone_maxt-1_reasoningNone,KitToolbox,kit.minimax-m2.7-229b,,-1,,kittoolbox_kit.minimax-m2.7-229b_tmpNone_maxt-1_reasoningNone,KitToolbox,kit.minimax-m2.7-229b,,-1,,orkg_merged_ecsa_icsa.json_jsonpublicationloader_limit-1,['paper_class'],['research_level'],['first_research_object'],['second_research_object'],['validity'],['evidence'],False,False,R659055,https://sandbox.orkg.org,-1,orkg,merged_ecsa_icsa.json_jsonpublicationloader_limit-1,merged_ecsa_icsa.json,JsonPublicationLoader,-1,,4000,2,generation_kittoolbox_kit.minimax-m2.7-229b_tmpNone_maxt-1_reasoningNone,generation,kittoolbox_kit.minimax-m2.7-229b_tmpNone_maxt-1_reasoningNone,KitToolbox,kit.minimax-m2.7-229b,,-1,,Which method is applied to evaluate the reference architecture in the paper 'FLRA: A Reference Architecture for Federated Learning Systems'?,The method applied to evaluate the reference architecture in the paper 'FLRA: A Reference Architecture for Federated Learning Systems' is Data Science.,['10.1007/978-3-030-86044-8_6'],,"['(R870006:Evaluation Method Entity, Name, L1523455:Data Science)']",publication_subgraph_strategy,R659055,Software Architecture and Design,6,What is the evaluation method used on the research object [Content Data: research object name] in the publication '[Metadata: paper title]'?
113,39f0c727f1c36390b5a876e7120bfff1,6916bcb2-160f-4d54-82c7-7a5c12ca7ad0,"

Based on the provided partial answers, the evaluation methods that the author Uwe Zdun applied in papers investigating the research object Architecture Decision Making include the following:

1. **Interview** - One partial answer [1] identifies this as the only explicitly reported evaluation method for the paper investigating Architecture Decision Making.

2. **Grounded Theory** - Multiple partial answers [2], [3], and [4] confirm that Uwe Zdun co-authored papers on Architecture Decision Making (specifically ""Guiding Architectural Decision Making on Service Mesh Based Microservice Architectures"" and ""Supporting Architectural Decision Making on Data Management in Microservice Architectures"") that employ Grounded Theory as the evaluation method.

These findings are supported by the following sources:
- Partial answer [1] regarding Interview as the evaluation method for Architecture Decision Making.
- Partial answers [2], [3], and [4] confirming Grounded Theory as Uwe Zdun's evaluation method in his Architecture Decision Making papers.

The only other evaluation method explicitly reported for a paper authored by Uwe Zdun was the Technical Experiment [5], though this appears to relate to a different study (""Semi-automatic Feedback for Improving Architecture Conformance to Microservice Patterns and Practices"") and does not clearly connect to the Architecture Decision Making research object.

[1] Source: Empirical Insights into the Evolving Role of Architects in Decision-Making in an Agile Context, 10.1007/978-3-030-00761-4_17
[2] Source: Assessing Architecture Conformance to Coupling-Related Patterns and Practices in Microservices, 10.1007/978-3-030-58923-3_1
[3] Source: Guiding Architectural Decision Making on Service Mesh Based Microservice Architectures, 10.1007/978-3-030-29983-5_1
[4] Source: Supporting Architectural Decision Making on Data Management in Microservice Architectures, 10.1007/978-3-030-29983-5_2
[5] Source: Semi-automatic Feedback for Improving Architecture Conformance to Microservice Patterns and Practices, 10.1109/ICSA51549.2021.00012
","['(R873340:Guiding Architectural Decision Making on Service Mesh Based Microservice Architectures, authors, R873341:authors list)', '(R873341:authors list, has list element, L1530307:Uwe Zdun)', '(R869567:authors list, has list element, L1522515:Uwe Zdun)', '(R873340:Guiding Architectural Decision Making on Service Mesh Based Microservice Architectures, contribution, R873361:First Research Object 2)', '(R873361:First Research Object 2, Object, R873367:Research Object List)', '(R873367:Research Object List, Entity, R873368:Research Object Entity)', '(R873368:Research Object Entity, Name, L1530360:Architecture Decision Making)', '(R869265:authors list, has list element, L1521866:Uwe Zdun)', '(R873322:First Research Object 2, evaluation, R873323:Evaluation)', '(R873323:Evaluation, Evaluation method, R873324:Evaluation Method List)', '(R873324:Evaluation Method List, Entity, R873325:Evaluation Method Entity)', '(R873325:Evaluation Method Entity, Name, L1530272:Interview)', '(R873361:First Research Object 2, evaluation, R873362:Evaluation)', '(R869587:First Research Object 2, evaluation, R869588:Evaluation)', '(R869588:Evaluation, Evaluation method, R869589:Evaluation Method List)', '(R869589:Evaluation Method List, Entity, R869590:Evaluation Method Entity)', '(R869590:Evaluation Method Entity, Name, L1522568:Grounded Theory)', '(R873003:Evaluation, Evaluation method, R873004:Evaluation Method List)', '(R873004:Evaluation Method List, Entity, R873005:Evaluation Method Entity)', '(R873005:Evaluation Method Entity, Name, L1529647:Grounded Theory)', '(R873362:Evaluation, Evaluation method, R873363:Evaluation Method List)', '(R873363:Evaluation Method List, Entity, R873364:Evaluation Method Entity)', '(R873364:Evaluation Method Entity, Name, L1530356:Grounded Theory)', '(R869290:Evaluation, Evaluation method, R869291:Evaluation Method List)', '(R869291:Evaluation Method List, Entity, R869292:Evaluation Method Entity)', '(R869292:Evaluation Method Entity, Name, L1521929:Technical Experiment)']",['Uwe Zdun'],0.333,0.083,0.131,0.307,0.5,1.0,0.2,0.33,0.25,0.29,0.29,0.33,0.31,0.32,0.12,0.5,0.19,0.3,0.18,0.5,0.27,0.37,0.2,0.286,0.115,0.182,0.06,0.22,0.12,0.96,0.16,0.09,0.71,0.2,0.11,0.88,0.429,0.667,0.522,0.0,414.9508435726166,0.0,54851,0,0.0,,0,0.0,,,0.0,0.0,,0.0,0.0,https://wandb.ai/kastel-sdq-meta-research/experiment_cross_encoder/r/call/01a05f3b-8096-781f-8410-3d33608516cc,retrieval_config,False,KitToolbox,kit.qwen3-embedding-8b,10,10,True,cosine,True,False,10,-1,8,False,False,1,False,-1,-1,False,,['R659055'],['Paper'],True,False,False,kg_retrieval,hublink,kittoolbox_kit.minimax-m2.7-229b_tmpNone_maxt-1_reasoningNone,KitToolbox,kit.minimax-m2.7-229b,,-1,,kittoolbox_kit.minimax-m2.7-229b_tmpNone_maxt-1_reasoningNone,KitToolbox,kit.minimax-m2.7-229b,,-1,,orkg_merged_ecsa_icsa.json_jsonpublicationloader_limit-1,['paper_class'],['research_level'],['first_research_object'],['second_research_object'],['validity'],['evidence'],False,False,R659055,https://sandbox.orkg.org,-1,orkg,merged_ecsa_icsa.json_jsonpublicationloader_limit-1,merged_ecsa_icsa.json,JsonPublicationLoader,-1,,4000,2,generation_kittoolbox_kit.minimax-m2.7-229b_tmpNone_maxt-1_reasoningNone,generation,kittoolbox_kit.minimax-m2.7-229b_tmpNone_maxt-1_reasoningNone,KitToolbox,kit.minimax-m2.7-229b,,-1,,What are the evaluation methods that the author Uwe Zdun applied in papers that investigate the research object Architecture Decision Making?,The evaluation methods that the author Uwe Zdun applied in papers that investigate the research object Architecture Decision Making are Data Science and Grounded Theory.,"['10.1109/ICSA.2018.00021', '10.1109/ICSA.2018.00021', '10.1109/ICSA.2018.00021', '10.1007/978-3-030-29983-5_1', '10.1007/978-3-030-29983-5_1', '10.1007/978-3-030-29983-5_1']",,"['(R873078:authors list, has list element, L1529783:Uwe Zdun)', '(R873105:Research Object Entity, Name, L1529835:Architecture Decision Making)', '(R873101:Evaluation Method Entity, Name, L1529831:Data Science)', '(R873341:authors list, has list element, L1530307:Uwe Zdun)', '(R873368:Research Object Entity, Name, L1530360:Architecture Decision Making)', '(R873364:Evaluation Method Entity, Name, L1530356:Grounded Theory)']",clustering_strategy,R659055,Software Architecture and Design,6,What are the names of the evaluation methods that the author Uwe Zdun applied in papers that investigate the research object with the name [Content Data: research object name]?
114,39f0c727f1c36390b5a876e7120bfff1,244e7283-5c10-47ba-baf6-8532b4983390,"

In the paper **“Architectural Decay as Predictor of Issue‑ and Change‑Proneness,”** which lists **Duc Le** as an author, the accuracy of the investigated objects was assessed using a **Data‑Science‑based evaluation method**【1】【3】.  

The source material does not provide any additional evaluation methods that are explicitly tied to papers published by Duc Le. While other investigations described in the supplied texts employed methods such as **Case Study**, **Benchmark**, and **validation‑research** to examine accuracy and related properties, those studies are not identified as publications of Duc Le【4‑9】. Consequently, the only evaluation method confirmed for evaluating accuracy in Duc Le’s own work is the Data‑Science methodology.

","['(R872070:authors list, has list element, L1527717:Duc Le)', '(R2156258:Property, Name, L2809634:Accuracy)', '(R872069:Recovering Architectural Design Decisions, contribution, R872094:First Research Object 2)', '(R872094:First Research Object 2, evaluation, R872095:Evaluation)', '(R872095:Evaluation, properties, R872098:Property)', '(R872099:Property, Name, L1527778:Accuracy)', '(R871463:Second Research Object 2, evaluation, R871464:Evaluation)', '(R871464:Evaluation, properties, R871467:Property)', '(R871468:Property, Name, L1526474:Accuracy)', '(R870257:Property, Name, L1523998:Accuracy)', '(R872802:Evaluation, Evaluation method, R872803:Evaluation Method List)', '(R872803:Evaluation Method List, Entity, R872804:Evaluation Method Entity)', '(R872804:Evaluation Method Entity, Name, L1529234:Data Science)', '(R871128:Evaluation Method Entity, Name, L1525787:Case Study)', '(R2156253:Property, Name, L2809623:Accuracy)', '(R2156151:Paper Class 2, validation research, L2809504:True)', '(R2156215:Evaluation Method Entity, Name, L2809582:Case Study)', '(R874282:Evaluation, Evaluation method, R874283:Evaluation Method List)', '(R874283:Evaluation Method List, Entity, R874284:Evaluation Method Entity)', '(R874284:Evaluation Method Entity, Name, L1532280:Benchmark)', '(R871878:First Research Object 2, evaluation, R871879:Evaluation)', '(R870124:Evaluation, Evaluation method, R870125:Evaluation Method List)', '(R870125:Evaluation Method List, Entity, R870126:Evaluation Method Entity)', '(R870126:Evaluation Method Entity, Name, L1523703:Data Science)', '(R871879:Evaluation, Evaluation method, R871880:Evaluation Method List)', '(R871880:Evaluation Method List, Entity, R871881:Evaluation Method Entity)', '(R871881:Evaluation Method Entity, Name, L1527319:Case Study)', '(R871464:Evaluation, properties, R871469:Property)']",['Duc Le'],0.333,0.0,0.222,0.133,1.0,1.0,0.2,0.33,0.25,0.29,0.24,0.33,0.28,0.31,0.11,0.5,0.18,0.29,0.14,0.5,0.22,0.33,0.2,0.235,0.107,0.14,0.05,0.29,0.18,0.77,0.15,0.09,0.4,0.19,0.12,0.5,0.453,0.669,0.54,1.0,525.0191745758057,0.0,2624,0,0.0,,0,0.0,,,0.0,0.0,,0.0,0.0,https://wandb.ai/kastel-sdq-meta-research/experiment_cross_encoder/r/call/01a05f3d-2b21-708f-892f-e8a7a45d4a0b,retrieval_config,False,KitToolbox,kit.qwen3-embedding-8b,10,10,True,cosine,True,False,10,-1,8,False,False,1,False,-1,-1,False,,['R659055'],['Paper'],True,False,False,kg_retrieval,hublink,kittoolbox_kit.minimax-m2.7-229b_tmpNone_maxt-1_reasoningNone,KitToolbox,kit.minimax-m2.7-229b,,-1,,kittoolbox_kit.minimax-m2.7-229b_tmpNone_maxt-1_reasoningNone,KitToolbox,kit.minimax-m2.7-229b,,-1,,orkg_merged_ecsa_icsa.json_jsonpublicationloader_limit-1,['paper_class'],['research_level'],['first_research_object'],['second_research_object'],['validity'],['evidence'],False,False,R659055,https://sandbox.orkg.org,-1,orkg,merged_ecsa_icsa.json_jsonpublicationloader_limit-1,merged_ecsa_icsa.json,JsonPublicationLoader,-1,,4000,2,generation_kittoolbox_kit.minimax-m2.7-229b_tmpNone_maxt-1_reasoningNone,generation,kittoolbox_kit.minimax-m2.7-229b_tmpNone_maxt-1_reasoningNone,KitToolbox,kit.minimax-m2.7-229b,,-1,,What evaluation methods have been applied to evaluate accuracy on the investigated objects in papers published by Duc Le?,The evaluation methods that have been applied to evaluate accuracy on the investigated objects in papers published by Duc Le are Technical Experiment and Data Science.,"['10.1109/ICSA.2018.00019', '10.1109/ICSA.2018.00019', '10.1109/ICSA.2018.00019', '10.1109/ICSA51549.2021.00017', '10.1109/ICSA51549.2021.00017', '10.1109/ICSA51549.2021.00017']",,"['(R872070:authors list, has list element, L1527717:Duc Le)', '(R872099:Property, Name, L1527778:Accuracy)', '(R872097:Evaluation Method Entity, Name, L1527776:Technical Experiment)', '(R872781:authors list, has list element, L1529180:Duc Le)', '(R872806:Property, Name, L1529236:Accuracy)', '(R872804:Evaluation Method Entity, Name, L1529234:Data Science)']",clustering_strategy,R659055,Software Architecture and Design,6,What evaluation methods have been published by the author [Metadata: author name] with the sub-property [Content Data: sub-property name]?
115,39f0c727f1c36390b5a876e7120bfff1,92bfcae2-d819-4a89-9956-d880552e8b1a,"

The usability of the objects that were investigated in Lu Xiao’s papers has been assessed by several distinct evaluation methods:

* **Case‑study approach** – the “Evaluation Method List” in the examined papers records a “Case Study” method as the means for appraising the objects, and this method is used to judge qualities such as **Efficiency** and **Quality of Method**【1】【2】.  
* **Technical‑experiment approach** – one study employs a **technical experiment** as the evaluation technique for assessing usability (and related properties)【3】.  
* **Controlled‑experiment method** – another paper reports a **controlled experiment** (with guidelines) as the tool used to evaluate the usability of the investigated objects【7】.

In addition, several of the examined publications merely identify the **Usability** property (often as a sub‑property of broader quality concepts) without specifying a particular evaluation procedure【4】【5】【6】. Nonetheless, the three methods above are the concrete approaches that have been explicitly applied to evaluate usability in Lu Xiao’s work.

","['(R869436:authors list, has list element, L1522239:Lu Xiao)', '(R873172:authors list, has list element, L1529963:Lu Xiao)', '(R869435:DesignDiff: Continuously Modeling Software Design Difference from Code Revisions, contribution, R869462:First Research Object 2)', '(R869462:First Research Object 2, evaluation, R869463:Evaluation)', '(R869463:Evaluation, properties, R869466:Property)', '(R869467:Property, Name, L1522304:Usability)', '(R868951:First Research Object 2, evaluation, R868952:Evaluation)', '(R874299:On the Understandability of Semantic Constraints for Behavioral Software Architecture Compliance: A Controlled Experiment, contribution, R874320:First Research Object 2)', '(R874320:First Research Object 2, evaluation, R874321:Evaluation)', '(R874321:Evaluation, properties, R874324:Property)', '(R874325:Property, Name, L1532370:Usability)', '(R873171:Butterfly Space: An Architectural Approach for Investigating Performance Issues, contribution, R873203:First Research Object 2)', '(R873203:First Research Object 2, evaluation, R873204:Evaluation)', '(R871126:Evaluation, Evaluation method, R871127:Evaluation Method List)', '(R871127:Evaluation Method List, Entity, R871128:Evaluation Method Entity)', '(R871128:Evaluation Method Entity, Name, L1525787:Case Study)', '(R869462:First Research Object 2, evaluation, R869468:Evaluation)', '(R869468:Evaluation, Evaluation method, R869469:Evaluation Method List)', '(R869469:Evaluation Method List, Entity, R869470:Evaluation Method Entity)', '(R873204:Evaluation, Evaluation method, R873205:Evaluation Method List)', '(R873205:Evaluation Method List, Entity, R873206:Evaluation Method Entity)', '(R873206:Evaluation Method Entity, Name, L1530035:Case Study)', '(R868961:Evidence 2, Uses Tool Support, R868963:Tool Support)', '(R868963:Tool Support, used, L1521213:True)']",['Lu Xiao'],0.333,0.333,0.222,0.133,1.0,1.0,0.2,0.33,0.25,0.29,0.25,0.33,0.29,0.31,0.08,0.33,0.13,0.21,0.12,0.33,0.17,0.24,0.2,0.25,0.083,0.118,0.03,0.26,0.15,0.96,0.12,0.07,0.46,0.13,0.08,0.48,0.427,0.642,0.513,1.0,418.29633617401123,0.0,4664,0,0.0,,0,0.0,,,0.0,0.0,,0.0,0.0,https://wandb.ai/kastel-sdq-meta-research/experiment_cross_encoder/r/call/01a05f3e-96ac-7602-ac5f-8210482cce93,retrieval_config,False,KitToolbox,kit.qwen3-embedding-8b,10,10,True,cosine,True,False,10,-1,8,False,False,1,False,-1,-1,False,,['R659055'],['Paper'],True,False,False,kg_retrieval,hublink,kittoolbox_kit.minimax-m2.7-229b_tmpNone_maxt-1_reasoningNone,KitToolbox,kit.minimax-m2.7-229b,,-1,,kittoolbox_kit.minimax-m2.7-229b_tmpNone_maxt-1_reasoningNone,KitToolbox,kit.minimax-m2.7-229b,,-1,,orkg_merged_ecsa_icsa.json_jsonpublicationloader_limit-1,['paper_class'],['research_level'],['first_research_object'],['second_research_object'],['validity'],['evidence'],False,False,R659055,https://sandbox.orkg.org,-1,orkg,merged_ecsa_icsa.json_jsonpublicationloader_limit-1,merged_ecsa_icsa.json,JsonPublicationLoader,-1,,4000,2,generation_kittoolbox_kit.minimax-m2.7-229b_tmpNone_maxt-1_reasoningNone,generation,kittoolbox_kit.minimax-m2.7-229b_tmpNone_maxt-1_reasoningNone,KitToolbox,kit.minimax-m2.7-229b,,-1,,Which methods have been applied to evaluate the usability of objects investigated in papers published by Lu Xiao?,The methods that have been applied to evaluate the usability of objects investigated in papers published by Lu Xiao are Controlled Experiment and Case Study.,"['10.1109/ICSA47634.2020.00025', '10.1109/ICSA47634.2020.00025', '10.1109/ICSA47634.2020.00025', '10.1109/ICSA51549.2021.00022', '10.1109/ICSA51549.2021.00022', '10.1109/ICSA51549.2021.00022']",,"['(R869436:authors list, has list element, L1522239:Lu Xiao)', '(R869467:Property, Name, L1522304:Usability)', '(R869465:Evaluation Method Entity, Name, L1522302:Controlled Experiment)', '(R871675:authors list, has list element, L1526905:Lu Xiao)', '(R871708:Property, Name, L1526978:Usability)', '(R871704:Evaluation Method Entity, Name, L1526974:Case Study)']",clustering_strategy,R659055,Software Architecture and Design,6,What evaluation methods have been published by the author [Metadata: author name] with the sub-property [Content Data: sub-property name]?
116,39f0c727f1c36390b5a876e7120bfff1,bbb345b2-5834-498e-8d3b-7c4bb40cc79e,"

Stephan Seifermann applied two distinct evaluation methods to the research object **Architecture Analysis Method**:

1. **Case Study** – In his paper *Data‑Stream Operations as First‑Class Entities in Component‑Based Performance Models* the Architecture Analysis Method (Second Research Object 2) was evaluated by means of a case study. The evaluation recorded the “Quality of Method” property and noted that the “Guideline” flag was set to *false* for this research object. 【3】

2. **Technical Experiment** – The same research object (Architecture Analysis Method) was also evaluated using a technical experiment. This evaluation likewise included the “Quality of Method” property and reported that no associated evaluation guideline was used (Has Guideline = false). 【7】

Thus, the evaluation methods employed by the author for the Architecture Analysis Method are a **Case Study** and a **Technical Experiment**, with both assessments documenting the “Quality of Method” quality attribute and the absence of a linked guideline.

","['(R873653:Data-Driven Software Architecture for Analyzing Confidentiality, authors, R873654:authors list)', '(R873654:authors list, has list element, L1530947:Stephan Seifermann)', '(R873653:Data-Driven Software Architecture for Analyzing Confidentiality, contribution, R873682:Second Research Object 2)', '(R873682:Second Research Object 2, Object, R873688:Research Object List)', '(R873688:Research Object List, Entity, R873689:Research Object Entity)', '(R873689:Research Object Entity, Name, L1531017:Architecture Analysis Method)', '(R868240:Research Object Entity, Name, L1519649:Architecture Analysis Method)', '(R871253:Research Object Entity, Name, L1526053:Architecture Analysis Method)', '(R873682:Second Research Object 2, evaluation, R873683:Evaluation)', '(R870375:Research Object Entity, Name, L1524215:Architecture Analysis Method)', '(R871246:First Research Object 2, evaluation, R871247:Evaluation)', '(R868233:First Research Object 2, evaluation, R868234:Evaluation)', '(R868234:Evaluation, Evaluation method, R868235:Evaluation Method List)', '(R868235:Evaluation Method List, Entity, R868236:Evaluation Method Entity)', '(R868236:Evaluation Method Entity, Name, L1519645:Case Study)', '(R873922:Evaluation Method Entity, Name, L1531521:Data Science)', '(R2156234:Evaluation Method Entity, Name, L2809603:Technical Experiment)', '(R871247:Evaluation, Evaluation method, R871248:Evaluation Method List)', '(R871248:Evaluation Method List, Entity, R871249:Evaluation Method Entity)', '(R871249:Evaluation Method Entity, Name, L1526049:Case Study)', '(R2156342:Evaluation Method Entity, Name, L2809706:Case Study)', '(R870368:Second Research Object 2, evaluation, R870369:Evaluation)', '(R870369:Evaluation, Evaluation method, R870370:Evaluation Method List)', '(R870370:Evaluation Method List, Entity, R870371:Evaluation Method Entity)', '(R870371:Evaluation Method Entity, Name, L1524211:Case Study)', '(R873683:Evaluation, Evaluation method, R873684:Evaluation Method List)', '(R873684:Evaluation Method List, Entity, R873685:Evaluation Method Entity)', '(R873685:Evaluation Method Entity, Name, L1531013:Technical Experiment)', '(R870867:Evaluation Method Entity, Name, L1525260:Case Study)', '(R2156289:Evaluation Method Entity, Name, L2809650:Technical Experiment)', '(R2156318:Evaluation Method Entity, Name, L2809670:Case Study)', '(R868766:First Research Object 2, evaluation, R868767:Evaluation)', '(R868767:Evaluation, properties, R868770:Property)', '(R868770:Property, Name, L1520810:Quality of Method)', '(R874158:Evaluation Method Entity, Name, L1531993:Motivating Example)', '(R868767:Evaluation, Has Guideline, L1520808:False)', '(R874159:Property, Name, L1531996:Product Quality)', '(R874163:Evidence 2, Uses Tool Support, R874165:Tool Support)', '(R874165:Tool Support, used, L1532003:False)']",['Stephan Seifermann'],0.5,0.25,0.189,0.377,0.5,1.0,0.3,0.5,0.37,0.44,0.43,0.5,0.46,0.48,0.1,0.67,0.18,0.32,0.14,0.67,0.24,0.38,0.3,0.429,0.103,0.143,0.03,0.27,0.16,1.0,0.15,0.09,0.59,0.19,0.11,0.7,0.408,0.643,0.499,1.0,446.9460988044739,0.0,13773,0,0.0,,0,0.0,,,0.0,0.0,,0.0,0.0,https://wandb.ai/kastel-sdq-meta-research/experiment_cross_encoder/r/call/01a05f3e-d1c8-75a6-981f-994e599734cd,retrieval_config,False,KitToolbox,kit.qwen3-embedding-8b,10,10,True,cosine,True,False,10,-1,8,False,False,1,False,-1,-1,False,,['R659055'],['Paper'],True,False,False,kg_retrieval,hublink,kittoolbox_kit.minimax-m2.7-229b_tmpNone_maxt-1_reasoningNone,KitToolbox,kit.minimax-m2.7-229b,,-1,,kittoolbox_kit.minimax-m2.7-229b_tmpNone_maxt-1_reasoningNone,KitToolbox,kit.minimax-m2.7-229b,,-1,,orkg_merged_ecsa_icsa.json_jsonpublicationloader_limit-1,['paper_class'],['research_level'],['first_research_object'],['second_research_object'],['validity'],['evidence'],False,False,R659055,https://sandbox.orkg.org,-1,orkg,merged_ecsa_icsa.json_jsonpublicationloader_limit-1,merged_ecsa_icsa.json,JsonPublicationLoader,-1,,4000,2,generation_kittoolbox_kit.minimax-m2.7-229b_tmpNone_maxt-1_reasoningNone,generation,kittoolbox_kit.minimax-m2.7-229b_tmpNone_maxt-1_reasoningNone,KitToolbox,kit.minimax-m2.7-229b,,-1,,What are the evaluation methods that have been applied by the author Stephan Seifermann with the research object Architecture Analysis Method?,The evaluation methods applied by the author Stephan Seifermann to evaluate the research object Architecture Analysis Method are Technical Experiment and Case Study.,"['10.1109/ICSA.2019.00009', '10.1109/ICSA.2019.00009', '10.1109/ICSA.2019.00009', '10.1007/978-3-030-58923-3_10', '10.1007/978-3-030-58923-3_10', '10.1007/978-3-030-58923-3_10']",,"['(R873654:authors list, has list element, L1530947:Stephan Seifermann)', '(R873689:Research Object Entity, Name, L1531017:Architecture Analysis Method)', '(R873685:Evaluation Method Entity, Name, L1531013:Technical Experiment)', '(R870337:authors list, has list element, L1524164:Stephan Seifermann)', '(R870375:Research Object Entity, Name, L1524215:Architecture Analysis Method)', '(R870363:Evaluation Method Entity, Name, L1524206:Case Study)']",clustering_strategy,R659055,Software Architecture and Design,6,What evaluation methods have been published by the author [Metadata: author name] with the research object [Content Data: research object name]?
117,39f0c727f1c36390b5a876e7120bfff1,92d35ad7-dbb7-4c3c-aa0f-654cec77bc70,"

The available sources indicate that David Monschein co‑authored papers that evaluate the property **Efficiency**, but they do not specify the particular evaluation methods used in those studies. Consequently, the exact number of different evaluation methods applied by the author cannot be determined from the provided information【1】【2】.

",,['David Monschein'],0.0,0.0,0.0,0.0,0.0,0.0,0.0,0.0,0.0,0.0,0.0,0.0,0.0,0.0,0.0,0.0,0.0,0.0,0.0,0.0,0.0,0.0,0.0,0.0,0.0,0.0,0.16,0.54,0.39,0.9,0.32,0.23,0.55,0.29,0.2,0.48,0.591,0.785,0.674,0.0,262.1491069793701,0.0,88733,0,0.0,,0,0.0,,,0.0,0.0,,0.0,0.0,https://wandb.ai/kastel-sdq-meta-research/experiment_cross_encoder/r/call/01a05f40-ce9c-7b72-a08b-336cc0e9a63e,retrieval_config,False,KitToolbox,kit.qwen3-embedding-8b,10,10,True,cosine,True,False,10,-1,8,False,False,1,False,-1,-1,False,,['R659055'],['Paper'],True,False,False,kg_retrieval,hublink,kittoolbox_kit.minimax-m2.7-229b_tmpNone_maxt-1_reasoningNone,KitToolbox,kit.minimax-m2.7-229b,,-1,,kittoolbox_kit.minimax-m2.7-229b_tmpNone_maxt-1_reasoningNone,KitToolbox,kit.minimax-m2.7-229b,,-1,,orkg_merged_ecsa_icsa.json_jsonpublicationloader_limit-1,['paper_class'],['research_level'],['first_research_object'],['second_research_object'],['validity'],['evidence'],False,False,R659055,https://sandbox.orkg.org,-1,orkg,merged_ecsa_icsa.json_jsonpublicationloader_limit-1,merged_ecsa_icsa.json,JsonPublicationLoader,-1,,4000,2,generation_kittoolbox_kit.minimax-m2.7-229b_tmpNone_maxt-1_reasoningNone,generation,kittoolbox_kit.minimax-m2.7-229b_tmpNone_maxt-1_reasoningNone,KitToolbox,kit.minimax-m2.7-229b,,-1,,How many different evaluation methods did the author David Monschein apply in papers that evaluate the property Efficiency?,The number of different evaluation methods that the author David Monschein applied in papers that evaluate the property Efficiency is two.,"['10.1109/ICSA51549.2021.00009', '10.1109/ICSA51549.2021.00009', '10.1109/ICSA51549.2021.00009', '10.1109/ICSA47634.2020.00011', '10.1109/ICSA47634.2020.00011', '10.1109/ICSA47634.2020.00011']",,"['(R868699:authors list, has list element, L1520650:David Monschein)', '(R868730:Property, Name, L1520716:Efficiency)', '(R868726:Evaluation Method Entity, Name, L1520712:Technical Experiment)', '(R870060:authors list, has list element, L1523561:David Monschein)', '(R870089:Property, Name, L1523619:Efficiency)', '(R870085:Evaluation Method Entity, Name, L1523615:Case Study)']",clustering_strategy,R659055,Software Architecture and Design,6,How many different evaluation methods did the author [Metadata: author name] use in papers that evaluate the sub-property with the name [Content Data: sub-property name]?
118,39f0c727f1c36390b5a876e7120bfff1,4968e5f5-f046-4268-b2be-993a24f49634,"

The texts that discuss the evaluation of the **Satisfaction** property refer to several distinct evaluation‑method entities:

* a **Field Experiment** is mentioned in one source [1];  
* a **Case Study** is reported in several sources [2][4][5];  
* a **Technical Experiment** appears in another source [3]; and  
* a **questionnaire** is listed as part of the evaluation‑method list in yet another source [6].

Collectively, these excerpts identify **four different evaluation methods** that have been applied (or at least considered) when assessing the Satisfaction property. Thus, the provided sources indicate that at least four distinct evaluation approaches have been used.

[1] Source: Decision Models for Microservices: Design Areas, Stakeholders, Use Cases, and Requirements, 10.1007/978-3-319-65831-5_11
[2] Source: Continuous Adaptation Management in Collective Intelligence Systems, 10.1007/978-3-030-29983-5_8
[3] Source: Architecture-Based Change Impact Analysis in Information Systems and Business Processes, 10.1109/ICSA.2017.17
[4] Source: Monolith Migration Complexity Tuning Through the Application of Microservices Patterns, 10.1007/978-3-030-58923-3_3
[5] Source: Quality Evaluation of PaaS Cloud Application Design Using Generated Prototypes, 10.1109/ICSA.2017.43
[6] Source: Migrating Towards Microservice Architectures: An Industrial Survey, 10.1109/ICSA.2018.00012
","['(R869392:Decision Models for Microservices: Design Areas, Stakeholders, Use Cases, and Requirements, authors, R869393:authors list)', '(R869393:authors list, has list element, L1522147:Georg Buchgeher)', '(R873446:Property, Name, L1530529:Satisfaction)', '(R869629:Evaluation, properties, R869634:Property)', '(R869635:Property, Name, L1522664:Satisfaction)', '(R873441:Evaluation, Evaluation method, R873442:Evaluation Method List)', '(R873442:Evaluation Method List, Entity, R873443:Evaluation Method Entity)', '(R873443:Evaluation Method Entity, Name, L1530526:Technical Experiment)', '(R871021:Property, Name, L1525568:Satisfaction)', '(R2156188:Evaluation, Evaluation method, R2156190:Evaluation Method List)', '(R2156190:Evaluation Method List, Entity, R2156193:Evaluation Method Entity)', '(R2156193:Evaluation Method Entity, Name, L2809564:Questionnaire)', '(R869415:First Research Object 2, evaluation, R869416:Evaluation)', '(R869416:Evaluation, properties, R869419:Property)', '(R869420:Property, Name, L1522203:Satisfaction)', '(R872508:Evaluation, Evaluation method, R872509:Evaluation Method List)', '(R872509:Evaluation Method List, Entity, R872510:Evaluation Method Entity)', '(R872510:Evaluation Method Entity, Name, L1528660:Case Study)', '(R869629:Evaluation, Evaluation method, R869630:Evaluation Method List)', '(R869630:Evaluation Method List, Entity, R869631:Evaluation Method Entity)', '(R869631:Evaluation Method Entity, Name, L1522660:Case Study)', '(R869416:Evaluation, Evaluation method, R869417:Evaluation Method List)', '(R869417:Evaluation Method List, Entity, R869418:Evaluation Method Entity)', '(R869418:Evaluation Method Entity, Name, L1522201:Field Experiment)']",['Georg Buchgeher'],0.167,0.083,0.083,0.2,0.5,1.0,0.1,0.17,0.12,0.15,0.12,0.17,0.14,0.15,0.12,0.5,0.2,0.31,0.18,0.5,0.26,0.37,0.1,0.118,0.125,0.176,0.01,0.18,0.1,0.67,0.05,0.03,0.21,0.12,0.07,0.47,0.378,0.601,0.464,1.0,433.17810821533203,0.0,103917,0,0.0,,0,0.0,,,0.0,0.0,,0.0,0.0,https://wandb.ai/kastel-sdq-meta-research/experiment_cross_encoder/r/call/01a05f42-173a-7de5-8843-25bce288ff93,retrieval_config,False,KitToolbox,kit.qwen3-embedding-8b,10,10,True,cosine,True,False,10,-1,8,False,False,1,False,-1,-1,False,,['R659055'],['Paper'],True,False,False,kg_retrieval,hublink,kittoolbox_kit.minimax-m2.7-229b_tmpNone_maxt-1_reasoningNone,KitToolbox,kit.minimax-m2.7-229b,,-1,,kittoolbox_kit.minimax-m2.7-229b_tmpNone_maxt-1_reasoningNone,KitToolbox,kit.minimax-m2.7-229b,,-1,,orkg_merged_ecsa_icsa.json_jsonpublicationloader_limit-1,['paper_class'],['research_level'],['first_research_object'],['second_research_object'],['validity'],['evidence'],False,False,R659055,https://sandbox.orkg.org,-1,orkg,merged_ecsa_icsa.json_jsonpublicationloader_limit-1,merged_ecsa_icsa.json,JsonPublicationLoader,-1,,4000,2,generation_kittoolbox_kit.minimax-m2.7-229b_tmpNone_maxt-1_reasoningNone,generation,kittoolbox_kit.minimax-m2.7-229b_tmpNone_maxt-1_reasoningNone,KitToolbox,kit.minimax-m2.7-229b,,-1,,How many different evaluation methods have been applied by the author Georg Buchgeher to evaluate the property satisfaction?,Two evaluation methods have been applied by the author Georg Buchgeher to the property Satisfaction.,"['10.1007/978-3-030-00761-4_14', '10.1007/978-3-030-00761-4_14', '10.1007/978-3-030-00761-4_14', '10.1007/978-3-319-65831-5_11', '10.1007/978-3-319-65831-5_11', '10.1007/978-3-319-65831-5_11']",,"['(R869649:authors list, has list element, L1522699:Georg Buchgeher)', '(R869678:Property, Name, L1522759:Satisfaction)', '(R869674:Evaluation Method Entity, Name, L1522755:Case Study)', '(R869393:authors list, has list element, L1522147:Georg Buchgeher)', '(R869420:Property, Name, L1522203:Satisfaction)', '(R869418:Evaluation Method Entity, Name, L1522201:Field Experiment)']",clustering_strategy,R659055,Software Architecture and Design,6,How many evaluation methods have been published by the author [Metadata: author name] with the sub-property [Content Data: sub-property name]?
119,39f0c727f1c36390b5a876e7120bfff1,7605e03e-b2e5-401f-b4c5-f630c08c6393,"

The information from the provided sources does not give a single, consistent answer.  

* One source notes that Stefan Kugele is not explicitly mentioned in the texts, so the number of evaluation methods he used cannot be determined from the available material [1].  
* Another source states that two distinct evaluation methods were employed: a **Motivating Example** and a **Technical Experiment**, both linked to Stefan Kugele as a co‑author [2].  
* A third source also reports two evaluation methods, but identifies them as a **Technical Experiment** and **Argumentation**, again in the same paper but without specifying which author performed each method [3].  
* A fourth source asserts that the paper relies on a single overall **evaluation‑research methodology** [4].

Consequently, the sources collectively indicate that at least one and possibly two different evaluation methods were applied in the study, but they disagree on the exact count and the specific methods attributed to Stefan Kugele.

[1] Source: Quality Evaluation of PaaS Cloud Application Design Using Generated Prototypes, 10.1109/ICSA.2017.43
[2] Source: Data-Centric Communication and Containerization for Future Automotive Software Architectures, 10.1109/ICSA.2018.00016
[3] Source: Architectural Patterns for Cross-Domain Personalised Automotive Functions, 10.1109/ICSA47634.2020.00026
[4] Source: On Service-Orientation for Automotive Software, 10.1109/ICSA.2017.20
","['(R869011:authors list, has list element, L1521323:Stefan Kugele)', '(R870793:authors list, has list element, L1525112:Stefan Kugele)', '(R872637:authors list, has list element, L1528892:Stefan Kugele)', '(R869032:First Research Object 2, evaluation, R869033:Evaluation)', '(R870824:Evaluation, Evaluation method, R870825:Evaluation Method List)', '(R870826:Evaluation Method Entity, Name, L1525173:Technical Experiment)', '(R872685:Evaluation Method Entity, Name, L1528973:Motivating Example)', '(R870819:Evaluation, Evaluation method, R870820:Evaluation Method List)', '(R870821:Evaluation Method Entity, Name, L1525169:Argumentation)', '(R872673:Evaluation Method Entity, Name, L1528964:Technical Experiment)']",['Stefan Kugele'],0.571,0.143,0.421,0.294,1.0,1.0,0.4,0.57,0.47,0.53,0.4,0.57,0.47,0.53,0.4,0.57,0.47,0.53,0.4,0.57,0.47,0.53,0.4,0.4,0.4,0.4,0.01,0.17,0.1,0.71,0.06,0.03,0.25,0.12,0.07,0.48,0.403,0.635,0.493,0.0,582.8713614940643,0.0041214,20518,0,0.0,,0,0.0,,,0.0,0.0,,0.0,0.0,https://wandb.ai/kastel-sdq-meta-research/experiment_cross_encoder/r/call/01a05f44-f433-7237-a3f4-a92763c2bd98,retrieval_config,False,KitToolbox,kit.qwen3-embedding-8b,10,10,True,cosine,True,False,10,-1,8,False,False,1,False,-1,-1,False,,['R659055'],['Paper'],True,False,False,kg_retrieval,hublink,kittoolbox_kit.minimax-m2.7-229b_tmpNone_maxt-1_reasoningNone,KitToolbox,kit.minimax-m2.7-229b,,-1,,kittoolbox_kit.minimax-m2.7-229b_tmpNone_maxt-1_reasoningNone,KitToolbox,kit.minimax-m2.7-229b,,-1,,orkg_merged_ecsa_icsa.json_jsonpublicationloader_limit-1,['paper_class'],['research_level'],['first_research_object'],['second_research_object'],['validity'],['evidence'],False,False,R659055,https://sandbox.orkg.org,-1,orkg,merged_ecsa_icsa.json_jsonpublicationloader_limit-1,merged_ecsa_icsa.json,JsonPublicationLoader,-1,,4000,2,generation_kittoolbox_kit.minimax-m2.7-229b_tmpNone_maxt-1_reasoningNone,generation,kittoolbox_kit.minimax-m2.7-229b_tmpNone_maxt-1_reasoningNone,KitToolbox,kit.minimax-m2.7-229b,,-1,,How many different evaluation methods have been applied by the author Stefan Kugele to evaluate architecture patterns?,The number of different evaluation methods that have been applied by the author Stefan Kugele to evaluate architecture patterns is three.,"['10.1109/ICSA.2017.20', '10.1109/ICSA.2017.20', '10.1109/ICSA.2017.20', '10.1109/ICSA47634.2020.00026', '10.1109/ICSA47634.2020.00026', '10.1109/ICSA47634.2020.00026', '10.1109/ICSA47634.2020.00026']",,"['(R869011:authors list, has list element, L1521323:Stefan Kugele)', '(R869040:Research Object Entity, Name, L1521385:Architecture Pattern)', '(R869035:Evaluation Method Entity, Name, L1521380:Grounded Theory)', '(R870793:authors list, has list element, L1525112:Stefan Kugele)', '(R870830:Research Object Entity, Name, L1525177:Architecture Pattern)', '(R870821:Evaluation Method Entity, Name, L1525169:Argumentation)', '(R870826:Evaluation Method Entity, Name, L1525173:Technical Experiment)']",clustering_strategy,R659055,Software Architecture and Design,6,How many evaluation methods have been published by the author [Metadata: author name] with the research object [Content Data: research object name]?
120,39f0c727f1c36390b5a876e7120bfff1,f994d2a6-dd73-426a-8680-b0d8e8c4412a,"

The information that the sources provide is not consistent.

* [1] and [2] each state that Ingo Weber used **one** evaluation method in a paper that deals with Architecture Decision Making – respectively an **interview** and a **case‑study**.  
* [5] also points to a single method that is explicitly named – **argumentation** – but adds that the same paper “does not employ evaluation research methods,” which creates uncertainty about whether that method truly counts as an evaluation method.  
* [3] and [4] describe other papers that investigate the research object “Architecture Decision Making” and report, respectively, a **questionnaire** and a **focus‑group** as the evaluation method, but neither of these mentions Ingo Weber or attributes the method to him.

Because some sources attribute one evaluation method to Ingo Weber while others either do not mention him, or state that his paper does not employ evaluation‑research methods, the available texts do not give a single, unambiguous answer to the question. The most that can be concluded from the partial answers is that **at least one evaluation method appears to have been applied**, but the exact number remains unclear.

[1] Source: A Decision Model for Choosing Patterns in Blockchain-Based Applications, 10.1109/ICSA51549.2021.00013
[2] Source: Optimising Architectures for Performance, Cost, and Security, 10.1007/978-3-030-29983-5_11
[3] Source: How Software Architects Focus Their Attention, 10.1007/978-3-030-86044-8_21
[4] Source: On Cognitive Biases in Architecture Decision Making, 10.1007/978-3-319-65831-5_9
[5] Source: A Taxonomy of Blockchain-Based Systems for Architecture Design, 10.1109/ICSA.2017.33
","['(R868485:How Software Architects Focus Their Attention, contribution, R868506:First Research Object 2)', '(R868506:First Research Object 2, Object, R868512:Research Object List)', '(R868512:Research Object List, Entity, R868513:Research Object Entity)', '(R868513:Research Object Entity, Name, L1520253:Architecture Decision Making)', '(R869313:authors list, has list element, L1521976:Ingo Weber)', '(R871944:Optimising Architectures for Performance, Cost, and Security, authors, R871945:authors list)', '(R871945:authors list, has list element, L1527455:Ingo Weber)', '(R869312:A Decision Model for Choosing Patterns in Blockchain-Based Applications, contribution, R869334:First Research Object 2)', '(R869334:First Research Object 2, Object, R869341:Research Object List)', '(R869341:Research Object List, Entity, R869342:Research Object Entity)', '(R869342:Research Object Entity, Name, L1522034:Architecture Decision Making)', '(R873701:A Taxonomy of Blockchain-Based Systems for Architecture Design, contribution, R873717:First Research Object 2)', '(R873717:First Research Object 2, Object, R873723:Research Object List)', '(R873723:Research Object List, Entity, R873724:Research Object Entity)', '(R873724:Research Object Entity, Name, L1531093:Architecture Decision Making)', '(R873702:authors list, has list element, L1531053:Ingo Weber)', '(R873715:Paper Class 2, evaluation research, L1531086:False)', '(R868506:First Research Object 2, evaluation, R868507:Evaluation)', '(R868507:Evaluation, Evaluation method, R868508:Evaluation Method List)', '(R868508:Evaluation Method List, Entity, R868509:Evaluation Method Entity)', '(R868509:Evaluation Method Entity, Name, L1520249:Questionnaire)', '(R869334:First Research Object 2, evaluation, R869335:Evaluation)', '(R869335:Evaluation, Evaluation method, R869336:Evaluation Method List)', '(R869337:Evaluation Method Entity, Name, L1522029:Interview)', '(R873717:First Research Object 2, evaluation, R873718:Evaluation)', '(R871944:Optimising Architectures for Performance, Cost, and Security, contribution, R871965:First Research Object 2)', '(R871965:First Research Object 2, evaluation, R871966:Evaluation)', '(R873718:Evaluation, Evaluation method, R873719:Evaluation Method List)', '(R873719:Evaluation Method List, Entity, R873720:Evaluation Method Entity)', '(R873720:Evaluation Method Entity, Name, L1531089:Argumentation)', '(R871966:Evaluation, Evaluation method, R871967:Evaluation Method List)', '(R871967:Evaluation Method List, Entity, R871968:Evaluation Method Entity)', '(R871968:Evaluation Method Entity, Name, L1527503:Case Study)']",['Ingo Weber'],0.167,0.167,0.033,0.04,0.2,0.2,0.1,0.17,0.12,0.15,0.21,0.25,0.23,0.24,0.18,1.0,0.31,0.53,0.29,1.0,0.45,0.67,0.1,0.214,0.182,0.293,0.03,0.18,0.1,0.86,0.12,0.07,0.6,0.13,0.07,0.62,0.373,0.642,0.472,0.0,438.49835896492004,0.0,150261,0,0.0,,0,0.0,,,0.0,0.0,,0.0,0.0,https://wandb.ai/kastel-sdq-meta-research/experiment_cross_encoder/r/call/01a05f45-2684-7720-991f-2bf27efe0097,retrieval_config,False,KitToolbox,kit.qwen3-embedding-8b,10,10,True,cosine,True,False,10,-1,8,False,False,1,False,-1,-1,False,,['R659055'],['Paper'],True,False,False,kg_retrieval,hublink,kittoolbox_kit.minimax-m2.7-229b_tmpNone_maxt-1_reasoningNone,KitToolbox,kit.minimax-m2.7-229b,,-1,,kittoolbox_kit.minimax-m2.7-229b_tmpNone_maxt-1_reasoningNone,KitToolbox,kit.minimax-m2.7-229b,,-1,,orkg_merged_ecsa_icsa.json_jsonpublicationloader_limit-1,['paper_class'],['research_level'],['first_research_object'],['second_research_object'],['validity'],['evidence'],False,False,R659055,https://sandbox.orkg.org,-1,orkg,merged_ecsa_icsa.json_jsonpublicationloader_limit-1,merged_ecsa_icsa.json,JsonPublicationLoader,-1,,4000,2,generation_kittoolbox_kit.minimax-m2.7-229b_tmpNone_maxt-1_reasoningNone,generation,kittoolbox_kit.minimax-m2.7-229b_tmpNone_maxt-1_reasoningNone,KitToolbox,kit.minimax-m2.7-229b,,-1,,How many evaluation methods have been applied by the author Ingo Weber in papers that investigate the research object Architecture Decision Making?,Two evaluation methods have been applied by the author Ingo Weber in papers that investigate the research object Architecture Decision Making.,"['10.1109/ICSA51549.2021.00013', '10.1109/ICSA51549.2021.00013', '10.1109/ICSA51549.2021.00013', '10.1109/ICSA.2017.33', '10.1109/ICSA.2017.33', '10.1109/ICSA.2017.33']",,"['(R869313:authors list, has list element, L1521976:Ingo Weber)', '(R869342:Research Object Entity, Name, L1522034:Architecture Decision Making)', '(R869337:Evaluation Method Entity, Name, L1522029:Interview)', '(R873702:authors list, has list element, L1531053:Ingo Weber)', '(R873724:Research Object Entity, Name, L1531093:Architecture Decision Making)', '(R873720:Evaluation Method Entity, Name, L1531089:Argumentation)']",clustering_strategy,R659055,Software Architecture and Design,6,How many evaluation methods have been published by the author [Metadata: author name] with the research object [Content Data: research object name]?
121,39f0c727f1c36390b5a876e7120bfff1,b27c050c-ce7d-40b2-9eb4-8f3c3611e168,"

The papers published by Xiwei Xu have employed the following methods to evaluate architecture‑decision‑making:

1. **Repeatability** [2]  
2. **Quality of Method** [3]  
3. **Confirmability** [2]  
4. **Argumentation** [1]

Listed in descending alphabetical order (Repeatability → Quality of Method → Confirmability → Argumentation), these are the evaluation methods reported in the sources.

[1] Source: A Taxonomy of Blockchain-Based Systems for Architecture Design, 10.1109/ICSA.2017.33
[2] Source: A Decision Model for Choosing Patterns in Blockchain-Based Applications, 10.1109/ICSA51549.2021.00013
[3] Source: Experiments in Curation: Towards Machine-Assisted Construction of Software Architecture Knowledge Bases, 10.1109/ICSA.2017.27
","['(R873702:authors list, has list element, L1531052:Xiwei Xu)', '(R873717:First Research Object 2, evaluation, R873718:Evaluation)', '(R873718:Evaluation, Evaluation method, R873719:Evaluation Method List)', '(R873719:Evaluation Method List, Entity, R873720:Evaluation Method Entity)', '(R873720:Evaluation Method Entity, Name, L1531089:Argumentation)', '(R871608:First Research Object 2, evaluation, R871609:Evaluation)', '(R871609:Evaluation, properties, R871612:Property)', '(R871612:Property, Name, L1526777:Quality of Method)', '(R871620:Research Object Entity, Name, L1526782:Architecture Decision Making)', '(R873724:Research Object Entity, Name, L1531093:Architecture Decision Making)', '(R869347:Threat to Validity, repeatability, L1522043:True)', '(R869347:Threat to Validity, confirmability, L1522046:True)']",['Xiwei Xu'],0.5,0.167,0.283,0.25,1.0,1.0,0.3,0.5,0.37,0.44,0.4,0.5,0.44,0.48,0.25,0.5,0.33,0.42,0.33,0.5,0.4,0.45,0.3,0.4,0.25,0.333,0.09,0.55,0.42,0.78,0.35,0.27,0.5,0.31,0.24,0.44,0.434,0.738,0.546,1.0,344.61870646476746,0.0,56077,0,0.0,,0,0.0,,,0.0,0.0,,0.0,0.0,https://wandb.ai/kastel-sdq-meta-research/experiment_cross_encoder/r/call/01a05f45-58ed-73f0-87ca-b622138ad047,retrieval_config,False,KitToolbox,kit.qwen3-embedding-8b,10,10,True,cosine,True,False,10,-1,8,False,False,1,False,-1,-1,False,,['R659055'],['Paper'],True,False,False,kg_retrieval,hublink,kittoolbox_kit.minimax-m2.7-229b_tmpNone_maxt-1_reasoningNone,KitToolbox,kit.minimax-m2.7-229b,,-1,,kittoolbox_kit.minimax-m2.7-229b_tmpNone_maxt-1_reasoningNone,KitToolbox,kit.minimax-m2.7-229b,,-1,,orkg_merged_ecsa_icsa.json_jsonpublicationloader_limit-1,['paper_class'],['research_level'],['first_research_object'],['second_research_object'],['validity'],['evidence'],False,False,R659055,https://sandbox.orkg.org,-1,orkg,merged_ecsa_icsa.json_jsonpublicationloader_limit-1,merged_ecsa_icsa.json,JsonPublicationLoader,-1,,4000,2,generation_kittoolbox_kit.minimax-m2.7-229b_tmpNone_maxt-1_reasoningNone,generation,kittoolbox_kit.minimax-m2.7-229b_tmpNone_maxt-1_reasoningNone,KitToolbox,kit.minimax-m2.7-229b,,-1,,What methods have been applied to evaluate architecture decision making in the papers published by Xiwei Xu? Rank them in descending alphabetical order.,"The methods that have been applied to evaluate architecture decision making in the papers published by Xiwei Xu, ranked in descending alphabetical order, are Interview and Argumentation.","['10.1109/ICSA51549.2021.00013', '10.1109/ICSA51549.2021.00013', '10.1109/ICSA51549.2021.00013', '10.1109/ICSA.2017.33', '10.1109/ICSA.2017.33', '10.1109/ICSA.2017.33']",,"['(R869313:authors list, has list element, L1521973:Xiwei Xu)', '(R869342:Research Object Entity, Name, L1522034:Architecture Decision Making)', '(R869337:Evaluation Method Entity, Name, L1522029:Interview)', '(R873702:authors list, has list element, L1531052:Xiwei Xu)', '(R873724:Research Object Entity, Name, L1531093:Architecture Decision Making)', '(R873720:Evaluation Method Entity, Name, L1531089:Argumentation)']",clustering_strategy,R659055,Software Architecture and Design,6,What evaluation methods have been published by the author [Metadata: author name] with the research object [Content Data: research object name] ranked in descending alphabetical order?
122,39f0c727f1c36390b5a876e7120bfff1,4baa20c1-efb5-4061-b443-c00f05c4c08d,"

The only evaluation method explicitly identified for Anne Koziolek’s work on the research object **Architecture Evolution** is **Case Study**. Ranked in descending alphabetical order, the list contains the single entry:

- **Case Study** [1][2][3][7]

[1] Source: Using Informal Knowledge for Improving Software Quality Trade-Off Decisions, 10.1007/978-3-030-00761-4_18
[2] Source: Incremental Calibration of Architectural Performance Models with Parametric Dependencies, 10.1109/ICSA47634.2020.00011
[3] Source: Trace Link Recovery for Software Architecture Documentation, 10.1007/978-3-030-86044-8_7
[7] Source: ADOOPLA - Combining Product-Line- and Product-Level Criteria in Multi-objective Optimization of Product Line Architectures, 10.1007/978-3-030-29983-5_9
","['(R870059:Incremental Calibration of Architectural Performance Models with Parametric Dependencies, contribution, R2156282:First Research Object 2)', '(R2156282:First Research Object 2, Object, R2156285:Research Object List)', '(R2156285:Research Object List, Entity, R2156290:Research Object Entity)', '(R2156290:Research Object Entity, Name, L2809656:Architecture Evolution)', '(R870142:authors list, has list element, L1523741:Anne Koziolek)', '(R870059:Incremental Calibration of Architectural Performance Models with Parametric Dependencies, authors, R870060:authors list)', '(R870060:authors list, has list element, L1523563:Anne Koziolek)', '(R870059:Incremental Calibration of Architectural Performance Models with Parametric Dependencies, contribution, R870082:First Research Object 2)', '(R870082:First Research Object 2, evaluation, R870083:Evaluation)', '(R870141:Trace Link Recovery for Software Architecture Documentation, contribution, R870166:First Research Object 2)', '(R870166:First Research Object 2, evaluation, R870167:Evaluation)', '(R870167:Evaluation, Evaluation method, R870168:Evaluation Method List)', '(R870168:Evaluation Method List, Entity, R870169:Evaluation Method Entity)', '(R870169:Evaluation Method Entity, Name, L1523803:Case Study)', '(R869836:Evaluation Method Entity, Name, L1523102:Case Study)', '(R2156282:First Research Object 2, evaluation, R2156293:Evaluation)', '(R2156293:Evaluation, Evaluation method, R2156298:Evaluation Method List)', '(R2156298:Evaluation Method List, Entity, R2156300:Evaluation Method Entity)', '(R2156300:Evaluation Method Entity, Name, L2809658:Case Study)', '(R873459:Using Informal Knowledge for Improving Software Quality Trade-Off Decisions, contribution, R873475:First Research Object 2)', '(R873475:First Research Object 2, Object, R873481:Research Object List)', '(R873481:Research Object List, Entity, R873482:Research Object Entity)', '(R873482:Research Object Entity, Name, L1530596:Architecture Evolution)', '(R873459:Using Informal Knowledge for Improving Software Quality Trade-Off Decisions, authors, R873460:authors list)', '(R873460:authors list, has list element, L1530562:Anne Koziolek)', '(R870083:Evaluation, Evaluation method, R870084:Evaluation Method List)', '(R870084:Evaluation Method List, Entity, R870085:Evaluation Method Entity)', '(R870085:Evaluation Method Entity, Name, L1523615:Case Study)', '(R870082:First Research Object 2, Object, R870090:Research Object List)', '(R870090:Research Object List, Entity, R870091:Research Object Entity)', '(R870091:Research Object Entity, Name, L1523621:Architecture Evolution)', '(R873475:First Research Object 2, evaluation, R873476:Evaluation)', '(R873476:Evaluation, Evaluation method, R873477:Evaluation Method List)', '(R873477:Evaluation Method List, Entity, R873478:Evaluation Method Entity)', '(R873478:Evaluation Method Entity, Name, L1530592:Case Study)']",['Anne Koziolek'],0.111,0.167,0.016,0.045,0.143,0.167,0.1,0.11,0.11,0.11,0.15,0.11,0.13,0.12,0.17,0.67,0.27,0.42,0.3,0.67,0.41,0.54,0.1,0.154,0.171,0.3,0.1,0.53,0.46,0.63,0.35,0.31,0.42,0.53,0.46,0.63,0.549,0.747,0.633,1.0,341.9167947769165,0.0,9332,0,0.0,,0,0.0,,,0.0,0.0,,0.0,0.0,https://wandb.ai/kastel-sdq-meta-research/experiment_cross_encoder/r/call/01a05f45-f954-726d-96af-2366c8196fd3,retrieval_config,False,KitToolbox,kit.qwen3-embedding-8b,10,10,True,cosine,True,False,10,-1,8,False,False,1,False,-1,-1,False,,['R659055'],['Paper'],True,False,False,kg_retrieval,hublink,kittoolbox_kit.minimax-m2.7-229b_tmpNone_maxt-1_reasoningNone,KitToolbox,kit.minimax-m2.7-229b,,-1,,kittoolbox_kit.minimax-m2.7-229b_tmpNone_maxt-1_reasoningNone,KitToolbox,kit.minimax-m2.7-229b,,-1,,orkg_merged_ecsa_icsa.json_jsonpublicationloader_limit-1,['paper_class'],['research_level'],['first_research_object'],['second_research_object'],['validity'],['evidence'],False,False,R659055,https://sandbox.orkg.org,-1,orkg,merged_ecsa_icsa.json_jsonpublicationloader_limit-1,merged_ecsa_icsa.json,JsonPublicationLoader,-1,,4000,2,generation_kittoolbox_kit.minimax-m2.7-229b_tmpNone_maxt-1_reasoningNone,generation,kittoolbox_kit.minimax-m2.7-229b_tmpNone_maxt-1_reasoningNone,KitToolbox,kit.minimax-m2.7-229b,,-1,,What are the evaluation methods that the author Anne Koziolek applied in papers that investigate the research object Architecture Evolution? Rank the evaluation methods in descending alphabetical order.,"The evaluation methods applied by Anne Koziolek in papers that investigate the research object Architecture Evolution, ranked in descending alphabetical order, are: Technical Experiment and Case Study.","['10.1007/978-3-030-00761-4_18', '10.1007/978-3-030-00761-4_18', '10.1007/978-3-030-00761-4_18', '10.1109/ICSA51549.2021.00009', '10.1109/ICSA51549.2021.00009', '10.1109/ICSA51549.2021.00009', '10.1109/ICSA47634.2020.00011', '10.1109/ICSA47634.2020.00011', '10.1109/ICSA47634.2020.00011']",,"['(R873460:authors list, has list element, L1530562:Anne Koziolek)', '(R870091:Research Object Entity, Name, L1523621:Architecture Evolution)', '(R870085:Evaluation Method Entity, Name, L1523615:Case Study)', '(R868699:authors list, has list element, L1520653:Anne Koziolek)', '(R868734:Research Object Entity, Name, L1520720:Architecture Evolution)', '(R868726:Evaluation Method Entity, Name, L1520712:Technical Experiment)', '(R870060:authors list, has list element, L1523563:Anne Koziolek)', '(R873482:Research Object Entity, Name, L1530596:Architecture Evolution)', '(R873478:Evaluation Method Entity, Name, L1530592:Case Study)']",clustering_strategy,R659055,Software Architecture and Design,6,What are the names of the evaluation methods that the author [Metadata: author name] applied in papers that investigate the research object with the name [Content Data: research object name]? Rank the names of the methods in descending alphabetical order.
123,39f0c727f1c36390b5a876e7120bfff1,4b35bdf2-e3fe-4368-811d-3550d93ba344,"

The properties that were assessed with a technical experiment in Mohamed Soliman’s publications are:

**Usability** [4]  
**Satisfaction** [4]  
**Quality in Use** [2][4]  
**Product Quality** [1][3][4][5]  
**Maintainability** [5]  
**Functional Suitability** [1][5]  
**Efficiency** [4]  
**Effectiveness** [2]  
**Accuracy** [6]

When listed in descending alphabetical order the sequence is:

1. Usability  
2. Satisfaction  
3. Quality in Use  
4. Product Quality  
5. Maintainability  
6. Functional Suitability  
7. Efficiency  
8. Effectiveness  
9. Accuracy

[1] Source: An Exploratory Study on Architectural Knowledge in Issue Tracking Systems, 10.1007/978-3-030-86044-8_8
[2] Source: Exploring Web Search Engines to Find Architectural Knowledge, 10.1109/ICSA51549.2021.00023
[3] Source: Continuous Experimentation for Automotive Software on the Example of a Heavy Commercial Vehicle in Daily Operation, 10.1007/978-3-030-58923-3_5
[4] Source: REST vs GraphQL: A Controlled Experiment, 10.1109/ICSA47634.2020.00016
[5] Source: Architectural Technical Debt: A Grounded Theory, 10.1007/978-3-030-58923-3_14
[6] Source: Improving the Search for Architecture Knowledge in Online Developer Communities, 10.1109/ICSA.2018.00028
","['(R869226:authors list, has list element, L1521780:Mohamed Soliman)', '(R874394:authors list, has list element, L1532510:Mohamed Soliman)', '(R870911:Evaluation Method Entity, Name, L1525353:Controlled Experiment)', '(R874427:Evaluation Method Entity, Name, L1532576:Technical Experiment)', '(R869247:Evaluation, Evaluation method, R869248:Evaluation Method List)', '(R869248:Evaluation Method List, Entity, R869249:Evaluation Method Entity)', '(R869249:Evaluation Method Entity, Name, L1521832:Technical Experiment)', '(R870909:Evaluation, properties, R870912:Property)', '(R870914:Property, Name, L1525356:Satisfaction)', '(R870909:Evaluation, properties, R870915:Property)', '(R870915:Property, Name, L1525359:Product Quality)', '(R870916:Property, Name, L1525358:Usability)', '(R870912:Property, Name, L1525357:Quality in Use)', '(R874420:Evaluation, properties, R874423:Property)', '(R870698:Property, Name, L1524908:Quality in Use)', '(R872624:First Research Object 2, evaluation, R872625:Evaluation)', '(R872625:Evaluation, properties, R872628:Property)', '(R872630:Property, Name, L1528879:Maintainability)', '(R870913:Property, Name, L1525355:Efficiency)', '(R872629:Property, Name, L1528878:Functional Suitability)', '(R869247:Evaluation, properties, R869250:Property)', '(R869250:Property, Name, L1521835:Product Quality)', '(R874429:Property, Name, L1532578:Accuracy)', '(R872628:Property, Name, L1528880:Product Quality)', '(R869251:Property, Name, L1521834:Functional Suitability)', '(R870699:Property, Name, L1524907:Effectiveness)', '(R873059:Evaluation, properties, R873062:Property)', '(R873062:Property, Name, L1529749:Product Quality)']",['Mohamed Soliman'],0.667,0.333,0.554,0.413,1.0,1.0,0.4,0.67,0.5,0.59,0.47,0.67,0.55,0.62,0.21,1.0,0.35,0.58,0.26,1.0,0.41,0.64,0.4,0.471,0.214,0.261,0.05,0.36,0.25,0.69,0.23,0.15,0.44,0.34,0.23,0.65,0.316,0.763,0.447,1.0,580.6316299438477,0.0,10927,0,0.0,,0,0.0,,,0.0,0.0,,0.0,0.0,https://wandb.ai/kastel-sdq-meta-research/experiment_cross_encoder/r/call/01a05f48-e2e2-7587-85f3-f2b1fe2ca6ad,retrieval_config,False,KitToolbox,kit.qwen3-embedding-8b,10,10,True,cosine,True,False,10,-1,8,False,False,1,False,-1,-1,False,,['R659055'],['Paper'],True,False,False,kg_retrieval,hublink,kittoolbox_kit.minimax-m2.7-229b_tmpNone_maxt-1_reasoningNone,KitToolbox,kit.minimax-m2.7-229b,,-1,,kittoolbox_kit.minimax-m2.7-229b_tmpNone_maxt-1_reasoningNone,KitToolbox,kit.minimax-m2.7-229b,,-1,,orkg_merged_ecsa_icsa.json_jsonpublicationloader_limit-1,['paper_class'],['research_level'],['first_research_object'],['second_research_object'],['validity'],['evidence'],False,False,R659055,https://sandbox.orkg.org,-1,orkg,merged_ecsa_icsa.json_jsonpublicationloader_limit-1,merged_ecsa_icsa.json,JsonPublicationLoader,-1,,4000,2,generation_kittoolbox_kit.minimax-m2.7-229b_tmpNone_maxt-1_reasoningNone,generation,kittoolbox_kit.minimax-m2.7-229b_tmpNone_maxt-1_reasoningNone,KitToolbox,kit.minimax-m2.7-229b,,-1,,What properties have been evaluated with a technical experiment in papers published by Mohamed Soliman? Rank them in descending alphabetical order.,"The properties that have been evaluated with a technical experiment in papers published by Mohamed Soliman are Accuracy and Functional Suitability, ranked in descending alphabetical order.","['10.1007/978-3-030-86044-8_8', '10.1007/978-3-030-86044-8_8', '10.1007/978-3-030-86044-8_8', '10.1109/ICSA.2018.00028', '10.1109/ICSA.2018.00028', '10.1109/ICSA.2018.00028']",,"['(R869226:authors list, has list element, L1521780:Mohamed Soliman)', '(R869249:Evaluation Method Entity, Name, L1521832:Technical Experiment)', '(R869251:Property, Name, L1521834:Functional Suitability)', '(R874394:authors list, has list element, L1532510:Mohamed Soliman)', '(R874427:Evaluation Method Entity, Name, L1532576:Technical Experiment)', '(R874429:Property, Name, L1532578:Accuracy)']",clustering_strategy,R659055,Software Architecture and Design,6,What evaluation sub-properties have been published by the author [Metadata: author name] with the evaluation method [Content Data: evaluation method name] ranked in descending alphabetical order?
124,39f0c727f1c36390b5a876e7120bfff1,9121d47b-2eb2-4506-9569-faf4f1d0d1a9,"

The Technical Experiment evaluation investigated the following properties (sorted in descending alphabetical order):

1. **Quality of Method** – [6], [8]  
2. **Quality in Use** – [1], [6]  
3. **Product Quality** – [2], [7]  
4. **Performance efficiency** – [2], [5], [7]  
5. **Has Guideline** – [8]  
6. **Functional Suitability** – [5], [7]  
7. **Efficiency** – [1], [5]  
8. **Effectiveness** – [1], [6]  
9. **Accuracy** – [6]

*Note:* The source texts do not attribute these findings to the author Andreas Burger; they only describe an evaluation performed with the Technical Experiment method.

[1] Source: Dynamic Updates of Virtual PLCs Deployed as Kubernetes Microservices, 10.1007/978-3-030-86044-8_1
[2] Source: Self-Commissioning Industrial IoT-Systems in Process Automation: A Reference Architecture, 10.1109/ICSA.2018.00029
[5] Source: Continuous Analysis of Collaborative Design, 10.1109/ICSA.2017.45
[6] Source: Improving the Search for Architecture Knowledge in Online Developer Communities, 10.1109/ICSA.2018.00028
[7] Source: Model-Based Analysis of Microservice Resiliency Patterns, 10.1109/ICSA47634.2020.00019
[8] Source: Architectural Patterns for Cross-Domain Personalised Automotive Functions, 10.1109/ICSA47634.2020.00026
","['(R869889:Evaluation, Evaluation method, R869890:Evaluation Method List)', '(R869890:Evaluation Method List, Entity, R869891:Evaluation Method Entity)', '(R869891:Evaluation Method Entity, Name, L1523203:Technical Experiment)', '(R872862:Evaluation Method Entity, Name, L1529342:Technical Experiment)', '(R871984:authors list, has list element, L1527535:Andreas Burger)', '(R872155:Self-Commissioning Industrial IoT-Systems in Process Automation: A Reference Architecture, authors, R872156:authors list)', '(R872156:authors list, has list element, L1527897:Andreas Burger)', '(R872177:Evaluation, Evaluation method, R872178:Evaluation Method List)', '(R872178:Evaluation Method List, Entity, R872179:Evaluation Method Entity)', '(R872179:Evaluation Method Entity, Name, L1527946:Technical Experiment)', '(R871983:Dynamic Updates of Virtual PLCs Deployed as Kubernetes Microservices, contribution, R872005:First Research Object 2)', '(R872005:First Research Object 2, evaluation, R872006:Evaluation)', '(R872006:Evaluation, Evaluation method, R872007:Evaluation Method List)', '(R872007:Evaluation Method List, Entity, R872008:Evaluation Method Entity)', '(R872008:Evaluation Method Entity, Name, L1527589:Technical Experiment)', '(R874425:Evaluation, Evaluation method, R874426:Evaluation Method List)', '(R874426:Evaluation Method List, Entity, R874427:Evaluation Method Entity)', '(R874427:Evaluation Method Entity, Name, L1532576:Technical Experiment)', '(R870826:Evaluation Method Entity, Name, L1525173:Technical Experiment)', '(R869881:Evaluation, Evaluation method, R869882:Evaluation Method List)', '(R869882:Evaluation Method List, Entity, R869883:Evaluation Method Entity)', '(R869883:Evaluation Method Entity, Name, L1523198:Technical Experiment)', '(R874425:Evaluation, properties, R874428:Property)', '(R874428:Property, Name, L1532579:Quality of Method)', '(R869889:Evaluation, properties, R869892:Property)', '(R869892:Property, Name, L1523206:Product Quality)', '(R872006:Evaluation, properties, R872009:Property)', '(R872010:Property, Name, L1527591:Effectiveness)', '(R872177:Evaluation, properties, R872180:Property)', '(R872180:Property, Name, L1527949:Product Quality)', '(R872011:Property, Name, L1527592:Efficiency)', '(R872009:Property, Name, L1527593:Quality in Use)', '(R872860:Evaluation, properties, R872863:Property)', '(R872865:Property, Name, L1529345:Functional Suitability)', '(R872181:Property, Name, L1527948:Performance efficiency)', '(R874420:Evaluation, properties, R874423:Property)', '(R874424:Property, Name, L1532574:Effectiveness)', '(R872864:Property, Name, L1529344:Performance efficiency)', '(R869893:Property, Name, L1523205:Functional Suitability)', '(R869881:Evaluation, properties, R869884:Property)', '(R869885:Property, Name, L1523200:Performance efficiency)', '(R872851:Evaluation, properties, R872856:Property)', '(R872858:Property, Name, L1529339:Efficiency)', '(R874423:Property, Name, L1532575:Quality in Use)', '(R874429:Property, Name, L1532578:Accuracy)', '(R870824:Evaluation, Has Guideline, L1525174:False)', '(R870827:Property, Name, L1525176:Quality of Method)']",['Andreas Burger'],0.429,0.071,0.112,0.191,0.2,0.2,0.3,0.43,0.35,0.39,0.4,0.43,0.41,0.42,0.15,1.0,0.26,0.47,0.2,1.0,0.33,0.55,0.3,0.4,0.149,0.197,0.02,0.34,0.22,0.72,0.12,0.07,0.25,0.23,0.15,0.48,0.327,0.654,0.436,1.0,691.4002711772919,0.0,11352,0,0.0,,0,0.0,,,0.0,0.0,,0.0,0.0,https://wandb.ai/kastel-sdq-meta-research/experiment_cross_encoder/r/call/01a05f4a-cb5d-7f69-8162-10787f7a0dda,retrieval_config,False,KitToolbox,kit.qwen3-embedding-8b,10,10,True,cosine,True,False,10,-1,8,False,False,1,False,-1,-1,False,,['R659055'],['Paper'],True,False,False,kg_retrieval,hublink,kittoolbox_kit.minimax-m2.7-229b_tmpNone_maxt-1_reasoningNone,KitToolbox,kit.minimax-m2.7-229b,,-1,,kittoolbox_kit.minimax-m2.7-229b_tmpNone_maxt-1_reasoningNone,KitToolbox,kit.minimax-m2.7-229b,,-1,,orkg_merged_ecsa_icsa.json_jsonpublicationloader_limit-1,['paper_class'],['research_level'],['first_research_object'],['second_research_object'],['validity'],['evidence'],False,False,R659055,https://sandbox.orkg.org,-1,orkg,merged_ecsa_icsa.json_jsonpublicationloader_limit-1,merged_ecsa_icsa.json,JsonPublicationLoader,-1,,4000,2,generation_kittoolbox_kit.minimax-m2.7-229b_tmpNone_maxt-1_reasoningNone,generation,kittoolbox_kit.minimax-m2.7-229b_tmpNone_maxt-1_reasoningNone,KitToolbox,kit.minimax-m2.7-229b,,-1,,What are the evaluation properties that have been investigated by the author Andreas Burger by applying the evaluation method Technical Experiment ranked in descending alphabetical order?,"The evaluation properties investigated by the author Andreas Burger that have been evaluated with the evaluation method Technical Experiment are performance efficiency, efficiency, and effectiveness.","['10.1109/ICSA.2018.00029', '10.1109/ICSA.2018.00029', '10.1007/978-3-030-86044-8_1', '10.1007/978-3-030-86044-8_1', '10.1109/ICSA.2018.00029', '10.1007/978-3-030-86044-8_1', '10.1007/978-3-030-86044-8_1']",,"['(R872156:authors list, has list element, L1527897:Andreas Burger)', '(R872179:Evaluation Method Entity, Name, L1527946:Technical Experiment)', '(R871984:authors list, has list element, L1527535:Andreas Burger)', '(R872008:Evaluation Method Entity, Name, L1527589:Technical Experiment)', '(R872181:Property, Name, L1527948:Performance efficiency)', '(R872011:Property, Name, L1527592:Efficiency)', '(R872010:Property, Name, L1527591:Effectiveness)']",clustering_strategy,R659055,Software Architecture and Design,6,What evaluation sub-properties have been published by the author [Metadata: author name] with the evaluation method [Content Data: evaluation method name] ranked in descending alphabetical order?
125,39f0c727f1c36390b5a876e7120bfff1,361e4d2b-3e80-4fe3-85ff-35a81b857637,"

The only 2018 publication that is discussed, **“A Platform for the Automated Provisioning of Architecture Information for Large‑Scale Service‑Oriented Software Systems,”** contains the research object **Architecture Extraction** in its First Research Object 2 list and mentions the entity three times in the provided excerpts [1].  

The only 2020 publication referenced, **“Employment of Optimal Approximations on Apache Hadoop Checkpoint Technique for Performance Improvements,”** is linked to a different research object called **“Architecture Optimization Method”** and makes no mention of **Architecture Extraction** at all [2].  

Consequently, the evidence shows that **Architecture Extraction** was investigated (and appears three times) in the 2018 paper, whereas it does not appear in the identified 2020 paper. This means that, based on the provided sources, the frequency of the research object in 2018 is present, while no occurrence can be determined for 2020, making a direct quantitative comparison impossible with the available information.

[1] Source: A Platform for the Automated Provisioning of Architecture Information for Large-Scale Service-Oriented Software Systems, 10.1007/978-3-030-00761-4_14
[2] Source: Employment of Optimal Approximations on Apache Hadoop Checkpoint Technique for Performance Improvements, 10.1109/ICSA47634.2020.00009
","['(R874260:Employment of Optimal Approximations on Apache Hadoop Checkpoint Technique for Performance Improvements, publication year, L1532232:2020)', '(R869648:A Platform for the Automated Provisioning of Architecture Information for Large-Scale Service-Oriented Software Systems, contribution, R869671:First Research Object 2)', '(R869671:First Research Object 2, Object, R869679:Research Object List)', '(R869679:Research Object List, Entity, R869680:Research Object Entity)', '(R869680:Research Object Entity, Name, L1522761:Architecture Extraction)', '(R874288:Research Object Entity, Name, L1532284:Architecture Optimization Method)', '(R869648:A Platform for the Automated Provisioning of Architecture Information for Large-Scale Service-Oriented Software Systems, publication year, L1522702:2018)']","['2018', '2020']",0.333,0.333,0.081,0.217,0.2,0.5,0.29,0.33,0.31,0.32,0.4,0.33,0.36,0.34,0.29,0.33,0.31,0.32,0.4,0.33,0.36,0.34,0.286,0.4,0.286,0.4,0.01,0.18,0.1,0.79,0.06,0.03,0.28,0.16,0.09,0.68,0.428,0.613,0.504,0.0,480.1656708717346,0.0003873,5609,0,0.0,,0,0.0,,,0.0,0.0,,0.0,0.0,https://wandb.ai/kastel-sdq-meta-research/experiment_cross_encoder/r/call/01a05f60-6935-74d9-8d40-7e00eeddb0c5,retrieval_config,False,KitToolbox,kit.qwen3-embedding-8b,10,10,True,cosine,True,False,10,-1,8,False,False,1,False,-1,-1,False,,['R659055'],['Paper'],True,False,False,kg_retrieval,hublink,kittoolbox_kit.minimax-m2.7-229b_tmpNone_maxt-1_reasoningNone,KitToolbox,kit.minimax-m2.7-229b,,-1,,kittoolbox_kit.minimax-m2.7-229b_tmpNone_maxt-1_reasoningNone,KitToolbox,kit.minimax-m2.7-229b,,-1,,orkg_merged_ecsa_icsa.json_jsonpublicationloader_limit-1,['paper_class'],['research_level'],['first_research_object'],['second_research_object'],['validity'],['evidence'],False,False,R659055,https://sandbox.orkg.org,-1,orkg,merged_ecsa_icsa.json_jsonpublicationloader_limit-1,merged_ecsa_icsa.json,JsonPublicationLoader,-1,,4000,2,generation_kittoolbox_kit.minimax-m2.7-229b_tmpNone_maxt-1_reasoningNone,generation,kittoolbox_kit.minimax-m2.7-229b_tmpNone_maxt-1_reasoningNone,KitToolbox,kit.minimax-m2.7-229b,,-1,,How often is the research object Architecture Extraction investigated in papers published in the publication year 2018 in comparison to the publication year 2020?,"The research object Architecture Extraction is investigated in two papers published in 2018, compared to one paper in 2020.","['10.1109/ICSA.2018.00014', '10.1109/ICSA.2018.00014', '10.1109/ICSA47634.2020.00023', '10.1109/ICSA47634.2020.00023', '10.1007/978-3-030-00761-4_14', '10.1007/978-3-030-00761-4_14']",,"['(R873887:Research Object Entity, Name, L1531437:Architecture Extraction)', '(R873855:Towards Micro Service Architecture Recovery: An Empirical Study, publication year, L1531379:2018)', '(R870549:Research Object Entity, Name, L1524582:Architecture Extraction)', '(R870521:From Monolithic Architecture Style to Microservice one Based on a Semi-Automatic Approach, publication year, L1524530:2020)', '(R869680:Research Object Entity, Name, L1522761:Architecture Extraction)', '(R869648:A Platform for the Automated Provisioning of Architecture Information for Large-Scale Service-Oriented Software Systems, publication year, L1522702:2018)']",clustering_strategy,R659055,Software Architecture and Design,5,How many research objects with the name [Content Data: research object name] have been investigated in papers published in the publication year [year 1] in comparison to the publication year [year 2]?
126,39f0c727f1c36390b5a876e7120bfff1,3c251bef-217a-4f5c-9ea7-584cf535dfdc,"

The source material shows that architecture‑pattern research was addressed in at least one study published in 2018 – the work “Understanding Architecture Decisions in Context” [3] – and in three papers published in 2020:

* “Architectural Patterns for Cross‑Domain Personalised Automotive Functions” [1]  
* “Model‑Based Analysis of Microservice Resiliency Patterns” [2]  
* “Monolith Migration Complexity Tuning Through the Application of Microservices Patterns” [4]

However, the texts do **not** provide any explicit count or comparative figure for how many times architecture patterns were investigated in each year. They only list the publication years of these specific works, leaving the exact number of investigations in 2018 versus 2020 undetermined from the given sources.

[1] Source: Architectural Patterns for Cross-Domain Personalised Automotive Functions, 10.1109/ICSA47634.2020.00026
[2] Source: Model-Based Analysis of Microservice Resiliency Patterns, 10.1109/ICSA47634.2020.00019
[3] Source: Understanding Architecture Decisions in Context, 10.1007/978-3-030-00761-4_19
[4] Source: Monolith Migration Complexity Tuning Through the Application of Microservices Patterns, 10.1007/978-3-030-58923-3_3
","['(R869851:Model-Based Analysis of Microservice Resiliency Patterns, publication year, L1523137:2020)', '(R870792:Architectural Patterns for Cross-Domain Personalised Automotive Functions, publication year, L1525115:2020)', '(R872484:Monolith Migration Complexity Tuning Through the Application of Microservices Patterns, publication year, L1528608:2020)', '(R868608:Understanding Architecture Decisions in Context, publication year, L1520464:2018)', '(R870830:Research Object Entity, Name, L1525177:Architecture Pattern)', '(R869851:Model-Based Analysis of Microservice Resiliency Patterns, research field, R659055:Software Architecture and Design)', '(R869851:Model-Based Analysis of Microservice Resiliency Patterns, venue, R820814:International Conference on Software Architecture (ICSA))']","['2018', '2020']",0.375,0.312,0.325,0.26,1.0,1.0,0.43,0.38,0.4,0.38,0.5,0.38,0.43,0.39,0.43,0.38,0.4,0.38,0.5,0.38,0.43,0.39,0.429,0.5,0.429,0.5,0.04,0.3,0.19,0.72,0.15,0.09,0.36,0.22,0.14,0.52,0.414,0.643,0.504,0.0,434.4323048591614,0.0015263999999999998,15425,0,0.0,,0,0.0,,,0.0,0.0,,0.0,0.0,https://wandb.ai/kastel-sdq-meta-research/experiment_cross_encoder/r/call/01a05f60-e383-79f6-bffc-0785065ab5e0,retrieval_config,False,KitToolbox,kit.qwen3-embedding-8b,10,10,True,cosine,True,False,10,-1,8,False,False,1,False,-1,-1,False,,['R659055'],['Paper'],True,False,False,kg_retrieval,hublink,kittoolbox_kit.minimax-m2.7-229b_tmpNone_maxt-1_reasoningNone,KitToolbox,kit.minimax-m2.7-229b,,-1,,kittoolbox_kit.minimax-m2.7-229b_tmpNone_maxt-1_reasoningNone,KitToolbox,kit.minimax-m2.7-229b,,-1,,orkg_merged_ecsa_icsa.json_jsonpublicationloader_limit-1,['paper_class'],['research_level'],['first_research_object'],['second_research_object'],['validity'],['evidence'],False,False,R659055,https://sandbox.orkg.org,-1,orkg,merged_ecsa_icsa.json_jsonpublicationloader_limit-1,merged_ecsa_icsa.json,JsonPublicationLoader,-1,,4000,2,generation_kittoolbox_kit.minimax-m2.7-229b_tmpNone_maxt-1_reasoningNone,generation,kittoolbox_kit.minimax-m2.7-229b_tmpNone_maxt-1_reasoningNone,KitToolbox,kit.minimax-m2.7-229b,,-1,,How many times have architecture patterns been investigated in 2018 in comparison to 2020?,The number of times architecture patterns have been investigated in 2018 in comparison to 2020 is the same; architecture patterns were investigated twice in 2018 and twice in 2020.,"['10.1109/ICSA47634.2020.00019', '10.1109/ICSA47634.2020.00019', '10.1109/ICSA47634.2020.00026', '10.1109/ICSA47634.2020.00026', '10.1109/ICSA.2018.00011', '10.1109/ICSA.2018.00011', '10.1007/978-3-030-00761-4_21', '10.1007/978-3-030-00761-4_21']",,"['(R869887:Research Object Entity, Name, L1523202:Architecture Pattern)', '(R869851:Model-Based Analysis of Microservice Resiliency Patterns, publication year, L1523137:2020)', '(R870830:Research Object Entity, Name, L1525177:Architecture Pattern)', '(R870792:Architectural Patterns for Cross-Domain Personalised Automotive Functions, publication year, L1525115:2020)', '(R874027:Research Object Entity, Name, L1531723:Architecture Pattern)', '(R873993:Reducing Development Overheads with a Generic and Model-Centric Architecture for Online Games, publication year, L1531662:2018)', '(R870420:Research Object Entity, Name, L1524302:Architecture Pattern)', '(R870380:Identifying and Prioritizing Architectural Debt Through Architectural Smells: A Case Study in a Large Software Company, publication year, L1524234:2018)']",clustering_strategy,R659055,Software Architecture and Design,5,How many research objects with the name [Content Data: research object name] have been published in [Metadata: year] in comparison to [Metadata: year]?
127,39f0c727f1c36390b5a876e7120bfff1,eafdb4ba-3efe-495d-a4e4-efe1b9ae8a83,"

From the texts that were examined, the evaluation method **Questionnaire** is reported in only one paper:

* **2021** – “How Software Architects Focus Their Attention” uses a questionnaire as its evaluation method [1].  

All other papers that are mentioned either do not use a questionnaire or do not report that method:

* 2021 – “A Decision Model for Choosing Patterns in Blockchain‑Based Applications” lists an **Interview** method, not a questionnaire [2].  
* 2020 – “A Comparison of MQTT Brokers for Distributed IoT Edge Computing” employs a **Technical Experiment** method, with no mention of a questionnaire [3].  
* 2021 – “Updating Service‑Based Software Systems in Air‑Gapped Environments” uses a **case‑study** method, again without a questionnaire [4].

Consequently, within the supplied set of papers, the questionnaire evaluation method appears **once in 2021** and **does not appear in any of the 2020 papers**. Because the sample is limited to a small number of papers, the available texts do not provide enough information to determine how often the questionnaire method is applied across all papers published in 2020 compared with 2021.

[1] Source: How Software Architects Focus Their Attention, 10.1007/978-3-030-86044-8_21
[2] Source: A Decision Model for Choosing Patterns in Blockchain-Based Applications, 10.1109/ICSA51549.2021.00013
[3] Source: A Comparison of MQTT Brokers for Distributed IoT Edge Computing, 10.1007/978-3-030-58923-3_23
[4] Source: Updating Service-Based Software Systems in Air-Gapped Environments, 10.1007/978-3-030-86044-8_10
","['(R868485:How Software Architects Focus Their Attention, publication year, L1520199:2021)', '(R868506:First Research Object 2, evaluation, R868507:Evaluation)', '(R868507:Evaluation, Evaluation method, R868508:Evaluation Method List)', '(R868508:Evaluation Method List, Entity, R868509:Evaluation Method Entity)', '(R868509:Evaluation Method Entity, Name, L1520249:Questionnaire)', '(R869312:A Decision Model for Choosing Patterns in Blockchain-Based Applications, publication year, L1521979:2021)', '(R868524:Updating Service-Based Software Systems in Air-Gapped Environments, publication year, L1520287:2021)', '(R869336:Evaluation Method List, Entity, R869337:Evaluation Method Entity)', '(R869337:Evaluation Method Entity, Name, L1522029:Interview)', '(R868551:Evaluation Method Entity, Name, L1520340:Case Study)']","['2020', '2021']",0.333,0.25,0.233,0.21,1.0,1.0,0.2,0.33,0.25,0.29,0.25,0.33,0.29,0.31,0.2,0.33,0.25,0.29,0.25,0.33,0.29,0.31,0.2,0.25,0.2,0.25,0.01,0.21,0.12,0.72,0.08,0.05,0.29,0.16,0.09,0.55,0.415,0.571,0.481,1.0,384.5149347782135,0.0,11854,0,0.0,,0,0.0,,,0.0,0.0,,0.0,0.0,https://wandb.ai/kastel-sdq-meta-research/experiment_cross_encoder/r/call/01a05f61-8bfd-7595-b00d-c0fe9851d21b,retrieval_config,False,KitToolbox,kit.qwen3-embedding-8b,10,10,True,cosine,True,False,10,-1,8,False,False,1,False,-1,-1,False,,['R659055'],['Paper'],True,False,False,kg_retrieval,hublink,kittoolbox_kit.minimax-m2.7-229b_tmpNone_maxt-1_reasoningNone,KitToolbox,kit.minimax-m2.7-229b,,-1,,kittoolbox_kit.minimax-m2.7-229b_tmpNone_maxt-1_reasoningNone,KitToolbox,kit.minimax-m2.7-229b,,-1,,orkg_merged_ecsa_icsa.json_jsonpublicationloader_limit-1,['paper_class'],['research_level'],['first_research_object'],['second_research_object'],['validity'],['evidence'],False,False,R659055,https://sandbox.orkg.org,-1,orkg,merged_ecsa_icsa.json_jsonpublicationloader_limit-1,merged_ecsa_icsa.json,JsonPublicationLoader,-1,,4000,2,generation_kittoolbox_kit.minimax-m2.7-229b_tmpNone_maxt-1_reasoningNone,generation,kittoolbox_kit.minimax-m2.7-229b_tmpNone_maxt-1_reasoningNone,KitToolbox,kit.minimax-m2.7-229b,,-1,,How often is the evaluation method Questionnaire applied in papers published in the publication year 2020 in comparison to the publication year 2021?,"The evaluation method Questionnaire is applied once in papers published in the publication year 2020, in comparison to being applied twice in papers published in the publication year 2021.","['10.1109/ICSA51549.2021.00014', '10.1109/ICSA51549.2021.00014', '10.1007/978-3-030-86044-8_21', '10.1007/978-3-030-86044-8_21', '10.1007/978-3-030-58923-3_21', '10.1007/978-3-030-58923-3_21']",,"['(R874370:Evaluation Method Entity, Name, L1532465:Questionnaire)', '(R874338:Continuous API Evolution in Heterogenous Enterprise Software Systems, publication year, L1532404:2021)', '(R868509:Evaluation Method Entity, Name, L1520249:Questionnaire)', '(R868485:How Software Architects Focus Their Attention, publication year, L1520199:2021)', '(R870466:Evaluation Method Entity, Name, L1524404:Questionnaire)', '(R870431:Determining Microservice Boundaries: A Case Study Using Static and Dynamic Software Analysis, publication year, L1524342:2020)']",clustering_strategy,R659055,Software Architecture and Design,6,How many evaluation methods with the name [Content Data: evaluation method name] have been published in [Metadata: year] in comparison to [Metadata: year]?
128,39f0c727f1c36390b5a876e7120bfff1,c38533ba-7e3f-4307-be53-2862558ba6c3,"

According to the source, interviews were used as an evaluation method for the “First Research Object 2” in the study *Migrating Towards Microservice Architectures: An Industrial Survey*. The evaluation‑method list includes an “Interview” entity in at least two separate descriptions (see texts 2 and 6) [1]. No information about the years 2020 or 2021 is provided in the given passages, so the number of times interviews were applied in each of those years cannot be determined from the available context.

[1] Source: Migrating Towards Microservice Architectures: An Industrial Survey, 10.1109/ICSA.2018.00012
","['(R871018:Evaluation Method Entity, Name, L1525565:Interview)', '(R2156200:Evaluation Method Entity, Name, L2809566:Interview)']","['2020', '2021']",0.0,0.0,0.0,0.0,0.0,0.0,0.0,0.0,0.0,0.0,0.0,0.0,0.0,0.0,0.0,0.0,0.0,0.0,0.0,0.0,0.0,0.0,0.0,0.0,0.0,0.0,0.08,0.37,0.26,0.62,0.16,0.11,0.27,0.23,0.16,0.38,0.468,0.585,0.52,0.0,338.88509607315063,0.0,103390,0,0.0,,0,0.0,,,0.0,0.0,,0.0,0.0,https://wandb.ai/kastel-sdq-meta-research/experiment_cross_encoder/r/call/01a05f61-e46d-72d3-acfd-ed1d37b83af1,retrieval_config,False,KitToolbox,kit.qwen3-embedding-8b,10,10,True,cosine,True,False,10,-1,8,False,False,1,False,-1,-1,False,,['R659055'],['Paper'],True,False,False,kg_retrieval,hublink,kittoolbox_kit.minimax-m2.7-229b_tmpNone_maxt-1_reasoningNone,KitToolbox,kit.minimax-m2.7-229b,,-1,,kittoolbox_kit.minimax-m2.7-229b_tmpNone_maxt-1_reasoningNone,KitToolbox,kit.minimax-m2.7-229b,,-1,,orkg_merged_ecsa_icsa.json_jsonpublicationloader_limit-1,['paper_class'],['research_level'],['first_research_object'],['second_research_object'],['validity'],['evidence'],False,False,R659055,https://sandbox.orkg.org,-1,orkg,merged_ecsa_icsa.json_jsonpublicationloader_limit-1,merged_ecsa_icsa.json,JsonPublicationLoader,-1,,4000,2,generation_kittoolbox_kit.minimax-m2.7-229b_tmpNone_maxt-1_reasoningNone,generation,kittoolbox_kit.minimax-m2.7-229b_tmpNone_maxt-1_reasoningNone,KitToolbox,kit.minimax-m2.7-229b,,-1,,How many times have interviews been applied for evaluation in 2020 in comparison to 2021?,"The number of times interviews have been applied for evaluation in 2020 in comparison to 2021 is as follows: in 2020, interviews were not applied, while in 2021, interviews were applied in three papers.","['10.1109/ICSA51549.2021.00013', '10.1109/ICSA51549.2021.00013', '10.1109/ICSA51549.2021.00010', '10.1109/ICSA51549.2021.00010', '10.1109/ICSA51549.2021.00020', '10.1109/ICSA51549.2021.00020', '10.1007/978-3-030-86044-8_14', '10.1007/978-3-030-86044-8_14']",,"['(R869337:Evaluation Method Entity, Name, L1522029:Interview)', '(R869312:A Decision Model for Choosing Patterns in Blockchain-Based Applications, publication year, L1521979:2021)', '(R874237:Evaluation Method Entity, Name, L1532186:Interview)', '(R874205:System- and Software-level Architecting Harmonization Practices for Systems-of-Systems : An exploratory case study on a long-running large-scale scientific instrument, publication year, L1532127:2021)', '(R873514:Evaluation Method Entity, Name, L1530665:Interview)', '(R873233:Aligning Architecture with Business Goals in the Automotive Domain, publication year, L1530089:2021)', '(R873252:Evaluation Method Entity, Name, L1530118:Interview)', '(R873486:State of the Practice in Application Programming Interfaces (APIs): A Case Study, publication year, L1530611:2021)']",clustering_strategy,R659055,Software Architecture and Design,6,How many evaluation methods with the name [Content Data: evaluation method name] have been published in [Metadata: year] in comparison to [Metadata: year]?
129,39f0c727f1c36390b5a876e7120bfff1,2025048a-6b67-4553-bb99-8330bad2bd56,"

The papers by Uwe Zdun investigate two distinct research objects. The object that is reported **without any evaluation method** is the one labeled **Second Research Object 2** – i.e., the work on identifying domain‑based cyclic dependencies in microservice APIs using source‑code detectors.  In the provided texts this object’s evaluation method is explicitly marked as “false” [2][4].

For contrast, the other research object, **First Research Object 2**, is described as having been evaluated (e.g., using Grounded Theory) [1][3][2].

[1] Source: Assessing Architecture Conformance to Coupling-Related Patterns and Practices in Microservices, 10.1007/978-3-030-58923-3_1
[2] Source: Identifying Domain-Based Cyclic Dependencies in Microservice APIs Using Source Code Detectors, 10.1007/978-3-030-86044-8_15
[3] Source: Supporting Architectural Decision Making on Data Management in Microservice Architectures, 10.1007/978-3-030-29983-5_2
[4] Source: Semi-automatic Feedback for Improving Architecture Conformance to Microservice Patterns and Practices, 10.1109/ICSA51549.2021.00012
","['(R872981:authors list, has list element, L1529591:Uwe Zdun)', '(R871896:Identifying Domain-Based Cyclic Dependencies in Microservice APIs Using Source Code Detectors, authors, R871897:authors list)', '(R871897:authors list, has list element, L1527351:Uwe Zdun)', '(R871896:Identifying Domain-Based Cyclic Dependencies in Microservice APIs Using Source Code Detectors, contribution, R871929:Second Research Object 2)', '(R871929:Second Research Object 2, evaluation, R871930:Evaluation)', '(R871930:Evaluation, Evaluation method, L1527415:False)', '(R869264:Semi-automatic Feedback for Improving Architecture Conformance to Microservice Patterns and Practices, authors, R869265:authors list)', '(R869265:authors list, has list element, L1521866:Uwe Zdun)', '(R872980:Supporting Architectural Decision Making on Data Management in Microservice Architectures, contribution, R873002:First Research Object 2)', '(R873002:First Research Object 2, evaluation, R873003:Evaluation)', '(R873003:Evaluation, Evaluation method, R873004:Evaluation Method List)', '(R873004:Evaluation Method List, Entity, R873005:Evaluation Method Entity)', '(R873005:Evaluation Method Entity, Name, L1529647:Grounded Theory)', '(R869264:Semi-automatic Feedback for Improving Architecture Conformance to Microservice Patterns and Practices, contribution, R869297:Second Research Object 2)', '(R869297:Second Research Object 2, evaluation, R869298:Evaluation)', '(R869298:Evaluation, Evaluation method, L1521934:False)']",['Uwe Zdun'],0.5,0.417,0.174,0.39,0.333,0.5,0.3,0.5,0.37,0.44,0.43,0.5,0.46,0.48,0.25,0.67,0.36,0.5,0.4,0.67,0.5,0.59,0.3,0.429,0.25,0.4,0.01,0.28,0.19,0.55,0.11,0.07,0.21,0.16,0.11,0.31,0.469,0.622,0.534,1.0,521.5130631923676,0.0,133750,0,0.0,,0,0.0,,,0.0,0.0,,0.0,0.0,https://wandb.ai/kastel-sdq-meta-research/experiment_cross_encoder/r/call/01a05f63-f2b1-757a-8dd8-5c5a078e4306,retrieval_config,False,KitToolbox,kit.qwen3-embedding-8b,10,10,True,cosine,True,False,10,-1,8,False,False,1,False,-1,-1,False,,['R659055'],['Paper'],True,False,False,kg_retrieval,hublink,kittoolbox_kit.minimax-m2.7-229b_tmpNone_maxt-1_reasoningNone,KitToolbox,kit.minimax-m2.7-229b,,-1,,kittoolbox_kit.minimax-m2.7-229b_tmpNone_maxt-1_reasoningNone,KitToolbox,kit.minimax-m2.7-229b,,-1,,orkg_merged_ecsa_icsa.json_jsonpublicationloader_limit-1,['paper_class'],['research_level'],['first_research_object'],['second_research_object'],['validity'],['evidence'],False,False,R659055,https://sandbox.orkg.org,-1,orkg,merged_ecsa_icsa.json_jsonpublicationloader_limit-1,merged_ecsa_icsa.json,JsonPublicationLoader,-1,,4000,2,generation_kittoolbox_kit.minimax-m2.7-229b_tmpNone_maxt-1_reasoningNone,generation,kittoolbox_kit.minimax-m2.7-229b_tmpNone_maxt-1_reasoningNone,KitToolbox,kit.minimax-m2.7-229b,,-1,,What are the research objects that have been investigated in papers by the author Uwe Zdun to which no evaluation method has been applied?,The research objects that have been investigated in papers by the author Uwe Zdun to which no evaluation method has been applied are Architecture Optimization Method and Architectural Aspects.,"['10.1109/ICSA51549.2021.00012', '10.1109/ICSA51549.2021.00012', '10.1109/ICSA51549.2021.00012', '10.1007/978-3-030-86044-8_15', '10.1007/978-3-030-86044-8_15', '10.1007/978-3-030-86044-8_15']",,"['(R869265:authors list, has list element, L1521866:Uwe Zdun)', '(R869298:Evaluation, Evaluation method, L1521934:False)', '(R869300:Research Object Entity, Name, L1521937:Architecture Optimization Method)', '(R871897:authors list, has list element, L1527351:Uwe Zdun)', '(R871930:Evaluation, Evaluation method, L1527415:False)', '(R871932:Research Object Entity, Name, L1527418:Architectural Aspects)']",clustering_strategy,R659055,Software Architecture and Design,5,"What are the names of the research objects, that have been investigated in papers by the author [Metadata: author name], where no evaluation method has been applied to?"
130,39f0c727f1c36390b5a876e7120bfff1,f08d5a22-a10b-41f8-b6da-8e5451777861,"

Muhammad Babar employed two evaluation methods for the research object **First Research Object 2**, and in both cases the evaluation was carried out **without an accompanying evaluation guideline** (the “Has Guideline” flag is False).

| Evaluation method | Guideline applied? |
|------------------|--------------------|
| **Technical Experiment** | No (Has Guideline = False) |
| **Case Study** | No (Has Guideline = False) |

**Sources**

- The technical‑experiment evaluation is reported for Babar’s work in the cited paper, with the “Has Guideline” field marked false [1].  
- The case‑study evaluation is also described as being performed without an evaluation guideline, and it is directly attributed to Muhammad Babar [5][7].

[1] Source: An Architecture-Driven Adaptation Approach for Big Data Cyber Security Analytics, 10.1109/ICSA.2019.00013
[5] Source: Monolith Migration Complexity Tuning Through the Application of Microservices Patterns, 10.1007/978-3-030-58923-3_3
[7] Source: Anatomy, Concept, and Design Space of Blockchain Networks, 10.1109/ICSA47634.2020.00020
","['(R870015:authors list, has list element, L1523469:Muhammad Babar)', '(R869183:authors list, has list element, L1521691:Muhammad Babar)', '(R869182:Anatomy, Concept, and Design Space of Blockchain Networks, contribution, R869205:First Research Object 2)', '(R869205:First Research Object 2, evaluation, R869206:Evaluation)', '(R872508:Evaluation, Has Guideline, L1528661:False)', '(R869206:Evaluation, Has Guideline, L1521745:False)', '(R869206:Evaluation, Evaluation method, R869207:Evaluation Method List)', '(R869207:Evaluation Method List, Entity, R869208:Evaluation Method Entity)', '(R869208:Evaluation Method Entity, Name, L1521744:Case Study)', '(R870014:An Architecture-Driven Adaptation Approach for Big Data Cyber Security Analytics, contribution, R2156164:First Research Object 2)', '(R2156164:First Research Object 2, evaluation, R2156177:Evaluation)', '(R2156177:Evaluation, Evaluation method, R2156181:Evaluation Method List)', '(R2156181:Evaluation Method List, Entity, R2156183:Evaluation Method Entity)', '(R2156183:Evaluation Method Entity, Name, L2809557:Technical Experiment)', '(R870039:Evaluation, Has Guideline, L1523524:False)', '(R872508:Evaluation, Evaluation method, R872509:Evaluation Method List)', '(R872509:Evaluation Method List, Entity, R872510:Evaluation Method Entity)', '(R872510:Evaluation Method Entity, Name, L1528660:Case Study)']",['Muhammad Babar'],0.444,0.222,0.327,0.471,1.0,1.0,0.4,0.44,0.42,0.43,0.53,0.44,0.48,0.46,0.28,0.56,0.37,0.46,0.42,0.56,0.48,0.52,0.4,0.533,0.278,0.417,0.02,0.28,0.18,0.65,0.12,0.07,0.28,0.18,0.11,0.42,0.365,0.572,0.445,1.0,484.87179923057556,0.0,17210,0,0.0,,0,0.0,,,0.0,0.0,,0.0,0.0,https://wandb.ai/kastel-sdq-meta-research/experiment_cross_encoder/r/call/01a05f67-3efc-7517-ae6a-661bd2f78557,retrieval_config,False,KitToolbox,kit.qwen3-embedding-8b,10,10,True,cosine,True,False,10,-1,8,False,False,1,False,-1,-1,False,,['R659055'],['Paper'],True,False,False,kg_retrieval,hublink,kittoolbox_kit.minimax-m2.7-229b_tmpNone_maxt-1_reasoningNone,KitToolbox,kit.minimax-m2.7-229b,,-1,,kittoolbox_kit.minimax-m2.7-229b_tmpNone_maxt-1_reasoningNone,KitToolbox,kit.minimax-m2.7-229b,,-1,,orkg_merged_ecsa_icsa.json_jsonpublicationloader_limit-1,['paper_class'],['research_level'],['first_research_object'],['second_research_object'],['validity'],['evidence'],False,False,R659055,https://sandbox.orkg.org,-1,orkg,merged_ecsa_icsa.json_jsonpublicationloader_limit-1,merged_ecsa_icsa.json,JsonPublicationLoader,-1,,4000,2,generation_kittoolbox_kit.minimax-m2.7-229b_tmpNone_maxt-1_reasoningNone,generation,kittoolbox_kit.minimax-m2.7-229b_tmpNone_maxt-1_reasoningNone,KitToolbox,kit.minimax-m2.7-229b,,-1,,What evaluation methods have been used by the author Muhammad Babar and were not applied with an evaluation guideline?,The evaluation methods that have been used by the author Muhammad Babar and were not applied with an evaluation guideline are Technical Experiment and Case Study.,"['10.1109/ICSA.2019.00013', '10.1109/ICSA.2019.00013', '10.1109/ICSA.2019.00013', '10.1109/ICSA47634.2020.00020', '10.1109/ICSA47634.2020.00020', '10.1109/ICSA47634.2020.00020', '10.1007/978-3-030-58923-3_11', '10.1007/978-3-030-58923-3_11', '10.1007/978-3-030-58923-3_11']",,"['(R870015:authors list, has list element, L1523469:Muhammad Babar)', '(R870039:Evaluation, Has Guideline, L1523524:False)', '(R870041:Evaluation Method Entity, Name, L1523523:Technical Experiment)', '(R869183:authors list, has list element, L1521691:Muhammad Babar)', '(R869206:Evaluation, Has Guideline, L1521745:False)', '(R869208:Evaluation Method Entity, Name, L1521744:Case Study)', '(R871384:authors list, has list element, L1526315:Muhammad Babar)', '(R871405:Evaluation, Has Guideline, L1526367:False)', '(R871407:Evaluation Method Entity, Name, L1526366:Case Study)']",clustering_strategy,R659055,Software Architecture and Design,6,What evaluation methods that have been published by the author [Metadata: author name] have no evaluation guidelines?
131,39f0c727f1c36390b5a876e7120bfff1,64fa2927-d8ea-48b1-b16d-c1736a6eb076,"

**Evaluation methods that were used without a guideline in Johannes Grohmann’s publications**

| Evaluation method | Paper / contribution where it appears | Guideline status | Source |
|------------------|----------------------------------------|------------------|--------|
| **Technical Experiment** | *Integrating Statistical Response Time Models in Architectural Performance Models* (authored by Johannes Grohmann) | No guideline (Has Guideline = False) | [3] |
| **Case Study** | *Incremental Calibration of Architectural Performance Models with Parametric Dependencies* (authored by Johannes Grohmann) – evaluation of First Research Object 2 | No guideline (Has Guideline = False) | [1] [6] |
| **Quality of Method** | *Data‑Driven Software Architecture for Analyzing Confidentiality* (a contribution by Johannes Grohmann) – evaluation of Second Research Object 2 | No guideline (Has Guideline = False) | [5] |

These three methods are the only evaluation approaches explicitly reported as being performed without a guideline in the papers written by Johannes Grohmann.

[1] Source: Automatic Extraction of Design Decisions from Issue Management Systems: A Machine Learning Based Approach, 10.1007/978-3-319-65831-5_10
[3] Source: Integrating Statistical Response Time Models in Architectural Performance Models, 10.1109/ICSA.2019.00016
[5] Source: Data-Driven Software Architecture for Analyzing Confidentiality, 10.1109/ICSA.2019.00009
[6] Source: Flaws in Flows: Unveiling Design Flaws via Information Flow Analysis, 10.1109/ICSA.2019.00028
","['(R872194:Integrating Statistical Response Time Models in Architectural Performance Models, authors, R872195:authors list)', '(R872195:authors list, has list element, L1527978:Johannes Grohmann)', '(R868767:Evaluation, Has Guideline, L1520808:False)', '(R872194:Integrating Statistical Response Time Models in Architectural Performance Models, contribution, R872215:First Research Object 2)', '(R872215:First Research Object 2, evaluation, R872216:Evaluation)', '(R872216:Evaluation, Has Guideline, L1528031:False)', '(R871247:Evaluation, Has Guideline, L1526050:False)', '(R873653:Data-Driven Software Architecture for Analyzing Confidentiality, contribution, R873682:Second Research Object 2)', '(R873682:Second Research Object 2, evaluation, R873683:Evaluation)', '(R873686:Property, Name, L1531016:Quality of Method)', '(R871247:Evaluation, Evaluation method, R871248:Evaluation Method List)', '(R871248:Evaluation Method List, Entity, R871249:Evaluation Method Entity)', '(R871249:Evaluation Method Entity, Name, L1526049:Case Study)', '(R872216:Evaluation, Evaluation method, R872217:Evaluation Method List)', '(R872217:Evaluation Method List, Entity, R872218:Evaluation Method Entity)', '(R872218:Evaluation Method Entity, Name, L1528030:Technical Experiment)', '(R873683:Evaluation, Has Guideline, L1531014:False)', '(R868769:Evaluation Method Entity, Name, L1520807:Case Study)']",['Johannes Grohmann'],0.333,0.25,0.139,0.327,0.5,1.0,0.2,0.33,0.25,0.29,0.27,0.33,0.3,0.32,0.17,0.5,0.25,0.36,0.25,0.5,0.33,0.42,0.2,0.267,0.167,0.25,0.03,0.25,0.15,0.86,0.14,0.08,0.5,0.2,0.11,0.67,0.367,0.659,0.471,0.0,405.17342257499695,0.00125175,13881,0,0.0,,0,0.0,,,0.0,0.0,,0.0,0.0,https://wandb.ai/kastel-sdq-meta-research/experiment_cross_encoder/r/call/01a05f67-a85f-7a08-bf7d-28d9ebbe49b4,retrieval_config,False,KitToolbox,kit.qwen3-embedding-8b,10,10,True,cosine,True,False,10,-1,8,False,False,1,False,-1,-1,False,,['R659055'],['Paper'],True,False,False,kg_retrieval,hublink,kittoolbox_kit.minimax-m2.7-229b_tmpNone_maxt-1_reasoningNone,KitToolbox,kit.minimax-m2.7-229b,,-1,,kittoolbox_kit.minimax-m2.7-229b_tmpNone_maxt-1_reasoningNone,KitToolbox,kit.minimax-m2.7-229b,,-1,,orkg_merged_ecsa_icsa.json_jsonpublicationloader_limit-1,['paper_class'],['research_level'],['first_research_object'],['second_research_object'],['validity'],['evidence'],False,False,R659055,https://sandbox.orkg.org,-1,orkg,merged_ecsa_icsa.json_jsonpublicationloader_limit-1,merged_ecsa_icsa.json,JsonPublicationLoader,-1,,4000,2,generation_kittoolbox_kit.minimax-m2.7-229b_tmpNone_maxt-1_reasoningNone,generation,kittoolbox_kit.minimax-m2.7-229b_tmpNone_maxt-1_reasoningNone,KitToolbox,kit.minimax-m2.7-229b,,-1,,What are the evaluation methods that were applied without a guideline in papers published by Johannes Grohmann?,The evaluation methods that were applied without a guideline in papers published by Johannes Grohmann are Technical Experiment and Case Study.,"['10.1109/ICSA.2019.00016', '10.1109/ICSA.2019.00016', '10.1109/ICSA.2019.00016', '10.1109/ICSA47634.2020.00011', '10.1109/ICSA47634.2020.00011', '10.1109/ICSA47634.2020.00011']",,"['(R872195:authors list, has list element, L1527978:Johannes Grohmann)', '(R872216:Evaluation, Has Guideline, L1528031:False)', '(R872218:Evaluation Method Entity, Name, L1528030:Technical Experiment)', '(R870060:authors list, has list element, L1523562:Johannes Grohmann)', '(R870083:Evaluation, Has Guideline, L1523616:False)', '(R870085:Evaluation Method Entity, Name, L1523615:Case Study)']",clustering_strategy,R659055,Software Architecture and Design,6,What evaluation methods that have been published by the author [Metadata: author name] have no evaluation guidelines?
132,39f0c727f1c36390b5a876e7120bfff1,783f1a51-be51-4c07-8098-073401b81bd4,"

The publications that **Davide Arcelli** authored or co‑authored contain two research objects that were investigated **without using input data**:

| Research object | Paper(s) where it appears | Evidence of “no‑input‑data” use |
|-----------------|---------------------------|--------------------------------|
| **First Research Object 2** | • “Exploiting Architecture/Runtime Model‑Driven Traceability for Performance Improvement”  <br>• “EASIER: An Evolutionary Approach for Multi‑objective Software Architecture Refactoring” | In both works the object is associated with input data, yet the data are **not actually used** (the “used” flag is false). |
| **Evidence 2** | “EASIER: An Evolutionary Approach for Multi‑objective Software Architecture Refactoring” | The attribute for this evidence explicitly records **“used = false”**, indicating that the linked input data are not consumed. |

These are the only research objects identified in Davide Arcelli’s publications that meet the “not used input data” criterion.  

**Sources:** [1] – identifies **First Research Object 2** in the “Exploiting …” paper; [3] – confirms **First Research Object 2** and **Evidence 2** in the “EASIER” paper, both with no actual input‑data use.

[1] Source: Exploiting Architecture/Runtime Model-Driven Traceability for Performance Improvement, 10.1109/ICSA.2019.00017
[3] Source: EASIER: An Evolutionary Approach for Multi-objective Software ArchItecturE Refactoring, 10.1109/ICSA.2018.00020
","['(R871305:EASIER: An Evolutionary Approach for Multi-objective Software ArchItecturE Refactoring, authors, R871306:authors list)', '(R871306:authors list, has list element, L1526166:Davide Arcelli)', '(R871814:Exploiting Architecture/Runtime Model-Driven Traceability for Performance Improvement, authors, R871815:authors list)', '(R871815:authors list, has list element, L1527181:Davide Arcelli)', '(R871305:EASIER: An Evolutionary Approach for Multi-objective Software ArchItecturE Refactoring, contribution, R871336:Evidence 2)', '(R871848:Input Data, used, L1527243:False)', '(R871337:Input Data, used, L1526228:False)', '(R871305:EASIER: An Evolutionary Approach for Multi-objective Software ArchItecturE Refactoring, contribution, R2156278:First Research Object 2)', '(R871814:Exploiting Architecture/Runtime Model-Driven Traceability for Performance Improvement, contribution, R871837:First Research Object 2)']",['Davide Arcelli'],0.286,0.286,0.143,0.569,0.5,1.0,0.22,0.29,0.25,0.27,0.46,0.43,0.44,0.43,0.22,0.29,0.25,0.27,0.46,0.43,0.44,0.43,0.222,0.462,0.222,0.462,0.01,0.19,0.11,0.67,0.08,0.04,0.27,0.14,0.08,0.48,0.379,0.558,0.451,1.0,381.20807123184204,0.0,36843,0,0.0,,0,0.0,,,0.0,0.0,,0.0,0.0,https://wandb.ai/kastel-sdq-meta-research/experiment_cross_encoder/r/call/01a05f67-e664-7872-a88d-7b0916fa10ee,retrieval_config,False,KitToolbox,kit.qwen3-embedding-8b,10,10,True,cosine,True,False,10,-1,8,False,False,1,False,-1,-1,False,,['R659055'],['Paper'],True,False,False,kg_retrieval,hublink,kittoolbox_kit.minimax-m2.7-229b_tmpNone_maxt-1_reasoningNone,KitToolbox,kit.minimax-m2.7-229b,,-1,,kittoolbox_kit.minimax-m2.7-229b_tmpNone_maxt-1_reasoningNone,KitToolbox,kit.minimax-m2.7-229b,,-1,,orkg_merged_ecsa_icsa.json_jsonpublicationloader_limit-1,['paper_class'],['research_level'],['first_research_object'],['second_research_object'],['validity'],['evidence'],False,False,R659055,https://sandbox.orkg.org,-1,orkg,merged_ecsa_icsa.json_jsonpublicationloader_limit-1,merged_ecsa_icsa.json,JsonPublicationLoader,-1,,4000,2,generation_kittoolbox_kit.minimax-m2.7-229b_tmpNone_maxt-1_reasoningNone,generation,kittoolbox_kit.minimax-m2.7-229b_tmpNone_maxt-1_reasoningNone,KitToolbox,kit.minimax-m2.7-229b,,-1,,What are the research objects that are investigated in publications from Davide Arcelli that have not used input data?,"The research objects published by Davide Arcelli that have not used input data are the Architecture Optimization Method, the Architecture Analysis Method, and the Architecture Design Method.","['10.1109/ICSA.2018.00020', '10.1109/ICSA.2018.00020', '10.1109/ICSA.2019.00017', '10.1109/ICSA.2019.00017', '10.1109/ICSA.2018.00020', '10.1109/ICSA.2019.00017', '10.1109/ICSA.2019.00017']",,"['(R871306:authors list, has list element, L1526166:Davide Arcelli)', '(R871337:Input Data, None, L1526229:True)', '(R871815:authors list, has list element, L1527181:Davide Arcelli)', '(R871848:Input Data, None, L1527244:True)', '(R871335:Research Object Entity, Name, L1526225:Architecture Optimization Method)', '(R871844:Research Object Entity, Name, L1527239:Architecture Analysis Method)', '(R871846:Research Object Entity, Name, L1527240:Architecture Design Method)']",clustering_strategy,R659055,Software Architecture and Design,5,"What research objects, that have been published by the author [Metadata: author name] have their input data set to none?"
133,39f0c727f1c36390b5a876e7120bfff1,ce07faf7-c907-424b-8c06-a01beaa2c95e,"

The property that is evaluated most often in the papers on architecture‑analysis methods authored by Romina Eramo is **Input Data**.  

- In the review of the papers, Input Data is cited repeatedly across several evaluation statements (e.g., statements 3, 8, and 9), indicating that it is the most frequently assessed property [3].  
- While other properties such as **Performance efficiency** (appears in [2] and [4]), **Usability** (appears in [4]), and **Effectiveness** (appears in [1] and [5]) are also evaluated, they occur less often than Input Data.  

Hence, among the properties examined in Eramo’s architecture‑analysis work, **Input Data** is the one evaluated the greatest number of times.

[1] Source: Exploiting Architecture/Runtime Model-Driven Traceability for Performance Improvement, 10.1109/ICSA.2019.00017
[2] Source: Continuous Analysis of Collaborative Design, 10.1109/ICSA.2017.45
[3] Source: Availability-Driven Architectural Change Propagation Through Bidirectional Model Transformations Between UML and Petri Net Models, 10.1109/ICSA.2018.00022
[4] Source: Towards a Reference Architecture for Cloud-Based Plant Genotyping and Phenotyping Analysis Frameworks, 10.1109/ICSA.2017.42
[5] Source: Modeling of Parametric Dependencies for Performance Prediction of Component-Based Software Systems at Run-Time, 10.1109/ICSA.2018.00023
","['(R871814:Exploiting Architecture/Runtime Model-Driven Traceability for Performance Improvement, authors, R871815:authors list)', '(R871815:authors list, has list element, L1527184:Romina Eramo)', '(R872576:Property, Name, L1528782:Performance efficiency)', '(R872865:Property, Name, L1529345:Functional Suitability)', '(R872591:Property, Name, L1528793:Usability)', '(R872770:Evidence 2, Uses Input Data, R872771:Input Data)', '(R872771:Input Data, used, L1529156:True)', '(R872302:Property, Name, L1528211:Functional Suitability)', '(R872864:Property, Name, L1529344:Performance efficiency)', '(R872306:Property, Name, L1528215:Effectiveness)', '(R872573:Property, Name, L1528779:Usability)', '(R872863:Property, Name, L1529346:Product Quality)', '(R872586:Property, Name, L1528789:Performance efficiency)', '(R872303:Property, Name, L1528214:Quality of Method)', '(R872305:Property, Name, L1528216:Quality in Use)', '(R871814:Exploiting Architecture/Runtime Model-Driven Traceability for Performance Improvement, contribution, R871837:First Research Object 2)', '(R871837:First Research Object 2, evaluation, R871838:Evaluation)', '(R871838:Evaluation, properties, R871841:Property)', '(R871842:Property, Name, L1527237:Effectiveness)', '(R872770:Evidence 2, Uses Tool Support, R872772:Tool Support)', '(R872772:Tool Support, used, L1529159:True)']","['Romina Eramo', 'Architecture Analysis Methods']",0.167,0.0,0.083,0.2,0.5,1.0,0.1,0.17,0.12,0.15,0.11,0.17,0.13,0.15,0.1,0.33,0.15,0.22,0.11,0.33,0.17,0.24,0.1,0.111,0.095,0.114,0.04,0.27,0.17,0.75,0.17,0.1,0.48,0.23,0.14,0.62,0.397,0.684,0.502,1.0,491.1898913383484,0.0,14060,0,0.0,,0,0.0,,,0.0,0.0,,0.0,0.0,https://wandb.ai/kastel-sdq-meta-research/experiment_cross_encoder/r/call/01a05f68-649c-76fd-8696-34b56a7c5390,retrieval_config,False,KitToolbox,kit.qwen3-embedding-8b,10,10,True,cosine,True,False,10,-1,8,False,False,1,False,-1,-1,False,,['R659055'],['Paper'],True,False,False,kg_retrieval,hublink,kittoolbox_kit.minimax-m2.7-229b_tmpNone_maxt-1_reasoningNone,KitToolbox,kit.minimax-m2.7-229b,,-1,,kittoolbox_kit.minimax-m2.7-229b_tmpNone_maxt-1_reasoningNone,KitToolbox,kit.minimax-m2.7-229b,,-1,,orkg_merged_ecsa_icsa.json_jsonpublicationloader_limit-1,['paper_class'],['research_level'],['first_research_object'],['second_research_object'],['validity'],['evidence'],False,False,R659055,https://sandbox.orkg.org,-1,orkg,merged_ecsa_icsa.json_jsonpublicationloader_limit-1,merged_ecsa_icsa.json,JsonPublicationLoader,-1,,4000,2,generation_kittoolbox_kit.minimax-m2.7-229b_tmpNone_maxt-1_reasoningNone,generation,kittoolbox_kit.minimax-m2.7-229b_tmpNone_maxt-1_reasoningNone,KitToolbox,kit.minimax-m2.7-229b,,-1,,What is the property that is evaluated the most often in papers that investigate architecture analysis methods published by Romina Eramo?,The property that is evaluated the most often for the research object Architecture Analysis Method published by the author Romina Eramo is Functional Suitability.,"['10.1109/ICSA.2018.00022', '10.1109/ICSA.2018.00022', '10.1109/ICSA.2018.00022', '10.1109/ICSA.2019.00017', '10.1109/ICSA.2019.00017', '10.1109/ICSA.2019.00017']",,"['(R872742:authors list, has list element, L1529100:Romina Eramo)', '(R872769:Research Object Entity, Name, L1529153:Architecture Analysis Method)', '(R872767:Property, Name, L1529151:Functional Suitability)', '(R871815:authors list, has list element, L1527184:Romina Eramo)', '(R871844:Research Object Entity, Name, L1527239:Architecture Analysis Method)', '(R871842:Property, Name, L1527237:Effectiveness)']",clustering_strategy,R659055,Software Architecture and Design,6,Which is the sub-property that appears the most for the research object [Content Data: research object name] published by the author [Metadata: author name]?
134,39f0c727f1c36390b5a876e7120bfff1,56365c6d-0fc1-47fb-9d5b-15c56f380b8b,"

The papers that are classified as a **proposal of solution** (Paper Class 2) and that investigate the research object **Architecture Extraction** are described by the source texts in several conflicting ways:

* [1] reports that the paper does not carry out a formal evaluation activity; it only looks at the property **“Performance efficiency.”**  
* [2] states that the only explicit evaluation method mentioned for a paper of this type is **Technical Experiment**, although the example cited does not fully satisfy the “proposal of solution” condition.  
* [5] identifies **validation research** as the evaluation method used for a paper of the required class and research object.  
* [7] notes **Argumentation** as the evaluation method for another research object, but it does not relate to Architecture Extraction.  
* [4] and [8] indicate that the evaluation is either absent or marked “false,” meaning that no evaluation method was applied at all.

Because the source texts provide a range of responses—some saying no evaluation method is reported, others citing specific methods (Technical Experiment, validation research, Argumentation), and some indicating the evaluation is missing—it is not possible to determine a single “most applied” evaluation method for papers that meet both the **Paper Class = proposal of solution** and **Research Object = Architecture Extraction** criteria. The only consistent point is that the information is limited and contradictory, so any conclusion about the predominant evaluation method would be speculative.

[1] Source: A Platform for the Automated Provisioning of Architecture Information for Large-Scale Service-Oriented Software Systems, 10.1007/978-3-030-00761-4_14
[2] Source: Determination and Enforcement of Least-Privilege Architecture in Android, 10.1109/ICSA.2017.18
[4] Source: Tool Support for the Migration to Microservice Architecture: An Industrial Case Study, 10.1007/978-3-030-29983-5_17
[5] Source: Evaluating the Effectiveness of Multi-level Greedy Modularity Clustering for Software Architecture Recovery, 10.1007/978-3-030-29983-5_5
[7] Source: A Taxonomy of Blockchain-Based Systems for Architecture Design, 10.1109/ICSA.2017.33
[8] Source: Improving the Consistency and Usefulness of Architecture Descriptions: Guidelines for Architects, 10.1109/ICSA.2019.00024
","['(R869680:Research Object Entity, Name, L1522761:Architecture Extraction)', '(R874554:Research Object Entity, Name, L1532843:Architecture Extraction)', '(R872428:Tool Support for the Migration to Microservice Architecture: An Industrial Case Study, contribution, R872457:First Research Object 2)', '(R872457:First Research Object 2, Object, R872463:Research Object List)', '(R872463:Research Object List, Entity, R872464:Research Object Entity)', '(R872464:Research Object Entity, Name, L1528569:Architecture Extraction)', '(R871264:Determination and Enforcement of Least-Privilege Architecture in Android, contribution, R871286:First Research Object 2)', '(R871286:First Research Object 2, Object, R871293:Research Object List)', '(R871293:Research Object List, Entity, R871294:Research Object Entity)', '(R871294:Research Object Entity, Name, L1526138:Architecture Extraction)', '(R873701:A Taxonomy of Blockchain-Based Systems for Architecture Design, contribution, R873715:Paper Class 2)', '(R873715:Paper Class 2, proposal of solution, L1531083:True)', '(R871286:First Research Object 2, evaluation, R871287:Evaluation)', '(R871287:Evaluation, Evaluation method, R871288:Evaluation Method List)', '(R871288:Evaluation Method List, Entity, R871289:Evaluation Method Entity)', '(R871289:Evaluation Method Entity, Name, L1526133:Technical Experiment)', '(R873701:A Taxonomy of Blockchain-Based Systems for Architecture Design, contribution, R873717:First Research Object 2)', '(R873717:First Research Object 2, evaluation, R873718:Evaluation)', '(R873718:Evaluation, Evaluation method, R873719:Evaluation Method List)', '(R873719:Evaluation Method List, Entity, R873720:Evaluation Method Entity)', '(R873720:Evaluation Method Entity, Name, L1531089:Argumentation)', '(R869669:Paper Class 2, evaluation research, L1522752:False)', '(R872428:Tool Support for the Migration to Microservice Architecture: An Industrial Case Study, contribution, R872455:Paper Class 2)', '(R872455:Paper Class 2, evaluation research, L1528562:False)', '(R871264:Determination and Enforcement of Least-Privilege Architecture in Android, contribution, R871284:Paper Class 2)', '(R871284:Paper Class 2, proposal of solution, L1526127:False)', '(R869669:Paper Class 2, proposal of solution, L1522749:True)', '(R874541:Paper Class 2, proposal of solution, L1532829:True)', '(R874541:Paper Class 2, validation research, L1532827:True)', '(R869671:First Research Object 2, evaluation, R869672:Evaluation)', '(R869672:Evaluation, properties, R869675:Property)', '(R869676:Property, Name, L1522757:Performance efficiency)', '(R872455:Paper Class 2, proposal of solution, L1528559:True)', '(R872457:First Research Object 2, evaluation, R872458:Evaluation)', '(R872458:Evaluation, Has Guideline, L1528566:False)']",[],0.333,0.167,0.278,0.327,1.0,1.0,0.3,0.33,0.32,0.33,0.43,0.33,0.38,0.35,0.17,0.67,0.27,0.42,0.27,0.67,0.39,0.52,0.3,0.429,0.171,0.273,0.01,0.17,0.1,0.85,0.07,0.04,0.36,0.12,0.07,0.58,0.364,0.584,0.448,0.0,600.481602191925,0.004987649999999999,30965,0,0.0,,0,0.0,,,0.0,0.0,,0.0,0.0,https://wandb.ai/kastel-sdq-meta-research/experiment_cross_encoder/r/call/01a05f6c-1bc5-7d58-a63b-cff8f35ddd69,retrieval_config,False,KitToolbox,kit.qwen3-embedding-8b,10,10,True,cosine,True,False,10,-1,8,False,False,1,False,-1,-1,False,,['R659055'],['Paper'],True,False,False,kg_retrieval,hublink,kittoolbox_kit.minimax-m2.7-229b_tmpNone_maxt-1_reasoningNone,KitToolbox,kit.minimax-m2.7-229b,,-1,,kittoolbox_kit.minimax-m2.7-229b_tmpNone_maxt-1_reasoningNone,KitToolbox,kit.minimax-m2.7-229b,,-1,,orkg_merged_ecsa_icsa.json_jsonpublicationloader_limit-1,['paper_class'],['research_level'],['first_research_object'],['second_research_object'],['validity'],['evidence'],False,False,R659055,https://sandbox.orkg.org,-1,orkg,merged_ecsa_icsa.json_jsonpublicationloader_limit-1,merged_ecsa_icsa.json,JsonPublicationLoader,-1,,4000,2,generation_kittoolbox_kit.minimax-m2.7-229b_tmpNone_maxt-1_reasoningNone,generation,kittoolbox_kit.minimax-m2.7-229b_tmpNone_maxt-1_reasoningNone,KitToolbox,kit.minimax-m2.7-229b,,-1,,What are the evaluation methods that have been applied the most in papers with the paper class proposal of solution and the investigated research object Architecture Extraction?,The evaluation method that has been applied the most to the research object Architecture Extraction and in papers classified as proposals of solutions is Case Study.,"['10.1007/978-3-030-29983-5_17', '10.1007/978-3-030-29983-5_17', '10.1007/978-3-030-29983-5_17', '10.1007/978-3-030-00761-4_14', '10.1007/978-3-030-00761-4_14', '10.1007/978-3-030-00761-4_14', '10.1007/978-3-030-29983-5_5', '10.1007/978-3-030-29983-5_5', '10.1007/978-3-030-29983-5_5']",,"['(R872455:Paper Class 2, proposal of solution, L1528559:True)', '(R872464:Research Object Entity, Name, L1528569:Architecture Extraction)', '(R872468:Evaluation Method Entity, Name, L1528570:Case Study)', '(R869669:Paper Class 2, proposal of solution, L1522749:True)', '(R869680:Research Object Entity, Name, L1522761:Architecture Extraction)', '(R869674:Evaluation Method Entity, Name, L1522755:Case Study)', '(R874541:Paper Class 2, proposal of solution, L1532829:True)', '(R874554:Research Object Entity, Name, L1532843:Architecture Extraction)', '(R874546:Evaluation Method Entity, Name, L1532835:Benchmark)']",clustering_strategy,R659055,Software Architecture and Design,6,What evaluation method has been used the most in the paper class [Metadata: paper class name] with the research object [Content Data: research object name]?
135,39f0c727f1c36390b5a876e7120bfff1,2b9b4085-f916-4608-86e7-5604954ea102,"

The texts that report on 2020 papers concerned with architecture‑evolution evaluation mention a variety of methods:

| Evaluation method | Source(s) reporting it |
|-------------------|------------------------|
| Technical Experiment | [1] |
| Grounded Theory | [2] |
| Focus Group | [3] |
| Argumentation | [5] |
| Controlled Experiment | [5] |
| Case Study | [6] (2021 paper) and [7] |

Because each method appears in only one or two papers, the evidence does **not** unequivocally identify a single method that has been used most often across the 2020 set.  

* Source [1] notes that “Technical Experiment” is the only method explicitly mentioned for its 2020 paper but acknowledges that it cannot confirm whether it is the most applied overall.  
* Source [2] states that “Grounded Theory” is the sole method reported for its 2020 paper.  
* Source [3] claims that “Focus Group” is the most frequently occurring method in the set, yet this claim is not supported by the other sources, which each list different methods that appear only once.  
* Source [5] shows that the 2020 paper “Unlimited Rulebook” used **both** Argumentation and Controlled Experiment, each appearing once; therefore, those two methods are tied in frequency.  
* Sources [6] and [7] discuss a Case Study evaluation, but the paper referenced in [6] was published in 2021 and the context in [7] does not explicitly involve architecture‑evolution evaluation, so they do not affect the 2020 comparison.

**Conclusion**  
The available information is contradictory: some sources suggest a single dominant method (e.g., Focus Group per [3]), while others indicate that several methods each occur only once, leaving no clear “most applied” method for architecture‑evolution studies published in 2020. Consequently, based solely on the provided texts, a definitive answer cannot be given.

[1] Source: A Flexible Architecture for Key Performance Indicators Assessment in Smart Cities, 10.1007/978-3-030-58923-3_8
[2] Source: Assessing Architecture Conformance to Coupling-Related Patterns and Practices in Microservices, 10.1007/978-3-030-58923-3_1
[3] Source: Technical Architectures for Automotive Systems, 10.1109/ICSA47634.2020.00013
[5] Source: Unlimited Rulebook: a Reference Architecture for Economy Mechanics in Digital Games, 10.1109/ICSA47634.2020.00014
[6] Source: Explaining Architectural Design Tradeoff Spaces: A Machine Learning Approach, 10.1007/978-3-030-86044-8_4
[7] Source: InMap: Automated Interactive Code-to-Architecture Mapping Recommendations, 10.1109/ICSA51549.2021.00024
","['(R869566:Assessing Architecture Conformance to Coupling-Related Patterns and Practices in Microservices, publication year, L1522519:2020)', '(R868784:A Flexible Architecture for Key Performance Indicators Assessment in Smart Cities, publication year, L1520843:2020)', '(R869051:Unlimited Rulebook: a Reference Architecture for Economy Mechanics in Digital Games, publication year, L1521417:2020)', '(R869051:Unlimited Rulebook: a Reference Architecture for Economy Mechanics in Digital Games, contribution, R869079:First Research Object 2)', '(R869079:First Research Object 2, evaluation, R869087:Evaluation)', '(R869087:Evaluation, Evaluation method, R869088:Evaluation Method List)', '(R869088:Evaluation Method List, Entity, R869089:Evaluation Method Entity)', '(R869089:Evaluation Method Entity, Name, L1521482:Argumentation)', '(R869566:Assessing Architecture Conformance to Coupling-Related Patterns and Practices in Microservices, contribution, R869587:First Research Object 2)', '(R869587:First Research Object 2, evaluation, R869588:Evaluation)', '(R870963:Evaluation Method Entity, Name, L1525459:Focus Group)', '(R868808:Evaluation Method Entity, Name, L1520892:Technical Experiment)', '(R2156356:Evaluation Method Entity, Name, L2809723:Focus Group)', '(R2156309:Evaluation Method Entity, Name, L2809663:Focus Group)', '(R869588:Evaluation, Evaluation method, R869589:Evaluation Method List)', '(R869589:Evaluation Method List, Entity, R869590:Evaluation Method Entity)', '(R869590:Evaluation Method Entity, Name, L1522568:Grounded Theory)', '(R871881:Evaluation Method Entity, Name, L1527319:Case Study)', '(R869080:Evaluation, Evaluation method, R869081:Evaluation Method List)', '(R869081:Evaluation Method List, Entity, R869082:Evaluation Method Entity)', '(R869082:Evaluation Method Entity, Name, L1521476:Controlled Experiment)', '(R870973:Evaluation Method Entity, Name, L1525466:Focus Group)']",['2020'],0.0,0.0,0.0,0.0,0.0,0.0,0.0,0.0,0.0,0.0,0.0,0.0,0.0,0.0,0.0,0.0,0.0,0.0,0.0,0.0,0.0,0.0,0.0,0.0,0.0,0.0,0.0,0.11,0.06,0.76,0.04,0.02,0.3,0.09,0.05,0.62,0.308,0.556,0.396,0.0,344.45004534721375,0.0,85081,0,0.0,,0,0.0,,,0.0,0.0,,0.0,0.0,https://wandb.ai/kastel-sdq-meta-research/experiment_cross_encoder/r/call/01a05f6e-1230-767b-982f-9914a1984c67,retrieval_config,False,KitToolbox,kit.qwen3-embedding-8b,10,10,True,cosine,True,False,10,-1,8,False,False,1,False,-1,-1,False,,['R659055'],['Paper'],True,False,False,kg_retrieval,hublink,kittoolbox_kit.minimax-m2.7-229b_tmpNone_maxt-1_reasoningNone,KitToolbox,kit.minimax-m2.7-229b,,-1,,kittoolbox_kit.minimax-m2.7-229b_tmpNone_maxt-1_reasoningNone,KitToolbox,kit.minimax-m2.7-229b,,-1,,orkg_merged_ecsa_icsa.json_jsonpublicationloader_limit-1,['paper_class'],['research_level'],['first_research_object'],['second_research_object'],['validity'],['evidence'],False,False,R659055,https://sandbox.orkg.org,-1,orkg,merged_ecsa_icsa.json_jsonpublicationloader_limit-1,merged_ecsa_icsa.json,JsonPublicationLoader,-1,,4000,2,generation_kittoolbox_kit.minimax-m2.7-229b_tmpNone_maxt-1_reasoningNone,generation,kittoolbox_kit.minimax-m2.7-229b_tmpNone_maxt-1_reasoningNone,KitToolbox,kit.minimax-m2.7-229b,,-1,,Which is the evaluation method that has been applied the most to evaluate architecture evolution in papers published in 2020?,The evaluation method that was applied the most to the research object Architecture Evolution in the year 2020 was Case Study.,"['10.1007/978-3-030-58923-3_18', '10.1007/978-3-030-58923-3_18', '10.1007/978-3-030-58923-3_18', '10.1109/ICSA47634.2020.00011', '10.1109/ICSA47634.2020.00011', '10.1109/ICSA47634.2020.00011']",,"['(R869762:Research Object Entity, Name, L1522941:Architecture Evolution)', '(R869730:Architectural Concerns for Digital Twin of the Organization, publication year, L1522884:2020)', '(R869756:Evaluation Method Entity, Name, L1522935:Case Study)', '(R870091:Research Object Entity, Name, L1523621:Architecture Evolution)', '(R870059:Incremental Calibration of Architectural Performance Models with Parametric Dependencies, publication year, L1523564:2020)', '(R870085:Evaluation Method Entity, Name, L1523615:Case Study)']",clustering_strategy,R659055,Software Architecture and Design,6,Which is the most used evaluation method that is used with the research object [Content Data: research object name] in the year [Metadata: year]?
136,39f0c727f1c36390b5a876e7120bfff1,2e757068-c06f-4798-8cd3-f6c5e5e8027f,"

**Frequency of research‑object evaluations that used the “Data Science” method (2019‑2021)**  

| Publication year | Number of research objects evaluated with “Data Science” | Source(s) |
|------------------|----------------------------------------------------------|------------|
| **2019** | **0** – No paper published in 2019 is reported to have used the “Data Science” evaluation method. The only 2019 paper mentioned was evaluated with the “Motivating Example” approach. | [2] |
| **2020** | **Not determinable** – The provided texts do not contain any information about papers published in 2020 or their evaluation methods. | [2][4][5][6] |
| **2021** | **At least 2** – Two separate 2021 publications state that a research object (specifically “First Research Object 2”) was evaluated using the “Data Science” method: <br>• “FLRA: A Reference Architecture for Federated Learning Systems” [1] <br>• “Architectural Decay as Predictor of Issue‑ and Change‑Proneness” [3] <br>(Other studies mention the “Data Science” method but do not specify the publication year [4][5][6].) | [1][3] |

**Summary**  
- **2019:** 0 evaluations with the “Data Science” method.  
- **2020:** No information is provided, so the frequency cannot be determined.  
- **2021:** At least two distinct research objects were evaluated using “Data Science” (one in each of the two cited papers). Additional instances are mentioned without a year, so the total for 2021 could be higher.

[1] Source: FLRA: A Reference Architecture for Federated Learning Systems, 10.1007/978-3-030-86044-8_6
[2] Source: Safety Analysis Method for Cooperative Driving Systems, 10.1109/ICSA.2019.00027
[3] Source: Architectural Decay as Predictor of Issue- and Change-Proneness, 10.1109/ICSA51549.2021.00017
[4] Source: The Evolution of Technical Debt in the Apache Ecosystem, 10.1007/978-3-319-65831-5_4
[5] Source: Architectural Design Decisions for Systems Supporting Model-Based Analysis of Runtime Events: A Qualitative Multi-method Study, 10.1109/ICSA.2018.00021
[6] Source: An Expert Recommendation System for Design Decision Making: Who Should be Involved in Making a Design Decision?, 10.1109/ICSA.2018.00018
","['(R869987:FLRA: A Reference Architecture for Federated Learning Systems, contribution, R870003:First Research Object 2)', '(R870003:First Research Object 2, evaluation, R870004:Evaluation)', '(R870004:Evaluation, Evaluation method, R870005:Evaluation Method List)', '(R870005:Evaluation Method List, Entity, R870006:Evaluation Method Entity)', '(R870006:Evaluation Method Entity, Name, L1523455:Data Science)', '(R873898:An Expert Recommendation System for Design Decision Making: Who Should be Involved in Making a Design Decision?, contribution, R873919:First Research Object 2)', '(R873919:First Research Object 2, evaluation, R873920:Evaluation)', '(R873920:Evaluation, Evaluation method, R873921:Evaluation Method List)', '(R873921:Evaluation Method List, Entity, R873922:Evaluation Method Entity)', '(R873922:Evaluation Method Entity, Name, L1531521:Data Science)', '(R869125:First Research Object 2, evaluation, R869126:Evaluation)', '(R869126:Evaluation, Evaluation method, R869127:Evaluation Method List)', '(R869127:Evaluation Method List, Entity, R869128:Evaluation Method Entity)', '(R869128:Evaluation Method Entity, Name, L1521574:Data Science)', '(R872801:First Research Object 2, evaluation, R872802:Evaluation)', '(R872802:Evaluation, Evaluation method, R872803:Evaluation Method List)', '(R872803:Evaluation Method List, Entity, R872804:Evaluation Method Entity)', '(R872804:Evaluation Method Entity, Name, L1529234:Data Science)', '(R873077:Architectural Design Decisions for Systems Supporting Model-Based Analysis of Runtime Events: A Qualitative Multi-method Study, contribution, R873098:First Research Object 2)', '(R873098:First Research Object 2, evaluation, R873099:Evaluation)', '(R873099:Evaluation, Evaluation method, R873100:Evaluation Method List)', '(R873100:Evaluation Method List, Entity, R873101:Evaluation Method Entity)', '(R873101:Evaluation Method Entity, Name, L1529831:Data Science)', '(R869125:First Research Object 2, Object, R869131:Research Object List)', '(R869131:Research Object List, Entity, R869132:Research Object Entity)', '(R869132:Research Object Entity, Name, L1521578:Technical Debt)', '(R872780:Architectural Decay as Predictor of Issue- and Change-Proneness, publication year, L1529184:2021)', '(R869987:FLRA: A Reference Architecture for Federated Learning Systems, publication year, L1523426:2021)']","['2019', '2020', '2021']",0.111,0.167,0.022,0.21,0.2,1.0,0.1,0.11,0.11,0.11,0.25,0.17,0.2,0.18,0.14,0.44,0.22,0.31,0.24,0.44,0.31,0.38,0.1,0.25,0.143,0.235,0.01,0.25,0.15,0.83,0.09,0.06,0.31,0.17,0.1,0.56,0.389,0.56,0.46,1.0,430.4251687526703,0.0,38100,0,0.0,,0,0.0,,,0.0,0.0,,0.0,0.0,https://wandb.ai/kastel-sdq-meta-research/experiment_cross_encoder/r/call/01a05f6e-4b22-7e81-aee6-4fc3ab00b0b1,retrieval_config,False,KitToolbox,kit.qwen3-embedding-8b,10,10,True,cosine,True,False,10,-1,8,False,False,1,False,-1,-1,False,,['R659055'],['Paper'],True,False,False,kg_retrieval,hublink,kittoolbox_kit.minimax-m2.7-229b_tmpNone_maxt-1_reasoningNone,KitToolbox,kit.minimax-m2.7-229b,,-1,,kittoolbox_kit.minimax-m2.7-229b_tmpNone_maxt-1_reasoningNone,KitToolbox,kit.minimax-m2.7-229b,,-1,,orkg_merged_ecsa_icsa.json_jsonpublicationloader_limit-1,['paper_class'],['research_level'],['first_research_object'],['second_research_object'],['validity'],['evidence'],False,False,R659055,https://sandbox.orkg.org,-1,orkg,merged_ecsa_icsa.json_jsonpublicationloader_limit-1,merged_ecsa_icsa.json,JsonPublicationLoader,-1,,4000,2,generation_kittoolbox_kit.minimax-m2.7-229b_tmpNone_maxt-1_reasoningNone,generation,kittoolbox_kit.minimax-m2.7-229b_tmpNone_maxt-1_reasoningNone,KitToolbox,kit.minimax-m2.7-229b,,-1,,"From the publication years 2019 to 2021, how frequently per publication year have the research objects of papers been evaluated using the evaluation method Data Science?","The frequency per publication year from 2019 to 2021 at which the research objects of papers have been evaluated using the evaluation method Data Science is: one in 2019, one in 2020, and one in 2021.","['10.1109/ICSA51549.2021.00017', '10.1109/ICSA51549.2021.00017', '10.1109/ICSA51549.2021.00017', '10.1109/ICSA.2019.00012', '10.1109/ICSA.2019.00012', '10.1109/ICSA.2019.00012', '10.1007/978-3-030-86044-8_6', '10.1007/978-3-030-86044-8_6', '10.1007/978-3-030-86044-8_6']",,"['(R872804:Evaluation Method Entity, Name, L1529234:Data Science)', '(R872780:Architectural Decay as Predictor of Issue- and Change-Proneness, publication year, L1529184:2021)', '(R872808:Research Object Entity, Name, L1529238:Technical Debt)', '(R870777:Evaluation Method Entity, Name, L1525079:Data Science)', '(R870753:Architectural Security Weaknesses in Industrial Control Systems (ICS) an Empirical Study Based on Disclosed Software Vulnerabilities, publication year, L1525030:2019)', '(R870781:Research Object Entity, Name, L1525083:Architectural Aspects)', '(R870006:Evaluation Method Entity, Name, L1523455:Data Science)', '(R869987:FLRA: A Reference Architecture for Federated Learning Systems, publication year, L1523426:2021)', '(R870010:Research Object Entity, Name, L1523459:Reference Architecture)']",clustering_strategy,R659055,Software Architecture and Design,6,"From [year 1] to [year 2], how frequently per year have the research objects of papers been evaluated with the evaluation method with the name [Content Data: evaluation method name]?"
137,39f0c727f1c36390b5a876e7120bfff1,2f44c85e-9744-4716-aa28-90716e166b1f,"

The only research object that the supplied texts identify as being evaluated with **Grounded Theory** is **First Research Object 2**.  Across the 2019‑2021 window the object appears in the following years:

| Year | Research objects evaluated with Grounded Theory | Source(s) |
|------|-----------------------------------------------|-----------|
| **2019** | **First Research Object 2** (used in the study *How Developers Discuss Architecture Smells? An Exploratory Study on Stack Overflow*) | **[1]** |
| **2020** | **First Research Object 2** (used in *Architectural Technical Debt: A Grounded Theory* and also in *Assessing Architecture Conformance to Coupling‑Related Patterns and Practices in Microservices*) | **[3]**, **[5]** |
| **2021** | No explicit statement that Grounded Theory was used for any research object.  The 2021 paper *Explaining Architectural Design Tradeoff Spaces: A Machine Learning Approach* presents First Research Object 2, but the source does not specify that the evaluation employed Grounded Theory. | **[4]** |

**Summary of the distribution**

- **2019:** 1 research object (First Research Object 2) – evaluated with Grounded Theory.  
- **2020:** 1‑2 research objects (all referring to First Research Object 2) – explicitly reported as evaluated with Grounded Theory.  
- **2021:** 0 research objects whose evaluation with Grounded Theory is explicitly confirmed; the 2021 study mentions the same object but does not state that Grounded Theory was the evaluation method.

Thus, according to the provided partial answers, the research object evaluated with Grounded Theory is confined to the years 2019 and 2020, with no confirmed instances in 2021.

[1] Source: How Developers Discuss Architecture Smells? An Exploratory Study on Stack Overflow, 10.1109/ICSA.2019.00018
[3] Source: Architectural Technical Debt: A Grounded Theory, 10.1007/978-3-030-58923-3_14
[4] Source: Explaining Architectural Design Tradeoff Spaces: A Machine Learning Approach, 10.1007/978-3-030-86044-8_4
[5] Source: Assessing Architecture Conformance to Coupling-Related Patterns and Practices in Microservices, 10.1007/978-3-030-58923-3_1
","['(R868290:How Developers Discuss Architecture Smells? An Exploratory Study on Stack Overflow, contribution, R868309:First Research Object 2)', '(R868309:First Research Object 2, evaluation, R868310:Evaluation)', '(R868312:Evaluation Method Entity, Name, L1519814:Grounded Theory)', '(R868290:How Developers Discuss Architecture Smells? An Exploratory Study on Stack Overflow, publication year, L1519766:2019)', '(R872607:Architectural Technical Debt: A Grounded Theory, contribution, R872624:First Research Object 2)', '(R872624:First Research Object 2, evaluation, R872625:Evaluation)', '(R872625:Evaluation, Evaluation method, R872626:Evaluation Method List)', '(R872626:Evaluation Method List, Entity, R872627:Evaluation Method Entity)', '(R872627:Evaluation Method Entity, Name, L1528876:Grounded Theory)', '(R869566:Assessing Architecture Conformance to Coupling-Related Patterns and Practices in Microservices, contribution, R869587:First Research Object 2)', '(R869587:First Research Object 2, evaluation, R869588:Evaluation)', '(R869588:Evaluation, Evaluation method, R869589:Evaluation Method List)', '(R869589:Evaluation Method List, Entity, R869590:Evaluation Method Entity)', '(R869590:Evaluation Method Entity, Name, L1522568:Grounded Theory)', '(R872607:Architectural Technical Debt: A Grounded Theory, publication year, L1528844:2020)', '(R869566:Assessing Architecture Conformance to Coupling-Related Patterns and Practices in Microservices, publication year, L1522519:2020)']","['2019', '2020', '2021']",0.222,0.167,0.093,0.242,0.333,1.0,0.2,0.22,0.21,0.22,0.29,0.22,0.25,0.23,0.12,0.22,0.16,0.19,0.2,0.22,0.21,0.22,0.2,0.286,0.125,0.2,0.01,0.18,0.1,0.82,0.06,0.04,0.3,0.13,0.07,0.61,0.37,0.589,0.454,1.0,432.8950583934784,0.00193575,18340,0,0.0,,0,0.0,,,0.0,0.0,,0.0,0.0,https://wandb.ai/kastel-sdq-meta-research/experiment_cross_encoder/r/call/01a05f6e-da3f-7971-a692-3bf5b0dc7c8b,retrieval_config,False,KitToolbox,kit.qwen3-embedding-8b,10,10,True,cosine,True,False,10,-1,8,False,False,1,False,-1,-1,False,,['R659055'],['Paper'],True,False,False,kg_retrieval,hublink,kittoolbox_kit.minimax-m2.7-229b_tmpNone_maxt-1_reasoningNone,KitToolbox,kit.minimax-m2.7-229b,,-1,,kittoolbox_kit.minimax-m2.7-229b_tmpNone_maxt-1_reasoningNone,KitToolbox,kit.minimax-m2.7-229b,,-1,,orkg_merged_ecsa_icsa.json_jsonpublicationloader_limit-1,['paper_class'],['research_level'],['first_research_object'],['second_research_object'],['validity'],['evidence'],False,False,R659055,https://sandbox.orkg.org,-1,orkg,merged_ecsa_icsa.json_jsonpublicationloader_limit-1,merged_ecsa_icsa.json,JsonPublicationLoader,-1,,4000,2,generation_kittoolbox_kit.minimax-m2.7-229b_tmpNone_maxt-1_reasoningNone,generation,kittoolbox_kit.minimax-m2.7-229b_tmpNone_maxt-1_reasoningNone,KitToolbox,kit.minimax-m2.7-229b,,-1,,How are the research objects that are evaluated with grounded theory distributed between 2019 and 2021?,"The distribution of research objects that are evaluated with grounded theory between 2019 and 2021 is as follows: three in 2019, none in 2020, and none in 2021.","['10.1007/978-3-030-29983-5_2', '10.1007/978-3-030-29983-5_2', '10.1007/978-3-030-29983-5_2', '10.1007/978-3-030-29983-5_1', '10.1007/978-3-030-29983-5_1', '10.1007/978-3-030-29983-5_1', '10.1109/ICSA.2019.00018', '10.1109/ICSA.2019.00018', '10.1109/ICSA.2019.00018']",,"['(R873005:Evaluation Method Entity, Name, L1529647:Grounded Theory)', '(R872980:Supporting Architectural Decision Making on Data Management in Microservice Architectures, publication year, L1529596:2019)', '(R873010:Research Object Entity, Name, L1529652:Architecture Pattern)', '(R873364:Evaluation Method Entity, Name, L1530356:Grounded Theory)', '(R873340:Guiding Architectural Decision Making on Service Mesh Based Microservice Architectures, publication year, L1530308:2019)', '(R873368:Research Object Entity, Name, L1530360:Architecture Decision Making)', '(R868312:Evaluation Method Entity, Name, L1519814:Grounded Theory)', '(R868290:How Developers Discuss Architecture Smells? An Exploratory Study on Stack Overflow, publication year, L1519766:2019)', '(R868314:Research Object Entity, Name, L1519817:Architecture Pattern)']",clustering_strategy,R659055,Software Architecture and Design,6,What is the proportion of the research objects that are used in conjunction with the evaluation method [Content Data: evaluation method name] between [Metadata: year] and [Metadata: year]?
138,39f0c727f1c36390b5a876e7120bfff1,58317488-7918-4978-92bc-233751841d59,"

The available sources agree that only one research object was evaluated with the **Argumentation** method during the 2019‑2021 window, and the evaluation is reported for the year 2019.  

- **2019:** Sources [3] and [4] each identify a single research object that was evaluated with Argumentation in a 2019 paper.  
- **2020 and 2021:** No source provides evidence of any research object being evaluated with Argumentation in these years.  

Consequently, the distribution of research objects evaluated with Argumentation between 2019 and 2021 is **one instance in 2019 and zero instances in both 2020 and 2021**.

[3] Source: A Platform Architecture for Multi-Tenant Blockchain-Based Systems, 10.1109/ICSA.2019.00019
[4] Source: Assessing Adaptability of Software Architectures for Cyber Physical Production Systems, 10.1007/978-3-030-29983-5_10
","['(R871367:First Research Object 2, evaluation, R871373:Evaluation)', '(R871373:Evaluation, Evaluation method, R871374:Evaluation Method List)', '(R871374:Evaluation Method List, Entity, R871375:Evaluation Method Entity)', '(R871375:Evaluation Method Entity, Name, L1526299:Argumentation)', '(R871346:Assessing Adaptability of Software Architectures for Cyber Physical Production Systems, publication year, L1526260:2019)', '(R871726:A Platform Architecture for Multi-Tenant Blockchain-Based Systems, contribution, R871757:First Research Object 2)', '(R871757:First Research Object 2, evaluation, R871758:Evaluation)', '(R871758:Evaluation, Evaluation method, R871759:Evaluation Method List)', '(R871759:Evaluation Method List, Entity, R871760:Evaluation Method Entity)', '(R871760:Evaluation Method Entity, Name, L1527086:Argumentation)', '(R871726:A Platform Architecture for Multi-Tenant Blockchain-Based Systems, publication year, L1527024:2019)']","['2019', '2020', '2021']",0.5,0.417,0.158,0.326,0.25,0.333,0.3,0.5,0.37,0.44,0.54,0.58,0.56,0.57,0.36,0.67,0.47,0.57,0.57,0.67,0.62,0.65,0.3,0.538,0.364,0.571,0.05,0.44,0.3,0.8,0.22,0.15,0.41,0.33,0.23,0.6,0.477,0.66,0.554,1.0,354.43793416023254,0.0,5531,0,0.0,,0,0.0,,,0.0,0.0,,0.0,0.0,https://wandb.ai/kastel-sdq-meta-research/experiment_cross_encoder/r/call/01a05f70-153a-7d41-8133-d3a6f5643baf,retrieval_config,False,KitToolbox,kit.qwen3-embedding-8b,10,10,True,cosine,True,False,10,-1,8,False,False,1,False,-1,-1,False,,['R659055'],['Paper'],True,False,False,kg_retrieval,hublink,kittoolbox_kit.minimax-m2.7-229b_tmpNone_maxt-1_reasoningNone,KitToolbox,kit.minimax-m2.7-229b,,-1,,kittoolbox_kit.minimax-m2.7-229b_tmpNone_maxt-1_reasoningNone,KitToolbox,kit.minimax-m2.7-229b,,-1,,orkg_merged_ecsa_icsa.json_jsonpublicationloader_limit-1,['paper_class'],['research_level'],['first_research_object'],['second_research_object'],['validity'],['evidence'],False,False,R659055,https://sandbox.orkg.org,-1,orkg,merged_ecsa_icsa.json_jsonpublicationloader_limit-1,merged_ecsa_icsa.json,JsonPublicationLoader,-1,,4000,2,generation_kittoolbox_kit.minimax-m2.7-229b_tmpNone_maxt-1_reasoningNone,generation,kittoolbox_kit.minimax-m2.7-229b_tmpNone_maxt-1_reasoningNone,KitToolbox,kit.minimax-m2.7-229b,,-1,,What is the distribution of the research objects that are evaluated with the evaluation method Argumentation between the publication years 2019 and 2021?,"The distribution of the research objects that are evaluated with the evaluation method Argumentation between the publication years 2019 and 2021 is as follows: two objects in 2019, none in 2020, and none in 2021.","['10.1007/978-3-030-29983-5_10', '10.1007/978-3-030-29983-5_10', '10.1109/ICSA.2019.00019', '10.1109/ICSA.2019.00019', '10.1007/978-3-030-29983-5_10', '10.1109/ICSA.2019.00019']",,"['(R871760:Evaluation Method Entity, Name, L1527086:Argumentation)', '(R871346:Assessing Adaptability of Software Architectures for Cyber Physical Production Systems, publication year, L1526260:2019)', '(R871375:Evaluation Method Entity, Name, L1526299:Argumentation)', '(R871726:A Platform Architecture for Multi-Tenant Blockchain-Based Systems, publication year, L1527024:2019)', '(R871774:Research Object Entity, Name, L1527099:Reference Architecture)', '(R871379:Research Object Entity, Name, L1526303:Reference Architecture)']",clustering_strategy,R659055,Software Architecture and Design,6,What is the distribution of the research objects that are used in conjunction with the evaluation method [Content Data: evaluation method name] between [Metadata: year] and [Metadata: year]?
139,39f0c727f1c36390b5a876e7120bfff1,a11b4521-7e9b-4897-a881-4876cc385c11,"

**Distribution of evaluation methods (2017‑2019) for publications that assess *Compatibility***

| Year | Evaluation method(s) reported | Source(s) |
|------|-------------------------------|-----------|
| **2017** | • **Technical Experiment**  <br>• **Controlled Experiment** | [3] |
| **2018** | *No publications that evaluate Compatibility are mentioned in the supplied texts, so no evaluation methods are recorded for this year.* | — |
| **2019** | • **Technical Experiment**  <br>• **Interview** (Microservice Architecture in Reality: An Industrial Inquiry) | [1], [4] |
| **Year not specified** | • **Interview**  <br>• **Field Experiment** (both reported for “An Architecture for Decentralized, Collaborative, and Autonomous Robots”) | [2] |

**Summary**

- In 2017 the only compatibility‑evaluation study identified used two methods – a technical experiment and a controlled experiment.  
- No information about compatibility‑evaluation studies or their methods exists for 2018 in the provided texts.  
- In 2019 the documented methods are a technical experiment and an interview; an additional publication (“An Architecture for Decentralized, Collaborative, and Autonomous Robots”) also evaluates compatibility, reporting interview and field‑experiment methods, but its publication year is not specified in the texts.

[1] Source: Mitigating the Influence of Embedded Software Development Environments and Toolsets (ESDT) on Software Architecture, 10.1109/ICSA.2019.00020
[2] Source: An Architecture for Decentralized, Collaborative, and Autonomous Robots, 10.1109/ICSA.2018.00017
[3] Source: Continuous Analysis of Collaborative Design, 10.1109/ICSA.2017.45
[4] Source: Microservice Architecture in Reality: An Industrial Inquiry, 10.1109/ICSA.2019.00014
","['(R872819:Continuous Analysis of Collaborative Design, publication year, L1529271:2017)', '(R870188:Microservice Architecture in Reality: An Industrial Inquiry, publication year, L1523853:2019)', '(R868862:Mitigating the Influence of Embedded Software Development Environments and Toolsets (ESDT) on Software Architecture, publication year, L1521021:2019)', '(R871523:An Architecture for Decentralized, Collaborative, and Autonomous Robots, contribution, R871554:First Research Object 2)', '(R871554:First Research Object 2, evaluation, R871565:Evaluation)', '(R871565:Evaluation, properties, R871568:Property)', '(R871569:Property, Name, L1526678:Compatibility)', '(R871562:Property, Name, L1526672:Compatibility)', '(R871565:Evaluation, Evaluation method, R871566:Evaluation Method List)', '(R871566:Evaluation Method List, Entity, R871567:Evaluation Method Entity)', '(R871567:Evaluation Method Entity, Name, L1526676:Interview)', '(R871555:Evaluation, Evaluation method, R871556:Evaluation Method List)', '(R871556:Evaluation Method List, Entity, R871557:Evaluation Method Entity)', '(R871557:Evaluation Method Entity, Name, L1526667:Field Experiment)', '(R872862:Evaluation Method Entity, Name, L1529342:Technical Experiment)', '(R872855:Evaluation Method Entity, Name, L1529336:Controlled Experiment)', '(R868862:Mitigating the Influence of Embedded Software Development Environments and Toolsets (ESDT) on Software Architecture, contribution, R868878:First Research Object 2)', '(R868878:First Research Object 2, evaluation, R868879:Evaluation)', '(R868879:Evaluation, Evaluation method, R868880:Evaluation Method List)', '(R868880:Evaluation Method List, Entity, R868881:Evaluation Method Entity)', '(R868881:Evaluation Method Entity, Name, L1521050:Technical Experiment)', '(R870210:Evaluation, Evaluation method, R870211:Evaluation Method List)', '(R870211:Evaluation Method List, Entity, R870212:Evaluation Method Entity)', '(R870212:Evaluation Method Entity, Name, L1523902:Interview)', '(R868879:Evaluation, properties, R868882:Property)', '(R868883:Property, Name, L1521052:Compatibility)']","['2017', '2019']",0.429,0.143,0.142,0.226,0.333,0.333,0.3,0.43,0.35,0.39,0.5,0.57,0.53,0.56,0.23,0.86,0.36,0.56,0.35,0.93,0.51,0.7,0.3,0.5,0.231,0.351,0.0,0.19,0.12,0.58,0.03,0.02,0.1,0.13,0.08,0.39,0.355,0.541,0.429,1.0,307.39213490486145,0.0,81778,0,0.0,,0,0.0,,,0.0,0.0,,0.0,0.0,https://wandb.ai/kastel-sdq-meta-research/experiment_cross_encoder/r/call/01a05f73-bbc0-7019-9e3b-20647f0faacf,retrieval_config,False,KitToolbox,kit.qwen3-embedding-8b,10,10,True,cosine,True,False,10,-1,8,False,False,1,False,-1,-1,False,,['R659055'],['Paper'],True,False,False,kg_retrieval,hublink,kittoolbox_kit.minimax-m2.7-229b_tmpNone_maxt-1_reasoningNone,KitToolbox,kit.minimax-m2.7-229b,,-1,,kittoolbox_kit.minimax-m2.7-229b_tmpNone_maxt-1_reasoningNone,KitToolbox,kit.minimax-m2.7-229b,,-1,,orkg_merged_ecsa_icsa.json_jsonpublicationloader_limit-1,['paper_class'],['research_level'],['first_research_object'],['second_research_object'],['validity'],['evidence'],False,False,R659055,https://sandbox.orkg.org,-1,orkg,merged_ecsa_icsa.json_jsonpublicationloader_limit-1,merged_ecsa_icsa.json,JsonPublicationLoader,-1,,4000,2,generation_kittoolbox_kit.minimax-m2.7-229b_tmpNone_maxt-1_reasoningNone,generation,kittoolbox_kit.minimax-m2.7-229b_tmpNone_maxt-1_reasoningNone,KitToolbox,kit.minimax-m2.7-229b,,-1,,"Among those publications that evaluate compatibility, how are the evaluation methods that have been applied distributed between 2017 and 2019?",The evaluation methods that have been applied to evaluate compatibility between 2017 and 2019 are distributed as follows: one method was applied in 2018 and one method was applied in 2019.,"['10.1109/ICSA.2019.00020', '10.1109/ICSA.2019.00020', '10.1109/ICSA.2019.00020', '10.1109/ICSA.2018.00017', '10.1109/ICSA.2018.00017', '10.1109/ICSA.2018.00017', '10.1109/ICSA.2018.00017']",,"['(R871562:Property, Name, L1526672:Compatibility)', '(R868862:Mitigating the Influence of Embedded Software Development Environments and Toolsets (ESDT) on Software Architecture, publication year, L1521021:2019)', '(R868881:Evaluation Method Entity, Name, L1521050:Technical Experiment)', '(R871569:Property, Name, L1526678:Compatibility)', '(R871523:An Architecture for Decentralized, Collaborative, and Autonomous Robots, publication year, L1526604:2018)', '(R871567:Evaluation Method Entity, Name, L1526676:Interview)', '(R871557:Evaluation Method Entity, Name, L1526667:Field Experiment)']",clustering_strategy,R659055,Software Architecture and Design,6,What is the proportion of the evaluation methods that are used in conjunction with the sub-property [sub property name] between [Metadata: year] and [Metadata: year]?
140,39f0c727f1c36390b5a876e7120bfff1,14f1dbb3-809b-43dc-8f62-e7d6a1173f68,"

The paper that both investigates the research object **Architecture Decision Making** and is classified as a **philosophical paper** is titled **“Continuous Architecture: Towards the Goldilocks Zone and Away from Vicious Circles.”** [10]

[10] Source: Continuous Architecture: Towards the Goldilocks Zone and Away from Vicious Circles, 10.1109/ICSA.2019.00022
","['(R873775:Continuous Architecture: Towards the Goldilocks Zone and Away from Vicious Circles, contribution, R873796:First Research Object 2)', '(R873796:First Research Object 2, Object, R873802:Research Object List)', '(R873802:Research Object List, Entity, R873803:Research Object Entity)', '(R873803:Research Object Entity, Name, L1531255:Architecture Decision Making)', '(R873775:Continuous Architecture: Towards the Goldilocks Zone and Away from Vicious Circles, contribution, R873794:Paper Class 2)', '(R873794:Paper Class 2, philosophical paper, L1531247:False)']",[],0.0,0.0,0.0,0.0,0.0,0.0,0.0,0.0,0.0,0.0,0.0,0.0,0.0,0.0,0.0,0.0,0.0,0.0,0.0,0.0,0.0,0.0,0.0,0.0,0.0,0.0,0.09,0.51,0.56,0.47,0.32,0.35,0.3,0.43,0.47,0.39,0.673,0.714,0.693,1.0,298.16622495651245,0.0,48019,0,0.0,,0,0.0,,,0.0,0.0,,0.0,0.0,https://wandb.ai/kastel-sdq-meta-research/experiment_cross_encoder/r/call/01a05f75-47b9-7a3a-af42-c419a0602594,retrieval_config,False,KitToolbox,kit.qwen3-embedding-8b,10,10,True,cosine,True,False,10,-1,8,False,False,1,False,-1,-1,False,,['R659055'],['Paper'],True,False,False,kg_retrieval,hublink,kittoolbox_kit.minimax-m2.7-229b_tmpNone_maxt-1_reasoningNone,KitToolbox,kit.minimax-m2.7-229b,,-1,,kittoolbox_kit.minimax-m2.7-229b_tmpNone_maxt-1_reasoningNone,KitToolbox,kit.minimax-m2.7-229b,,-1,,orkg_merged_ecsa_icsa.json_jsonpublicationloader_limit-1,['paper_class'],['research_level'],['first_research_object'],['second_research_object'],['validity'],['evidence'],False,False,R659055,https://sandbox.orkg.org,-1,orkg,merged_ecsa_icsa.json_jsonpublicationloader_limit-1,merged_ecsa_icsa.json,JsonPublicationLoader,-1,,4000,2,generation_kittoolbox_kit.minimax-m2.7-229b_tmpNone_maxt-1_reasoningNone,generation,kittoolbox_kit.minimax-m2.7-229b_tmpNone_maxt-1_reasoningNone,KitToolbox,kit.minimax-m2.7-229b,,-1,,What is the title of the paper that investigates the research object Architecture Decision Making and has the paper class philosophical paper?,The title of the paper that investigates the research object Architecture Decision Making and has the paper class philosophical paper is 'Architectural Design Decisions for Systems Supporting Model-Based Analysis of Runtime Events: A Qualitative Multi-method Study.'',['10.1109/ICSA.2018.00021'],,"['(R873096:Paper Class 2, philosophical paper, L1529827:True)']",publication_subgraph_strategy,R873077,Architectural Design Decisions for Systems Supporting Model-Based Analysis of Runtime Events: A Qualitative Multi-method Study,2,What is the title of the paper that investigates the research object with the name [Content Data: research object name] and has the paper class [Metadata: paper class name]?
141,39f0c727f1c36390b5a876e7120bfff1,aca4e265-6743-420f-a626-c6c2cab7d94e,"

The only paper that is explicitly identified as investigating the research object **Technical Debt** and as being published in **2017** is **“The Evolution of Technical Debt in the Apache Ecosystem.”** It is authored by Georgios Digkas and appears in the 2017 literature [2].

The other sources do not meet both criteria simultaneously:

- **“Architectural Decay as Predictor of Issue‑ and Change‑Proneness”** does examine Technical Debt, but its publication year is not provided in the text [3].  
- **“Semantic Differencing for Message‑Driven Component & Connector Architectures”** was published in 2017, yet the text contains no mention of the Technical Debt research object [4].  
- The first source notes that no paper investigating Technical Debt with a 2017 publication year is identified elsewhere [1].

Thus, the paper satisfying the query is the one by Digkas (2017) [2].

[1] Source: Architectural Technical Debt: A Grounded Theory, 10.1007/978-3-030-58923-3_14
[2] Source: The Evolution of Technical Debt in the Apache Ecosystem, 10.1007/978-3-319-65831-5_4
[3] Source: Architectural Decay as Predictor of Issue- and Change-Proneness, 10.1109/ICSA51549.2021.00017
[4] Source: Semantic Differencing for Message-Driven Component & Connector Architectures, 10.1109/ICSA.2017.34
","['(R869104:The Evolution of Technical Debt in the Apache Ecosystem, contribution, R869125:First Research Object 2)', '(R869125:First Research Object 2, Object, R869131:Research Object List)', '(R869131:Research Object List, Entity, R869132:Research Object Entity)', '(R869132:Research Object Entity, Name, L1521578:Technical Debt)', '(R869104:The Evolution of Technical Debt in the Apache Ecosystem, publication year, L1521523:2017)', '(R872780:Architectural Decay as Predictor of Issue- and Change-Proneness, contribution, R872801:First Research Object 2)', '(R872801:First Research Object 2, Object, R872807:Research Object List)', '(R872807:Research Object List, Entity, R872808:Research Object Entity)', '(R872808:Research Object Entity, Name, L1529238:Technical Debt)']",['2017'],1.0,1.0,0.325,0.804,0.25,1.0,0.22,1.0,0.36,0.59,0.36,1.0,0.53,0.74,0.22,1.0,0.36,0.59,0.36,1.0,0.53,0.74,0.222,0.364,0.222,0.364,0.04,0.3,0.18,0.96,0.17,0.1,0.54,0.24,0.14,0.76,0.427,0.656,0.518,1.0,319.3790190219879,0.0,14161,0,0.0,,0,0.0,,,0.0,0.0,,0.0,0.0,https://wandb.ai/kastel-sdq-meta-research/experiment_cross_encoder/r/call/01a05f75-96f4-7dde-91df-fe07ea21a9fb,retrieval_config,False,KitToolbox,kit.qwen3-embedding-8b,10,10,True,cosine,True,False,10,-1,8,False,False,1,False,-1,-1,False,,['R659055'],['Paper'],True,False,False,kg_retrieval,hublink,kittoolbox_kit.minimax-m2.7-229b_tmpNone_maxt-1_reasoningNone,KitToolbox,kit.minimax-m2.7-229b,,-1,,kittoolbox_kit.minimax-m2.7-229b_tmpNone_maxt-1_reasoningNone,KitToolbox,kit.minimax-m2.7-229b,,-1,,orkg_merged_ecsa_icsa.json_jsonpublicationloader_limit-1,['paper_class'],['research_level'],['first_research_object'],['second_research_object'],['validity'],['evidence'],False,False,R659055,https://sandbox.orkg.org,-1,orkg,merged_ecsa_icsa.json_jsonpublicationloader_limit-1,merged_ecsa_icsa.json,JsonPublicationLoader,-1,,4000,2,generation_kittoolbox_kit.minimax-m2.7-229b_tmpNone_maxt-1_reasoningNone,generation,kittoolbox_kit.minimax-m2.7-229b_tmpNone_maxt-1_reasoningNone,KitToolbox,kit.minimax-m2.7-229b,,-1,,Which papers investigate the research object Technical Debt in the publication year 2017?,The paper with the title 'The Evolution of Technical Debt in the Apache Ecosystem' investigated Technical Debt as a research object in the year 2017.,"['10.1007/978-3-319-65831-5_4', '10.1007/978-3-319-65831-5_4']",,"['(R869132:Research Object Entity, Name, L1521578:Technical Debt)', '(R869104:The Evolution of Technical Debt in the Apache Ecosystem, publication year, L1521523:2017)']",clustering_strategy,R659055,Software Architecture and Design,5,Which papers investigate [Content Data: research object name] as a research object in the publication year [Metadata: year]?
142,39f0c727f1c36390b5a876e7120bfff1,59b4d582-cf50-46bd-bf70-08e506b80a06,"

The source materials do not identify any paper that **explicitly** investigates “architectural assumptions” in the year 2019.  

- The only work that directly addresses “architectural assumptions” in the supplied texts is **“Architectural Assumptions and Their Management in Industry – An Exploratory Study,”** which is dated **2017** [3].  
- Several 2019 publications focus on architectural topics, but they examine other aspects of architecture (e.g., performance models, software‑architecture mitigation, data‑protection views, microservice decision‑making) rather than “architectural assumptions” specifically [1][2][4][5][6][7].  

Consequently, based on the provided texts, **no 2019 paper is shown to investigate architectural assumptions**; the investigation of such assumptions is limited to the 2017 study mentioned above.

[1] Source: Integrating Statistical Response Time Models in Architectural Performance Models, 10.1109/ICSA.2019.00016
[2] Source: Mitigating the Influence of Embedded Software Development Environments and Toolsets (ESDT) on Software Architecture, 10.1109/ICSA.2019.00020
[3] Source: Architectural Assumptions and Their Management in Industry – An Exploratory Study, 10.1007/978-3-319-65831-5_14
[4] Source: An Architectural View for Data Protection by Design, 10.1109/ICSA.2019.00010
[5] Source: Guiding Architectural Decision Making on Service Mesh Based Microservice Architectures, 10.1007/978-3-030-29983-5_1
[6] Source: Microservice Architecture in Reality: An Industrial Inquiry, 10.1109/ICSA.2019.00014
[7] Source: Supporting Architectural Decision Making on Data Management in Microservice Architectures, 10.1007/978-3-030-29983-5_2
","['(R870188:Microservice Architecture in Reality: An Industrial Inquiry, publication year, L1523853:2019)', '(R872194:Integrating Statistical Response Time Models in Architectural Performance Models, publication year, L1527982:2019)', '(R872389:An Architectural View for Data Protection by Design, publication year, L1528425:2019)', '(R868651:Architectural Assumptions and Their Management in Industry – An Exploratory Study, publication year, L1520562:2017)', '(R868862:Mitigating the Influence of Embedded Software Development Environments and Toolsets (ESDT) on Software Architecture, publication year, L1521021:2019)', '(R872980:Supporting Architectural Decision Making on Data Management in Microservice Architectures, publication year, L1529596:2019)', '(R872389:An Architectural View for Data Protection by Design, contribution, R872410:First Research Object 2)', '(R872410:First Research Object 2, Object, R872416:Research Object List)', '(R872416:Research Object List, Entity, R872417:Research Object Entity)', '(R872417:Research Object Entity, Name, L1528477:Architectural Aspects)']",['2019'],0.0,0.0,0.0,0.0,0.0,0.0,0.0,0.0,0.0,0.0,0.0,0.0,0.0,0.0,0.0,0.0,0.0,0.0,0.0,0.0,0.0,0.0,0.0,0.0,0.0,0.0,0.03,0.19,0.12,0.54,0.09,0.05,0.26,0.15,0.09,0.42,0.409,0.602,0.487,1.0,283.22704815864563,0.0,7456,0,0.0,,0,0.0,,,0.0,0.0,,0.0,0.0,https://wandb.ai/kastel-sdq-meta-research/experiment_cross_encoder/r/call/01a05f75-de5b-70f8-b68b-16e718fb68d3,retrieval_config,False,KitToolbox,kit.qwen3-embedding-8b,10,10,True,cosine,True,False,10,-1,8,False,False,1,False,-1,-1,False,,['R659055'],['Paper'],True,False,False,kg_retrieval,hublink,kittoolbox_kit.minimax-m2.7-229b_tmpNone_maxt-1_reasoningNone,KitToolbox,kit.minimax-m2.7-229b,,-1,,kittoolbox_kit.minimax-m2.7-229b_tmpNone_maxt-1_reasoningNone,KitToolbox,kit.minimax-m2.7-229b,,-1,,orkg_merged_ecsa_icsa.json_jsonpublicationloader_limit-1,['paper_class'],['research_level'],['first_research_object'],['second_research_object'],['validity'],['evidence'],False,False,R659055,https://sandbox.orkg.org,-1,orkg,merged_ecsa_icsa.json_jsonpublicationloader_limit-1,merged_ecsa_icsa.json,JsonPublicationLoader,-1,,4000,2,generation_kittoolbox_kit.minimax-m2.7-229b_tmpNone_maxt-1_reasoningNone,generation,kittoolbox_kit.minimax-m2.7-229b_tmpNone_maxt-1_reasoningNone,KitToolbox,kit.minimax-m2.7-229b,,-1,,Which papers investigate architectural assumptions in 2019?,The paper 'Improving the Consistency and Usefulness of Architecture Descriptions: Guidelines for Architects' investigated Architectural Assumptions as a research object in the year 2019.,"['10.1109/ICSA.2019.00024', '10.1109/ICSA.2019.00024']",,"['(R873641:Research Object Entity, Name, L1530909:Architectural Assumptions)', '(R873599:Improving the Consistency and Usefulness of Architecture Descriptions: Guidelines for Architects, publication year, L1530833:2019)']",clustering_strategy,R659055,Software Architecture and Design,5,Which papers used [Content Data: research object name] as a research object in the year [Metadata: year]?
143,39f0c727f1c36390b5a876e7120bfff1,20e5a40b-fe6b-409a-b87c-446972739d6f,"

Based on the partial answers provided, the papers that were explicitly identified as applying the evaluation method **Argumentation** in the publication year **2020** are:

- **""Unlimited Rulebook: a Reference Architecture for Economy Mechanics in Digital Games""** [1]
- **""Continuous Experimentation for Automotive Software on the Example of a Heavy Commercial Vehicle in Daily Operation""** [2]
- **""Architectural Patterns for Cross‑Domain Personalised Automotive Functions""** [3]

These papers are directly stated to have been published in 2020 and to have used Argumentation as an evaluation method in the provided texts.

[1] Source: Unlimited Rulebook: a Reference Architecture for Economy Mechanics in Digital Games, 10.1109/ICSA47634.2020.00014
[2] Source: Continuous Experimentation for Automotive Software on the Example of a Heavy Commercial Vehicle in Daily Operation, 10.1007/978-3-030-58923-3_5
[3] Source: Architectural Patterns for Cross-Domain Personalised Automotive Functions, 10.1109/ICSA47634.2020.00026
","['(R869051:Unlimited Rulebook: a Reference Architecture for Economy Mechanics in Digital Games, publication year, L1521417:2020)', '(R873021:Continuous Experimentation for Automotive Software on the Example of a Heavy Commercial Vehicle in Daily Operation, publication year, L1529684:2020)', '(R870792:Architectural Patterns for Cross-Domain Personalised Automotive Functions, publication year, L1525115:2020)', '(R869051:Unlimited Rulebook: a Reference Architecture for Economy Mechanics in Digital Games, contribution, R869079:First Research Object 2)', '(R869079:First Research Object 2, evaluation, R869087:Evaluation)', '(R869087:Evaluation, Evaluation method, R869088:Evaluation Method List)', '(R869088:Evaluation Method List, Entity, R869089:Evaluation Method Entity)', '(R869089:Evaluation Method Entity, Name, L1521482:Argumentation)', '(R870792:Architectural Patterns for Cross-Domain Personalised Automotive Functions, contribution, R870818:First Research Object 2)', '(R870818:First Research Object 2, evaluation, R870819:Evaluation)', '(R870819:Evaluation, Evaluation method, R870820:Evaluation Method List)', '(R870820:Evaluation Method List, Entity, R870821:Evaluation Method Entity)', '(R870821:Evaluation Method Entity, Name, L1525169:Argumentation)', '(R873061:Evaluation Method Entity, Name, L1529746:Argumentation)']",['2020'],0.667,0.667,0.583,0.486,1.0,1.0,0.4,0.67,0.5,0.59,0.62,0.67,0.64,0.66,0.43,1.0,0.6,0.79,0.67,1.0,0.8,0.91,0.4,0.615,0.429,0.667,0.23,0.74,0.58,1.0,0.67,0.53,0.92,0.72,0.57,0.98,0.652,0.861,0.742,1.0,331.43904209136963,0.0,10180,0,0.0,,0,0.0,,,0.0,0.0,,0.0,0.0,https://wandb.ai/kastel-sdq-meta-research/experiment_cross_encoder/r/call/01a05f75-f8db-76e0-b809-97acdced89d5,retrieval_config,False,KitToolbox,kit.qwen3-embedding-8b,10,10,True,cosine,True,False,10,-1,8,False,False,1,False,-1,-1,False,,['R659055'],['Paper'],True,False,False,kg_retrieval,hublink,kittoolbox_kit.minimax-m2.7-229b_tmpNone_maxt-1_reasoningNone,KitToolbox,kit.minimax-m2.7-229b,,-1,,kittoolbox_kit.minimax-m2.7-229b_tmpNone_maxt-1_reasoningNone,KitToolbox,kit.minimax-m2.7-229b,,-1,,orkg_merged_ecsa_icsa.json_jsonpublicationloader_limit-1,['paper_class'],['research_level'],['first_research_object'],['second_research_object'],['validity'],['evidence'],False,False,R659055,https://sandbox.orkg.org,-1,orkg,merged_ecsa_icsa.json_jsonpublicationloader_limit-1,merged_ecsa_icsa.json,JsonPublicationLoader,-1,,4000,2,generation_kittoolbox_kit.minimax-m2.7-229b_tmpNone_maxt-1_reasoningNone,generation,kittoolbox_kit.minimax-m2.7-229b_tmpNone_maxt-1_reasoningNone,KitToolbox,kit.minimax-m2.7-229b,,-1,,Which papers applied the evaluation method Argumentation in the publication year 2020?,"The papers that applied the evaluation method Argumentation in the publication year 2020 are: 'Unlimited Rulebook: a Reference Architecture for Economy Mechanics in Digital Games', 'Continuous Experimentation for Automotive Software on the Example of a Heavy Commercial Vehicle in Daily Operation', and 'Architectural Patterns for Cross-Domain Personalised Automotive Functions'.","['10.1109/ICSA47634.2020.00014', '10.1109/ICSA47634.2020.00014', '10.1007/978-3-030-58923-3_5', '10.1007/978-3-030-58923-3_5', '10.1109/ICSA47634.2020.00026', '10.1109/ICSA47634.2020.00026']",,"['(R869089:Evaluation Method Entity, Name, L1521482:Argumentation)', '(R869051:Unlimited Rulebook: a Reference Architecture for Economy Mechanics in Digital Games, publication year, L1521417:2020)', '(R873061:Evaluation Method Entity, Name, L1529746:Argumentation)', '(R873021:Continuous Experimentation for Automotive Software on the Example of a Heavy Commercial Vehicle in Daily Operation, publication year, L1529684:2020)', '(R870821:Evaluation Method Entity, Name, L1525169:Argumentation)', '(R870792:Architectural Patterns for Cross-Domain Personalised Automotive Functions, publication year, L1525115:2020)']",clustering_strategy,R659055,Software Architecture and Design,6,Which papers used the evaluation method [Content Data: evaluation method name] in the year [Metadata: year]?
144,39f0c727f1c36390b5a876e7120bfff1,3655dda4-9389-4db1-9699-c402d546436d,"

Based on the sources examined, none of the 2017 papers identified in the provided material used **interviews** as an evaluation method. The three 2017 publications—*Semantic Differencing for Message‑Driven Component & Connector Architectures* [1], *Quality Evaluation of PaaS Cloud Application Design Using Generated Prototypes* [2], and *Accurate Analysis of Quality Properties of Software with Observation‑Based Markov Chain Refinement* [3]—employed verification, technical experiments, or case‑study approaches, respectively, but none explicitly mention interviews. The only paper that applied interviews for evaluation in the broader set is the 2018 study *Migrating Towards Microservice Architectures: An Industrial Survey* [4]. Therefore, among the papers dated 2017, no study is reported to have used interviews as an evaluation method.

[1] Source: Semantic Differencing for Message-Driven Component & Connector Architectures, 10.1109/ICSA.2017.34
[2] Source: Quality Evaluation of PaaS Cloud Application Design Using Generated Prototypes, 10.1109/ICSA.2017.43
[3] Source: Accurate Analysis of Quality Properties of Software with Observation-Based Markov Chain Refinement, 10.1109/ICSA.2017.14
[4] Source: Migrating Towards Microservice Architectures: An Industrial Survey, 10.1109/ICSA.2018.00012
","['(R871018:Evaluation Method Entity, Name, L1525565:Interview)', '(R2156200:Evaluation Method Entity, Name, L2809566:Interview)', '(R870989:Migrating Towards Microservice Architectures: An Industrial Survey, publication year, L1525510:2018)']",['2017'],0.0,0.0,0.0,0.0,0.0,0.0,0.0,0.0,0.0,0.0,0.0,0.0,0.0,0.0,0.0,0.0,0.0,0.0,0.0,0.0,0.0,0.0,0.0,0.0,0.0,0.0,0.01,0.23,0.15,0.53,0.07,0.04,0.16,0.16,0.1,0.38,0.518,0.66,0.581,1.0,157.8687388896942,0.0,2344,0,0.0,,0,0.0,,,0.0,0.0,,0.0,0.0,https://wandb.ai/kastel-sdq-meta-research/experiment_cross_encoder/r/call/01a05f78-de5b-70e0-9c18-437a2ce8b631,retrieval_config,False,KitToolbox,kit.qwen3-embedding-8b,10,10,True,cosine,True,False,10,-1,8,False,False,1,False,-1,-1,False,,['R659055'],['Paper'],True,False,False,kg_retrieval,hublink,kittoolbox_kit.minimax-m2.7-229b_tmpNone_maxt-1_reasoningNone,KitToolbox,kit.minimax-m2.7-229b,,-1,,kittoolbox_kit.minimax-m2.7-229b_tmpNone_maxt-1_reasoningNone,KitToolbox,kit.minimax-m2.7-229b,,-1,,orkg_merged_ecsa_icsa.json_jsonpublicationloader_limit-1,['paper_class'],['research_level'],['first_research_object'],['second_research_object'],['validity'],['evidence'],False,False,R659055,https://sandbox.orkg.org,-1,orkg,merged_ecsa_icsa.json_jsonpublicationloader_limit-1,merged_ecsa_icsa.json,JsonPublicationLoader,-1,,4000,2,generation_kittoolbox_kit.minimax-m2.7-229b_tmpNone_maxt-1_reasoningNone,generation,kittoolbox_kit.minimax-m2.7-229b_tmpNone_maxt-1_reasoningNone,KitToolbox,kit.minimax-m2.7-229b,,-1,,"In 2017, which papers applied interviews for evaluation?",The papers that applied the evaluation method Interview in the year 2017 are 'Architectural Assumptions and Their Management in Industry – An Exploratory Study' and 'Continuous Integration Impediments in Large-Scale Industry Projects'.,"['10.1007/978-3-319-65831-5_14', '10.1007/978-3-319-65831-5_14', '10.1109/ICSA.2017.11', '10.1109/ICSA.2017.11']",,"['(R868681:Evaluation Method Entity, Name, L1520615:Interview)', '(R868651:Architectural Assumptions and Their Management in Industry – An Exploratory Study, publication year, L1520562:2017)', '(R868593:Evaluation Method Entity, Name, L1520429:Interview)', '(R868569:Continuous Integration Impediments in Large-Scale Industry Projects, publication year, L1520380:2017)']",clustering_strategy,R659055,Software Architecture and Design,6,Which papers used the evaluation method [Content Data: evaluation method name] in the year [Metadata: year]?
145,39f0c727f1c36390b5a876e7120bfff1,13fc2ea0-097a-4b2f-861a-758a7177065c,"

The information from the sources shows that **two** papers used the **Controlled Experiment** evaluation method and were published in **2018**.

* “Two Architectural Threat Analysis Techniques Compared” – published in 2018 and evaluated with a Controlled Experiment【1】.  
* “Improving the Search for Architecture Knowledge in Online Developer Communities” – also published in 2018 and employing a Controlled Experiment as its evaluation method【8】.

All other sources either do not provide a 2018 publication year for any Controlled‑Experiment study (e.g., 【2】, 【4】, 【7】, 【9】) or discuss papers published in different years (2017, 2020)【3】【6】. Therefore, based on the provided texts, **two papers** meet the criteria.

","['(R874320:First Research Object 2, evaluation, R874321:Evaluation)', '(R874321:Evaluation, Evaluation method, R874322:Evaluation Method List)', '(R874322:Evaluation Method List, Entity, R874323:Evaluation Method Entity)', '(R874323:Evaluation Method Entity, Name, L1532368:Controlled Experiment)', '(R870911:Evaluation Method Entity, Name, L1525353:Controlled Experiment)', '(R869082:Evaluation Method Entity, Name, L1521476:Controlled Experiment)', '(R872855:Evaluation Method Entity, Name, L1529336:Controlled Experiment)', '(R874077:Abstraction Layered Architecture: Writing Maintainable Embedded Code, publication year, L1531844:2018)', '(R874422:Evaluation Method Entity, Name, L1532572:Controlled Experiment)', '(R874299:On the Understandability of Semantic Constraints for Behavioral Software Architecture Compliance: A Controlled Experiment, publication year, L1532318:2017)', '(R869353:Two Architectural Threat Analysis Techniques Compared, contribution, R869374:First Research Object 2)', '(R869374:First Research Object 2, evaluation, R869375:Evaluation)', '(R869375:Evaluation, Evaluation method, R869376:Evaluation Method List)', '(R869376:Evaluation Method List, Entity, R869377:Evaluation Method Entity)', '(R869377:Evaluation Method Entity, Name, L1522113:Controlled Experiment)', '(R869353:Two Architectural Threat Analysis Techniques Compared, publication year, L1522065:2018)', '(R870884:REST vs GraphQL: A Controlled Experiment, publication year, L1525297:2020)', '(R874102:Evaluation Method Entity, Name, L1531893:Case Study)', '(R874393:Improving the Search for Architecture Knowledge in Online Developer Communities, publication year, L1532515:2018)']",['2018'],0.25,0.5,0.028,0.014,0.111,0.111,0.1,0.25,0.14,0.19,0.12,0.25,0.16,0.2,0.21,1.0,0.35,0.57,0.27,1.0,0.42,0.65,0.1,0.118,0.211,0.267,0.01,0.23,0.13,0.78,0.05,0.03,0.18,0.18,0.11,0.61,0.389,0.653,0.488,1.0,463.5879831314087,0.0,19443,0,0.0,,0,0.0,,,0.0,0.0,,0.0,0.0,https://wandb.ai/kastel-sdq-meta-research/experiment_cross_encoder/r/call/01a05f7a-20f9-79b1-ad32-e299ee25e757,retrieval_config,False,KitToolbox,kit.qwen3-embedding-8b,10,10,True,cosine,True,False,10,-1,8,False,False,1,False,-1,-1,False,,['R659055'],['Paper'],True,False,False,kg_retrieval,hublink,kittoolbox_kit.minimax-m2.7-229b_tmpNone_maxt-1_reasoningNone,KitToolbox,kit.minimax-m2.7-229b,,-1,,kittoolbox_kit.minimax-m2.7-229b_tmpNone_maxt-1_reasoningNone,KitToolbox,kit.minimax-m2.7-229b,,-1,,orkg_merged_ecsa_icsa.json_jsonpublicationloader_limit-1,['paper_class'],['research_level'],['first_research_object'],['second_research_object'],['validity'],['evidence'],False,False,R659055,https://sandbox.orkg.org,-1,orkg,merged_ecsa_icsa.json_jsonpublicationloader_limit-1,merged_ecsa_icsa.json,JsonPublicationLoader,-1,,4000,2,generation_kittoolbox_kit.minimax-m2.7-229b_tmpNone_maxt-1_reasoningNone,generation,kittoolbox_kit.minimax-m2.7-229b_tmpNone_maxt-1_reasoningNone,KitToolbox,kit.minimax-m2.7-229b,,-1,,How many papers applied the evaluation method Controlled Experiment in the publication year 2018?,The number of papers that applied the evaluation method Controlled Experiment in the publication year 2018 is two.,"['10.1109/ICSA.2018.00028', '10.1109/ICSA.2018.00028', '10.1007/978-3-030-00761-4_23', '10.1007/978-3-030-00761-4_23']",,"['(R874422:Evaluation Method Entity, Name, L1532572:Controlled Experiment)', '(R874393:Improving the Search for Architecture Knowledge in Online Developer Communities, publication year, L1532515:2018)', '(R869377:Evaluation Method Entity, Name, L1522113:Controlled Experiment)', '(R869353:Two Architectural Threat Analysis Techniques Compared, publication year, L1522065:2018)']",clustering_strategy,R659055,Software Architecture and Design,6,How many papers applied the evaluation method with the name [Content Data: evaluation method name] in the publication year [Metadata: year]?
146,39f0c727f1c36390b5a876e7120bfff1,0f89c912-fced-46b6-89f5-f3a54145f683,"

The texts show that **two** papers were evaluated with Grounded Theory in 2020:

* **Source [1]** – “Architectural Technical Debt: A Grounded Theory” (published 2020) – First Research Object 2 was evaluated using Grounded Theory.  
* **Source [2]** – “Assessing Architecture Conformance to Coupling‑Related Patterns and Practices in Microservices” (published 2020) – its evaluation method is Grounded Theory.

The remaining partial answers either refer to papers in other years (e.g., 2017, 2019) or do not confirm that Grounded Theory was the evaluation method for 2020. Therefore, according to the provided sources, the number of papers evaluated with Grounded Theory in 2020 is **two**.

[1] Source: Architectural Technical Debt: A Grounded Theory, 10.1007/978-3-030-58923-3_14
[2] Source: Assessing Architecture Conformance to Coupling-Related Patterns and Practices in Microservices, 10.1007/978-3-030-58923-3_1
","['(R869566:Assessing Architecture Conformance to Coupling-Related Patterns and Practices in Microservices, contribution, R869587:First Research Object 2)', '(R869587:First Research Object 2, evaluation, R869588:Evaluation)', '(R869588:Evaluation, Evaluation method, R869589:Evaluation Method List)', '(R869589:Evaluation Method List, Entity, R869590:Evaluation Method Entity)', '(R869590:Evaluation Method Entity, Name, L1522568:Grounded Theory)', '(R869566:Assessing Architecture Conformance to Coupling-Related Patterns and Practices in Microservices, publication year, L1522519:2020)', '(R872607:Architectural Technical Debt: A Grounded Theory, contribution, R872624:First Research Object 2)', '(R872624:First Research Object 2, evaluation, R872625:Evaluation)', '(R872625:Evaluation, Evaluation method, R872626:Evaluation Method List)', '(R872626:Evaluation Method List, Entity, R872627:Evaluation Method Entity)', '(R872627:Evaluation Method Entity, Name, L1528876:Grounded Theory)', '(R872607:Architectural Technical Debt: A Grounded Theory, publication year, L1528844:2020)']",['2020'],0.5,0.75,0.133,0.51,0.2,1.0,0.2,0.5,0.29,0.38,0.5,0.75,0.6,0.68,0.33,1.0,0.5,0.71,0.57,1.0,0.73,0.87,0.2,0.5,0.333,0.571,0.02,0.25,0.14,1.0,0.2,0.11,0.85,0.21,0.12,0.86,0.404,0.63,0.492,1.0,293.5687942504883,0.0,100040,0,0.0,,0,0.0,,,0.0,0.0,,0.0,0.0,https://wandb.ai/kastel-sdq-meta-research/experiment_cross_encoder/r/call/01a05f7a-65ee-7a78-9b8e-834690f41889,retrieval_config,False,KitToolbox,kit.qwen3-embedding-8b,10,10,True,cosine,True,False,10,-1,8,False,False,1,False,-1,-1,False,,['R659055'],['Paper'],True,False,False,kg_retrieval,hublink,kittoolbox_kit.minimax-m2.7-229b_tmpNone_maxt-1_reasoningNone,KitToolbox,kit.minimax-m2.7-229b,,-1,,kittoolbox_kit.minimax-m2.7-229b_tmpNone_maxt-1_reasoningNone,KitToolbox,kit.minimax-m2.7-229b,,-1,,orkg_merged_ecsa_icsa.json_jsonpublicationloader_limit-1,['paper_class'],['research_level'],['first_research_object'],['second_research_object'],['validity'],['evidence'],False,False,R659055,https://sandbox.orkg.org,-1,orkg,merged_ecsa_icsa.json_jsonpublicationloader_limit-1,merged_ecsa_icsa.json,JsonPublicationLoader,-1,,4000,2,generation_kittoolbox_kit.minimax-m2.7-229b_tmpNone_maxt-1_reasoningNone,generation,kittoolbox_kit.minimax-m2.7-229b_tmpNone_maxt-1_reasoningNone,KitToolbox,kit.minimax-m2.7-229b,,-1,,How many papers were evaluated with grounded theory in 2020?,The number of papers that were evaluated with grounded theory in 2020 is two.,"['10.1007/978-3-030-58923-3_14', '10.1007/978-3-030-58923-3_14', '10.1007/978-3-030-58923-3_1', '10.1007/978-3-030-58923-3_1']",,"['(R869590:Evaluation Method Entity, Name, L1522568:Grounded Theory)', '(R872607:Architectural Technical Debt: A Grounded Theory, publication year, L1528844:2020)', '(R872627:Evaluation Method Entity, Name, L1528876:Grounded Theory)', '(R869566:Assessing Architecture Conformance to Coupling-Related Patterns and Practices in Microservices, publication year, L1522519:2020)']",clustering_strategy,R659055,Software Architecture and Design,6,How many papers used [Content Data: evaluation method name] as a evaluation method in the year [Metadata: year]?
147,39f0c727f1c36390b5a876e7120bfff1,45980771-43fe-4c67-8e6a-36b7a3df9772,"

The source texts do not identify any paper that investigates the research object **Architecture Extraction** and is dated **2019**.  

- **At least one paper** is reported to study Architecture Extraction (e.g., “Towards Micro Service Architecture Recovery: An Empirical Study” [1]; “From Monolithic Architecture Style to Microservice one Based on a Semi‑Automatic Approach” [2]; “Constructing a Shared Infrastructure for Software Architecture Analysis and Maintenance” [3]; “Determination and Enforcement of Least‑Privilege Architecture in Android” [4]), but none of these works are noted as being published in 2019.  
- The only 2019 publication mentioned (“ACE: Easy Deployment of Field Optimization Experiments” [5]) is not shown to investigate Architecture Extraction.

Therefore, the number of papers that investigated Architecture Extraction **in the year 2019** is **zero** according to the provided contexts.  

**Sources:** [1], [2], [3], [4], [5].

[1] Source: Towards Micro Service Architecture Recovery: An Empirical Study, 10.1109/ICSA.2018.00014
[2] Source: From Monolithic Architecture Style to Microservice one Based on a Semi-Automatic Approach, 10.1109/ICSA47634.2020.00023
[3] Source: Constructing a Shared Infrastructure for Software Architecture Analysis and Maintenance, 10.1109/ICSA51549.2021.00022
[4] Source: Determination and Enforcement of Least-Privilege Architecture in Android, 10.1109/ICSA.2017.18
[5] Source: ACE: Easy Deployment of Field Optimization Experiments, 10.1007/978-3-030-29983-5_18
","['(R871674:Constructing a Shared Infrastructure for Software Architecture Analysis and Maintenance, contribution, R871711:Second Research Object 2)', '(R871711:Second Research Object 2, Object, R871713:Research Object List)', '(R871713:Research Object List, Entity, R871714:Research Object Entity)', '(R871714:Research Object Entity, Name, L1526984:Architecture Extraction)', '(R870521:From Monolithic Architecture Style to Microservice one Based on a Semi-Automatic Approach, contribution, R870542:First Research Object 2)', '(R870542:First Research Object 2, Object, R870548:Research Object List)', '(R870548:Research Object List, Entity, R870549:Research Object Entity)', '(R870549:Research Object Entity, Name, L1524582:Architecture Extraction)', '(R871264:Determination and Enforcement of Least-Privilege Architecture in Android, contribution, R871286:First Research Object 2)', '(R871294:Research Object Entity, Name, L1526138:Architecture Extraction)', '(R873855:Towards Micro Service Architecture Recovery: An Empirical Study, contribution, R873878:First Research Object 2)', '(R873878:First Research Object 2, Object, R873886:Research Object List)', '(R873886:Research Object List, Entity, R873887:Research Object Entity)', '(R873887:Research Object Entity, Name, L1531437:Architecture Extraction)', '(R871264:Determination and Enforcement of Least-Privilege Architecture in Android, doi, L1526080:10.1109/ICSA.2017.18)']",['2019'],0.0,0.0,0.0,0.0,0.0,0.0,0.0,0.0,0.0,0.0,0.0,0.0,0.0,0.0,0.0,0.0,0.0,0.0,0.0,0.0,0.0,0.0,0.0,0.0,0.0,0.0,0.02,0.16,0.09,0.92,0.08,0.05,0.5,0.12,0.07,0.69,0.335,0.631,0.438,1.0,518.645750284195,0.00361785,26118,0,0.0,,0,0.0,,,0.0,0.0,,0.0,0.0,https://wandb.ai/kastel-sdq-meta-research/experiment_cross_encoder/r/call/01a05f7a-ad38-71f8-8795-6efd5d945a8c,retrieval_config,False,KitToolbox,kit.qwen3-embedding-8b,10,10,True,cosine,True,False,10,-1,8,False,False,1,False,-1,-1,False,,['R659055'],['Paper'],True,False,False,kg_retrieval,hublink,kittoolbox_kit.minimax-m2.7-229b_tmpNone_maxt-1_reasoningNone,KitToolbox,kit.minimax-m2.7-229b,,-1,,kittoolbox_kit.minimax-m2.7-229b_tmpNone_maxt-1_reasoningNone,KitToolbox,kit.minimax-m2.7-229b,,-1,,orkg_merged_ecsa_icsa.json_jsonpublicationloader_limit-1,['paper_class'],['research_level'],['first_research_object'],['second_research_object'],['validity'],['evidence'],False,False,R659055,https://sandbox.orkg.org,-1,orkg,merged_ecsa_icsa.json_jsonpublicationloader_limit-1,merged_ecsa_icsa.json,JsonPublicationLoader,-1,,4000,2,generation_kittoolbox_kit.minimax-m2.7-229b_tmpNone_maxt-1_reasoningNone,generation,kittoolbox_kit.minimax-m2.7-229b_tmpNone_maxt-1_reasoningNone,KitToolbox,kit.minimax-m2.7-229b,,-1,,How many papers investigated the research object Architecture Extraction in the publication year 2019?,Two papers investigate Architecture Extraction as a research object in the year 2019.,"['10.1007/978-3-030-29983-5_17', '10.1007/978-3-030-29983-5_17', '10.1007/978-3-030-29983-5_5', '10.1007/978-3-030-29983-5_5']",,"['(R872464:Research Object Entity, Name, L1528569:Architecture Extraction)', '(R872428:Tool Support for the Migration to Microservice Architecture: An Industrial Case Study, publication year, L1528508:2019)', '(R874554:Research Object Entity, Name, L1532843:Architecture Extraction)', '(R874518:Evaluating the Effectiveness of Multi-level Greedy Modularity Clustering for Software Architecture Recovery, publication year, L1532779:2019)']",clustering_strategy,R659055,Software Architecture and Design,5,How many papers used [Content Data: research object name] as a research object in the year [Metadata: year]?
148,39f0c727f1c36390b5a876e7120bfff1,019f3671-5dd5-4d43-9a4d-a753cc79649d,"

The sources do not identify any 2020 paper that investigates architecture evolution. They list three 2020 publications—“Unlimited Rulebook: a Reference Architecture for Economy Mechanics in Digital Games” [1], “Technical Architectures for Automotive Systems” [2], and “A Flexible Architecture for Key Performance Indicators Assessment in Smart Cities” [3]—but none are described as studying architecture evolution. The only work that explicitly investigates architecture evolution (“Using Informal Knowledge for Improving Software Quality Trade‑Off Decisions”) is from 2018 [4]. Therefore, the number of papers that investigate architecture evolution in 2020 is **zero**.

[1] Source: Unlimited Rulebook: a Reference Architecture for Economy Mechanics in Digital Games, 10.1109/ICSA47634.2020.00014
[2] Source: Technical Architectures for Automotive Systems, 10.1109/ICSA47634.2020.00013
[3] Source: A Flexible Architecture for Key Performance Indicators Assessment in Smart Cities, 10.1007/978-3-030-58923-3_8
[4] Source: Using Informal Knowledge for Improving Software Quality Trade-Off Decisions, 10.1007/978-3-030-00761-4_18
","['(R868784:A Flexible Architecture for Key Performance Indicators Assessment in Smart Cities, publication year, L1520843:2020)', '(R869051:Unlimited Rulebook: a Reference Architecture for Economy Mechanics in Digital Games, publication year, L1521417:2020)', '(R873459:Using Informal Knowledge for Improving Software Quality Trade-Off Decisions, contribution, R873475:First Research Object 2)', '(R873482:Research Object Entity, Name, L1530596:Architecture Evolution)', '(R873459:Using Informal Knowledge for Improving Software Quality Trade-Off Decisions, publication year, L1530563:2018)']",['2020'],0.0,0.0,0.0,0.0,0.0,0.0,0.0,0.0,0.0,0.0,0.0,0.0,0.0,0.0,0.0,0.0,0.0,0.0,0.0,0.0,0.0,0.0,0.0,0.0,0.0,0.0,0.03,0.12,0.07,0.86,0.08,0.04,0.67,0.12,0.07,0.86,0.366,0.602,0.456,1.0,321.5475404262543,0.0,50536,0,0.0,,0,0.0,,,0.0,0.0,,0.0,0.0,https://wandb.ai/kastel-sdq-meta-research/experiment_cross_encoder/r/call/01a05f7b-3506-7e26-9c53-fd29b35461c6,retrieval_config,False,KitToolbox,kit.qwen3-embedding-8b,10,10,True,cosine,True,False,10,-1,8,False,False,1,False,-1,-1,False,,['R659055'],['Paper'],True,False,False,kg_retrieval,hublink,kittoolbox_kit.minimax-m2.7-229b_tmpNone_maxt-1_reasoningNone,KitToolbox,kit.minimax-m2.7-229b,,-1,,kittoolbox_kit.minimax-m2.7-229b_tmpNone_maxt-1_reasoningNone,KitToolbox,kit.minimax-m2.7-229b,,-1,,orkg_merged_ecsa_icsa.json_jsonpublicationloader_limit-1,['paper_class'],['research_level'],['first_research_object'],['second_research_object'],['validity'],['evidence'],False,False,R659055,https://sandbox.orkg.org,-1,orkg,merged_ecsa_icsa.json_jsonpublicationloader_limit-1,merged_ecsa_icsa.json,JsonPublicationLoader,-1,,4000,2,generation_kittoolbox_kit.minimax-m2.7-229b_tmpNone_maxt-1_reasoningNone,generation,kittoolbox_kit.minimax-m2.7-229b_tmpNone_maxt-1_reasoningNone,KitToolbox,kit.minimax-m2.7-229b,,-1,,How many papers investigate architecture evolution in 2020?,Two papers investigate architecture evolution in 2020.,"['10.1007/978-3-030-58923-3_18', '10.1007/978-3-030-58923-3_18']",,"['(R869762:Research Object Entity, Name, L1522941:Architecture Evolution)', '(R869730:Architectural Concerns for Digital Twin of the Organization, publication year, L1522884:2020)']",clustering_strategy,R659055,Software Architecture and Design,5,How many papers used [Content Data: research object name] as a research object in the year [Metadata: year]?
149,39f0c727f1c36390b5a876e7120bfff1,18b9f0d0-ddcf-4b4d-8193-0452d1de1368,"

**Papers that have Ingo Weber as an author and use the “Argumentation” evaluation method**

| # | Paper (authored by Ingo Weber) | Evaluation method “Argumentation” | Publication year |
|---|--------------------------------|-----------------------------------|-------------------|
| 1 | *A Platform Architecture for Multi‑Tenant Blockchain‑Based Systems* | The work’s First Research Object 2 was evaluated using **Argumentation**【2】 | 2019【2】 |
| 2 | *A Taxonomy of Blockchain‑Based Systems for Architecture Design* | The evaluation includes the method **Argumentation**【1】 | Not provided in the sources【1】 |

**Ranking by descending publication year**

- The paper from 2019 (« *A Platform Architecture for Multi‑Tenant Blockchain‑Based Systems* ») is listed first because its publication year is known.  
- The second paper (« *A Taxonomy of Blockchain‑Based Systems for Architecture Design* ») cannot be placed in a strict year‑order because no year is given in the provided texts【1】.  

No other sources identified additional papers that satisfy both conditions (Ingo Weber as author **and** the “Argumentation” evaluation method).

","['(R871945:authors list, has list element, L1527455:Ingo Weber)', '(R869312:A Decision Model for Choosing Patterns in Blockchain-Based Applications, authors, R869313:authors list)', '(R869313:authors list, has list element, L1521976:Ingo Weber)', '(R873379:Predicting the Performance of Privacy-Preserving Data Analytics Using Architecture Modelling and Simulation, contribution, R873400:First Research Object 2)', '(R873400:First Research Object 2, evaluation, R873401:Evaluation)', '(R873379:Predicting the Performance of Privacy-Preserving Data Analytics Using Architecture Modelling and Simulation, authors, R873380:authors list)', '(R873380:authors list, has list element, L1530390:Ingo Weber)', '(R871726:A Platform Architecture for Multi-Tenant Blockchain-Based Systems, authors, R871727:authors list)', '(R871727:authors list, has list element, L1527018:Ingo Weber)', '(R873701:A Taxonomy of Blockchain-Based Systems for Architecture Design, contribution, R873717:First Research Object 2)', '(R873717:First Research Object 2, evaluation, R873718:Evaluation)', '(R869312:A Decision Model for Choosing Patterns in Blockchain-Based Applications, contribution, R869334:First Research Object 2)', '(R869334:First Research Object 2, evaluation, R869335:Evaluation)', '(R873701:A Taxonomy of Blockchain-Based Systems for Architecture Design, authors, R873702:authors list)', '(R873702:authors list, has list element, L1531053:Ingo Weber)', '(R871726:A Platform Architecture for Multi-Tenant Blockchain-Based Systems, publication year, L1527024:2019)', '(R871758:Evaluation, Evaluation method, R871759:Evaluation Method List)', '(R871759:Evaluation Method List, Entity, R871760:Evaluation Method Entity)', '(R871760:Evaluation Method Entity, Name, L1527086:Argumentation)', '(R870818:First Research Object 2, evaluation, R870819:Evaluation)', '(R870819:Evaluation, Evaluation method, R870820:Evaluation Method List)', '(R870820:Evaluation Method List, Entity, R870821:Evaluation Method Entity)', '(R870821:Evaluation Method Entity, Name, L1525169:Argumentation)', '(R873718:Evaluation, Evaluation method, R873719:Evaluation Method List)', '(R873719:Evaluation Method List, Entity, R873720:Evaluation Method Entity)', '(R873720:Evaluation Method Entity, Name, L1531089:Argumentation)', '(R873401:Evaluation, Evaluation method, R873402:Evaluation Method List)', '(R873402:Evaluation Method List, Entity, R873403:Evaluation Method Entity)', '(R873403:Evaluation Method Entity, Name, L1530440:Case Study)', '(R871968:Evaluation Method Entity, Name, L1527503:Case Study)', '(R869335:Evaluation, Evaluation method, R869336:Evaluation Method List)', '(R869336:Evaluation Method List, Entity, R869337:Evaluation Method Entity)', '(R869337:Evaluation Method Entity, Name, L1522029:Interview)', '(R870792:Architectural Patterns for Cross-Domain Personalised Automotive Functions, authors, R870793:authors list)', '(R870793:authors list, has list element, L1525114:Thomas Hubregtsen)']",['Ingo Weber'],0.167,0.25,0.019,0.065,0.111,0.125,0.1,0.17,0.12,0.15,0.27,0.33,0.3,0.32,0.14,0.83,0.24,0.42,0.25,0.92,0.39,0.6,0.1,0.267,0.143,0.25,0.08,0.44,0.29,0.91,0.33,0.22,0.7,0.37,0.24,0.77,0.45,0.619,0.521,1.0,451.49648928642273,0.0,48869,0,0.0,,0,0.0,,,0.0,0.0,,0.0,0.0,https://wandb.ai/kastel-sdq-meta-research/experiment_cross_encoder/r/call/01a05f7b-8597-73df-8da8-e5f367af4d1d,retrieval_config,False,KitToolbox,kit.qwen3-embedding-8b,10,10,True,cosine,True,False,10,-1,8,False,False,1,False,-1,-1,False,,['R659055'],['Paper'],True,False,False,kg_retrieval,hublink,kittoolbox_kit.minimax-m2.7-229b_tmpNone_maxt-1_reasoningNone,KitToolbox,kit.minimax-m2.7-229b,,-1,,kittoolbox_kit.minimax-m2.7-229b_tmpNone_maxt-1_reasoningNone,KitToolbox,kit.minimax-m2.7-229b,,-1,,orkg_merged_ecsa_icsa.json_jsonpublicationloader_limit-1,['paper_class'],['research_level'],['first_research_object'],['second_research_object'],['validity'],['evidence'],False,False,R659055,https://sandbox.orkg.org,-1,orkg,merged_ecsa_icsa.json_jsonpublicationloader_limit-1,merged_ecsa_icsa.json,JsonPublicationLoader,-1,,4000,2,generation_kittoolbox_kit.minimax-m2.7-229b_tmpNone_maxt-1_reasoningNone,generation,kittoolbox_kit.minimax-m2.7-229b_tmpNone_maxt-1_reasoningNone,KitToolbox,kit.minimax-m2.7-229b,,-1,,Which papers have Ingo Weber as an author and apply the evaluation method Argumentation? Rank the papers in descending order of their publication year.,"The papers that have Ingo Weber as an author and that apply the evaluation method Argumentation, ranked in descending order of their publication year, are: 1. A Platform Architecture for Multi-Tenant Blockchain-Based Systems (2019), 2. A Taxonomy of Blockchain-Based Systems for Architecture Design (2017).","['10.1109/ICSA.2019.00019', '10.1109/ICSA.2019.00019', '10.1109/ICSA.2019.00019', '10.1109/ICSA.2017.33', '10.1109/ICSA.2017.33', '10.1109/ICSA.2017.33']",,"['(R871727:authors list, has list element, L1527018:Ingo Weber)', '(R871760:Evaluation Method Entity, Name, L1527086:Argumentation)', '(R871726:A Platform Architecture for Multi-Tenant Blockchain-Based Systems, publication year, L1527024:2019)', '(R873702:authors list, has list element, L1531053:Ingo Weber)', '(R873720:Evaluation Method Entity, Name, L1531089:Argumentation)', '(R873701:A Taxonomy of Blockchain-Based Systems for Architecture Design, publication year, L1531060:2017)']",clustering_strategy,R659055,Software Architecture and Design,6,Which papers have [Metadata: author name] as an author and apply the evaluation method with the name [Content Data: evaluation method name]? Rank them in descending order of their publication year.
150,39f0c727f1c36390b5a876e7120bfff1,e75424e6-51f2-4794-9a7f-1175bda62e3a,"

Based on the partial answers provided, the publications by Patrizia Scandurra that use a motivating example for evaluation, ranked in descending order of publication year, are:

1. **""A DSL for MAPE Patterns Representation in Self-adapting Systems""** – published in **2018** (doi: 10.1007/978-3-030-00761-4_1) [2].

2. **""A Runtime Safety Enforcement Approach by Monitoring and Adaptation""** – publication year not provided in the available sources [1].

**Sources:**
- [1] – identifies the publication on runtime safety enforcement and confirms it uses a motivating example for evaluation
- [2] – identifies the DSL publication and provides its 2018 publication year

[1] Source: A Runtime Safety Enforcement Approach by Monitoring and Adaptation, 10.1007/978-3-030-86044-8_2
[2] Source: A DSL for MAPE Patterns Representation in Self-adapting Systems, 10.1007/978-3-030-00761-4_1
","['(R874565:A Runtime Safety Enforcement Approach by Monitoring and Adaptation, authors, R874566:authors list)', '(R874566:authors list, has list element, L1532877:Patrizia Scandurra)', '(R871034:A DSL for MAPE Patterns Representation in Self-adapting Systems, authors, R871035:authors list)', '(R871035:authors list, has list element, L1525605:Patrizia Scandurra)', '(R871034:A DSL for MAPE Patterns Representation in Self-adapting Systems, contribution, R871050:First Research Object 2)', '(R871050:First Research Object 2, evaluation, R871051:Evaluation)', '(R874565:A Runtime Safety Enforcement Approach by Monitoring and Adaptation, contribution, R874586:First Research Object 2)', '(R874586:First Research Object 2, evaluation, R874587:Evaluation)', '(R874587:Evaluation, Evaluation method, R874588:Evaluation Method List)', '(R874588:Evaluation Method List, Entity, R874589:Evaluation Method Entity)', '(R874589:Evaluation Method Entity, Name, L1532925:Motivating Example)', '(R871051:Evaluation, Evaluation method, R871052:Evaluation Method List)', '(R871052:Evaluation Method List, Entity, R871053:Evaluation Method Entity)', '(R871053:Evaluation Method Entity, Name, L1525635:Motivating Example)', '(R871034:A DSL for MAPE Patterns Representation in Self-adapting Systems, publication year, L1525606:2018)']",['Patrizia Scandurra'],0.333,0.5,0.167,0.56,0.5,1.0,0.2,0.33,0.25,0.29,0.58,0.58,0.58,0.58,0.33,0.83,0.48,0.64,0.65,0.92,0.76,0.85,0.2,0.583,0.333,0.647,0.26,0.59,0.43,0.95,0.54,0.39,0.88,0.46,0.34,0.75,0.531,0.724,0.613,0.0,274.9045240879059,0.0,25774,0,0.0,,0,0.0,,,0.0,0.0,,0.0,0.0,https://wandb.ai/kastel-sdq-meta-research/experiment_cross_encoder/r/call/01a05f7f-33ea-7969-ab31-ae3177b14f01,retrieval_config,False,KitToolbox,kit.qwen3-embedding-8b,10,10,True,cosine,True,False,10,-1,8,False,False,1,False,-1,-1,False,,['R659055'],['Paper'],True,False,False,kg_retrieval,hublink,kittoolbox_kit.minimax-m2.7-229b_tmpNone_maxt-1_reasoningNone,KitToolbox,kit.minimax-m2.7-229b,,-1,,kittoolbox_kit.minimax-m2.7-229b_tmpNone_maxt-1_reasoningNone,KitToolbox,kit.minimax-m2.7-229b,,-1,,orkg_merged_ecsa_icsa.json_jsonpublicationloader_limit-1,['paper_class'],['research_level'],['first_research_object'],['second_research_object'],['validity'],['evidence'],False,False,R659055,https://sandbox.orkg.org,-1,orkg,merged_ecsa_icsa.json_jsonpublicationloader_limit-1,merged_ecsa_icsa.json,JsonPublicationLoader,-1,,4000,2,generation_kittoolbox_kit.minimax-m2.7-229b_tmpNone_maxt-1_reasoningNone,generation,kittoolbox_kit.minimax-m2.7-229b_tmpNone_maxt-1_reasoningNone,KitToolbox,kit.minimax-m2.7-229b,,-1,,What are the publications by Patrizia Scandurra that use a motivating example for evaluation? Rank them in descending order of their publication year.,"The publications by Patrizia Scandurra that use a motivating example for evaluation, ranked in descending order of their publication year, are: 1. A Runtime Safety Enforcement Approach by Monitoring and Adaptation (2021), 2. A DSL for MAPE Patterns Representation in Self-adapting Systems (2018).","['10.1007/978-3-030-86044-8_2', '10.1007/978-3-030-86044-8_2', '10.1007/978-3-030-86044-8_2', '10.1007/978-3-030-00761-4_1', '10.1007/978-3-030-00761-4_1', '10.1007/978-3-030-00761-4_1']",,"['(R874566:authors list, has list element, L1532877:Patrizia Scandurra)', '(R874589:Evaluation Method Entity, Name, L1532925:Motivating Example)', '(R874565:A Runtime Safety Enforcement Approach by Monitoring and Adaptation, publication year, L1532878:2021)', '(R871035:authors list, has list element, L1525605:Patrizia Scandurra)', '(R871053:Evaluation Method Entity, Name, L1525635:Motivating Example)', '(R871034:A DSL for MAPE Patterns Representation in Self-adapting Systems, publication year, L1525606:2018)']",clustering_strategy,R659055,Software Architecture and Design,6,"Which publications, ranked in descending order of their publication year, have [Metadata: author name] as an author have and have evaluation method [evaluation_method_name]?"
151,39f0c727f1c36390b5a876e7120bfff1,f6bd29ea-8729-46f7-b292-0b2d303ea582,"

The texts that were consulted identify several papers that employ the **Technical Experiment** evaluation method, but they do **not** provide any information about a “personal experience paper” class or about the publication years of the papers. Consequently, it is not possible to determine which (if any) of the papers satisfy **both** criteria, nor can they be ranked in descending order of publication year.

**Papers confirmed to use the Technical Experiment evaluation method**

- **Designing Robust Software Systems through Parametric Markov Chain Synthesis** – [1]  
- **Modeling of Parametric Dependencies for Performance Prediction of Component‑Based Software Systems at Run‑Time** – [2]  
- **A Machine Learning Approach to Service Discovery for Microservice Architectures** – [3]  
- **Recovering Architectural Design Decisions** – [4]  
- **An Architecture‑Driven Adaptation Approach for Big Data Cyber Security Analytics** – [5]  
- **Experiments in Curation: Towards Machine‑Assisted Construction of Software Architecture Knowledge Bases** – [6]

**Information not available**

- No source mentions a “personal experience paper” class for any of the listed papers.  
- No publication year is provided for any of the papers, so a descending‑year ranking cannot be produced.

**Conclusion**

While the papers above are known to apply the Technical Experiment evaluation method, the required “personal experience paper” classification and publication‑year data are absent from the provided texts. Therefore, the full request—identifying papers that meet both criteria and ordering them by publication year—cannot be fulfilled with the current information.

[1] Source: Designing Robust Software Systems through Parametric Markov Chain Synthesis, 10.1109/ICSA.2017.16
[2] Source: Modeling of Parametric Dependencies for Performance Prediction of Component-Based Software Systems at Run-Time, 10.1109/ICSA.2018.00023
[3] Source: A Machine Learning Approach to Service Discovery for Microservice Architectures, 10.1007/978-3-030-86044-8_5
[4] Source: Recovering Architectural Design Decisions, 10.1109/ICSA.2018.00019
[5] Source: An Architecture-Driven Adaptation Approach for Big Data Cyber Security Analytics, 10.1109/ICSA.2019.00013
[6] Source: Experiments in Curation: Towards Machine-Assisted Construction of Software Architecture Knowledge Bases, 10.1109/ICSA.2017.27
","['(R871611:Evaluation Method Entity, Name, L1526774:Technical Experiment)', '(R870227:A Machine Learning Approach to Service Discovery for Microservice Architectures, contribution, R2156233:First Research Object 2)', '(R2156233:First Research Object 2, evaluation, R2156247:Evaluation)', '(R2156247:Evaluation, Evaluation method, R2156251:Evaluation Method List)', '(R2156251:Evaluation Method List, Entity, R2156254:Evaluation Method Entity)', '(R2156254:Evaluation Method Entity, Name, L2809620:Technical Experiment)', '(R872069:Recovering Architectural Design Decisions, contribution, R872094:First Research Object 2)', '(R872094:First Research Object 2, evaluation, R872095:Evaluation)', '(R872095:Evaluation, Evaluation method, R872096:Evaluation Method List)', '(R872096:Evaluation Method List, Entity, R872097:Evaluation Method Entity)', '(R872097:Evaluation Method Entity, Name, L1527776:Technical Experiment)', '(R2156183:Evaluation Method Entity, Name, L2809557:Technical Experiment)', '(R868403:Designing Robust Software Systems through Parametric Markov Chain Synthesis, contribution, R868426:First Research Object 2)', '(R868426:First Research Object 2, evaluation, R868427:Evaluation)', '(R868427:Evaluation, Evaluation method, R868428:Evaluation Method List)', '(R868428:Evaluation Method List, Entity, R868429:Evaluation Method Entity)', '(R868429:Evaluation Method Entity, Name, L1520077:Technical Experiment)', '(R872272:Modeling of Parametric Dependencies for Performance Prediction of Component-Based Software Systems at Run-Time, contribution, R872297:First Research Object 2)', '(R872297:First Research Object 2, evaluation, R872298:Evaluation)', '(R872298:Evaluation, Evaluation method, R872299:Evaluation Method List)', '(R872299:Evaluation Method List, Entity, R872300:Evaluation Method Entity)', '(R872300:Evaluation Method Entity, Name, L1528209:Technical Experiment)']",[],0.0,0.0,0.0,0.0,0.0,0.0,0.0,0.0,0.0,0.0,0.0,0.0,0.0,0.0,0.0,0.0,0.0,0.0,0.0,0.0,0.0,0.0,0.0,0.0,0.0,0.0,0.02,0.25,0.15,0.65,0.1,0.06,0.26,0.17,0.11,0.44,0.462,0.61,0.526,0.0,295.53791332244873,0.0,51361,0,0.0,,0,0.0,,,0.0,0.0,,0.0,0.0,https://wandb.ai/kastel-sdq-meta-research/experiment_cross_encoder/r/call/01a05f80-4e56-7d49-b025-e1997e2fe14a,retrieval_config,False,KitToolbox,kit.qwen3-embedding-8b,10,10,True,cosine,True,False,10,-1,8,False,False,1,False,-1,-1,False,,['R659055'],['Paper'],True,False,False,kg_retrieval,hublink,kittoolbox_kit.minimax-m2.7-229b_tmpNone_maxt-1_reasoningNone,KitToolbox,kit.minimax-m2.7-229b,,-1,,kittoolbox_kit.minimax-m2.7-229b_tmpNone_maxt-1_reasoningNone,KitToolbox,kit.minimax-m2.7-229b,,-1,,orkg_merged_ecsa_icsa.json_jsonpublicationloader_limit-1,['paper_class'],['research_level'],['first_research_object'],['second_research_object'],['validity'],['evidence'],False,False,R659055,https://sandbox.orkg.org,-1,orkg,merged_ecsa_icsa.json_jsonpublicationloader_limit-1,merged_ecsa_icsa.json,JsonPublicationLoader,-1,,4000,2,generation_kittoolbox_kit.minimax-m2.7-229b_tmpNone_maxt-1_reasoningNone,generation,kittoolbox_kit.minimax-m2.7-229b_tmpNone_maxt-1_reasoningNone,KitToolbox,kit.minimax-m2.7-229b,,-1,,Which papers have personal experience paper as their paper class and applied the evaluation method Technical Experiment? Rank the papers in descending order of their publication year.,"The papers that have personal experience paper as their paper class and applied the evaluation method Technical Experiment, ranked in descending order of their publication year, are: 1. Data-Centric Communication and Containerization for Future Automotive Software Architectures (2018), 2. Towards a Reference Architecture for Cloud-Based Plant Genotyping and Phenotyping Analysis Frameworks (2017).","['10.1109/ICSA.2018.00016', '10.1109/ICSA.2018.00016', '10.1109/ICSA.2018.00016', '10.1109/ICSA.2017.42', '10.1109/ICSA.2017.42', '10.1109/ICSA.2017.42']",,"['(R872668:Paper Class 2, personal experience paper, L1528957:True)', '(R872673:Evaluation Method Entity, Name, L1528964:Technical Experiment)', '(R872636:Data-Centric Communication and Containerization for Future Automotive Software Architectures, publication year, L1528895:2018)', '(R872566:Paper Class 2, personal experience paper, L1528770:True)', '(R872571:Evaluation Method Entity, Name, L1528777:Technical Experiment)', '(R872527:Towards a Reference Architecture for Cloud-Based Plant Genotyping and Phenotyping Analysis Frameworks, publication year, L1528701:2017)']",clustering_strategy,R659055,Software Architecture and Design,6,"Which publications, ranked in descending order of their publication year, have [Metadata: paper class name] as their paper class and include the evaluation method [Content Data: evaluation method name]?"
152,39f0c727f1c36390b5a876e7120bfff1,b0d856cf-7352-47ed-ad29-f0afdedad32e,"

**Publications that satisfy both criteria (validation research + grounded‑theory evaluation)**  

| Publication | Validation‑research classification | Grounded‑theory evaluation |
|-------------|-----------------------------------|----------------------------|
| *Supporting Architectural Decision Making on Data Management in Microservice Architectures* | Classified as evaluation‑research (validation‑research type) 【3】 | Evaluated using **grounded theory** 【3】 |
| *Assessing Architecture Conformance to Coupling‑Related Patterns and Practices in Microservices* | Paper Class 2 – explicitly classified as **validation research** 【5】 | Evaluated with **grounded theory** 【5】 |

**Chronological ordering**

The source texts do not provide publication dates for any of the listed papers 【3】【5】. Consequently, a chronological ordering (newest → oldest) cannot be performed.

","['(R869010:On Service-Orientation for Automotive Software, contribution, R869032:First Research Object 2)', '(R869032:First Research Object 2, evaluation, R869033:Evaluation)', '(R869033:Evaluation, Evaluation method, R869034:Evaluation Method List)', '(R869035:Evaluation Method Entity, Name, L1521380:Grounded Theory)', '(R869566:Assessing Architecture Conformance to Coupling-Related Patterns and Practices in Microservices, contribution, R869587:First Research Object 2)', '(R869587:First Research Object 2, evaluation, R869588:Evaluation)', '(R869590:Evaluation Method Entity, Name, L1522568:Grounded Theory)', '(R873340:Guiding Architectural Decision Making on Service Mesh Based Microservice Architectures, contribution, R873361:First Research Object 2)', '(R873361:First Research Object 2, evaluation, R873362:Evaluation)', '(R873362:Evaluation, Evaluation method, R873363:Evaluation Method List)', '(R873363:Evaluation Method List, Entity, R873364:Evaluation Method Entity)', '(R873364:Evaluation Method Entity, Name, L1530356:Grounded Theory)', '(R872980:Supporting Architectural Decision Making on Data Management in Microservice Architectures, contribution, R873002:First Research Object 2)', '(R873002:First Research Object 2, evaluation, R873003:Evaluation)', '(R873003:Evaluation, Evaluation method, R873004:Evaluation Method List)', '(R873004:Evaluation Method List, Entity, R873005:Evaluation Method Entity)', '(R873005:Evaluation Method Entity, Name, L1529647:Grounded Theory)', '(R868290:How Developers Discuss Architecture Smells? An Exploratory Study on Stack Overflow, contribution, R868309:First Research Object 2)', '(R868309:First Research Object 2, evaluation, R868310:Evaluation)', '(R868310:Evaluation, Evaluation method, R868311:Evaluation Method List)', '(R868311:Evaluation Method List, Entity, R868312:Evaluation Method Entity)', '(R868312:Evaluation Method Entity, Name, L1519814:Grounded Theory)', '(R873247:Paper Class 2, validation research, L1530110:False)', '(R868949:Paper Class 2, validation research, L1521193:False)', '(R869566:Assessing Architecture Conformance to Coupling-Related Patterns and Practices in Microservices, contribution, R869585:Paper Class 2)', '(R869585:Paper Class 2, validation research, L1522560:False)', '(R869030:Paper Class 2, evaluation research, L1521377:False)', '(R873340:Guiding Architectural Decision Making on Service Mesh Based Microservice Architectures, contribution, R873359:Paper Class 2)', '(R868290:How Developers Discuss Architecture Smells? An Exploratory Study on Stack Overflow, contribution, R868307:Paper Class 2)', '(R872980:Supporting Architectural Decision Making on Data Management in Microservice Architectures, contribution, R873000:Paper Class 2)', '(R873000:Paper Class 2, evaluation research, L1529644:True)', '(R873359:Paper Class 2, validation research, L1530348:False)', '(R868307:Paper Class 2, validation research, L1519806:False)']",[],0.167,0.0,0.042,0.15,0.25,1.0,0.1,0.17,0.12,0.15,0.2,0.25,0.22,0.24,0.03,0.17,0.05,0.09,0.09,0.33,0.15,0.22,0.1,0.2,0.03,0.093,0.01,0.35,0.24,0.63,0.13,0.09,0.24,0.2,0.14,0.37,0.432,0.567,0.49,1.0,492.1348810195923,0.0020063999999999998,16559,0,0.0,,0,0.0,,,0.0,0.0,,0.0,0.0,https://wandb.ai/kastel-sdq-meta-research/experiment_cross_encoder/r/call/01a05f81-6247-7f69-9345-fff7cdec4386,retrieval_config,False,KitToolbox,kit.qwen3-embedding-8b,10,10,True,cosine,True,False,10,-1,8,False,False,1,False,-1,-1,False,,['R659055'],['Paper'],True,False,False,kg_retrieval,hublink,kittoolbox_kit.minimax-m2.7-229b_tmpNone_maxt-1_reasoningNone,KitToolbox,kit.minimax-m2.7-229b,,-1,,kittoolbox_kit.minimax-m2.7-229b_tmpNone_maxt-1_reasoningNone,KitToolbox,kit.minimax-m2.7-229b,,-1,,orkg_merged_ecsa_icsa.json_jsonpublicationloader_limit-1,['paper_class'],['research_level'],['first_research_object'],['second_research_object'],['validity'],['evidence'],False,False,R659055,https://sandbox.orkg.org,-1,orkg,merged_ecsa_icsa.json_jsonpublicationloader_limit-1,merged_ecsa_icsa.json,JsonPublicationLoader,-1,,4000,2,generation_kittoolbox_kit.minimax-m2.7-229b_tmpNone_maxt-1_reasoningNone,generation,kittoolbox_kit.minimax-m2.7-229b_tmpNone_maxt-1_reasoningNone,KitToolbox,kit.minimax-m2.7-229b,,-1,,"Which publications, sorted from newest to oldest, are classified as validation research and evaluated with grounded theory?","The publications that are classified as validation research and evaluated with grounded theory, sorted from newest to oldest, are: 1. Architectural Technical Debt: A Grounded Theory (2020), 2. On Service-Orientation for Automotive Software (2017).","['10.1007/978-3-030-58923-3_14', '10.1007/978-3-030-58923-3_14', '10.1007/978-3-030-58923-3_14', '10.1109/ICSA.2017.20', '10.1109/ICSA.2017.20', '10.1109/ICSA.2017.20']",,"['(R872622:Paper Class 2, validation research, L1528868:True)', '(R869035:Evaluation Method Entity, Name, L1521380:Grounded Theory)', '(R872607:Architectural Technical Debt: A Grounded Theory, publication year, L1528844:2020)', '(R869030:Paper Class 2, validation research, L1521372:True)', '(R872627:Evaluation Method Entity, Name, L1528876:Grounded Theory)', '(R869010:On Service-Orientation for Automotive Software, publication year, L1521329:2017)']",clustering_strategy,R659055,Software Architecture and Design,6,"Which publications, ranked in descending order of their publication year, have [Metadata: paper class name] as their paper class and include the evaluation method [Content Data: evaluation method name]?"
153,39f0c727f1c36390b5a876e7120bfff1,887fd851-2249-44df-b32e-904befa42b80,"

According to the source, there is a single publication dated 2020, but it does **not** investigate the research object “Architecture Evolution” [1]. No information is provided about any papers that investigate this object in 2021. Therefore:

- **2020:** 0 papers investigating “Architecture Evolution”  
- **2021:** cannot be determined from the given information

[1] Source: Continuous Experimentation for Automotive Software on the Example of a Heavy Commercial Vehicle in Daily Operation, 10.1007/978-3-030-58923-3_5
","['(R873021:Continuous Experimentation for Automotive Software on the Example of a Heavy Commercial Vehicle in Daily Operation, publication year, L1529684:2020)', '(R873021:Continuous Experimentation for Automotive Software on the Example of a Heavy Commercial Vehicle in Daily Operation, contribution, R873058:Second Research Object 2)', '(R873058:Second Research Object 2, Object, R873064:Research Object List)', '(R873064:Research Object List, Entity, R873065:Research Object Entity)', '(R873065:Research Object Entity, Name, L1529750:Architecture Design Method)', '(R873021:Continuous Experimentation for Automotive Software on the Example of a Heavy Commercial Vehicle in Daily Operation, contribution, R873050:First Research Object 2)', '(R873050:First Research Object 2, Object, R873056:Research Object List)', '(R873056:Research Object List, Entity, R873057:Research Object Entity)', '(R873057:Research Object Entity, Name, L1529745:Architecture Description)']","['2020', '2021']",0.0,0.0,0.0,0.0,0.0,0.0,0.0,0.0,0.0,0.0,0.0,0.0,0.0,0.0,0.0,0.0,0.0,0.0,0.0,0.0,0.0,0.0,0.0,0.0,0.0,0.0,0.03,0.38,0.3,0.54,0.16,0.12,0.22,0.26,0.2,0.36,0.432,0.58,0.495,1.0,325.1603319644928,0.0,95707,0,0.0,,0,0.0,,,0.0,0.0,,0.0,0.0,https://wandb.ai/kastel-sdq-meta-research/experiment_cross_encoder/r/call/01a05f82-9909-7339-9a2b-b09f2b46001e,retrieval_config,False,KitToolbox,kit.qwen3-embedding-8b,10,10,True,cosine,True,False,10,-1,8,False,False,1,False,-1,-1,False,,['R659055'],['Paper'],True,False,False,kg_retrieval,hublink,kittoolbox_kit.minimax-m2.7-229b_tmpNone_maxt-1_reasoningNone,KitToolbox,kit.minimax-m2.7-229b,,-1,,kittoolbox_kit.minimax-m2.7-229b_tmpNone_maxt-1_reasoningNone,KitToolbox,kit.minimax-m2.7-229b,,-1,,orkg_merged_ecsa_icsa.json_jsonpublicationloader_limit-1,['paper_class'],['research_level'],['first_research_object'],['second_research_object'],['validity'],['evidence'],False,False,R659055,https://sandbox.orkg.org,-1,orkg,merged_ecsa_icsa.json_jsonpublicationloader_limit-1,merged_ecsa_icsa.json,JsonPublicationLoader,-1,,4000,2,generation_kittoolbox_kit.minimax-m2.7-229b_tmpNone_maxt-1_reasoningNone,generation,kittoolbox_kit.minimax-m2.7-229b_tmpNone_maxt-1_reasoningNone,KitToolbox,kit.minimax-m2.7-229b,,-1,,What is the number of papers investigating the research object Architecture Evolution in the publication year 2020 versus the publication year 2021?,"The number of papers investigating the research object Architecture Evolution in the publication year 2020 is two, whereas the number in the publication year 2021 is also two.","['10.1109/ICSA51549.2021.00009', '10.1109/ICSA51549.2021.00009', '10.1109/ICSA51549.2021.00014', '10.1109/ICSA51549.2021.00014', '10.1109/ICSA47634.2020.00011', '10.1109/ICSA47634.2020.00011', '10.1007/978-3-030-58923-3_18', '10.1007/978-3-030-58923-3_18']",,"['(R868734:Research Object Entity, Name, L1520720:Architecture Evolution)', '(R868698:Enabling Consistency between Software Artefacts for Software Adaption and Evolution, publication year, L1520654:2021)', '(R874382:Research Object Entity, Name, L1532476:Architecture Evolution)', '(R874338:Continuous API Evolution in Heterogenous Enterprise Software Systems, publication year, L1532404:2021)', '(R870091:Research Object Entity, Name, L1523621:Architecture Evolution)', '(R870059:Incremental Calibration of Architectural Performance Models with Parametric Dependencies, publication year, L1523564:2020)', '(R869762:Research Object Entity, Name, L1522941:Architecture Evolution)', '(R869730:Architectural Concerns for Digital Twin of the Organization, publication year, L1522884:2020)']",clustering_strategy,R659055,Software Architecture and Design,5,What is the number of studies investigating the research object with the name [Content Data: research object name] in [year 1] versus [year 2]?
154,39f0c727f1c36390b5a876e7120bfff1,35732a64-099c-4ebc-ba5a-dbd904d28a7d,"

The source texts provide limited information about papers that investigate **architecture‑decision making** in 2020 and 2021.

- **2021**: Four sources explicitly mention a paper published in 2021 that investigates architecture‑decision making.  
  - “How Software Architects Focus Their Attention” 【1】  
  - “InMap: Automated Interactive Code‑to‑Architecture Mapping Recommendations” 【2】  
  - “A Decision Model for Choosing Patterns in Blockchain‑Based Applications” 【3】  
  - “Enabling Consistency between Software Artefacts for Software Adaption and Evolution” 【9】  

  These references indicate that **at least one** paper on this topic existed in 2021.

- **2020**: Only one source mentions a paper published in 2020 that investigates architecture‑decision making.  
  - “A Comparison of MQTT Brokers for Distributed IoT Edge Computing” 【7】  

  This gives **at least one** paper for 2020.

- **No data for the target years**: Several other sources do not provide information about architecture‑decision‑making papers in either 2020 or 2021; they discuss papers from other years (e.g., 2017, 2018, 2019) 【4‑6, 8】 or do not indicate that the 2021 paper they mention focuses on architecture‑decision making 【10】.

**Comparison**

| Year | Evidence of papers investigating architecture‑decision making |
|------|---------------------------------------------------------------|
| 2020 | At least one paper (source [7])                               |
| 2021 | At least one paper (sources [1], [2], [3], [9])                |

Because the available texts contain only the above mentions, a definitive count beyond “at least one” for each year cannot be established. The data suggest both years include at least one such paper, with 2021 having multiple references.

[1] Source: How Software Architects Focus Their Attention, 10.1007/978-3-030-86044-8_21
[2] Source: InMap: Automated Interactive Code-to-Architecture Mapping Recommendations, 10.1109/ICSA51549.2021.00024
[3] Source: A Decision Model for Choosing Patterns in Blockchain-Based Applications, 10.1109/ICSA51549.2021.00013
[7] Source: A Comparison of MQTT Brokers for Distributed IoT Edge Computing, 10.1007/978-3-030-58923-3_23
[9] Source: Enabling Consistency between Software Artefacts for Software Adaption and Evolution, 10.1109/ICSA51549.2021.00009
","['(R868485:How Software Architects Focus Their Attention, publication year, L1520199:2021)', '(R869312:A Decision Model for Choosing Patterns in Blockchain-Based Applications, publication year, L1521979:2021)', '(R870841:InMap: Automated Interactive Code-to-Architecture Mapping Recommendations, publication year, L1525209:2021)', '(R868513:Research Object Entity, Name, L1520253:Architecture Decision Making)', '(R873728:A Comparison of MQTT Brokers for Distributed IoT Edge Computing, publication year, L1531105:2020)', '(R869312:A Decision Model for Choosing Patterns in Blockchain-Based Applications, contribution, R869334:First Research Object 2)', '(R869334:First Research Object 2, Object, R869341:Research Object List)', '(R869341:Research Object List, Entity, R869342:Research Object Entity)', '(R869342:Research Object Entity, Name, L1522034:Architecture Decision Making)', '(R868698:Enabling Consistency between Software Artefacts for Software Adaption and Evolution, publication year, L1520654:2021)', '(R870841:InMap: Automated Interactive Code-to-Architecture Mapping Recommendations, research field, R659055:Software Architecture and Design)', '(R873728:A Comparison of MQTT Brokers for Distributed IoT Edge Computing, research field, R659055:Software Architecture and Design)']","['2020', '2021']",0.5,0.25,0.399,0.381,1.0,1.0,0.4,0.5,0.44,0.48,0.5,0.5,0.5,0.5,0.33,0.5,0.4,0.45,0.47,0.5,0.48,0.49,0.4,0.5,0.333,0.471,0.01,0.17,0.09,0.71,0.08,0.05,0.37,0.14,0.08,0.58,0.351,0.545,0.427,0.0,380.16407203674316,0.0,37200,0,0.0,,0,0.0,,,0.0,0.0,,0.0,0.0,https://wandb.ai/kastel-sdq-meta-research/experiment_cross_encoder/r/call/01a05f82-e1d2-7257-b249-2c63601c1d88,retrieval_config,False,KitToolbox,kit.qwen3-embedding-8b,10,10,True,cosine,True,False,10,-1,8,False,False,1,False,-1,-1,False,,['R659055'],['Paper'],True,False,False,kg_retrieval,hublink,kittoolbox_kit.minimax-m2.7-229b_tmpNone_maxt-1_reasoningNone,KitToolbox,kit.minimax-m2.7-229b,,-1,,kittoolbox_kit.minimax-m2.7-229b_tmpNone_maxt-1_reasoningNone,KitToolbox,kit.minimax-m2.7-229b,,-1,,orkg_merged_ecsa_icsa.json_jsonpublicationloader_limit-1,['paper_class'],['research_level'],['first_research_object'],['second_research_object'],['validity'],['evidence'],False,False,R659055,https://sandbox.orkg.org,-1,orkg,merged_ecsa_icsa.json_jsonpublicationloader_limit-1,merged_ecsa_icsa.json,JsonPublicationLoader,-1,,4000,2,generation_kittoolbox_kit.minimax-m2.7-229b_tmpNone_maxt-1_reasoningNone,generation,kittoolbox_kit.minimax-m2.7-229b_tmpNone_maxt-1_reasoningNone,KitToolbox,kit.minimax-m2.7-229b,,-1,,How many papers investigate architecture decision making in 2020 in comparison to 2021?,"The number of papers that investigate architecture decision making in 2020 in comparison to 2021 is as follows: there are no papers in 2020, while there are four papers in 2021.","['10.1007/978-3-030-86044-8_21', '10.1007/978-3-030-86044-8_21', '10.1109/ICSA51549.2021.00010', '10.1109/ICSA51549.2021.00010', '10.1109/ICSA51549.2021.00013', '10.1109/ICSA51549.2021.00013', '10.1007/978-3-030-86044-8_14', '10.1007/978-3-030-86044-8_14']",,"['(R868513:Research Object Entity, Name, L1520253:Architecture Decision Making)', '(R868485:How Software Architects Focus Their Attention, publication year, L1520199:2021)', '(R874249:Research Object Entity, Name, L1532197:Architecture Decision Making)', '(R874205:System- and Software-level Architecting Harmonization Practices for Systems-of-Systems : An exploratory case study on a long-running large-scale scientific instrument, publication year, L1532127:2021)', '(R869342:Research Object Entity, Name, L1522034:Architecture Decision Making)', '(R869312:A Decision Model for Choosing Patterns in Blockchain-Based Applications, publication year, L1521979:2021)', '(R873522:Research Object Entity, Name, L1530672:Architecture Decision Making)', '(R873486:State of the Practice in Application Programming Interfaces (APIs): A Case Study, publication year, L1530611:2021)']",clustering_strategy,R659055,Software Architecture and Design,5,How many papers have the research object [Content Data: research object name] in the year [Metadata: year] in comparison to [Metadata: year]?
155,39f0c727f1c36390b5a876e7120bfff1,f9475f8a-f43e-494c-9643-51fe82786c35,"

The texts show that **Maintainability** was evaluated in at least one paper from each of the two years:

* **2017** – The paper *Towards a Reference Architecture for Cloud‑Based Plant Genotyping and Phenotyping Analysis Frameworks* includes an evaluation of the property **Maintainability** (see source [3]).  
* **2020** – The paper *A Comparison of MQTT Brokers for Distributed IoT Edge Computing* evaluates **Maintainability** (see source [2]).

The remaining source [1] mentions a 2017 paper but does not report an evaluation of **Maintainability**, so it does not affect the count.

**Therefore, based on the provided information:**
- **2017:** 1 paper evaluates Maintainability.  
- **2020:** 1 paper evaluates Maintainability.  

Thus, each year has one identified paper that evaluates the property **Maintainability**.

[1] Source: Decision Models for Microservices: Design Areas, Stakeholders, Use Cases, and Requirements, 10.1007/978-3-319-65831-5_11
[2] Source: A Comparison of MQTT Brokers for Distributed IoT Edge Computing, 10.1007/978-3-030-58923-3_23
[3] Source: Towards a Reference Architecture for Cloud-Based Plant Genotyping and Phenotyping Analysis Frameworks, 10.1109/ICSA.2017.42
","['(R873728:A Comparison of MQTT Brokers for Distributed IoT Edge Computing, publication year, L1531105:2020)', '(R873728:A Comparison of MQTT Brokers for Distributed IoT Edge Computing, contribution, R873753:First Research Object 2)', '(R873753:First Research Object 2, evaluation, R873754:Evaluation)', '(R873754:Evaluation, properties, R873757:Property)', '(R873761:Property, Name, L1531165:Maintainability)', '(R872527:Towards a Reference Architecture for Cloud-Based Plant Genotyping and Phenotyping Analysis Frameworks, publication year, L1528701:2017)', '(R872527:Towards a Reference Architecture for Cloud-Based Plant Genotyping and Phenotyping Analysis Frameworks, contribution, R872568:First Research Object 2)', '(R872568:First Research Object 2, evaluation, R872569:Evaluation)', '(R872569:Evaluation, properties, R872572:Property)', '(R872575:Property, Name, L1528781:Maintainability)']","['2017', '2020']",0.5,0.312,0.287,0.377,1.0,1.0,0.4,0.5,0.44,0.48,0.57,0.5,0.53,0.51,0.4,0.5,0.44,0.48,0.57,0.5,0.53,0.51,0.4,0.571,0.4,0.571,0.01,0.28,0.18,0.69,0.11,0.07,0.29,0.25,0.16,0.62,0.461,0.59,0.517,1.0,374.3031277656555,0.007199999999999999,35755,0,0.0,,0,0.0,,,0.0,0.0,,0.0,0.0,https://wandb.ai/kastel-sdq-meta-research/experiment_cross_encoder/r/call/01a05f83-9368-7fb2-9c41-d8bc69a4d048,retrieval_config,False,KitToolbox,kit.qwen3-embedding-8b,10,10,True,cosine,True,False,10,-1,8,False,False,1,False,-1,-1,False,,['R659055'],['Paper'],True,False,False,kg_retrieval,hublink,kittoolbox_kit.minimax-m2.7-229b_tmpNone_maxt-1_reasoningNone,KitToolbox,kit.minimax-m2.7-229b,,-1,,kittoolbox_kit.minimax-m2.7-229b_tmpNone_maxt-1_reasoningNone,KitToolbox,kit.minimax-m2.7-229b,,-1,,orkg_merged_ecsa_icsa.json_jsonpublicationloader_limit-1,['paper_class'],['research_level'],['first_research_object'],['second_research_object'],['validity'],['evidence'],False,False,R659055,https://sandbox.orkg.org,-1,orkg,merged_ecsa_icsa.json_jsonpublicationloader_limit-1,merged_ecsa_icsa.json,JsonPublicationLoader,-1,,4000,2,generation_kittoolbox_kit.minimax-m2.7-229b_tmpNone_maxt-1_reasoningNone,generation,kittoolbox_kit.minimax-m2.7-229b_tmpNone_maxt-1_reasoningNone,KitToolbox,kit.minimax-m2.7-229b,,-1,,How many papers evaluate the property Maintainability in the publication year 2017 in comparison to the publication year 2020?,"In the year 2017, there were three papers that evaluated the property Maintainability. In comparison, in the year 2020, there were also three papers that evaluated the property Maintainability.","['10.1007/978-3-030-58923-3_23', '10.1007/978-3-030-58923-3_23', '10.1007/978-3-319-65831-5_4', '10.1007/978-3-319-65831-5_4', '10.1007/978-3-030-58923-3_14', '10.1007/978-3-030-58923-3_14', '10.1109/ICSA.2017.42', '10.1109/ICSA.2017.42']",,"['(R873761:Property, Name, L1531165:Maintainability)', '(R873728:A Comparison of MQTT Brokers for Distributed IoT Edge Computing, publication year, L1531105:2020)', '(R869130:Property, Name, L1521576:Maintainability)', '(R869104:The Evolution of Technical Debt in the Apache Ecosystem, publication year, L1521523:2017)', '(R872575:Property, Name, L1528781:Maintainability)', '(R872607:Architectural Technical Debt: A Grounded Theory, publication year, L1528844:2020)', '(R872630:Property, Name, L1528879:Maintainability)', '(R872527:Towards a Reference Architecture for Cloud-Based Plant Genotyping and Phenotyping Analysis Frameworks, publication year, L1528701:2017)']",clustering_strategy,R659055,Software Architecture and Design,6,How many papers have the sub-property [sub property name] in the year [Metadata: year] in comparison to [Metadata: year]?
156,39f0c727f1c36390b5a876e7120bfff1,b5cabd4d-446b-4422-9c66-8c704ac2485d,"

The texts show that the **security** property was evaluated in at least two papers published in **2017** and in at least one paper published in **2020**.

- **2017:**  
  - “Understanding Software Vulnerabilities Related to Architectural Security Tactics: An Empirical Investigation of Chromium, PHP and Thunderbird” evaluated security 【1】.  
  - “Towards a Reference Architecture for Cloud‑Based Plant Genotyping and Phenotyping Analysis Frameworks” also evaluated security 【3】.  

- **2020:**  
  - “A Comparison of MQTT Brokers for Distributed IoT Edge Computing” evaluated security 【4】.  

One other contribution (“A Blockchain‑Based Micro Economy Platform for Distributed Infrastructure Initiatives”) included a security evaluation, but the source does not state its publication year, so it cannot be counted for either 2017 or 2020 【2】.  

**Summary:**  
- 2017 – at least **2** papers evaluated the security property.  
- 2020 – at least **1** paper evaluated the security property.

","['(R873760:Property, Name, L1531164:Security)', '(R873728:A Comparison of MQTT Brokers for Distributed IoT Edge Computing, publication year, L1531105:2020)', '(R872527:Towards a Reference Architecture for Cloud-Based Plant Genotyping and Phenotyping Analysis Frameworks, contribution, R872580:Second Research Object 2)', '(R872580:Second Research Object 2, evaluation, R872587:Evaluation)', '(R872587:Evaluation, properties, R872590:Property)', '(R872590:Property, Sub-Property, R872592:Property)', '(R872592:Property, Name, L1528794:Security)', '(R872233:Understanding Software Vulnerabilities Related to Architectural Security Tactics: An Empirical Investigation of Chromium, PHP and Thunderbird, publication year, L1528068:2017)', '(R872233:Understanding Software Vulnerabilities Related to Architectural Security Tactics: An Empirical Investigation of Chromium, PHP and Thunderbird, contribution, R872254:First Research Object 2)', '(R872254:First Research Object 2, evaluation, R872255:Evaluation)', '(R872255:Evaluation, properties, R872258:Property)', '(R872259:Property, Name, L1528119:Security)', '(R871484:On Cognitive Biases in Architecture Decision Making, publication year, L1526519:2017)', '(R872527:Towards a Reference Architecture for Cloud-Based Plant Genotyping and Phenotyping Analysis Frameworks, publication year, L1528701:2017)', '(R874684:A Blockchain-Based Micro Economy Platform for Distributed Infrastructure Initiatives, contribution, R874707:First Research Object 2)', '(R874707:First Research Object 2, evaluation, R874708:Evaluation)', '(R874708:Evaluation, properties, R874711:Property)', '(R874713:Property, Name, L1533184:Security)', '(R872527:Towards a Reference Architecture for Cloud-Based Plant Genotyping and Phenotyping Analysis Frameworks, contribution, R872568:First Research Object 2)', '(R872568:First Research Object 2, evaluation, R872569:Evaluation)', '(R872569:Evaluation, properties, R872572:Property)', '(R872572:Property, Sub-Property, R872574:Property)', '(R872574:Property, Name, L1528780:Security)', '(R871505:First Research Object 2, evaluation, R871506:Evaluation)', '(R871506:Evaluation, properties, R871509:Property)', '(R871509:Property, Name, L1526570:Quality in Use)', '(R871510:Property, Name, L1526569:Effectiveness)']","['2017', '2020']",0.5,0.167,0.396,0.35,1.0,1.0,0.3,0.5,0.37,0.44,0.5,0.58,0.54,0.56,0.22,1.0,0.36,0.59,0.32,1.0,0.49,0.71,0.3,0.5,0.222,0.324,0.01,0.29,0.17,0.82,0.05,0.03,0.15,0.17,0.11,0.5,0.433,0.617,0.509,1.0,314.9153845310211,0.0,35855,0,0.0,,0,0.0,,,0.0,0.0,,0.0,0.0,https://wandb.ai/kastel-sdq-meta-research/experiment_cross_encoder/r/call/01a05f85-4bd5-795b-b5d5-c44b777dfd4b,retrieval_config,False,KitToolbox,kit.qwen3-embedding-8b,10,10,True,cosine,True,False,10,-1,8,False,False,1,False,-1,-1,False,,['R659055'],['Paper'],True,False,False,kg_retrieval,hublink,kittoolbox_kit.minimax-m2.7-229b_tmpNone_maxt-1_reasoningNone,KitToolbox,kit.minimax-m2.7-229b,,-1,,kittoolbox_kit.minimax-m2.7-229b_tmpNone_maxt-1_reasoningNone,KitToolbox,kit.minimax-m2.7-229b,,-1,,orkg_merged_ecsa_icsa.json_jsonpublicationloader_limit-1,['paper_class'],['research_level'],['first_research_object'],['second_research_object'],['validity'],['evidence'],False,False,R659055,https://sandbox.orkg.org,-1,orkg,merged_ecsa_icsa.json_jsonpublicationloader_limit-1,merged_ecsa_icsa.json,JsonPublicationLoader,-1,,4000,2,generation_kittoolbox_kit.minimax-m2.7-229b_tmpNone_maxt-1_reasoningNone,generation,kittoolbox_kit.minimax-m2.7-229b_tmpNone_maxt-1_reasoningNone,KitToolbox,kit.minimax-m2.7-229b,,-1,,How many papers evaluated the property security in 2017 in comparison to 2020?,"In the year 2017, there were two papers that evaluated the property Security. In comparison, in the year 2020, there was one paper that evaluated the property Security.","['10.1109/ICSA.2017.39', '10.1109/ICSA.2017.39', '10.1109/ICSA.2017.42', '10.1109/ICSA.2017.42', '10.1007/978-3-030-58923-3_23', '10.1007/978-3-030-58923-3_23']",,"['(R872259:Property, Name, L1528119:Security)', '(R872233:Understanding Software Vulnerabilities Related to Architectural Security Tactics: An Empirical Investigation of Chromium, PHP and Thunderbird, publication year, L1528068:2017)', '(R872574:Property, Name, L1528780:Security)', '(R872527:Towards a Reference Architecture for Cloud-Based Plant Genotyping and Phenotyping Analysis Frameworks, publication year, L1528701:2017)', '(R873760:Property, Name, L1531164:Security)', '(R873728:A Comparison of MQTT Brokers for Distributed IoT Edge Computing, publication year, L1531105:2020)']",clustering_strategy,R659055,Software Architecture and Design,6,How many papers have the sub-property [sub property name] in the year [Metadata: year] in comparison to [Metadata: year]?
157,39f0c727f1c36390b5a876e7120bfff1,39427c97-424f-42a1-b8ee-5726c77283c7,"

The only paper that satisfies **all three** of the stated conditions is **“Continuous Analysis of Collaborative Design.”**  

- **Publication year 2017** – confirmed in the source.  
- **Research object investigated** – the paper contributes to *First Research Object 2*, which belongs to the **Architecture Design Method** entity.  
- **Input‑data usage** – although the paper’s Evidence 2 references Input Data, the relationship “used” is explicitly marked **False**, indicating that the input data is not actually used.  

All other papers mentioned in the provided texts either (i) are not published in 2017, (ii) investigate a different research object (e.g., *Architecture Decision Making* or *Architecture Analysis Method*), or (iii) use input data. Consequently, no additional paper meets the full set of criteria.

**Citation:** [1]

[1] Source: Continuous Analysis of Collaborative Design, 10.1109/ICSA.2017.45
","['(R872819:Continuous Analysis of Collaborative Design, contribution, R872850:First Research Object 2)', '(R872850:First Research Object 2, Object, R872866:Research Object List)', '(R872866:Research Object List, Entity, R872867:Research Object Entity)', '(R872867:Research Object Entity, Name, L1529347:Architecture Design Method)', '(R872819:Continuous Analysis of Collaborative Design, publication year, L1529271:2017)', '(R872819:Continuous Analysis of Collaborative Design, contribution, R872868:Evidence 2)', '(R872869:Input Data, used, L1529350:False)', '(R872869:Input Data, None, L1529351:False)']",['2017'],0.0,0.0,0.0,0.0,0.0,0.0,0.0,0.0,0.0,0.0,0.0,0.0,0.0,0.0,0.0,0.0,0.0,0.0,0.0,0.0,0.0,0.0,0.0,0.0,0.0,0.0,0.02,0.3,0.22,0.46,0.12,0.09,0.18,0.21,0.15,0.32,0.434,0.556,0.488,1.0,697.0252768993378,0.0,14861,0,0.0,,0,0.0,,,0.0,0.0,,0.0,0.0,https://wandb.ai/kastel-sdq-meta-research/experiment_cross_encoder/r/call/01a05f87-b827-765f-9549-240fdf2efb68,retrieval_config,False,KitToolbox,kit.qwen3-embedding-8b,10,10,True,cosine,True,False,10,-1,8,False,False,1,False,-1,-1,False,,['R659055'],['Paper'],True,False,False,kg_retrieval,hublink,kittoolbox_kit.minimax-m2.7-229b_tmpNone_maxt-1_reasoningNone,KitToolbox,kit.minimax-m2.7-229b,,-1,,kittoolbox_kit.minimax-m2.7-229b_tmpNone_maxt-1_reasoningNone,KitToolbox,kit.minimax-m2.7-229b,,-1,,orkg_merged_ecsa_icsa.json_jsonpublicationloader_limit-1,['paper_class'],['research_level'],['first_research_object'],['second_research_object'],['validity'],['evidence'],False,False,R659055,https://sandbox.orkg.org,-1,orkg,merged_ecsa_icsa.json_jsonpublicationloader_limit-1,merged_ecsa_icsa.json,JsonPublicationLoader,-1,,4000,2,generation_kittoolbox_kit.minimax-m2.7-229b_tmpNone_maxt-1_reasoningNone,generation,kittoolbox_kit.minimax-m2.7-229b_tmpNone_maxt-1_reasoningNone,KitToolbox,kit.minimax-m2.7-229b,,-1,,Which papers published in the publication year 2017 investigate the research object Architecture Design Method and have not used input data?,"The papers that investigate the research object Architecture Design Method and do not have input data available in the publication year 2017 are 'An Architecture Framework for Modelling and Simulation of Situational-Aware Cyber-Physical Systems', 'Microservice Ambients: An Architectural Meta-Modelling Approach for Microservice Granularity', and 'Design Criteria to Architect Continuous Experimentation for Self-Driving Vehicles'.","['10.1007/978-3-319-65831-5_7', '10.1007/978-3-319-65831-5_7', '10.1007/978-3-319-65831-5_7', '10.1109/ICSA.2017.32', '10.1109/ICSA.2017.32', '10.1109/ICSA.2017.32', '10.1109/ICSA.2017.36', '10.1109/ICSA.2017.36', '10.1109/ICSA.2017.36']",,"['(R868917:Research Object Entity, Name, L1521119:Architecture Design Method)', '(R868889:An Architecture Framework for Modelling and Simulation of Situational-Aware Cyber-Physical Systems, publication year, L1521067:2017)', '(R868919:Input Data, None, L1521123:True)', '(R870298:Research Object Entity, Name, L1524086:Architecture Design Method)', '(R871785:Microservice Ambients: An Architectural Meta-Modelling Approach for Microservice Granularity, publication year, L1527135:2017)', '(R870300:Input Data, None, L1524090:True)', '(R871810:Research Object Entity, Name, L1527171:Architecture Design Method)', '(R870270:Design Criteria to Architect Continuous Experimentation for Self-Driving Vehicles, publication year, L1524035:2017)', '(R874792:Input Data, None, L1533368:True)']",clustering_strategy,R659055,Software Architecture and Design,5,Which papers that have been published in the year [Metadata: year] investigate the research object with the name [Content Data: research object name] and have not used input data in their work?
158,39f0c727f1c36390b5a876e7120bfff1,2708b852-ea55-4c37-8278-b18f533bc2cf,"

**Papers that satisfy all three conditions – they investigate *architecture‑decision making*, the input data used is **not available**, and they were published in 2018 – are:**

| # | Paper (as identified in the source texts) | Evidence of “input data not available” | Evidence of 2018 publication |
|---|--------------------------------------------|----------------------------------------|------------------------------|
| 1 | **“Understanding Architecture Decisions in Context”** | Evidence 2 records the Input Data attribute *available* = False [2] | Explicitly dated 2018 [2] |
| 2 | **“Empirical Insights into the Evolving Role of Architects in Decision‑Making in an Agile Context”** | Evidence shows the Input Data’s *available* flag is False [3] | Listed as published in 2018 [3] |
| 3 | **“Architectural Design Decisions for Systems Supporting Model‑Based Analysis of Runtime Events: A Qualitative Multi‑method Study”** | Evidence 2 marks the Input Data as *available* = False [8] | Publication year recorded as 2018 [8] |

These three works are the only entries in the provided material that simultaneously:

1. **Focus on architecture‑decision‑making** (their research‑object entities are “Architecture Decision Making”).  
2. **Use input data that is not available** (the metadata for the relevant evidence explicitly shows *available* = False).  
3. **Appear in the 2018 publication year.**

All other papers mentioned either have available input data, lack a confirmed 2018 publication date, or do not meet the architecture‑decision‑making criterion, and therefore are excluded from this set.

[2] Source: Understanding Architecture Decisions in Context, 10.1007/978-3-030-00761-4_19
[3] Source: Empirical Insights into the Evolving Role of Architects in Decision-Making in an Agile Context, 10.1007/978-3-030-00761-4_17
[8] Source: Architectural Design Decisions for Systems Supporting Model-Based Analysis of Runtime Events: A Qualitative Multi-method Study, 10.1109/ICSA.2018.00021
","['(R873301:Empirical Insights into the Evolving Role of Architects in Decision-Making in an Agile Context, contribution, R873322:First Research Object 2)', '(R873322:First Research Object 2, Object, R873328:Research Object List)', '(R873328:Research Object List, Entity, R873329:Research Object Entity)', '(R873329:Research Object Entity, Name, L1530276:Architecture Decision Making)', '(R873301:Empirical Insights into the Evolving Role of Architects in Decision-Making in an Agile Context, publication year, L1530222:2018)', '(R868608:Understanding Architecture Decisions in Context, contribution, R868631:First Research Object 2)', '(R868631:First Research Object 2, Object, R868639:Research Object List)', '(R868639:Research Object List, Entity, R868640:Research Object Entity)', '(R868640:Research Object Entity, Name, L1520524:Architecture Decision Making)', '(R873301:Empirical Insights into the Evolving Role of Architects in Decision-Making in an Agile Context, contribution, R873330:Evidence 2)', '(R873330:Evidence 2, Uses Input Data, R873331:Input Data)', '(R868608:Understanding Architecture Decisions in Context, publication year, L1520464:2018)', '(R873077:Architectural Design Decisions for Systems Supporting Model-Based Analysis of Runtime Events: A Qualitative Multi-method Study, contribution, R873098:First Research Object 2)', '(R873098:First Research Object 2, Object, R873104:Research Object List)', '(R873104:Research Object List, Entity, R873105:Research Object Entity)', '(R873105:Research Object Entity, Name, L1529835:Architecture Decision Making)', '(R868608:Understanding Architecture Decisions in Context, contribution, R868641:Evidence 2)', '(R868641:Evidence 2, Uses Input Data, R868642:Input Data)', '(R868642:Input Data, available, L1520526:False)', '(R873331:Input Data, available, L1530278:False)', '(R873077:Architectural Design Decisions for Systems Supporting Model-Based Analysis of Runtime Events: A Qualitative Multi-method Study, publication year, L1529784:2018)', '(R873107:Input Data, available, L1529837:False)']",['2018'],0.5,0.25,0.164,0.558,0.25,1.0,0.3,0.5,0.37,0.44,0.58,0.58,0.58,0.58,0.18,0.67,0.29,0.43,0.38,0.83,0.53,0.68,0.3,0.583,0.182,0.385,0.04,0.31,0.18,1.0,0.2,0.12,0.66,0.25,0.15,0.79,0.399,0.689,0.505,0.0,647.2589433193207,0.0,6611,0,0.0,,0,0.0,,,0.0,0.0,,0.0,0.0,https://wandb.ai/kastel-sdq-meta-research/experiment_cross_encoder/r/call/01a05f89-5803-7d1e-96bb-5a5d0bdfd421,retrieval_config,False,KitToolbox,kit.qwen3-embedding-8b,10,10,True,cosine,True,False,10,-1,8,False,False,1,False,-1,-1,False,,['R659055'],['Paper'],True,False,False,kg_retrieval,hublink,kittoolbox_kit.minimax-m2.7-229b_tmpNone_maxt-1_reasoningNone,KitToolbox,kit.minimax-m2.7-229b,,-1,,kittoolbox_kit.minimax-m2.7-229b_tmpNone_maxt-1_reasoningNone,KitToolbox,kit.minimax-m2.7-229b,,-1,,orkg_merged_ecsa_icsa.json_jsonpublicationloader_limit-1,['paper_class'],['research_level'],['first_research_object'],['second_research_object'],['validity'],['evidence'],False,False,R659055,https://sandbox.orkg.org,-1,orkg,merged_ecsa_icsa.json_jsonpublicationloader_limit-1,merged_ecsa_icsa.json,JsonPublicationLoader,-1,,4000,2,generation_kittoolbox_kit.minimax-m2.7-229b_tmpNone_maxt-1_reasoningNone,generation,kittoolbox_kit.minimax-m2.7-229b_tmpNone_maxt-1_reasoningNone,KitToolbox,kit.minimax-m2.7-229b,,-1,,Which papers investigate architecture decision making and do not have input data available in 2018?,The papers that investigate architecture decision and do not have input data available in the year 2018 are 'Understanding Architecture Decisions in Context' and 'Empirical Insights into the Evolving Role of Architects in Decision-Making in an Agile Context'.,"['10.1007/978-3-030-00761-4_19', '10.1007/978-3-030-00761-4_19', '10.1007/978-3-030-00761-4_19', '10.1007/978-3-030-00761-4_17', '10.1007/978-3-030-00761-4_17', '10.1007/978-3-030-00761-4_17']",,"['(R868640:Research Object Entity, Name, L1520524:Architecture Decision Making)', '(R868608:Understanding Architecture Decisions in Context, publication year, L1520464:2018)', '(R868642:Input Data, None, L1520528:True)', '(R873329:Research Object Entity, Name, L1530276:Architecture Decision Making)', '(R873301:Empirical Insights into the Evolving Role of Architects in Decision-Making in an Agile Context, publication year, L1530222:2018)', '(R873331:Input Data, None, L1530280:True)']",clustering_strategy,R659055,Software Architecture and Design,5,Which papers with the research object [research object name do not have input data available in the year [Metadata: year]?
159,39f0c727f1c36390b5a876e7120bfff1,3ba8a537-4a5c-4e4f-85e5-ca580c68e6b7,"

**Answer**

The only study that satisfies **all three** of the required conditions –  

* evaluation method = **Focus Group**,  
* **no use of input data**, and  
* publication year = **2017** –  

is the paper:

- **“Architectural Assumptions and Their Management in Industry – An Exploratory Study”**  
  - Publication year = 2017 (explicitly reported)【4】  
  - Evaluation method includes a **Focus Group** (the “Focus Group” evaluation‑method entity appears in the study’s method list)【4】  
  - Evidence 2 shows that **input data were not used** (“Input Data – available = False” and “Input Data – used = False”)【4】

All other papers that were described in the supplied texts either (i) do not employ a Focus Group evaluation, (ii) explicitly **use** input data, or (iii) lack the necessary information to confirm the 2017 publication year.  

| Paper (partial answer) | Focus Group? | Input data used? | Year 2017 confirmed? | Meets all three criteria? |
|------------------------|--------------|------------------|----------------------|---------------------------|
| Continuous Architecture …【1】 | Yes | No | No (year not reported) | No – year unconfirmed |
| Decision Models for Microservices …【2】 | No (Field Experiment) | Yes | Yes | No |
| Understanding Architecture Decisions …【3】 | Yes | No (used = False) | No (year not reported) | No – year unconfirmed |
| Architectural Assumptions and Their Management …【4】 | **Yes** | **No** | **Yes** | **Yes** |
| Semantic Differencing …【5】 | No (Verification/Technical Experiment) | Yes | Yes | No |
| Technical Architectures for Automotive …【6】 | Yes | Conflicting evidence (some statements indicate use, others indicate not present) | No (year not reported) | No – uncertain input‑data usage and year |
| An Exploratory Study of Naturalistic Decision …【7】 | Yes | Yes (used = True) | No (year not reported) | No |
| Experiments in Curation …【8】 | No (Benchmark) | Unknown | Yes | No |
| System‑ and Software‑level Architecting Harmonization …【9】 | Yes | Conflicting evidence (some statements indicate use, others indicate not available) | No (year not reported) | No – uncertain input‑data usage and year |

**Conclusion**

Based on the information provided, the single paper that fulfills every requirement of the question is **“Architectural Assumptions and Their Management in Industry – An Exploratory Study”**【4】. All other candidates either lack a Focus‑Group evaluation, use input data, or do not have confirmed publication year 2017, so they cannot be counted as meeting all three conditions.

","['(R870929:Technical Architectures for Automotive Systems, contribution, R2156350:Second Research Object 2)', '(R2156356:Evaluation Method Entity, Name, L2809723:Focus Group)', '(R868608:Understanding Architecture Decisions in Context, contribution, R868631:First Research Object 2)', '(R868631:First Research Object 2, evaluation, R868632:Evaluation)', '(R868632:Evaluation, Evaluation method, R868633:Evaluation Method List)', '(R868633:Evaluation Method List, Entity, R868634:Evaluation Method Entity)', '(R868634:Evaluation Method Entity, Name, L1520518:Focus Group)', '(R874234:First Research Object 2, evaluation, R874241:Evaluation)', '(R874241:Evaluation, Evaluation method, R874242:Evaluation Method List)', '(R874242:Evaluation Method List, Entity, R874243:Evaluation Method Entity)', '(R874243:Evaluation Method Entity, Name, L1532191:Focus Group)', '(R868683:Evaluation Method Entity, Name, L1520616:Focus Group)', '(R869392:Decision Models for Microservices: Design Areas, Stakeholders, Use Cases, and Requirements, publication year, L1522148:2017)', '(R873977:Evaluation Method Entity, Name, L1531621:Focus Group)', '(R873775:Continuous Architecture: Towards the Goldilocks Zone and Away from Vicious Circles, contribution, R873796:First Research Object 2)', '(R873796:First Research Object 2, evaluation, R873797:Evaluation)', '(R873797:Evaluation, Evaluation method, R873798:Evaluation Method List)', '(R873798:Evaluation Method List, Entity, R873799:Evaluation Method Entity)', '(R873799:Evaluation Method Entity, Name, L1531251:Focus Group)', '(R869392:Decision Models for Microservices: Design Areas, Stakeholders, Use Cases, and Requirements, contribution, R869415:First Research Object 2)', '(R869415:First Research Object 2, evaluation, R869416:Evaluation)', '(R869416:Evaluation, Evaluation method, R869417:Evaluation Method List)', '(R869417:Evaluation Method List, Entity, R869418:Evaluation Method Entity)', '(R869418:Evaluation Method Entity, Name, L1522201:Field Experiment)', '(R870929:Technical Architectures for Automotive Systems, contribution, R2156287:First Research Object 2)', '(R2156303:Evaluation Method List, Entity, R2156309:Evaluation Method Entity)', '(R868651:Architectural Assumptions and Their Management in Industry – An Exploratory Study, publication year, L1520562:2017)', '(R870929:Technical Architectures for Automotive Systems, contribution, R870970:Second Research Object 2)', '(R870973:Evaluation Method Entity, Name, L1525466:Focus Group)', '(R870929:Technical Architectures for Automotive Systems, contribution, R870960:First Research Object 2)', '(R870963:Evaluation Method Entity, Name, L1525459:Focus Group)', '(R868689:Input Data, used, L1520623:False)', '(R870929:Technical Architectures for Automotive Systems, contribution, R870978:Evidence 2)', '(R870978:Evidence 2, Uses Input Data, R870979:Input Data)', '(R870979:Input Data, used, L1525473:True)', '(R873983:Input Data, used, L1531628:True)', '(R868642:Input Data, used, L1520527:False)', '(R873775:Continuous Architecture: Towards the Goldilocks Zone and Away from Vicious Circles, contribution, R873804:Evidence 2)', '(R873804:Evidence 2, Uses Input Data, R873805:Input Data)', '(R873805:Input Data, used, L1531258:False)', '(R869392:Decision Models for Microservices: Design Areas, Stakeholders, Use Cases, and Requirements, contribution, R869425:Evidence 2)', '(R869425:Evidence 2, Uses Input Data, R869426:Input Data)', '(R869426:Input Data, used, L1522210:True)', '(R870979:Input Data, available, L1525472:False)', '(R874250:Evidence 2, Uses Input Data, R874251:Input Data)', '(R874251:Input Data, available, L1532199:False)', '(R874251:Input Data, used, L1532200:True)', '(R874251:Input Data, None, L1532201:False)']",['2017'],0.0,0.0,0.0,0.0,0.0,0.0,0.0,0.0,0.0,0.0,0.0,0.0,0.0,0.0,0.04,0.33,0.07,0.14,0.08,0.42,0.13,0.22,0.0,0.0,0.042,0.078,0.02,0.17,0.09,0.84,0.11,0.06,0.56,0.13,0.07,0.65,0.322,0.561,0.409,0.0,565.6310529708862,0.004659449999999999,21496,0,0.0,,0,0.0,,,0.0,0.0,,0.0,0.0,https://wandb.ai/kastel-sdq-meta-research/experiment_cross_encoder/r/call/01a05f89-7ffe-7ca9-a9ae-559728741412,retrieval_config,False,KitToolbox,kit.qwen3-embedding-8b,10,10,True,cosine,True,False,10,-1,8,False,False,1,False,-1,-1,False,,['R659055'],['Paper'],True,False,False,kg_retrieval,hublink,kittoolbox_kit.minimax-m2.7-229b_tmpNone_maxt-1_reasoningNone,KitToolbox,kit.minimax-m2.7-229b,,-1,,kittoolbox_kit.minimax-m2.7-229b_tmpNone_maxt-1_reasoningNone,KitToolbox,kit.minimax-m2.7-229b,,-1,,orkg_merged_ecsa_icsa.json_jsonpublicationloader_limit-1,['paper_class'],['research_level'],['first_research_object'],['second_research_object'],['validity'],['evidence'],False,False,R659055,https://sandbox.orkg.org,-1,orkg,merged_ecsa_icsa.json_jsonpublicationloader_limit-1,merged_ecsa_icsa.json,JsonPublicationLoader,-1,,4000,2,generation_kittoolbox_kit.minimax-m2.7-229b_tmpNone_maxt-1_reasoningNone,generation,kittoolbox_kit.minimax-m2.7-229b_tmpNone_maxt-1_reasoningNone,KitToolbox,kit.minimax-m2.7-229b,,-1,,Which papers with the evaluation method Focus Group have not used input data in the publication year 2017?,The papers that did not use input data in the year 2017 with the evaluation method Focus Group are 'Architectural Assumptions and Their Management in Industry – An Exploratory Study' and 'On Cognitive Biases in Architecture Decision Making'.,"['10.1007/978-3-319-65831-5_14', '10.1007/978-3-319-65831-5_14', '10.1007/978-3-319-65831-5_14', '10.1007/978-3-319-65831-5_9', '10.1007/978-3-319-65831-5_9', '10.1007/978-3-319-65831-5_9']",,"['(R868683:Evaluation Method Entity, Name, L1520616:Focus Group)', '(R868651:Architectural Assumptions and Their Management in Industry – An Exploratory Study, publication year, L1520562:2017)', '(R868689:Input Data, None, L1520624:True)', '(R871508:Evaluation Method Entity, Name, L1526567:Focus Group)', '(R871484:On Cognitive Biases in Architecture Decision Making, publication year, L1526519:2017)', '(R871514:Input Data, None, L1526575:True)']",clustering_strategy,R659055,Software Architecture and Design,6,Which papers with the evaluation method with the name [Content Data: evaluation method name] have not used input data in the year [Metadata: year]?
160,39f0c727f1c36390b5a876e7120bfff1,7847b4a1-c9c7-4958-a718-7b94d0457429,"

The only paper that meets all three criteria—using a motivating example for evaluation, not using input data, and being published in 2018—is **“A DSL for MAPE Patterns Representation in Self‑adapting Systems.”** The provided texts indicate that its evaluation employed a “Motivating Example” and that the input data is not actually used, while the publication year is explicitly stated as 2018 [5].

[5] Source: A DSL for MAPE Patterns Representation in Self-adapting Systems, 10.1007/978-3-030-00761-4_1
","['(R871053:Evaluation Method Entity, Name, L1525635:Motivating Example)', '(R871034:A DSL for MAPE Patterns Representation in Self-adapting Systems, publication year, L1525606:2018)', '(R874778:Input Data, used, L1533331:False)']",['2018'],0.333,0.417,0.333,0.3,1.0,1.0,0.67,0.33,0.44,0.37,0.83,0.42,0.56,0.46,0.67,0.33,0.44,0.37,0.83,0.42,0.56,0.46,0.667,0.833,0.667,0.833,0.09,0.52,0.44,0.65,0.25,0.21,0.31,0.39,0.33,0.49,0.569,0.722,0.636,1.0,434.5575678348541,0.00019424999999999998,2780,0,0.0,,0,0.0,,,0.0,0.0,,0.0,0.0,https://wandb.ai/kastel-sdq-meta-research/experiment_cross_encoder/r/call/01a05f89-ae9d-7794-a682-75bdae8434fd,retrieval_config,False,KitToolbox,kit.qwen3-embedding-8b,10,10,True,cosine,True,False,10,-1,8,False,False,1,False,-1,-1,False,,['R659055'],['Paper'],True,False,False,kg_retrieval,hublink,kittoolbox_kit.minimax-m2.7-229b_tmpNone_maxt-1_reasoningNone,KitToolbox,kit.minimax-m2.7-229b,,-1,,kittoolbox_kit.minimax-m2.7-229b_tmpNone_maxt-1_reasoningNone,KitToolbox,kit.minimax-m2.7-229b,,-1,,orkg_merged_ecsa_icsa.json_jsonpublicationloader_limit-1,['paper_class'],['research_level'],['first_research_object'],['second_research_object'],['validity'],['evidence'],False,False,R659055,https://sandbox.orkg.org,-1,orkg,merged_ecsa_icsa.json_jsonpublicationloader_limit-1,merged_ecsa_icsa.json,JsonPublicationLoader,-1,,4000,2,generation_kittoolbox_kit.minimax-m2.7-229b_tmpNone_maxt-1_reasoningNone,generation,kittoolbox_kit.minimax-m2.7-229b_tmpNone_maxt-1_reasoningNone,KitToolbox,kit.minimax-m2.7-229b,,-1,,Which papers used a motivating example for their evaluation but did not use input data in the year 2018?,The papers that used the evaluation method Motivating Example and do not have input data available in the year 2018 are 'Enabling Continuous Software Engineering for Embedded Systems Architectures with Virtual Prototypes' and 'A DSL for MAPE Patterns Representation in Self-adapting Systems'. ,"['10.1007/978-3-030-00761-4_8', '10.1007/978-3-030-00761-4_8', '10.1007/978-3-030-00761-4_8', '10.1007/978-3-030-00761-4_1', '10.1007/978-3-030-00761-4_1', '10.1007/978-3-030-00761-4_1']",,"['(R871053:Evaluation Method Entity, Name, L1525635:Motivating Example)', '(R870603:Enabling Continuous Software Engineering for Embedded Systems Architectures with Virtual Prototypes, publication year, L1524714:2018)', '(R874778:Input Data, None, L1533332:True)', '(R870622:Evaluation Method Entity, Name, L1524743:Motivating Example)', '(R871034:A DSL for MAPE Patterns Representation in Self-adapting Systems, publication year, L1525606:2018)', '(R874771:Input Data, None, L1533314:True)']",clustering_strategy,R659055,Software Architecture and Design,6,Which papers used a [Content Data: evaluation method name] for their evaluation but did not use input data in the year [Metadata: year]?
161,39f0c727f1c36390b5a876e7120bfff1,fcb2ce85-a751-4a0d-a330-27d5ccc86dbf,"

The only paper that satisfies both conditions – it **applies the evaluation method Benchmark** and it was **published in 2020** – is the work titled **“Employment of Optimal Approximations on Apache Hadoop Checkpoint Technique for Performance Improvements.”** [1]  

The source does not provide any information about the **paper class** (e.g., research article, review, case study, etc.) for this paper or for any other Benchmark‑using papers from 2020. Consequently, because the class data are missing, the most frequent paper class among Benchmark‑applying papers published in 2020 cannot be determined from the given information. [2]

[1] Source: Employment of Optimal Approximations on Apache Hadoop Checkpoint Technique for Performance Improvements, 10.1109/ICSA47634.2020.00009
[2] Source: Evaluating the Effectiveness of Multi-level Greedy Modularity Clustering for Software Architecture Recovery, 10.1007/978-3-030-29983-5_5
","['(R874260:Employment of Optimal Approximations on Apache Hadoop Checkpoint Technique for Performance Improvements, contribution, R874281:First Research Object 2)', '(R874281:First Research Object 2, evaluation, R874282:Evaluation)', '(R874282:Evaluation, Evaluation method, R874283:Evaluation Method List)', '(R874283:Evaluation Method List, Entity, R874284:Evaluation Method Entity)', '(R874284:Evaluation Method Entity, Name, L1532280:Benchmark)', '(R874260:Employment of Optimal Approximations on Apache Hadoop Checkpoint Technique for Performance Improvements, publication year, L1532232:2020)']","['2020', 'Benchmark']",0.286,0.308,0.076,0.277,0.2,1.0,0.33,0.29,0.31,0.29,0.57,0.31,0.4,0.34,0.33,0.29,0.31,0.29,0.57,0.31,0.4,0.34,0.333,0.571,0.333,0.571,0.03,0.31,0.19,0.75,0.16,0.1,0.39,0.22,0.14,0.54,0.449,0.631,0.525,0.0,407.704247713089,0.0,167068,0,0.0,,0,0.0,,,0.0,0.0,,0.0,0.0,https://wandb.ai/kastel-sdq-meta-research/experiment_cross_encoder/r/call/01a05f8a-7849-7cb9-bdcf-b7cedfefbb3f,retrieval_config,False,KitToolbox,kit.qwen3-embedding-8b,10,10,True,cosine,True,False,10,-1,8,False,False,1,False,-1,-1,False,,['R659055'],['Paper'],True,False,False,kg_retrieval,hublink,kittoolbox_kit.minimax-m2.7-229b_tmpNone_maxt-1_reasoningNone,KitToolbox,kit.minimax-m2.7-229b,,-1,,kittoolbox_kit.minimax-m2.7-229b_tmpNone_maxt-1_reasoningNone,KitToolbox,kit.minimax-m2.7-229b,,-1,,orkg_merged_ecsa_icsa.json_jsonpublicationloader_limit-1,['paper_class'],['research_level'],['first_research_object'],['second_research_object'],['validity'],['evidence'],False,False,R659055,https://sandbox.orkg.org,-1,orkg,merged_ecsa_icsa.json_jsonpublicationloader_limit-1,merged_ecsa_icsa.json,JsonPublicationLoader,-1,,4000,2,generation_kittoolbox_kit.minimax-m2.7-229b_tmpNone_maxt-1_reasoningNone,generation,kittoolbox_kit.minimax-m2.7-229b_tmpNone_maxt-1_reasoningNone,KitToolbox,kit.minimax-m2.7-229b,,-1,,"Among papers that apply the evaluation method Benchmark, what is the most frequent paper class of papers published in the publication year 2020?",The paper class that has the most papers applying the evaluation method Benchmark in the publication year 2020 is the proposal of a solution.,"['10.1007/978-3-030-58923-3_2', '10.1007/978-3-030-58923-3_2', '10.1007/978-3-030-58923-3_2', '10.1109/ICSA47634.2020.00009', '10.1109/ICSA47634.2020.00009', '10.1109/ICSA47634.2020.00009', '10.1109/ICSA47634.2020.00009']",,"['(R871169:Evaluation Method Entity, Name, L1525874:Benchmark)', '(R871143:Formal Software Architectural Migration Towards Emerging Architectural Styles, publication year, L1525821:2020)', '(R871164:Paper Class 2, proposal of solution, L1525868:True)', '(R874284:Evaluation Method Entity, Name, L1532280:Benchmark)', '(R874260:Employment of Optimal Approximations on Apache Hadoop Checkpoint Technique for Performance Improvements, publication year, L1532232:2020)', '(R874279:Paper Class 2, validation research, L1532272:True)', '(R874279:Paper Class 2, proposal of solution, L1532274:True)']",clustering_strategy,R659055,Software Architecture and Design,6,What is the paper class which has the most papers that are published in the year [Metadata: year] that apply the evaluation method with the name [Content Data: evaluation method name]?
162,39f0c727f1c36390b5a876e7120bfff1,ebd0eb33-3a2c-4aa3-baf3-0478a96b6099,"

Based on the provided partial answers, the most frequent paper class for publications that applied grounded theory for evaluation in 2019 is **Paper Class 2**. Multiple sources confirm that the publications using grounded theory for evaluation in 2019 were classified under this category, with some sources specifying that it was the only paper class represented for such publications in that year [1][2][3][4][5]. Paper Class 2 is identified as an evaluation-research classification and appears consistently across the identified 2019 publications that utilized grounded theory methodology for evaluation purposes.

[1] Source: Supporting Architectural Decision Making on Data Management in Microservice Architectures, 10.1007/978-3-030-29983-5_2
[2] Source: How Developers Discuss Architecture Smells? An Exploratory Study on Stack Overflow, 10.1109/ICSA.2019.00018
[3] Source: Guiding Architectural Decision Making on Service Mesh Based Microservice Architectures, 10.1007/978-3-030-29983-5_1
[4] Source: Assessing Architecture Conformance to Coupling-Related Patterns and Practices in Microservices, 10.1007/978-3-030-58923-3_1
[5] Source: Microservice Architecture in Reality: An Industrial Inquiry, 10.1109/ICSA.2019.00014
","['(R869590:Evaluation Method Entity, Name, L1522568:Grounded Theory)', '(R873340:Guiding Architectural Decision Making on Service Mesh Based Microservice Architectures, contribution, R873361:First Research Object 2)', '(R873361:First Research Object 2, evaluation, R873362:Evaluation)', '(R873362:Evaluation, Evaluation method, R873363:Evaluation Method List)', '(R873363:Evaluation Method List, Entity, R873364:Evaluation Method Entity)', '(R873364:Evaluation Method Entity, Name, L1530356:Grounded Theory)', '(R868312:Evaluation Method Entity, Name, L1519814:Grounded Theory)', '(R872980:Supporting Architectural Decision Making on Data Management in Microservice Architectures, publication year, L1529596:2019)', '(R872980:Supporting Architectural Decision Making on Data Management in Microservice Architectures, contribution, R873002:First Research Object 2)', '(R873002:First Research Object 2, evaluation, R873003:Evaluation)', '(R873005:Evaluation Method Entity, Name, L1529647:Grounded Theory)', '(R873340:Guiding Architectural Decision Making on Service Mesh Based Microservice Architectures, publication year, L1530308:2019)', '(R868290:How Developers Discuss Architecture Smells? An Exploratory Study on Stack Overflow, publication year, L1519766:2019)', '(R873340:Guiding Architectural Decision Making on Service Mesh Based Microservice Architectures, contribution, R873359:Paper Class 2)', '(R868290:How Developers Discuss Architecture Smells? An Exploratory Study on Stack Overflow, contribution, R868307:Paper Class 2)', '(R869566:Assessing Architecture Conformance to Coupling-Related Patterns and Practices in Microservices, contribution, R869585:Paper Class 2)', '(R872980:Supporting Architectural Decision Making on Data Management in Microservice Architectures, contribution, R873000:Paper Class 2)']",['2019'],0.333,0.333,0.092,0.326,0.167,0.5,0.3,0.33,0.32,0.33,0.5,0.39,0.44,0.41,0.35,0.67,0.46,0.57,0.62,0.83,0.71,0.78,0.3,0.5,0.353,0.625,0.01,0.35,0.22,0.91,0.11,0.07,0.29,0.26,0.16,0.68,0.49,0.671,0.567,0.0,598.5256221294403,0.0,3249,0,0.0,,0,0.0,,,0.0,0.0,,0.0,0.0,https://wandb.ai/kastel-sdq-meta-research/experiment_cross_encoder/r/call/01a05f90-e4fa-78f9-856f-a2efeded2b93,retrieval_config,False,KitToolbox,kit.qwen3-embedding-8b,10,10,True,cosine,True,False,10,-1,8,False,False,1,False,-1,-1,False,,['R659055'],['Paper'],True,False,False,kg_retrieval,hublink,kittoolbox_kit.minimax-m2.7-229b_tmpNone_maxt-1_reasoningNone,KitToolbox,kit.minimax-m2.7-229b,,-1,,kittoolbox_kit.minimax-m2.7-229b_tmpNone_maxt-1_reasoningNone,KitToolbox,kit.minimax-m2.7-229b,,-1,,orkg_merged_ecsa_icsa.json_jsonpublicationloader_limit-1,['paper_class'],['research_level'],['first_research_object'],['second_research_object'],['validity'],['evidence'],False,False,R659055,https://sandbox.orkg.org,-1,orkg,merged_ecsa_icsa.json_jsonpublicationloader_limit-1,merged_ecsa_icsa.json,JsonPublicationLoader,-1,,4000,2,generation_kittoolbox_kit.minimax-m2.7-229b_tmpNone_maxt-1_reasoningNone,generation,kittoolbox_kit.minimax-m2.7-229b_tmpNone_maxt-1_reasoningNone,KitToolbox,kit.minimax-m2.7-229b,,-1,,Which is the most frequent paper class of publications that applied grounded theory for evaluation in 2019?,The paper class that has the most papers with the evaluation method Grounded Theory in the publication year 2019 is evaluation research.,"['10.1007/978-3-030-29983-5_1', '10.1007/978-3-030-29983-5_1', '10.1007/978-3-030-29983-5_1', '10.1007/978-3-030-29983-5_2', '10.1007/978-3-030-29983-5_2', '10.1007/978-3-030-29983-5_2', '10.1109/ICSA.2019.00018', '10.1109/ICSA.2019.00018', '10.1109/ICSA.2019.00018']",,"['(R873364:Evaluation Method Entity, Name, L1530356:Grounded Theory)', '(R873340:Guiding Architectural Decision Making on Service Mesh Based Microservice Architectures, publication year, L1530308:2019)', '(R873359:Paper Class 2, evaluation research, L1530353:True)', '(R873005:Evaluation Method Entity, Name, L1529647:Grounded Theory)', '(R872980:Supporting Architectural Decision Making on Data Management in Microservice Architectures, publication year, L1529596:2019)', '(R873000:Paper Class 2, evaluation research, L1529644:True)', '(R868312:Evaluation Method Entity, Name, L1519814:Grounded Theory)', '(R868290:How Developers Discuss Architecture Smells? An Exploratory Study on Stack Overflow, publication year, L1519766:2019)', '(R868307:Paper Class 2, evaluation research, L1519811:True)']",clustering_strategy,R659055,Software Architecture and Design,6,Which paper class has the most papers with the evaluation method [method name] in the publication year [Metadata: year]?
163,39f0c727f1c36390b5a876e7120bfff1,56884f4f-6a07-48cc-9b25-1b6a34445daa,"

Based on the information provided in the majority of the sources, the only paper that deals with the research object **Architecture Evolution** and was published in **2021** is classified as **Paper Class 2**【1】【2】【3】【4】. Because no other papers for that research object and publication year are mentioned, Paper Class 2 is the most frequent (in fact, the sole) paper class for this combination.  

Source [5] does not contain any data regarding the research object “Architecture Evolution,” so it does not affect the conclusion.

[5] Source: How Software Architects Focus Their Attention, 10.1007/978-3-030-86044-8_21
",,['2021'],0.0,0.0,0.0,0.0,0.0,0.0,0.0,0.0,0.0,0.0,0.0,0.0,0.0,0.0,0.0,0.0,0.0,0.0,0.0,0.0,0.0,0.0,0.0,0.0,0.0,0.0,0.04,0.37,0.23,0.91,0.19,0.12,0.48,0.26,0.16,0.64,0.42,0.624,0.502,1.0,200.67251253128052,0.0,70180,0,0.0,,0,0.0,,,0.0,0.0,,0.0,0.0,https://wandb.ai/kastel-sdq-meta-research/experiment_cross_encoder/r/call/01a05f9c-b5b5-7fd9-9eef-66ab3793d630,retrieval_config,False,KitToolbox,kit.qwen3-embedding-8b,10,10,True,cosine,True,False,10,-1,8,False,False,1,False,-1,-1,False,,['R659055'],['Paper'],True,False,False,kg_retrieval,hublink,kittoolbox_kit.minimax-m2.7-229b_tmpNone_maxt-1_reasoningNone,KitToolbox,kit.minimax-m2.7-229b,,-1,,kittoolbox_kit.minimax-m2.7-229b_tmpNone_maxt-1_reasoningNone,KitToolbox,kit.minimax-m2.7-229b,,-1,,orkg_merged_ecsa_icsa.json_jsonpublicationloader_limit-1,['paper_class'],['research_level'],['first_research_object'],['second_research_object'],['validity'],['evidence'],False,False,R659055,https://sandbox.orkg.org,-1,orkg,merged_ecsa_icsa.json_jsonpublicationloader_limit-1,merged_ecsa_icsa.json,JsonPublicationLoader,-1,,4000,2,generation_kittoolbox_kit.minimax-m2.7-229b_tmpNone_maxt-1_reasoningNone,generation,kittoolbox_kit.minimax-m2.7-229b_tmpNone_maxt-1_reasoningNone,KitToolbox,kit.minimax-m2.7-229b,,-1,,Which is the most frequent paper class of papers with the research object Architecture Evolution in the publication year 2021?,The paper class that has the most papers with the research object Architecture Evolution in the publication year 2021 is evaluation research.,"['10.1109/ICSA51549.2021.00009', '10.1109/ICSA51549.2021.00009', '10.1109/ICSA51549.2021.00009', '10.1109/ICSA51549.2021.00014', '10.1109/ICSA51549.2021.00014', '10.1109/ICSA51549.2021.00014', '10.1109/ICSA51549.2021.00014']",,"['(R868734:Research Object Entity, Name, L1520720:Architecture Evolution)', '(R868698:Enabling Consistency between Software Artefacts for Software Adaption and Evolution, publication year, L1520654:2021)', '(R868721:Paper Class 2, evaluation research, L1520709:True)', '(R874382:Research Object Entity, Name, L1532476:Architecture Evolution)', '(R874338:Continuous API Evolution in Heterogenous Enterprise Software Systems, publication year, L1532404:2021)', '(R874365:Paper Class 2, proposal of solution, L1532459:True)', '(R874365:Paper Class 2, evaluation research, L1532462:True)']",clustering_strategy,R659055,Software Architecture and Design,5,Which paper class has the most papers with the research object [object name] in the publication year [Metadata: year]?
164,39f0c727f1c36390b5a876e7120bfff1,637feaff-e82b-420d-bec4-4aba3df5e52f,"

All of the referenced publications that investigated architecture extractions in 2018 are classified as **Paper Class 2** [1][2][3][4][5][6][7]. Because this is the only class represented in the data, it is also the most frequent (and sole) paper class for that year.

[1] Source: Applying Architecture-Based Adaptation to Automate the Management of Internet-of-Things, 10.1007/978-3-030-00761-4_4
[2] Source: Improving the Search for Architecture Knowledge in Online Developer Communities, 10.1109/ICSA.2018.00028
[3] Source: A Platform for the Automated Provisioning of Architecture Information for Large-Scale Service-Oriented Software Systems, 10.1007/978-3-030-00761-4_14
[4] Source: Understanding Architecture Decisions in Context, 10.1007/978-3-030-00761-4_19
[5] Source: Microservice Architecture in Reality: An Industrial Inquiry, 10.1109/ICSA.2019.00014
[6] Source: Empirical Insights into the Evolving Role of Architects in Decision-Making in an Agile Context, 10.1007/978-3-030-00761-4_17
[7] Source: A Blockchain-Based Micro Economy Platform for Distributed Infrastructure Initiatives, 10.1109/ICSA.2018.00010
","['(R868608:Understanding Architecture Decisions in Context, publication year, L1520464:2018)', '(R869648:A Platform for the Automated Provisioning of Architecture Information for Large-Scale Service-Oriented Software Systems, publication year, L1522702:2018)', '(R871631:Applying Architecture-Based Adaptation to Automate the Management of Internet-of-Things, publication year, L1526817:2018)', '(R874393:Improving the Search for Architecture Knowledge in Online Developer Communities, publication year, L1532515:2018)', '(R868608:Understanding Architecture Decisions in Context, contribution, R868629:Paper Class 2)', '(R873301:Empirical Insights into the Evolving Role of Architects in Decision-Making in an Agile Context, publication year, L1530222:2018)', '(R874684:A Blockchain-Based Micro Economy Platform for Distributed Infrastructure Initiatives, publication year, L1533128:2018)', '(R874393:Improving the Search for Architecture Knowledge in Online Developer Communities, contribution, R874417:Paper Class 2)', '(R870188:Microservice Architecture in Reality: An Industrial Inquiry, contribution, R870207:Paper Class 2)', '(R870188:Microservice Architecture in Reality: An Industrial Inquiry, contribution, R2156156:Paper Class 2)', '(R871631:Applying Architecture-Based Adaptation to Automate the Management of Internet-of-Things, contribution, R871652:Paper Class 2)', '(R869648:A Platform for the Automated Provisioning of Architecture Information for Large-Scale Service-Oriented Software Systems, contribution, R869669:Paper Class 2)', '(R874684:A Blockchain-Based Micro Economy Platform for Distributed Infrastructure Initiatives, contribution, R874705:Paper Class 2)', '(R874705:Paper Class 2, evaluation research, L1533178:False)', '(R873301:Empirical Insights into the Evolving Role of Architects in Decision-Making in an Agile Context, contribution, R873320:Paper Class 2)']",['2018'],0.143,0.077,0.071,0.05,0.5,0.5,0.1,0.14,0.12,0.13,0.12,0.15,0.13,0.14,0.07,0.14,0.09,0.12,0.14,0.23,0.17,0.2,0.1,0.118,0.067,0.136,0.02,0.46,0.34,0.73,0.15,0.11,0.24,0.2,0.15,0.32,0.465,0.665,0.547,1.0,452.9847717285156,0.0,71719,0,0.0,,0,0.0,,,0.0,0.0,,0.0,0.0,https://wandb.ai/kastel-sdq-meta-research/experiment_cross_encoder/r/call/01a05f9c-dc4b-7358-9d56-59baa0db595d,retrieval_config,False,KitToolbox,kit.qwen3-embedding-8b,10,10,True,cosine,True,False,10,-1,8,False,False,1,False,-1,-1,False,,['R659055'],['Paper'],True,False,False,kg_retrieval,hublink,kittoolbox_kit.minimax-m2.7-229b_tmpNone_maxt-1_reasoningNone,KitToolbox,kit.minimax-m2.7-229b,,-1,,kittoolbox_kit.minimax-m2.7-229b_tmpNone_maxt-1_reasoningNone,KitToolbox,kit.minimax-m2.7-229b,,-1,,orkg_merged_ecsa_icsa.json_jsonpublicationloader_limit-1,['paper_class'],['research_level'],['first_research_object'],['second_research_object'],['validity'],['evidence'],False,False,R659055,https://sandbox.orkg.org,-1,orkg,merged_ecsa_icsa.json_jsonpublicationloader_limit-1,merged_ecsa_icsa.json,JsonPublicationLoader,-1,,4000,2,generation_kittoolbox_kit.minimax-m2.7-229b_tmpNone_maxt-1_reasoningNone,generation,kittoolbox_kit.minimax-m2.7-229b_tmpNone_maxt-1_reasoningNone,KitToolbox,kit.minimax-m2.7-229b,,-1,,Which is the most frequent paper class of publications that investigated architecture extractions in 2018?,The paper class that has the most papers with the research object Architecture Extraction in the publication year 2018 is validation research.,"['10.1007/978-3-030-00761-4_14', '10.1007/978-3-030-00761-4_14', '10.1007/978-3-030-00761-4_14', '10.1007/978-3-030-00761-4_14', '10.1109/ICSA.2018.00014', '10.1109/ICSA.2018.00014', '10.1109/ICSA.2018.00014']",,"['(R869680:Research Object Entity, Name, L1522761:Architecture Extraction)', '(R869648:A Platform for the Automated Provisioning of Architecture Information for Large-Scale Service-Oriented Software Systems, publication year, L1522702:2018)', '(R869669:Paper Class 2, validation research, L1522747:True)', '(R869669:Paper Class 2, proposal of solution, L1522749:True)', '(R873887:Research Object Entity, Name, L1531437:Architecture Extraction)', '(R873855:Towards Micro Service Architecture Recovery: An Empirical Study, publication year, L1531379:2018)', '(R873876:Paper Class 2, validation research, L1531423:True)']",clustering_strategy,R659055,Software Architecture and Design,5,Which paper class has the most papers with the research object [object name] in the publication year [Metadata: year]?
165,39f0c727f1c36390b5a876e7120bfff1,15173686-4e3a-434e-9c97-f787cec4b379,"

The source texts do not give a single, consistent picture of how many papers that investigate the research object **Architecture Extraction** were published in 2018 versus 2020:

* [1] mentions a paper that investigates Architecture Extraction and places its publication in 2020.  
* [2] identifies a (different) paper that also investigates Architecture Extraction and reports its publication year as 2018.  
* [3] cites a paper on Architecture Extraction that was published in 2017, which falls outside the 2018‑2020 window.  
* [4] notes a paper on Architecture Extraction published in 2021, also outside the interval.

Because the partial answers refer to different papers and give different publication years, the only information that can be extracted for the specific years 2018 and 2020 is that at least one paper is reported for each year – one 2018 paper (per [2]) and one 2020 paper (per [1]). No other papers within those two years are mentioned in the supplied texts, and the sources do not agree on a single distribution.

[1] Source: Employment of Optimal Approximations on Apache Hadoop Checkpoint Technique for Performance Improvements, 10.1109/ICSA47634.2020.00009
[2] Source: Towards Micro Service Architecture Recovery: An Empirical Study, 10.1109/ICSA.2018.00014
[3] Source: Determination and Enforcement of Least-Privilege Architecture in Android, 10.1109/ICSA.2017.18
[4] Source: Constructing a Shared Infrastructure for Software Architecture Analysis and Maintenance, 10.1109/ICSA51549.2021.00022
","['(R874260:Employment of Optimal Approximations on Apache Hadoop Checkpoint Technique for Performance Improvements, publication year, L1532232:2020)', '(R873855:Towards Micro Service Architecture Recovery: An Empirical Study, contribution, R873878:First Research Object 2)', '(R873887:Research Object Entity, Name, L1531437:Architecture Extraction)', '(R871264:Determination and Enforcement of Least-Privilege Architecture in Android, contribution, R871286:First Research Object 2)', '(R871286:First Research Object 2, Object, R871293:Research Object List)', '(R871293:Research Object List, Entity, R871294:Research Object Entity)', '(R871294:Research Object Entity, Name, L1526138:Architecture Extraction)', '(R873855:Towards Micro Service Architecture Recovery: An Empirical Study, publication year, L1531379:2018)', '(R871674:Constructing a Shared Infrastructure for Software Architecture Analysis and Maintenance, contribution, R871711:Second Research Object 2)', '(R871711:Second Research Object 2, Object, R871713:Research Object List)', '(R871713:Research Object List, Entity, R871714:Research Object Entity)', '(R871714:Research Object Entity, Name, L1526984:Architecture Extraction)', '(R871264:Determination and Enforcement of Least-Privilege Architecture in Android, doi, L1526080:10.1109/ICSA.2017.18)', '(R871674:Constructing a Shared Infrastructure for Software Architecture Analysis and Maintenance, publication year, L1526914:2021)']","['2018', '2020']",0.2,0.1,0.058,0.154,0.333,0.5,0.2,0.2,0.2,0.2,0.27,0.2,0.23,0.21,0.14,0.2,0.17,0.19,0.21,0.2,0.21,0.2,0.2,0.267,0.143,0.211,0.07,0.35,0.21,0.9,0.2,0.12,0.53,0.24,0.15,0.62,0.452,0.636,0.528,0.0,482.91440749168396,0.00315,21422,0,0.0,,0,0.0,,,0.0,0.0,,0.0,0.0,https://wandb.ai/kastel-sdq-meta-research/experiment_cross_encoder/r/call/01a05f9d-7fbe-7bb7-81ad-c96ae41d45b9,retrieval_config,False,KitToolbox,kit.qwen3-embedding-8b,10,10,True,cosine,True,False,10,-1,8,False,False,1,False,-1,-1,False,,['R659055'],['Paper'],True,False,False,kg_retrieval,hublink,kittoolbox_kit.minimax-m2.7-229b_tmpNone_maxt-1_reasoningNone,KitToolbox,kit.minimax-m2.7-229b,,-1,,kittoolbox_kit.minimax-m2.7-229b_tmpNone_maxt-1_reasoningNone,KitToolbox,kit.minimax-m2.7-229b,,-1,,orkg_merged_ecsa_icsa.json_jsonpublicationloader_limit-1,['paper_class'],['research_level'],['first_research_object'],['second_research_object'],['validity'],['evidence'],False,False,R659055,https://sandbox.orkg.org,-1,orkg,merged_ecsa_icsa.json_jsonpublicationloader_limit-1,merged_ecsa_icsa.json,JsonPublicationLoader,-1,,4000,2,generation_kittoolbox_kit.minimax-m2.7-229b_tmpNone_maxt-1_reasoningNone,generation,kittoolbox_kit.minimax-m2.7-229b_tmpNone_maxt-1_reasoningNone,KitToolbox,kit.minimax-m2.7-229b,,-1,,How are the papers that investigate the research object Architecture Extraction distributed between the publication years 2018 and 2020?,"The papers that investigate the research object Architecture Extraction are distributed between the publication years 2018 and 2020 as follows: two papers were published in 2018, one paper was published in 2019, and one paper was published in 2020.","['10.1007/978-3-030-00761-4_14', '10.1007/978-3-030-00761-4_14', '10.1109/ICSA.2018.00014', '10.1109/ICSA.2018.00014', '10.1007/978-3-030-29983-5_17', '10.1007/978-3-030-29983-5_17', '10.1109/ICSA47634.2020.00023', '10.1109/ICSA47634.2020.00023', '10.1007/978-3-030-29983-5_5', '10.1007/978-3-030-29983-5_5']",,"['(R869680:Research Object Entity, Name, L1522761:Architecture Extraction)', '(R869648:A Platform for the Automated Provisioning of Architecture Information for Large-Scale Service-Oriented Software Systems, publication year, L1522702:2018)', '(R873887:Research Object Entity, Name, L1531437:Architecture Extraction)', '(R873855:Towards Micro Service Architecture Recovery: An Empirical Study, publication year, L1531379:2018)', '(R872464:Research Object Entity, Name, L1528569:Architecture Extraction)', '(R872428:Tool Support for the Migration to Microservice Architecture: An Industrial Case Study, publication year, L1528508:2019)', '(R870549:Research Object Entity, Name, L1524582:Architecture Extraction)', '(R870521:From Monolithic Architecture Style to Microservice one Based on a Semi-Automatic Approach, publication year, L1524530:2020)', '(R874554:Research Object Entity, Name, L1532843:Architecture Extraction)', '(R874518:Evaluating the Effectiveness of Multi-level Greedy Modularity Clustering for Software Architecture Recovery, publication year, L1532779:2019)']",clustering_strategy,R659055,Software Architecture and Design,5,How are the papers that investigate the research object with the name [Content Data: research object name] distributed between the publication year [year 1] and [year 2]?
166,39f0c727f1c36390b5a876e7120bfff1,eec63565-e95c-453b-be91-6f22476b9d3c,"

**Distribution of papers that investigate the *object‑architecture description* (2018 – 2020)**  

| Year | Number of papers identified | Papers (as reported in the sources) |
|------|----------------------------|--------------------------------------|
| **2018** | **2** | 1. *Availability‑Driven Architectural Change Propagation Through Bidirectional Model Transformations Between UML and Petri Net Models* 【1】<br>2. *Data‑Centric Communication and Containerization for Future Automotive Software Architectures* 【2】 |
| **2019** | **0** | No papers investigating the *object‑architecture description* were reported for this year in the provided sources. |
| **2020** | **3** | 1. *Empowering SysML‑Based Software Architecture Description with Formal Verification: From SysADL to CSP* 【3】<br>2. *Enforcing Architectural Security Decisions* 【4】<br>3. *Unlimited Rulebook: a Reference Architecture for Economy Mechanics in Digital Games* 【5】 |

**Summary**  
- Between 2018 and 2020, the source material records **two** papers published in 2018, **none** in 2019, and **three** in 2020 that explicitly investigate the *object‑architecture description*.  
- The figures reflect only the information provided in the supplied texts; additional papers outside these sources are not included.

","['(R869948:Empowering SysML-Based Software Architecture Description with Formal Verification: From SysADL to CSP, publication year, L1523342:2020)', '(R872636:Data-Centric Communication and Containerization for Future Automotive Software Architectures, contribution, R872670:First Research Object 2)', '(R872681:Research Object Entity, Name, L1528972:Architecture Description)', '(R872741:Availability-Driven Architectural Change Propagation Through Bidirectional Model Transformations Between UML and Petri Net Models, publication year, L1529102:2018)', '(R872878:Enforcing Architectural Security Decisions, publication year, L1529384:2020)', '(R872636:Data-Centric Communication and Containerization for Future Automotive Software Architectures, publication year, L1528895:2018)', '(R869051:Unlimited Rulebook: a Reference Architecture for Economy Mechanics in Digital Games, publication year, L1521417:2020)', '(R869093:Research Object Entity, Name, L1521486:Reference Architecture)']","['2018', '2020']",0.0,0.0,0.0,0.0,0.0,0.0,0.0,0.0,0.0,0.0,0.0,0.0,0.0,0.0,0.0,0.0,0.0,0.0,0.0,0.0,0.0,0.0,0.0,0.0,0.0,0.0,0.01,0.26,0.16,0.74,0.12,0.07,0.33,0.2,0.12,0.56,0.413,0.622,0.496,1.0,258.9929711818695,0.0,15942,0,0.0,,0,0.0,,,0.0,0.0,,0.0,0.0,https://wandb.ai/kastel-sdq-meta-research/experiment_cross_encoder/r/call/01a05fa0-43ae-75fc-bfbd-2eecc87a5622,retrieval_config,False,KitToolbox,kit.qwen3-embedding-8b,10,10,True,cosine,True,False,10,-1,8,False,False,1,False,-1,-1,False,,['R659055'],['Paper'],True,False,False,kg_retrieval,hublink,kittoolbox_kit.minimax-m2.7-229b_tmpNone_maxt-1_reasoningNone,KitToolbox,kit.minimax-m2.7-229b,,-1,,kittoolbox_kit.minimax-m2.7-229b_tmpNone_maxt-1_reasoningNone,KitToolbox,kit.minimax-m2.7-229b,,-1,,orkg_merged_ecsa_icsa.json_jsonpublicationloader_limit-1,['paper_class'],['research_level'],['first_research_object'],['second_research_object'],['validity'],['evidence'],False,False,R659055,https://sandbox.orkg.org,-1,orkg,merged_ecsa_icsa.json_jsonpublicationloader_limit-1,merged_ecsa_icsa.json,JsonPublicationLoader,-1,,4000,2,generation_kittoolbox_kit.minimax-m2.7-229b_tmpNone_maxt-1_reasoningNone,generation,kittoolbox_kit.minimax-m2.7-229b_tmpNone_maxt-1_reasoningNone,KitToolbox,kit.minimax-m2.7-229b,,-1,,What is the distribution of papers that investigate the object architecture description between 2018 and 2020?,The distribution of papers with the research object 'Architecture Description' between 2018 and 2020 is as follows: One paper was published in 2018 and no paper with this research object was published in 2020.,"['10.1109/ICSA.2018.00024', '10.1109/ICSA.2018.00024']",,"['(R874066:Research Object Entity, Name, L1531814:Architecture Description)', '(R874038:A Generic and Highly Scalable Framework for the Automation and Execution of Scientific Data Processing and Simulation Workflows, publication year, L1531762:2018)']",clustering_strategy,R659055,Software Architecture and Design,5,What is the proportion of papers with the research object [Content Data: research object name] between [Metadata: year] and [Metadata: year]?
167,39f0c727f1c36390b5a876e7120bfff1,3d4feb74-da6c-4516-a936-7556305c7ef1,"

**Distribution of papers that use the “Argumentation” evaluation method (2019 – 2021)**  

| Year | Number of papers | Paper title(s) (evaluation = Argumentation) | Source(s) |
|------|------------------|---------------------------------------------|-----------|
| **2019** | **2** | • *Assessing Adaptability of Software Architectures for Cyber Physical Production Systems* | [5] |
|      |          | • *A Platform Architecture for Multi‑Tenant Blockchain‑Based Systems* | [6] |
| **2020** | **1** | • *Continuous Experimentation for Automotive Software on the Example of a Heavy Commercial Vehicle in Daily Operation* | [3] |
| **2021** | **0** | – | – |

**Explanation**  

- In 2019 the texts explicitly list two distinct works that employ Argumentation as their evaluation method: *Assessing Adaptability of Software Architectures for Cyber Physical Production Systems* and *A Platform Architecture for Multi‑Tenant Blockchain‑Based Systems* (see [5] and [6]).  
- In 2020 the only paper identified with Argumentation is *Continuous Experimentation for Automotive Software on the Example of a Heavy Commercial Vehicle in Daily Operation* (see [3]).  
- No source provided any paper with Argumentation for the year 2021, so the count for that year is zero.  

Other papers mentioned in the provided fragments either lack a publication year within the 2019‑2021 window (e.g., *Architectural Patterns for Cross‑Domain Personalised Automotive Functions* [1], *Towards a Reference Architecture for Cloud‑Based Plant Genotyping and Phenotyping Analysis Frameworks* [2], *Unlimited Rulebook: a Reference Architecture for Economy Mechanics in Digital Games* [4], *A Taxonomy of Blockchain‑Based Systems for Architecture Design* [7]) or do not use Argumentation as the evaluation method (e.g., *Safety Analysis Method for Cooperative Driving Systems* [8]). Hence, they do not affect the distribution for the specified period.

[1] Source: Architectural Patterns for Cross-Domain Personalised Automotive Functions, 10.1109/ICSA47634.2020.00026
[2] Source: Towards a Reference Architecture for Cloud-Based Plant Genotyping and Phenotyping Analysis Frameworks, 10.1109/ICSA.2017.42
[3] Source: Continuous Experimentation for Automotive Software on the Example of a Heavy Commercial Vehicle in Daily Operation, 10.1007/978-3-030-58923-3_5
[4] Source: Unlimited Rulebook: a Reference Architecture for Economy Mechanics in Digital Games, 10.1109/ICSA47634.2020.00014
[5] Source: Assessing Adaptability of Software Architectures for Cyber Physical Production Systems, 10.1007/978-3-030-29983-5_10
[6] Source: A Platform Architecture for Multi-Tenant Blockchain-Based Systems, 10.1109/ICSA.2019.00019
[7] Source: A Taxonomy of Blockchain-Based Systems for Architecture Design, 10.1109/ICSA.2017.33
[8] Source: Safety Analysis Method for Cooperative Driving Systems, 10.1109/ICSA.2019.00027
","['(R871726:A Platform Architecture for Multi-Tenant Blockchain-Based Systems, publication year, L1527024:2019)', '(R871375:Evaluation Method Entity, Name, L1526299:Argumentation)', '(R871726:A Platform Architecture for Multi-Tenant Blockchain-Based Systems, contribution, R871757:First Research Object 2)', '(R871757:First Research Object 2, evaluation, R871758:Evaluation)', '(R871758:Evaluation, Evaluation method, R871759:Evaluation Method List)', '(R871759:Evaluation Method List, Entity, R871760:Evaluation Method Entity)', '(R871760:Evaluation Method Entity, Name, L1527086:Argumentation)', '(R873720:Evaluation Method Entity, Name, L1531089:Argumentation)', '(R872589:Evaluation Method Entity, Name, L1528791:Argumentation)', '(R870792:Architectural Patterns for Cross-Domain Personalised Automotive Functions, contribution, R870818:First Research Object 2)', '(R870818:First Research Object 2, evaluation, R870819:Evaluation)', '(R870819:Evaluation, Evaluation method, R870820:Evaluation Method List)', '(R870820:Evaluation Method List, Entity, R870821:Evaluation Method Entity)', '(R870821:Evaluation Method Entity, Name, L1525169:Argumentation)', '(R869051:Unlimited Rulebook: a Reference Architecture for Economy Mechanics in Digital Games, contribution, R869079:First Research Object 2)', '(R869079:First Research Object 2, evaluation, R869087:Evaluation)', '(R869087:Evaluation, Evaluation method, R869088:Evaluation Method List)', '(R869088:Evaluation Method List, Entity, R869089:Evaluation Method Entity)', '(R869089:Evaluation Method Entity, Name, L1521482:Argumentation)', '(R873021:Continuous Experimentation for Automotive Software on the Example of a Heavy Commercial Vehicle in Daily Operation, contribution, R873058:Second Research Object 2)', '(R873058:Second Research Object 2, evaluation, R873059:Evaluation)', '(R873059:Evaluation, Evaluation method, R873060:Evaluation Method List)', '(R873060:Evaluation Method List, Entity, R873061:Evaluation Method Entity)', '(R873061:Evaluation Method Entity, Name, L1529746:Argumentation)', '(R871346:Assessing Adaptability of Software Architectures for Cyber Physical Production Systems, publication year, L1526260:2019)', '(R873021:Continuous Experimentation for Automotive Software on the Example of a Heavy Commercial Vehicle in Daily Operation, publication year, L1529684:2020)', '(R872702:Safety Analysis Method for Cooperative Driving Systems, publication year, L1529019:2019)', '(R872527:Towards a Reference Architecture for Cloud-Based Plant Genotyping and Phenotyping Analysis Frameworks, publication year, L1528701:2017)', '(R872726:Evaluation Method Entity, Name, L1529067:Motivating Example)', '(R869079:First Research Object 2, evaluation, R869080:Evaluation)', '(R869080:Evaluation, Evaluation method, R869081:Evaluation Method List)', '(R869081:Evaluation Method List, Entity, R869082:Evaluation Method Entity)']","['2019', '2021']",0.3,0.3,0.243,0.498,1.0,1.0,0.3,0.3,0.3,0.3,0.47,0.35,0.4,0.37,0.25,0.8,0.38,0.56,0.42,0.9,0.57,0.73,0.3,0.467,0.25,0.419,0.01,0.22,0.13,0.76,0.06,0.04,0.23,0.16,0.09,0.56,0.418,0.628,0.502,1.0,424.0374186038971,0.0021989999999999996,11885,0,0.0,,0,0.0,,,0.0,0.0,,0.0,0.0,https://wandb.ai/kastel-sdq-meta-research/experiment_cross_encoder/r/call/01a05fa3-eba0-7e04-b115-5779206730e9,retrieval_config,False,KitToolbox,kit.qwen3-embedding-8b,10,10,True,cosine,True,False,10,-1,8,False,False,1,False,-1,-1,False,,['R659055'],['Paper'],True,False,False,kg_retrieval,hublink,kittoolbox_kit.minimax-m2.7-229b_tmpNone_maxt-1_reasoningNone,KitToolbox,kit.minimax-m2.7-229b,,-1,,kittoolbox_kit.minimax-m2.7-229b_tmpNone_maxt-1_reasoningNone,KitToolbox,kit.minimax-m2.7-229b,,-1,,orkg_merged_ecsa_icsa.json_jsonpublicationloader_limit-1,['paper_class'],['research_level'],['first_research_object'],['second_research_object'],['validity'],['evidence'],False,False,R659055,https://sandbox.orkg.org,-1,orkg,merged_ecsa_icsa.json_jsonpublicationloader_limit-1,merged_ecsa_icsa.json,JsonPublicationLoader,-1,,4000,2,generation_kittoolbox_kit.minimax-m2.7-229b_tmpNone_maxt-1_reasoningNone,generation,kittoolbox_kit.minimax-m2.7-229b_tmpNone_maxt-1_reasoningNone,KitToolbox,kit.minimax-m2.7-229b,,-1,,What is the distribution of papers with the evaluation method Argumentation between the publication years 2019 and 2021?,"The distribution of papers with the evaluation method Argumentation between 2019 and 2021 is as follows: In 2019 two papers were published and in 2020 three papers were published. However, in 2021 no paper was published with the evaluation method Argumentation.","['10.1109/ICSA.2019.00019', '10.1109/ICSA.2019.00019', '10.1109/ICSA47634.2020.00026', '10.1109/ICSA47634.2020.00026', '10.1109/ICSA47634.2020.00014', '10.1109/ICSA47634.2020.00014', '10.1007/978-3-030-58923-3_5', '10.1007/978-3-030-58923-3_5', '10.1007/978-3-030-29983-5_10', '10.1007/978-3-030-29983-5_10']",,"['(R871760:Evaluation Method Entity, Name, L1527086:Argumentation)', '(R871726:A Platform Architecture for Multi-Tenant Blockchain-Based Systems, publication year, L1527024:2019)', '(R870821:Evaluation Method Entity, Name, L1525169:Argumentation)', '(R870792:Architectural Patterns for Cross-Domain Personalised Automotive Functions, publication year, L1525115:2020)', '(R869089:Evaluation Method Entity, Name, L1521482:Argumentation)', '(R869051:Unlimited Rulebook: a Reference Architecture for Economy Mechanics in Digital Games, publication year, L1521417:2020)', '(R873061:Evaluation Method Entity, Name, L1529746:Argumentation)', '(R873021:Continuous Experimentation for Automotive Software on the Example of a Heavy Commercial Vehicle in Daily Operation, publication year, L1529684:2020)', '(R871375:Evaluation Method Entity, Name, L1526299:Argumentation)', '(R871346:Assessing Adaptability of Software Architectures for Cyber Physical Production Systems, publication year, L1526260:2019)']",clustering_strategy,R659055,Software Architecture and Design,6,What is the proportion of papers with the evaluation method [Content Data: evaluation method name] between [Metadata: year] and [Metadata: year]?
168,39f0c727f1c36390b5a876e7120bfff1,e744f569-4d61-4ee0-add2-40263ea67ffd,"

**Distribution of papers that used Grounded Theory (2019 – 2021)**  

| Year | Papers (confirmed to use Grounded Theory) | Sources |
|------|--------------------------------------------|---------|
| **2019** | 1. *Guiding Architectural Decision Making on Service Mesh Based Microservice Architectures* – evaluation by Grounded Theory, published 2019. | **[1]** |
|      | 2. *Supporting Architectural Decision Making on Data Management in Microservice Architectures* – evaluation by Grounded Theory, published 2019. | **[4]** |
|      | 3. *How Developers Discuss Architecture Smells? An Exploratory Study on Stack Overflow* – evaluation by Grounded Theory, published 2019. | **[5]** |
| **2020** | – (no papers with a stated year in this range) | — |
| **2021** | – (no papers with a stated year in this range) | — |

**Additional papers identified with Grounded Theory but without a specified year**

- *On Service‑Orientation for Automotive Software* – evaluated using Grounded Theory, year not provided in the text. **[2]**  
- *Assessing Architecture Conformance to Coupling‑Related Patterns and Practices in Microservices* – evaluation linked to Grounded Theory, year not provided. **[3]**  
- *Architectural Technical Debt: A Grounded Theory* – evaluation by Grounded Theory, year not provided. **[6]**

**Summary**  
From the information supplied, at least three distinct papers that used Grounded Theory for their evaluation were published in 2019, while no papers with a confirmed year were noted for 2020 or 2021. The three 2019 papers are identified in sources **[1]**, **[4]**, and **[5]**. The remaining three papers **[2]**, **[3]**, and **[6]** also employ Grounded Theory, but because their publication years are not specified, they cannot be placed within the 2019‑2021 window. Consequently, the observable distribution for the 2019‑2021 interval is **three papers in 2019** and **zero papers in 2020 and 2021**.

[1] Source: Guiding Architectural Decision Making on Service Mesh Based Microservice Architectures, 10.1007/978-3-030-29983-5_1
[2] Source: On Service-Orientation for Automotive Software, 10.1109/ICSA.2017.20
[3] Source: Assessing Architecture Conformance to Coupling-Related Patterns and Practices in Microservices, 10.1007/978-3-030-58923-3_1
[4] Source: Supporting Architectural Decision Making on Data Management in Microservice Architectures, 10.1007/978-3-030-29983-5_2
[5] Source: How Developers Discuss Architecture Smells? An Exploratory Study on Stack Overflow, 10.1109/ICSA.2019.00018
[6] Source: Architectural Technical Debt: A Grounded Theory, 10.1007/978-3-030-58923-3_14
","['(R872627:Evaluation Method Entity, Name, L1528876:Grounded Theory)', '(R868309:First Research Object 2, evaluation, R868310:Evaluation)', '(R868312:Evaluation Method Entity, Name, L1519814:Grounded Theory)', '(R873340:Guiding Architectural Decision Making on Service Mesh Based Microservice Architectures, contribution, R873361:First Research Object 2)', '(R873361:First Research Object 2, evaluation, R873362:Evaluation)', '(R873362:Evaluation, Evaluation method, R873363:Evaluation Method List)', '(R873363:Evaluation Method List, Entity, R873364:Evaluation Method Entity)', '(R873364:Evaluation Method Entity, Name, L1530356:Grounded Theory)', '(R869010:On Service-Orientation for Automotive Software, contribution, R869032:First Research Object 2)', '(R869032:First Research Object 2, evaluation, R869033:Evaluation)', '(R869033:Evaluation, Evaluation method, R869034:Evaluation Method List)', '(R869034:Evaluation Method List, Entity, R869035:Evaluation Method Entity)', '(R869035:Evaluation Method Entity, Name, L1521380:Grounded Theory)', '(R869587:First Research Object 2, evaluation, R869588:Evaluation)', '(R869588:Evaluation, Evaluation method, R869589:Evaluation Method List)', '(R869589:Evaluation Method List, Entity, R869590:Evaluation Method Entity)', '(R869590:Evaluation Method Entity, Name, L1522568:Grounded Theory)', '(R872980:Supporting Architectural Decision Making on Data Management in Microservice Architectures, contribution, R873002:First Research Object 2)', '(R873002:First Research Object 2, evaluation, R873003:Evaluation)', '(R873003:Evaluation, Evaluation method, R873004:Evaluation Method List)', '(R873004:Evaluation Method List, Entity, R873005:Evaluation Method Entity)', '(R873005:Evaluation Method Entity, Name, L1529647:Grounded Theory)', '(R872980:Supporting Architectural Decision Making on Data Management in Microservice Architectures, publication year, L1529596:2019)', '(R873340:Guiding Architectural Decision Making on Service Mesh Based Microservice Architectures, publication year, L1530308:2019)', '(R868290:How Developers Discuss Architecture Smells? An Exploratory Study on Stack Overflow, publication year, L1519766:2019)']","['2019', '2021']",0.3,0.15,0.204,0.361,1.0,1.0,0.3,0.3,0.3,0.3,0.47,0.35,0.4,0.37,0.32,0.8,0.46,0.62,0.48,0.8,0.6,0.71,0.3,0.467,0.32,0.485,0.02,0.17,0.1,0.86,0.1,0.06,0.52,0.16,0.09,0.79,0.361,0.574,0.443,1.0,343.22226452827454,0.0042876,140669,0,0.0,,0,0.0,,,0.0,0.0,,0.0,0.0,https://wandb.ai/kastel-sdq-meta-research/experiment_cross_encoder/r/call/01a05fa4-6d86-7a0c-9c53-e78bfbd39815,retrieval_config,False,KitToolbox,kit.qwen3-embedding-8b,10,10,True,cosine,True,False,10,-1,8,False,False,1,False,-1,-1,False,,['R659055'],['Paper'],True,False,False,kg_retrieval,hublink,kittoolbox_kit.minimax-m2.7-229b_tmpNone_maxt-1_reasoningNone,KitToolbox,kit.minimax-m2.7-229b,,-1,,kittoolbox_kit.minimax-m2.7-229b_tmpNone_maxt-1_reasoningNone,KitToolbox,kit.minimax-m2.7-229b,,-1,,orkg_merged_ecsa_icsa.json_jsonpublicationloader_limit-1,['paper_class'],['research_level'],['first_research_object'],['second_research_object'],['validity'],['evidence'],False,False,R659055,https://sandbox.orkg.org,-1,orkg,merged_ecsa_icsa.json_jsonpublicationloader_limit-1,merged_ecsa_icsa.json,JsonPublicationLoader,-1,,4000,2,generation_kittoolbox_kit.minimax-m2.7-229b_tmpNone_maxt-1_reasoningNone,generation,kittoolbox_kit.minimax-m2.7-229b_tmpNone_maxt-1_reasoningNone,KitToolbox,kit.minimax-m2.7-229b,,-1,,What is the distribution of the papers that used the method Grounded Theory for their evaluation between 2019 and 2021?,"The distribution of papers that used the method Grounded Theory for their evaluation between 2019 and 2021 is: three in 2019, two in 2020, and none in 2021.","['10.1109/ICSA.2019.00018', '10.1109/ICSA.2019.00018', '10.1007/978-3-030-29983-5_1', '10.1007/978-3-030-29983-5_1', '10.1007/978-3-030-58923-3_14', '10.1007/978-3-030-58923-3_14', '10.1007/978-3-030-58923-3_1', '10.1007/978-3-030-58923-3_1', '10.1007/978-3-030-29983-5_2', '10.1007/978-3-030-29983-5_2']",,"['(R868312:Evaluation Method Entity, Name, L1519814:Grounded Theory)', '(R868290:How Developers Discuss Architecture Smells? An Exploratory Study on Stack Overflow, publication year, L1519766:2019)', '(R873364:Evaluation Method Entity, Name, L1530356:Grounded Theory)', '(R873340:Guiding Architectural Decision Making on Service Mesh Based Microservice Architectures, publication year, L1530308:2019)', '(R873005:Evaluation Method Entity, Name, L1529647:Grounded Theory)', '(R872607:Architectural Technical Debt: A Grounded Theory, publication year, L1528844:2020)', '(R869590:Evaluation Method Entity, Name, L1522568:Grounded Theory)', '(R869566:Assessing Architecture Conformance to Coupling-Related Patterns and Practices in Microservices, publication year, L1522519:2020)', '(R872627:Evaluation Method Entity, Name, L1528876:Grounded Theory)', '(R872980:Supporting Architectural Decision Making on Data Management in Microservice Architectures, publication year, L1529596:2019)']",clustering_strategy,R659055,Software Architecture and Design,6,What is the proportion of papers with the evaluation method [Content Data: evaluation method name] between [Metadata: year] and [Metadata: year]?
