,config_hash,uid,generated_answer,extracted_keywords,hit@10_triples,hit@10_entities,map@10_triples,map@10_entities,mrr@10_triples,mrr@10_entities,precision@10_triples,recall@10_triples,f1@10_triples,f2@10_triples,precision@10_entities,recall@10_entities,f1@10_entities,f2@10_entities,precision_triples,recall_triples,f1_triples,f2_triples,precision_entities,recall_entities,f1_entities,f2_entities,exact_match@10_triples,exact_match@10_entities,exact_match_triples,exact_match_entities,bleu_score,rouge_1_f1,rouge_1_precision,rouge_1_recall,rouge_2_f1,rouge_2_precision,rouge_2_recall,rouge_L_f1,rouge_L_precision,rouge_L_recall,instruction_following,runtime,llm_cost,llm_tokens,cpu_count,cpu_energy_consumption,cpu_model,gpu_count,gpu_energy_consumption,gpu_model,os,ram_energy_consumption,total_energy_consumption,timestamp,tracking_duration,emissions,weave_url,pipe_0_name,pipe_0_additional_params_use_topic_if_given,pipe_0_additional_params_embedding_config_endpoint,pipe_0_additional_params_embedding_config_name_model,pipe_0_additional_params_top_paths_to_keep,pipe_0_additional_params_number_of_hubs,pipe_0_additional_params_extract_question_components,pipe_0_additional_params_distance_metric,pipe_0_additional_params_filter_output_context,pipe_0_additional_params_use_source_documents,pipe_0_additional_params_number_of_source_chunks,pipe_0_additional_params_hub_edges,pipe_0_additional_params_max_workers,pipe_0_additional_params_compare_hubs_with_same_hop_amount,pipe_0_additional_params_check_updates_during_retrieval,pipe_0_additional_params_max_level,pipe_0_additional_params_force_index_update,pipe_0_additional_params_max_indexing_depth,pipe_0_additional_params_max_hub_path_length,pipe_0_additional_params_return_source_data_as_context,pipe_0_additional_params_indexing_root_entity_types,pipe_0_additional_params_indexing_root_entity_ids,pipe_0_additional_params_hub_types,pipe_0_additional_params_use_bm25_hybrid_search,pipe_0_additional_params_use_splade_hybrid_search,pipe_0_additional_params_use_cross_encoder,pipe_0_type,pipe_0_retriever_type,pipe_0_index_llm_config_name,pipe_0_index_llm_config_endpoint,pipe_0_index_llm_config_name_model,pipe_0_index_llm_config_temperature,pipe_0_index_llm_config_max_tokens,pipe_0_index_llm_config_reasoning_effort,pipe_0_query_llm_config_name,pipe_0_query_llm_config_endpoint,pipe_0_query_llm_config_name_model,pipe_0_query_llm_config_temperature,pipe_0_query_llm_config_max_tokens,pipe_0_query_llm_config_reasoning_effort,pipe_0_knowledge_graph_config_name,pipe_0_knowledge_graph_config_additional_params_contribution_building_blocks_Paper Class 2,pipe_0_knowledge_graph_config_additional_params_contribution_building_blocks_Research Level 2,pipe_0_knowledge_graph_config_additional_params_contribution_building_blocks_First Research Object 2,pipe_0_knowledge_graph_config_additional_params_contribution_building_blocks_Second Research Object 2,pipe_0_knowledge_graph_config_additional_params_contribution_building_blocks_Validity 2,pipe_0_knowledge_graph_config_additional_params_contribution_building_blocks_Evidence 2,pipe_0_knowledge_graph_config_additional_params_force_cache_update,pipe_0_knowledge_graph_config_additional_params_force_publication_update,pipe_0_knowledge_graph_config_additional_params_subgraph_root_entity_id,pipe_0_knowledge_graph_config_additional_params_orkg_base_url,pipe_0_knowledge_graph_config_additional_params_limit_publications,pipe_0_knowledge_graph_config_graph_type,pipe_0_knowledge_graph_config_dataset_config_name,pipe_0_knowledge_graph_config_dataset_config_file_name,pipe_0_knowledge_graph_config_dataset_config_loader,pipe_0_knowledge_graph_config_dataset_config_loader_limit,pipe_0_knowledge_graph_config_extraction_llm,pipe_0_knowledge_graph_config_extraction_context_size,pipe_0_knowledge_graph_config_extraction_chunk_repetitions,pipe_1_name,pipe_1_type,pipe_1_llm_config_name,pipe_1_llm_config_endpoint,pipe_1_llm_config_name_model,pipe_1_llm_config_temperature,pipe_1_llm_config_max_tokens,pipe_1_llm_config_reasoning_effort,retrieved_context,question,golden_answer,source_ids,golden_doc_chunks,golden_triples,is_generated_with,topic_entity_id,topic_entity_value,hops,based_on_template
0,800d5973d1783ef79636e6d3632d4b8a,b64e49ec-3abc-42b5-9012-60966bcadb3d,No context has been found for the given question.,['Availability-Driven Architectural Change Propagation Through Bidirectional Model Transformations Between UML and Petri Net Models'],0.0,0.0,0.0,0.0,0.0,0.0,0.0,0.0,0.0,0.0,0.0,0.0,0.0,0.0,0.0,0.0,0.0,0.0,0.0,0.0,0.0,0.0,0.0,0.0,0.0,0.0,0.01,0.16,0.33,0.11,0.06,0.12,0.04,0.16,0.33,0.11,0.0,155.39873719215393,0.0,31418,0,0.0,,0,0.0,,,0.0,0.0,,0.0,0.0,https://wandb.ai/kastel-sdq-meta-research/experiment_baseline/r/call/01a05f08-ad54-70d0-9979-c6e7fdacbae4,retrieval_config,False,KitToolbox,kit.qwen3-embedding-8b,10,10,True,cosine,True,False,10,-1,8,False,False,1,False,-1,-1,False,,['R659055'],['Paper'],False,False,False,kg_retrieval,hublink,kittoolbox_kit.minimax-m2.7-229b_tmpNone_maxt-1_reasoningNone,KitToolbox,kit.minimax-m2.7-229b,,-1,,kittoolbox_kit.minimax-m2.7-229b_tmpNone_maxt-1_reasoningNone,KitToolbox,kit.minimax-m2.7-229b,,-1,,orkg_merged_ecsa_icsa.json_jsonpublicationloader_limit-1,['paper_class'],['research_level'],['first_research_object'],['second_research_object'],['validity'],['evidence'],False,False,R659055,https://sandbox.orkg.org,-1,orkg,merged_ecsa_icsa.json_jsonpublicationloader_limit-1,merged_ecsa_icsa.json,JsonPublicationLoader,-1,,4000,2,generation_kittoolbox_kit.minimax-m2.7-229b_tmpNone_maxt-1_reasoningNone,generation,kittoolbox_kit.minimax-m2.7-229b_tmpNone_maxt-1_reasoningNone,KitToolbox,kit.minimax-m2.7-229b,,-1,,,In which venue has the paper with the title 'Availability-Driven Architectural Change Propagation Through Bidirectional Model Transformations Between UML and Petri Net Models' been published?,The paper 'Availability-Driven Architectural Change Propagation Through Bidirectional Model Transformations Between UML and Petri Net Models' has been published at the International Conference on Software Architecture (ICSA).,['10.1109/ICSA.2018.00022'],,"['(R872741:Availability-Driven Architectural Change Propagation Through Bidirectional Model Transformations Between UML and Petri Net Models, venue, R820814:International Conference on Software Architecture (ICSA))']",publication_subgraph_strategy,R659055,Software Architecture and Design,2,In which venue has the paper '[Metadata: paper title]' been published?
1,800d5973d1783ef79636e6d3632d4b8a,84cbf530-3718-49de-83b5-d00037cd1e22,No context has been found for the given question.,['Reducing Development Overheads with a Generic and Model-Centric Architecture for Online Games'],0.0,0.0,0.0,0.0,0.0,0.0,0.0,0.0,0.0,0.0,0.0,0.0,0.0,0.0,0.0,0.0,0.0,0.0,0.0,0.0,0.0,0.0,0.0,0.0,0.0,0.0,0.02,0.23,0.44,0.15,0.06,0.12,0.04,0.17,0.33,0.12,0.0,273.02003145217896,0.0,2207,0,0.0,,0,0.0,,,0.0,0.0,,0.0,0.0,https://wandb.ai/kastel-sdq-meta-research/experiment_baseline/r/call/01a05f08-ad5d-7e67-ab9e-e67d643718c1,retrieval_config,False,KitToolbox,kit.qwen3-embedding-8b,10,10,True,cosine,True,False,10,-1,8,False,False,1,False,-1,-1,False,,['R659055'],['Paper'],False,False,False,kg_retrieval,hublink,kittoolbox_kit.minimax-m2.7-229b_tmpNone_maxt-1_reasoningNone,KitToolbox,kit.minimax-m2.7-229b,,-1,,kittoolbox_kit.minimax-m2.7-229b_tmpNone_maxt-1_reasoningNone,KitToolbox,kit.minimax-m2.7-229b,,-1,,orkg_merged_ecsa_icsa.json_jsonpublicationloader_limit-1,['paper_class'],['research_level'],['first_research_object'],['second_research_object'],['validity'],['evidence'],False,False,R659055,https://sandbox.orkg.org,-1,orkg,merged_ecsa_icsa.json_jsonpublicationloader_limit-1,merged_ecsa_icsa.json,JsonPublicationLoader,-1,,4000,2,generation_kittoolbox_kit.minimax-m2.7-229b_tmpNone_maxt-1_reasoningNone,generation,kittoolbox_kit.minimax-m2.7-229b_tmpNone_maxt-1_reasoningNone,KitToolbox,kit.minimax-m2.7-229b,,-1,,,In which venue has 'Reducing Development Overheads with a Generic and Model-Centric Architecture for Online Games' been published?,The paper 'Reducing Development Overheads with a Generic and Model-Centric Architecture for Online Games' has been published in the International Conference on Software Architecture (ICSA).,['10.1109/ICSA.2018.00011'],,"['(R873993:Reducing Development Overheads with a Generic and Model-Centric Architecture for Online Games, venue, R820814:International Conference on Software Architecture (ICSA))']",publication_subgraph_strategy,R873993,Reducing Development Overheads with a Generic and Model-Centric Architecture for Online Games,1,Where has the paper [Metadata: paper title] been published?
2,800d5973d1783ef79636e6d3632d4b8a,8d3634d4-0fb9-4095-bd2a-11128ad8c2ae,No context has been found for the given question.,['A Quantitative Approach for the Assessment of Microservice Architecture Deployment Alternatives by Automated Performance Testing'],0.0,0.0,0.0,0.0,0.0,0.0,0.0,0.0,0.0,0.0,0.0,0.0,0.0,0.0,0.0,0.0,0.0,0.0,0.0,0.0,0.0,0.0,0.0,0.0,0.0,0.0,0.01,0.1,0.22,0.07,0.05,0.12,0.03,0.1,0.22,0.07,0.0,271.34068274497986,0.0,55057,0,0.0,,0,0.0,,,0.0,0.0,,0.0,0.0,https://wandb.ai/kastel-sdq-meta-research/experiment_baseline/r/call/01a05f08-ad62-7df3-9edb-4d1c315f21fd,retrieval_config,False,KitToolbox,kit.qwen3-embedding-8b,10,10,True,cosine,True,False,10,-1,8,False,False,1,False,-1,-1,False,,['R659055'],['Paper'],False,False,False,kg_retrieval,hublink,kittoolbox_kit.minimax-m2.7-229b_tmpNone_maxt-1_reasoningNone,KitToolbox,kit.minimax-m2.7-229b,,-1,,kittoolbox_kit.minimax-m2.7-229b_tmpNone_maxt-1_reasoningNone,KitToolbox,kit.minimax-m2.7-229b,,-1,,orkg_merged_ecsa_icsa.json_jsonpublicationloader_limit-1,['paper_class'],['research_level'],['first_research_object'],['second_research_object'],['validity'],['evidence'],False,False,R659055,https://sandbox.orkg.org,-1,orkg,merged_ecsa_icsa.json_jsonpublicationloader_limit-1,merged_ecsa_icsa.json,JsonPublicationLoader,-1,,4000,2,generation_kittoolbox_kit.minimax-m2.7-229b_tmpNone_maxt-1_reasoningNone,generation,kittoolbox_kit.minimax-m2.7-229b_tmpNone_maxt-1_reasoningNone,KitToolbox,kit.minimax-m2.7-229b,,-1,,,What is the replication package link of the paper with the title 'A Quantitative Approach for the Assessment of Microservice Architecture Deployment Alternatives by Automated Performance Testing'?,The replication package link of the paper 'A Quantitative Approach for the Assessment of Microservice Architecture Deployment Alternatives by Automated Performance Testing' is https://doi.org/10.5281/zenodo.1256467.,['10.1007/978-3-030-00761-4_11'],,"['(R872379:Evidence 2, Replication Package Link, L1528397:https://doi.org/10.5281/zenodo.1256467)']",clustering_strategy,R659055,Software Architecture and Design,3,What is the replication package link from the paper '[Metadata: paper title]'?
3,800d5973d1783ef79636e6d3632d4b8a,a3aff0f4-e20a-4287-ae4e-27822591bfbc,"

The replication package for **""Trace Link Recovery for Software Architecture Documentation""** is accessible via the following link:

**https://doi.org/10.5281/zenodo.4730621** [1]

[1] Source: Trace Link Recovery for Software Architecture Documentation, 10.1007/978-3-030-86044-8_7
",['Trace Link Recovery for Software Architecture Documentation'],1.0,1.0,1.0,0.5,1.0,1.0,1.0,1.0,1.0,1.0,1.0,1.0,1.0,1.0,1.0,1.0,1.0,1.0,1.0,1.0,1.0,1.0,1.0,1.0,1.0,1.0,0.39,0.85,0.8,0.91,0.67,0.62,0.71,0.77,0.72,0.82,1.0,301.9201645851135,0.0,4859,0,0.0,,0,0.0,,,0.0,0.0,,0.0,0.0,https://wandb.ai/kastel-sdq-meta-research/experiment_baseline/r/call/01a05f08-ad68-7f36-8bc4-75d3b80e4b0b,retrieval_config,False,KitToolbox,kit.qwen3-embedding-8b,10,10,True,cosine,True,False,10,-1,8,False,False,1,False,-1,-1,False,,['R659055'],['Paper'],False,False,False,kg_retrieval,hublink,kittoolbox_kit.minimax-m2.7-229b_tmpNone_maxt-1_reasoningNone,KitToolbox,kit.minimax-m2.7-229b,,-1,,kittoolbox_kit.minimax-m2.7-229b_tmpNone_maxt-1_reasoningNone,KitToolbox,kit.minimax-m2.7-229b,,-1,,orkg_merged_ecsa_icsa.json_jsonpublicationloader_limit-1,['paper_class'],['research_level'],['first_research_object'],['second_research_object'],['validity'],['evidence'],False,False,R659055,https://sandbox.orkg.org,-1,orkg,merged_ecsa_icsa.json_jsonpublicationloader_limit-1,merged_ecsa_icsa.json,JsonPublicationLoader,-1,,4000,2,generation_kittoolbox_kit.minimax-m2.7-229b_tmpNone_maxt-1_reasoningNone,generation,kittoolbox_kit.minimax-m2.7-229b_tmpNone_maxt-1_reasoningNone,KitToolbox,kit.minimax-m2.7-229b,,-1,,"['(R870178:Evidence 2, Replication Package Link, L1523819:https://doi.org/10.5281/zenodo.4730621)']",What is the replication package link of 'Trace Link Recovery for Software Architecture Documentation'?,The replication package link of the paper 'Trace Link Recovery for Software Architecture Documentation' is https://doi.org/10.5281/zenodo.4730621.,['10.1007/978-3-030-86044-8_7'],,"['(R870178:Evidence 2, Replication Package Link, L1523819:https://doi.org/10.5281/zenodo.4730621)']",publication_subgraph_strategy,R870141,Trace Link Recovery for Software Architecture Documentation,2,What is the replication package link from the paper '[Metadata: paper title]'?
4,800d5973d1783ef79636e6d3632d4b8a,f0a73775-fd47-493d-a885-2c6a2cb271a5,No context has been found for the given question.,['A Taxonomy of Blockchain-Based Systems for Architecture Design'],0.0,0.0,0.0,0.0,0.0,0.0,0.0,0.0,0.0,0.0,0.0,0.0,0.0,0.0,0.0,0.0,0.0,0.0,0.0,0.0,0.0,0.0,0.0,0.0,0.0,0.0,0.0,0.1,0.22,0.06,0.0,0.0,0.0,0.05,0.11,0.03,0.0,194.53077602386475,0.0,24832,0,0.0,,0,0.0,,,0.0,0.0,,0.0,0.0,https://wandb.ai/kastel-sdq-meta-research/experiment_baseline/r/call/01a05f0b-1da2-7cb0-a08f-35c41585d11b,retrieval_config,False,KitToolbox,kit.qwen3-embedding-8b,10,10,True,cosine,True,False,10,-1,8,False,False,1,False,-1,-1,False,,['R659055'],['Paper'],False,False,False,kg_retrieval,hublink,kittoolbox_kit.minimax-m2.7-229b_tmpNone_maxt-1_reasoningNone,KitToolbox,kit.minimax-m2.7-229b,,-1,,kittoolbox_kit.minimax-m2.7-229b_tmpNone_maxt-1_reasoningNone,KitToolbox,kit.minimax-m2.7-229b,,-1,,orkg_merged_ecsa_icsa.json_jsonpublicationloader_limit-1,['paper_class'],['research_level'],['first_research_object'],['second_research_object'],['validity'],['evidence'],False,False,R659055,https://sandbox.orkg.org,-1,orkg,merged_ecsa_icsa.json_jsonpublicationloader_limit-1,merged_ecsa_icsa.json,JsonPublicationLoader,-1,,4000,2,generation_kittoolbox_kit.minimax-m2.7-229b_tmpNone_maxt-1_reasoningNone,generation,kittoolbox_kit.minimax-m2.7-229b_tmpNone_maxt-1_reasoningNone,KitToolbox,kit.minimax-m2.7-229b,,-1,,,Who are the authors of the paper with the title 'A Taxonomy of Blockchain-Based Systems for Architecture Design'?,"The authors of the paper 'A Taxonomy of Blockchain-Based Systems for Architecture Design' are Liming Zhu, Jan Bosch, Xiwei Xu, Cesare Pautasso, Len Bass, Ingo Weber, Mark Staples, and Paul Rimba.","['10.1109/ICSA.2017.33', '10.1109/ICSA.2017.33', '10.1109/ICSA.2017.33', '10.1109/ICSA.2017.33', '10.1109/ICSA.2017.33', '10.1109/ICSA.2017.33', '10.1109/ICSA.2017.33', '10.1109/ICSA.2017.33']",,"['(R873702:authors list, has list element, L1531055:Liming Zhu)', '(R873702:authors list, has list element, L1531056:Jan Bosch)', '(R873702:authors list, has list element, L1531052:Xiwei Xu)', '(R873702:authors list, has list element, L1531058:Cesare Pautasso)', '(R873702:authors list, has list element, L1531057:Len Bass)', '(R873702:authors list, has list element, L1531053:Ingo Weber)', '(R873702:authors list, has list element, L1531054:Mark Staples)', '(R873702:authors list, has list element, L1531059:Paul Rimba)']",publication_subgraph_strategy,R873701,A Taxonomy of Blockchain-Based Systems for Architecture Design,2,Who are the authors of the paper '[Metadata: paper title]'?
5,800d5973d1783ef79636e6d3632d4b8a,c33791e7-d9e6-41ae-88c2-65201b5f80e3,No context has been found for the given question.,['Butterfly Space: An Architectural Approach for Investigating Performance Issues'],0.0,0.0,0.0,0.0,0.0,0.0,0.0,0.0,0.0,0.0,0.0,0.0,0.0,0.0,0.0,0.0,0.0,0.0,0.0,0.0,0.0,0.0,0.0,0.0,0.0,0.0,0.0,0.11,0.22,0.07,0.0,0.0,0.0,0.05,0.11,0.04,0.0,573.9742934703827,0.0,46122,0,0.0,,0,0.0,,,0.0,0.0,,0.0,0.0,https://wandb.ai/kastel-sdq-meta-research/experiment_baseline/r/call/01a05f0c-de44-7bfe-9fb5-8ff44db57067,retrieval_config,False,KitToolbox,kit.qwen3-embedding-8b,10,10,True,cosine,True,False,10,-1,8,False,False,1,False,-1,-1,False,,['R659055'],['Paper'],False,False,False,kg_retrieval,hublink,kittoolbox_kit.minimax-m2.7-229b_tmpNone_maxt-1_reasoningNone,KitToolbox,kit.minimax-m2.7-229b,,-1,,kittoolbox_kit.minimax-m2.7-229b_tmpNone_maxt-1_reasoningNone,KitToolbox,kit.minimax-m2.7-229b,,-1,,orkg_merged_ecsa_icsa.json_jsonpublicationloader_limit-1,['paper_class'],['research_level'],['first_research_object'],['second_research_object'],['validity'],['evidence'],False,False,R659055,https://sandbox.orkg.org,-1,orkg,merged_ecsa_icsa.json_jsonpublicationloader_limit-1,merged_ecsa_icsa.json,JsonPublicationLoader,-1,,4000,2,generation_kittoolbox_kit.minimax-m2.7-229b_tmpNone_maxt-1_reasoningNone,generation,kittoolbox_kit.minimax-m2.7-229b_tmpNone_maxt-1_reasoningNone,KitToolbox,kit.minimax-m2.7-229b,,-1,,,Who are the authors of 'Butterfly Space: An Architectural Approach for Investigating Performance Issues'?,"The authors of the paper 'Butterfly Space: An Architectural Approach for Investigating Performance Issues' are Yutong Zhao, Lu Xiao, Zhifei Chen, Yang Liu, Xiao Wang, and Bihuan Chen.","['10.1109/ICSA47634.2020.00027', '10.1109/ICSA47634.2020.00027', '10.1109/ICSA47634.2020.00027', '10.1109/ICSA47634.2020.00027', '10.1109/ICSA47634.2020.00027', '10.1109/ICSA47634.2020.00027']",,"['(R873172:authors list, has list element, L1529962:Yutong Zhao)', '(R873172:authors list, has list element, L1529963:Lu Xiao)', '(R873172:authors list, has list element, L1529965:Zhifei Chen)', '(R873172:authors list, has list element, L1529967:Yang Liu)', '(R873172:authors list, has list element, L1529964:Xiao Wang)', '(R873172:authors list, has list element, L1529966:Bihuan Chen)']",publication_subgraph_strategy,R659055,Software Architecture and Design,3,Who are the authors of the paper '[Metadata: paper title]'?
6,800d5973d1783ef79636e6d3632d4b8a,d76be764-526c-4b59-a8fa-a0239ca9923f,"

Based on the provided partial answers, three papers have research-level secondary research:

1. **""InMap: Automated Interactive Code‑to‑Architecture Mapping Recommendations""** [1] - This paper is classified at Research Level 2, with the primary-research criterion explicitly marked as ""False,"" indicating it represents secondary research.

2. **""Data‑Driven Software Architecture for Analyzing Confidentiality""** [2] - This paper contributes to Second Research Object 2, which is described as a secondary-research-level component within the Research Object Entity ""Architecture Analysis Method.""

3. **""Migrating Towards Microservice Architectures: An Industrial Survey""** [3] - This paper is classified at Research Level 2 and employs secondary research as its methodological approach.

These are the only papers identified in the provided texts with research-level secondary research classifications.

[1] Source: InMap: Automated Interactive Code-to-Architecture Mapping Recommendations, 10.1109/ICSA51549.2021.00024
[2] Source: Data-Driven Software Architecture for Analyzing Confidentiality, 10.1109/ICSA.2019.00009
[3] Source: Migrating Towards Microservice Architectures: An Industrial Survey, 10.1109/ICSA.2018.00012
",[],0.0,0.0,0.0,0.0,0.0,0.0,0.0,0.0,0.0,0.0,0.0,0.0,0.0,0.0,0.0,0.0,0.0,0.0,0.0,0.0,0.0,0.0,0.0,0.0,0.0,0.0,0.01,0.23,0.16,0.45,0.03,0.02,0.05,0.15,0.1,0.29,1.0,347.4337296485901,0.0,6733,0,0.0,,0,0.0,,,0.0,0.0,,0.0,0.0,https://wandb.ai/kastel-sdq-meta-research/experiment_baseline/r/call/01a05f0c-ded1-7d34-9806-6a2d7c6db644,retrieval_config,False,KitToolbox,kit.qwen3-embedding-8b,10,10,True,cosine,True,False,10,-1,8,False,False,1,False,-1,-1,False,,['R659055'],['Paper'],False,False,False,kg_retrieval,hublink,kittoolbox_kit.minimax-m2.7-229b_tmpNone_maxt-1_reasoningNone,KitToolbox,kit.minimax-m2.7-229b,,-1,,kittoolbox_kit.minimax-m2.7-229b_tmpNone_maxt-1_reasoningNone,KitToolbox,kit.minimax-m2.7-229b,,-1,,orkg_merged_ecsa_icsa.json_jsonpublicationloader_limit-1,['paper_class'],['research_level'],['first_research_object'],['second_research_object'],['validity'],['evidence'],False,False,R659055,https://sandbox.orkg.org,-1,orkg,merged_ecsa_icsa.json_jsonpublicationloader_limit-1,merged_ecsa_icsa.json,JsonPublicationLoader,-1,,4000,2,generation_kittoolbox_kit.minimax-m2.7-229b_tmpNone_maxt-1_reasoningNone,generation,kittoolbox_kit.minimax-m2.7-229b_tmpNone_maxt-1_reasoningNone,KitToolbox,kit.minimax-m2.7-229b,,-1,,"['(R873653:Data-Driven Software Architecture for Analyzing Confidentiality, contribution, R873682:Second Research Object 2)', '(R870841:InMap: Automated Interactive Code-to-Architecture Mapping Recommendations, contribution, R2156259:Research Level 2)', '(R2156259:Research Level 2, secondary research, L2809624:False)', '(R870989:Migrating Towards Microservice Architectures: An Industrial Survey, contribution, R2156153:Research Level 2)', '(R2156153:Research Level 2, secondary research, L2809506:False)']",Which papers have the research level secondary research?,"The papers at the secondary research level are: 'Assessing Architecture Conformance to Coupling-Related Patterns and Practices in Microservices', 'Guidelines for Architecting Android Apps: A Mixed-Method Empirical Study', and 'On Interfaces to Support Agile Architecting in Automotive: An Exploratory Case Study'.","['10.1007/978-3-030-58923-3_1', '10.1109/ICSA.2019.00023', '10.1109/ICSA.2019.00025']",,"['(R869586:Research Level 2, secondary research, L1522566:True)', '(R874190:Research Level 2, secondary research, L1532085:True)', '(R868843:Research Level 2, secondary research, L1520979:True)']",clustering_strategy,R659055,Software Architecture and Design,3,Which papers have the research level [Metadata: research level]?
7,800d5973d1783ef79636e6d3632d4b8a,dc7ccc00-4d74-45c7-84fe-34edce2173b7,"

Georg Buchgeher is known to have authored at least one paper in 2017:

- **“Decision Models for Microservices: Design Areas, Stakeholders, Use Cases, and Requirements”** – published in 2017, co‑authored by Georg Buchgeher, presented at the European Conference on Software Architecture (ECSA), DOI 10.1007/978‑3‑319‑65831‑5_11 [1].

The other 2017 publication mentioned in the sources (“On the Capitalization of the Performance Analysis Process for AADL Designs”) does not list Georg Buchgeher as an author [2]. Therefore, based on the provided information, only the microservice‑decision‑models paper can be confirmed as a 2017 work by Georg Buchgeher.

[1] Source: Decision Models for Microservices: Design Areas, Stakeholders, Use Cases, and Requirements, 10.1007/978-3-319-65831-5_11
[2] Source: PARAD Repository: On the Capitalization of the Performance Analysis Process for AADL Designs, 10.1007/978-3-319-65831-5_2
","['Georg Buchgeher', '2017']",1.0,1.0,1.0,0.5,1.0,1.0,1.0,1.0,1.0,1.0,1.0,1.0,1.0,1.0,1.0,1.0,1.0,1.0,1.0,1.0,1.0,1.0,1.0,1.0,1.0,1.0,0.12,0.34,0.21,0.95,0.23,0.14,0.67,0.24,0.15,0.68,1.0,650.9342105388641,0.0,37316,0,0.0,,0,0.0,,,0.0,0.0,,0.0,0.0,https://wandb.ai/kastel-sdq-meta-research/experiment_baseline/r/call/01a05f0d-7bfa-7122-b9f8-dd8a73e906ae,retrieval_config,False,KitToolbox,kit.qwen3-embedding-8b,10,10,True,cosine,True,False,10,-1,8,False,False,1,False,-1,-1,False,,['R659055'],['Paper'],False,False,False,kg_retrieval,hublink,kittoolbox_kit.minimax-m2.7-229b_tmpNone_maxt-1_reasoningNone,KitToolbox,kit.minimax-m2.7-229b,,-1,,kittoolbox_kit.minimax-m2.7-229b_tmpNone_maxt-1_reasoningNone,KitToolbox,kit.minimax-m2.7-229b,,-1,,orkg_merged_ecsa_icsa.json_jsonpublicationloader_limit-1,['paper_class'],['research_level'],['first_research_object'],['second_research_object'],['validity'],['evidence'],False,False,R659055,https://sandbox.orkg.org,-1,orkg,merged_ecsa_icsa.json_jsonpublicationloader_limit-1,merged_ecsa_icsa.json,JsonPublicationLoader,-1,,4000,2,generation_kittoolbox_kit.minimax-m2.7-229b_tmpNone_maxt-1_reasoningNone,generation,kittoolbox_kit.minimax-m2.7-229b_tmpNone_maxt-1_reasoningNone,KitToolbox,kit.minimax-m2.7-229b,,-1,,"['(R869393:authors list, has list element, L1522147:Georg Buchgeher)', '(R869392:Decision Models for Microservices: Design Areas, Stakeholders, Use Cases, and Requirements, publication year, L1522148:2017)']",Which papers did Georg Buchgeher publish in 2017?,"The publication authored by Georg Buchgeher in the year 2017 is 'Decision Models for Microservices: Design Areas, Stakeholders, Use Cases, and Requirements'.","['10.1007/978-3-319-65831-5_11', '10.1007/978-3-319-65831-5_11']",,"['(R869393:authors list, has list element, L1522147:Georg Buchgeher)', '(R869392:Decision Models for Microservices: Design Areas, Stakeholders, Use Cases, and Requirements, publication year, L1522148:2017)']",clustering_strategy,R659055,Software Architecture and Design,3,Which publications have been published by the author [Metadata: author name] in the year [publication year]?
8,800d5973d1783ef79636e6d3632d4b8a,4bbdeb87-29d5-4ea2-9703-9f91b27ee413,"

Johannes Grohmann is listed as an author on at least two papers: “Integrating Statistical Response Time Models in Architectural Performance Models” [1] and “Incremental Calibration of Architectural Performance Models with Parametric Dependencies” [2]. However, the available sources do not provide a total number of papers he has published.

[1] Source: Integrating Statistical Response Time Models in Architectural Performance Models, 10.1109/ICSA.2019.00016
[2] Source: Incremental Calibration of Architectural Performance Models with Parametric Dependencies, 10.1109/ICSA47634.2020.00011
",['Johannes Grohmann'],1.0,1.0,1.0,0.5,1.0,1.0,1.0,1.0,1.0,1.0,1.0,1.0,1.0,1.0,1.0,1.0,1.0,1.0,1.0,1.0,1.0,1.0,1.0,1.0,1.0,1.0,0.02,0.22,0.12,1.0,0.12,0.06,0.6,0.15,0.08,0.67,0.0,505.0173354148865,0.0,5696,0,0.0,,0,0.0,,,0.0,0.0,,0.0,0.0,https://wandb.ai/kastel-sdq-meta-research/experiment_baseline/r/call/01a05f0e-1f97-7a47-9221-478dcbf0f7f5,retrieval_config,False,KitToolbox,kit.qwen3-embedding-8b,10,10,True,cosine,True,False,10,-1,8,False,False,1,False,-1,-1,False,,['R659055'],['Paper'],False,False,False,kg_retrieval,hublink,kittoolbox_kit.minimax-m2.7-229b_tmpNone_maxt-1_reasoningNone,KitToolbox,kit.minimax-m2.7-229b,,-1,,kittoolbox_kit.minimax-m2.7-229b_tmpNone_maxt-1_reasoningNone,KitToolbox,kit.minimax-m2.7-229b,,-1,,orkg_merged_ecsa_icsa.json_jsonpublicationloader_limit-1,['paper_class'],['research_level'],['first_research_object'],['second_research_object'],['validity'],['evidence'],False,False,R659055,https://sandbox.orkg.org,-1,orkg,merged_ecsa_icsa.json_jsonpublicationloader_limit-1,merged_ecsa_icsa.json,JsonPublicationLoader,-1,,4000,2,generation_kittoolbox_kit.minimax-m2.7-229b_tmpNone_maxt-1_reasoningNone,generation,kittoolbox_kit.minimax-m2.7-229b_tmpNone_maxt-1_reasoningNone,KitToolbox,kit.minimax-m2.7-229b,,-1,,"['(R872195:authors list, has list element, L1527978:Johannes Grohmann)', '(R870060:authors list, has list element, L1523562:Johannes Grohmann)']",How many papers have been published by the author Johannes Grohmann?,Johannes Grohmann has published two papers.,"['10.1109/ICSA.2019.00016', '10.1109/ICSA47634.2020.00011']",,"['(R872195:authors list, has list element, L1527978:Johannes Grohmann)', '(R870060:authors list, has list element, L1523562:Johannes Grohmann)']",clustering_strategy,R659055,Software Architecture and Design,3,How many papers have been published by the author [Metadata: author name]?
9,800d5973d1783ef79636e6d3632d4b8a,07c6aa20-9557-4a85-99e2-1948b88b54b5,"

Manar Mazkatli is credited as an author on at least two papers. One of those papers is **“Enabling Consistency between Software Artefacts for Software Adaption and Evolution.”** [1] Another is **“Incremental Calibration of Architectural Performance Models with Parametric Dependencies.”** [2] The available information does not specify any additional publications beyond these two.

[1] Source: Enabling Consistency between Software Artefacts for Software Adaption and Evolution, 10.1109/ICSA51549.2021.00009
[2] Source: Incremental Calibration of Architectural Performance Models with Parametric Dependencies, 10.1109/ICSA47634.2020.00011
",['Manar Mazkatli'],1.0,1.0,0.5,1.0,0.5,1.0,0.5,1.0,0.67,0.83,0.67,1.0,0.8,0.91,0.5,1.0,0.67,0.83,0.67,1.0,0.8,0.91,0.5,0.667,0.5,0.667,0.02,0.14,0.08,0.67,0.07,0.04,0.4,0.14,0.08,0.67,1.0,218.85495734214783,0.0,51735,0,0.0,,0,0.0,,,0.0,0.0,,0.0,0.0,https://wandb.ai/kastel-sdq-meta-research/experiment_baseline/r/call/01a05f15-ad09-74e2-ba43-a90d3803b447,retrieval_config,False,KitToolbox,kit.qwen3-embedding-8b,10,10,True,cosine,True,False,10,-1,8,False,False,1,False,-1,-1,False,,['R659055'],['Paper'],False,False,False,kg_retrieval,hublink,kittoolbox_kit.minimax-m2.7-229b_tmpNone_maxt-1_reasoningNone,KitToolbox,kit.minimax-m2.7-229b,,-1,,kittoolbox_kit.minimax-m2.7-229b_tmpNone_maxt-1_reasoningNone,KitToolbox,kit.minimax-m2.7-229b,,-1,,orkg_merged_ecsa_icsa.json_jsonpublicationloader_limit-1,['paper_class'],['research_level'],['first_research_object'],['second_research_object'],['validity'],['evidence'],False,False,R659055,https://sandbox.orkg.org,-1,orkg,merged_ecsa_icsa.json_jsonpublicationloader_limit-1,merged_ecsa_icsa.json,JsonPublicationLoader,-1,,4000,2,generation_kittoolbox_kit.minimax-m2.7-229b_tmpNone_maxt-1_reasoningNone,generation,kittoolbox_kit.minimax-m2.7-229b_tmpNone_maxt-1_reasoningNone,KitToolbox,kit.minimax-m2.7-229b,,-1,,"['(R868698:Enabling Consistency between Software Artefacts for Software Adaption and Evolution, authors, R868699:authors list)', '(R868699:authors list, has list element, L1520651:Manar Mazkatli)', '(R870059:Incremental Calibration of Architectural Performance Models with Parametric Dependencies, authors, R870060:authors list)', '(R870060:authors list, has list element, L1523560:Manar Mazkatli)']",How many papers did Manar Mazkatli publish?,Manar Mazkatli has published two papers.,"['10.1109/ICSA47634.2020.00011', '10.1109/ICSA51549.2021.00009']",,"['(R870060:authors list, has list element, L1523560:Manar Mazkatli)', '(R868699:authors list, has list element, L1520651:Manar Mazkatli)']",clustering_strategy,R659055,Software Architecture and Design,3,How many publications have been published by the author [Metadata: author name]?
10,800d5973d1783ef79636e6d3632d4b8a,16d1d446-15d3-41b8-8f40-d5da51288aaf,"

The sources identify Ivano Malavolta as an author on at least two papers:  

- **“Migrating Towards Microservice Architectures: An Industrial Survey.”** [1]  
- **“Guidelines for Architecting Android Apps: A Mixed‑Method Empirical Study.”** [2]  

These two references are the only publications mentioned in the provided texts, but they do not give an overall total of how many papers Ivano Malavolta has published.

[1] Source: Migrating Towards Microservice Architectures: An Industrial Survey, 10.1109/ICSA.2018.00012
[2] Source: Guidelines for Architecting Android Apps: A Mixed-Method Empirical Study, 10.1109/ICSA.2019.00023
",['Ivano Malavolta'],1.0,1.0,0.5,1.0,0.5,1.0,0.5,1.0,0.67,0.83,0.67,1.0,0.8,0.91,0.5,1.0,0.67,0.83,0.67,1.0,0.8,0.91,0.5,0.667,0.5,0.667,0.03,0.18,0.1,1.0,0.12,0.07,0.8,0.12,0.07,0.67,0.0,298.17124605178833,0.0,17363,0,0.0,,0,0.0,,,0.0,0.0,,0.0,0.0,https://wandb.ai/kastel-sdq-meta-research/experiment_baseline/r/call/01a05f16-054f-75be-9e3b-1faa9d9b6cc9,retrieval_config,False,KitToolbox,kit.qwen3-embedding-8b,10,10,True,cosine,True,False,10,-1,8,False,False,1,False,-1,-1,False,,['R659055'],['Paper'],False,False,False,kg_retrieval,hublink,kittoolbox_kit.minimax-m2.7-229b_tmpNone_maxt-1_reasoningNone,KitToolbox,kit.minimax-m2.7-229b,,-1,,kittoolbox_kit.minimax-m2.7-229b_tmpNone_maxt-1_reasoningNone,KitToolbox,kit.minimax-m2.7-229b,,-1,,orkg_merged_ecsa_icsa.json_jsonpublicationloader_limit-1,['paper_class'],['research_level'],['first_research_object'],['second_research_object'],['validity'],['evidence'],False,False,R659055,https://sandbox.orkg.org,-1,orkg,merged_ecsa_icsa.json_jsonpublicationloader_limit-1,merged_ecsa_icsa.json,JsonPublicationLoader,-1,,4000,2,generation_kittoolbox_kit.minimax-m2.7-229b_tmpNone_maxt-1_reasoningNone,generation,kittoolbox_kit.minimax-m2.7-229b_tmpNone_maxt-1_reasoningNone,KitToolbox,kit.minimax-m2.7-229b,,-1,,"['(R870989:Migrating Towards Microservice Architectures: An Industrial Survey, authors, R870990:authors list)', '(R870990:authors list, has list element, L1525509:Ivano Malavolta)', '(R874174:Guidelines for Architecting Android Apps: A Mixed-Method Empirical Study, authors, R874175:authors list)', '(R874175:authors list, has list element, L1532033:Ivano Malavolta)']",How many papers have been published by Ivano Malavolta?,Ivano Malavolta has published two papers.,"['10.1109/ICSA.2019.00023', '10.1109/ICSA.2018.00012']",,"['(R874175:authors list, has list element, L1532033:Ivano Malavolta)', '(R870990:authors list, has list element, L1525509:Ivano Malavolta)']",clustering_strategy,R659055,Software Architecture and Design,3,How many publications have been published by the author [Metadata: author name]?
11,800d5973d1783ef79636e6d3632d4b8a,981cc6ea-8a59-4bbd-97ee-aed4e114b747,"

The source material shows that **four distinct papers** are explicitly identified as “personal‑experience papers.”

- **“Preventing Erosion in Exception Handling Design Using Static‑Architecture Conformance Checking”** – classified as a personal‑experience paper [1]  
- **“Enforcing Architectural Security Decisions”** – classified as a personal‑experience paper [3]  
- **“REST vs GraphQL: A Controlled Experiment”** – classified as a personal‑experience paper [4]  
- **“Architectural Concerns for Digital Twin of the Organization”** – classified as a personal‑experience paper [10]

All other partial answers state that **no** paper in the provided contexts belongs to the personal‑experience‑paper class [2][5][6][7][8][9]. Thus, while the evidence is mixed, the total count of papers that are described as personal‑experience papers across the sources is **four**.

[1] Source: Preventing Erosion in Exception Handling Design Using Static-Architecture Conformance Checking, 10.1007/978-3-319-65831-5_5
[2] Source: Two Architectural Threat Analysis Techniques Compared, 10.1007/978-3-030-00761-4_23
[3] Source: Enforcing Architectural Security Decisions, 10.1109/ICSA47634.2020.00012
[4] Source: REST vs GraphQL: A Controlled Experiment, 10.1109/ICSA47634.2020.00016
[5] Source: A Framework for Tunable Anomaly Detection, 10.1109/ICSA.2019.00029
[6] Source: Recovering Architectural Design Decisions, 10.1109/ICSA.2018.00019
[7] Source: ACE: Easy Deployment of Field Optimization Experiments, 10.1007/978-3-030-29983-5_18
[8] Source: Understanding Architecture Decisions in Context, 10.1007/978-3-030-00761-4_19
[9] Source: How Software Architects Focus Their Attention, 10.1007/978-3-030-86044-8_21
[10] Source: Architectural Concerns for Digital Twin of the Organization, 10.1007/978-3-030-58923-3_18
",[],0.0,0.0,0.0,0.0,0.0,0.0,0.0,0.0,0.0,0.0,0.0,0.0,0.0,0.0,0.0,0.0,0.0,0.0,0.0,0.0,0.0,0.0,0.0,0.0,0.0,0.0,0.0,0.12,0.07,0.67,0.05,0.03,0.27,0.12,0.07,0.67,1.0,669.4228212833405,0.0,17846,0,0.0,,0,0.0,,,0.0,0.0,,0.0,0.0,https://wandb.ai/kastel-sdq-meta-research/experiment_baseline/r/call/01a05f17-b1a0-7029-a9d5-a9b9ee68ed4e,retrieval_config,False,KitToolbox,kit.qwen3-embedding-8b,10,10,True,cosine,True,False,10,-1,8,False,False,1,False,-1,-1,False,,['R659055'],['Paper'],False,False,False,kg_retrieval,hublink,kittoolbox_kit.minimax-m2.7-229b_tmpNone_maxt-1_reasoningNone,KitToolbox,kit.minimax-m2.7-229b,,-1,,kittoolbox_kit.minimax-m2.7-229b_tmpNone_maxt-1_reasoningNone,KitToolbox,kit.minimax-m2.7-229b,,-1,,orkg_merged_ecsa_icsa.json_jsonpublicationloader_limit-1,['paper_class'],['research_level'],['first_research_object'],['second_research_object'],['validity'],['evidence'],False,False,R659055,https://sandbox.orkg.org,-1,orkg,merged_ecsa_icsa.json_jsonpublicationloader_limit-1,merged_ecsa_icsa.json,JsonPublicationLoader,-1,,4000,2,generation_kittoolbox_kit.minimax-m2.7-229b_tmpNone_maxt-1_reasoningNone,generation,kittoolbox_kit.minimax-m2.7-229b_tmpNone_maxt-1_reasoningNone,KitToolbox,kit.minimax-m2.7-229b,,-1,,"['(R870560:Preventing Erosion in Exception Handling Design Using Static-Architecture Conformance Checking, contribution, R2156335:Paper Class 2)', '(R2156335:Paper Class 2, personal experience paper, L2809699:False)', '(R869353:Two Architectural Threat Analysis Techniques Compared, contribution, R869372:Paper Class 2)', '(R869372:Paper Class 2, personal experience paper, L1522106:False)', '(R872878:Enforcing Architectural Security Decisions, contribution, R872899:Paper Class 2)', '(R872899:Paper Class 2, personal experience paper, L1529431:False)', '(R870884:REST vs GraphQL: A Controlled Experiment, contribution, R870906:Paper Class 2)', '(R870906:Paper Class 2, personal experience paper, L1525346:False)', '(R868251:A Framework for Tunable Anomaly Detection, contribution, R868270:Paper Class 2)', '(R868270:Paper Class 2, personal experience paper, L1519725:False)', '(R872069:Recovering Architectural Design Decisions, contribution, R872092:Paper Class 2)', '(R872092:Paper Class 2, personal experience paper, L1527769:False)', '(R869486:ACE: Easy Deployment of Field Optimization Experiments, contribution, R869505:Paper Class 2)', '(R869505:Paper Class 2, personal experience paper, L1522388:False)', '(R868629:Paper Class 2, personal experience paper, L1520511:False)', '(R868504:Paper Class 2, personal experience paper, L1520242:False)', '(R869730:Architectural Concerns for Digital Twin of the Organization, contribution, R869751:Paper Class 2)', '(R869751:Paper Class 2, personal experience paper, L1522928:False)', '(R870560:Preventing Erosion in Exception Handling Design Using Static-Architecture Conformance Checking, contribution, R870581:Paper Class 2)']",How many papers have the paper class personal experience paper?,There are two publications that have the paper class personal experience paper.,"['10.1109/ICSA.2018.00016', '10.1109/ICSA.2017.42']",,"['(R872668:Paper Class 2, personal experience paper, L1528957:True)', '(R872566:Paper Class 2, personal experience paper, L1528770:True)']",clustering_strategy,R659055,Software Architecture and Design,3,How many publications have the paper class with the name [Metadata: paper class name]?
12,800d5973d1783ef79636e6d3632d4b8a,992b0b42-af08-47fc-98d7-0e77a41e5b21,"

The texts provided in the six excerpts do **not** mention any paper that is classified as a “personal‑experience” paper. Each excerpt identifies a single paper and explicitly notes that it belongs to **Paper Class 2** (evaluation/validation research) and not to a personal‑experience class. Consequently, the set of papers that have the “personal‑experience” paper class is empty, and there are no papers to rank by publication year. 【1】 【2】 【3】 【4】 【5】 【6】

",[],0.0,0.0,0.0,0.0,0.0,0.0,0.0,0.0,0.0,0.0,0.0,0.0,0.0,0.0,0.0,0.0,0.0,0.0,0.0,0.0,0.0,0.0,0.0,0.0,0.0,0.0,0.03,0.29,0.22,0.4,0.07,0.05,0.1,0.2,0.16,0.28,1.0,623.5098683834076,0.0,66845,0,0.0,,0,0.0,,,0.0,0.0,,0.0,0.0,https://wandb.ai/kastel-sdq-meta-research/experiment_baseline/r/call/01a05f19-2a65-7f71-b999-9ee9cad088b9,retrieval_config,False,KitToolbox,kit.qwen3-embedding-8b,10,10,True,cosine,True,False,10,-1,8,False,False,1,False,-1,-1,False,,['R659055'],['Paper'],False,False,False,kg_retrieval,hublink,kittoolbox_kit.minimax-m2.7-229b_tmpNone_maxt-1_reasoningNone,KitToolbox,kit.minimax-m2.7-229b,,-1,,kittoolbox_kit.minimax-m2.7-229b_tmpNone_maxt-1_reasoningNone,KitToolbox,kit.minimax-m2.7-229b,,-1,,orkg_merged_ecsa_icsa.json_jsonpublicationloader_limit-1,['paper_class'],['research_level'],['first_research_object'],['second_research_object'],['validity'],['evidence'],False,False,R659055,https://sandbox.orkg.org,-1,orkg,merged_ecsa_icsa.json_jsonpublicationloader_limit-1,merged_ecsa_icsa.json,JsonPublicationLoader,-1,,4000,2,generation_kittoolbox_kit.minimax-m2.7-229b_tmpNone_maxt-1_reasoningNone,generation,kittoolbox_kit.minimax-m2.7-229b_tmpNone_maxt-1_reasoningNone,KitToolbox,kit.minimax-m2.7-229b,,-1,,,Which papers have the paper class personal experience paper? Rank the papers in descending order of their publication year.,"The publications with the paper class personal experience, ranked in descending order by publication year, are: 1. Data-Centric Communication and Containerization for Future Automotive Software Architectures (2018); 2. Towards a Reference Architecture for Cloud-Based Plant Genotyping and Phenotyping Analysis Frameworks (2017).","['10.1109/ICSA.2017.42', '10.1109/ICSA.2017.42', '10.1109/ICSA.2018.00016', '10.1109/ICSA.2018.00016']",,"['(R872566:Paper Class 2, personal experience paper, L1528770:True)', '(R872527:Towards a Reference Architecture for Cloud-Based Plant Genotyping and Phenotyping Analysis Frameworks, publication year, L1528701:2017)', '(R872668:Paper Class 2, personal experience paper, L1528957:True)', '(R872636:Data-Centric Communication and Containerization for Future Automotive Software Architectures, publication year, L1528895:2018)']",clustering_strategy,R659055,Software Architecture and Design,3,Which publications have the paper class [Metadata: paper class name] ranked by their publication year?
13,800d5973d1783ef79636e6d3632d4b8a,3cbd7dfe-eb26-4f55-8954-50f3eff9c7cd,"

Only one paper authored by Sten Grüner is identified in the supplied sources:

- **“A Comparison of MQTT Brokers for Distributed IoT Edge Computing”** – this work is listed as a co‑authored paper by Sten Grüner.  

Because the publication year for this paper is not provided, it is not possible to rank it (or any additional papers) by year in descending order. No other papers authored by Sten Grüner were identified in the available sources. [1]

[1] Source: A Comparison of MQTT Brokers for Distributed IoT Edge Computing, 10.1007/978-3-030-58923-3_23
",['Sten Grüner'],0.25,0.375,0.125,0.25,0.5,1.0,0.5,0.25,0.33,0.28,1.0,0.38,0.55,0.43,0.5,0.25,0.33,0.28,1.0,0.38,0.55,0.43,0.5,1.0,0.5,1.0,0.12,0.41,0.31,0.6,0.28,0.21,0.41,0.29,0.22,0.42,0.0,532.2119557857513,0.0,2492,0,0.0,,0,0.0,,,0.0,0.0,,0.0,0.0,https://wandb.ai/kastel-sdq-meta-research/experiment_baseline/r/call/01a05f1a-b9d2-7a13-9aa7-e7f3600b5105,retrieval_config,False,KitToolbox,kit.qwen3-embedding-8b,10,10,True,cosine,True,False,10,-1,8,False,False,1,False,-1,-1,False,,['R659055'],['Paper'],False,False,False,kg_retrieval,hublink,kittoolbox_kit.minimax-m2.7-229b_tmpNone_maxt-1_reasoningNone,KitToolbox,kit.minimax-m2.7-229b,,-1,,kittoolbox_kit.minimax-m2.7-229b_tmpNone_maxt-1_reasoningNone,KitToolbox,kit.minimax-m2.7-229b,,-1,,orkg_merged_ecsa_icsa.json_jsonpublicationloader_limit-1,['paper_class'],['research_level'],['first_research_object'],['second_research_object'],['validity'],['evidence'],False,False,R659055,https://sandbox.orkg.org,-1,orkg,merged_ecsa_icsa.json_jsonpublicationloader_limit-1,merged_ecsa_icsa.json,JsonPublicationLoader,-1,,4000,2,generation_kittoolbox_kit.minimax-m2.7-229b_tmpNone_maxt-1_reasoningNone,generation,kittoolbox_kit.minimax-m2.7-229b_tmpNone_maxt-1_reasoningNone,KitToolbox,kit.minimax-m2.7-229b,,-1,,"['(R873728:A Comparison of MQTT Brokers for Distributed IoT Edge Computing, authors, R873729:authors list)', '(R873729:authors list, has list element, L1531103:Sten Grüner)']",Which papers have been published by the author Sten Grüner ranked in descending order by their publication year?,"The publications by Sten Grüner, ranked in descending order of their publication year, are: 1. A Comparison of MQTT Brokers for Distributed IoT Edge Computing (2020), 2. A Four-Layer Architecture Pattern for Constructing and Managing Digital Twins (2019).","['10.1007/978-3-030-58923-3_23', '10.1007/978-3-030-58923-3_23', '10.1007/978-3-030-29983-5_16', '10.1007/978-3-030-29983-5_16']",,"['(R873729:authors list, has list element, L1531103:Sten Grüner)', '(R873728:A Comparison of MQTT Brokers for Distributed IoT Edge Computing, publication year, L1531105:2020)', '(R870310:authors list, has list element, L1524116:Sten Grüner)', '(R870309:A Four-Layer Architecture Pattern for Constructing and Managing Digital Twins, publication year, L1524119:2019)']",clustering_strategy,R659055,Software Architecture and Design,3,Which publications have been published by the author [Metadata: author name] ranked by their publication year?
14,800d5973d1783ef79636e6d3632d4b8a,01fe69ac-72b2-4a52-84ea-17d03982a4d6,"

**Rogardt Heldal’s publications (ordered by year, descending where the year is known)**  

| # | Paper title | Year (source) |
|---|--------------|----------------|
| 1 | *Improving the Consistency and Usefulness of Architecture Descriptions: Guidelines for Architects* | 2019 [2] |
| 2 | *On Interfaces to Support Agile Architecting in Automotive: An Exploratory Case Study* | Year not provided [1] |
| 3 | *Architectural Assumptions and Their Management in Industry – An Exploratory Study* | Year not provided [3] |

*Only the 2019 paper has a known publication year, so it is placed first. The two other papers are listed after it because their years are not specified in the supplied sources.*

[1] Source: On Interfaces to Support Agile Architecting in Automotive: An Exploratory Case Study, 10.1109/ICSA.2019.00025
[2] Source: Improving the Consistency and Usefulness of Architecture Descriptions: Guidelines for Architects, 10.1109/ICSA.2019.00024
[3] Source: Architectural Assumptions and Their Management in Industry – An Exploratory Study, 10.1007/978-3-319-65831-5_14
",['Rogardt Heldal'],0.5,0.75,0.25,0.7,0.5,1.0,0.43,0.5,0.46,0.48,0.9,0.75,0.82,0.78,0.43,0.5,0.46,0.48,0.9,0.75,0.82,0.78,0.429,0.9,0.429,0.9,0.23,0.65,0.51,0.91,0.49,0.38,0.69,0.38,0.29,0.53,1.0,610.0280020236969,0.0,6561,0,0.0,,0,0.0,,,0.0,0.0,,0.0,0.0,https://wandb.ai/kastel-sdq-meta-research/experiment_baseline/r/call/01a05f22-b68c-72be-9f5d-e405adda93d0,retrieval_config,False,KitToolbox,kit.qwen3-embedding-8b,10,10,True,cosine,True,False,10,-1,8,False,False,1,False,-1,-1,False,,['R659055'],['Paper'],False,False,False,kg_retrieval,hublink,kittoolbox_kit.minimax-m2.7-229b_tmpNone_maxt-1_reasoningNone,KitToolbox,kit.minimax-m2.7-229b,,-1,,kittoolbox_kit.minimax-m2.7-229b_tmpNone_maxt-1_reasoningNone,KitToolbox,kit.minimax-m2.7-229b,,-1,,orkg_merged_ecsa_icsa.json_jsonpublicationloader_limit-1,['paper_class'],['research_level'],['first_research_object'],['second_research_object'],['validity'],['evidence'],False,False,R659055,https://sandbox.orkg.org,-1,orkg,merged_ecsa_icsa.json_jsonpublicationloader_limit-1,merged_ecsa_icsa.json,JsonPublicationLoader,-1,,4000,2,generation_kittoolbox_kit.minimax-m2.7-229b_tmpNone_maxt-1_reasoningNone,generation,kittoolbox_kit.minimax-m2.7-229b_tmpNone_maxt-1_reasoningNone,KitToolbox,kit.minimax-m2.7-229b,,-1,,"['(R868823:On Interfaces to Support Agile Architecting in Automotive: An Exploratory Case Study, authors, R868824:authors list)', '(R868824:authors list, has list element, L1520928:Rogardt Heldal)', '(R873599:Improving the Consistency and Usefulness of Architecture Descriptions: Guidelines for Architects, authors, R873600:authors list)', '(R873600:authors list, has list element, L1530832:Rogardt Heldal)', '(R868651:Architectural Assumptions and Their Management in Industry – An Exploratory Study, authors, R868652:authors list)', '(R868652:authors list, has list element, L1520560:Rogardt Heldal)', '(R873599:Improving the Consistency and Usefulness of Architecture Descriptions: Guidelines for Architects, doi, L1530828:10.1109/ICSA.2019.00024)']",Which papers did Rogardt Heldal publish? Rank them in descending order by their year of publication.,"The papers that Rogardt Heldal published, ranked in descending order of publication year, are: 1. On Interfaces to Support Agile Architecting in Automotive: An Exploratory Case Study (2019), 2. Improving the Consistency and Usefulness of Architecture Descriptions: Guidelines for Architects (2019), 3. Architectural Assumptions and Their Management in Industry - An Exploratory Study (2017)","['10.1109/ICSA.2019.00025', '10.1109/ICSA.2019.00025', '10.1109/ICSA.2019.00024', '10.1109/ICSA.2019.00024', '10.1007/978-3-319-65831-5_14', '10.1007/978-3-319-65831-5_14']",,"['(R868824:authors list, has list element, L1520928:Rogardt Heldal)', '(R868823:On Interfaces to Support Agile Architecting in Automotive: An Exploratory Case Study, publication year, L1520929:2019)', '(R873600:authors list, has list element, L1530832:Rogardt Heldal)', '(R873599:Improving the Consistency and Usefulness of Architecture Descriptions: Guidelines for Architects, publication year, L1530833:2019)', '(R868652:authors list, has list element, L1520560:Rogardt Heldal)', '(R868651:Architectural Assumptions and Their Management in Industry – An Exploratory Study, publication year, L1520562:2017)']",clustering_strategy,R659055,Software Architecture and Design,3,Which publications have been published by the author [Metadata: author name] ranked by their publication year?
15,800d5973d1783ef79636e6d3632d4b8a,87b16758-5838-4e37-8b9a-67357acaff0b,"

The only paper authored by Federico Giaimo that is mentioned in the provided texts is *Design Criteria to Architect Continuous Experimentation for Self‑Driving Vehicles* [1]. Since no publication year (or any other works by Federico Giaimo) is given, it is not possible to rank his papers in descending order of publishing year.

[1] Source: Design Criteria to Architect Continuous Experimentation for Self-Driving Vehicles, 10.1109/ICSA.2017.36
",['Federico Giaimo'],0.25,0.25,0.25,0.125,1.0,1.0,1.0,0.25,0.4,0.29,1.0,0.25,0.4,0.29,1.0,0.25,0.4,0.29,1.0,0.25,0.4,0.29,1.0,1.0,1.0,1.0,0.15,0.53,0.49,0.57,0.29,0.27,0.31,0.32,0.3,0.35,0.0,455.50146865844727,0.0,88821,0,0.0,,0,0.0,,,0.0,0.0,,0.0,0.0,https://wandb.ai/kastel-sdq-meta-research/experiment_baseline/r/call/01a05f23-0529-7cb3-b733-8f19a648cc79,retrieval_config,False,KitToolbox,kit.qwen3-embedding-8b,10,10,True,cosine,True,False,10,-1,8,False,False,1,False,-1,-1,False,,['R659055'],['Paper'],False,False,False,kg_retrieval,hublink,kittoolbox_kit.minimax-m2.7-229b_tmpNone_maxt-1_reasoningNone,KitToolbox,kit.minimax-m2.7-229b,,-1,,kittoolbox_kit.minimax-m2.7-229b_tmpNone_maxt-1_reasoningNone,KitToolbox,kit.minimax-m2.7-229b,,-1,,orkg_merged_ecsa_icsa.json_jsonpublicationloader_limit-1,['paper_class'],['research_level'],['first_research_object'],['second_research_object'],['validity'],['evidence'],False,False,R659055,https://sandbox.orkg.org,-1,orkg,merged_ecsa_icsa.json_jsonpublicationloader_limit-1,merged_ecsa_icsa.json,JsonPublicationLoader,-1,,4000,2,generation_kittoolbox_kit.minimax-m2.7-229b_tmpNone_maxt-1_reasoningNone,generation,kittoolbox_kit.minimax-m2.7-229b_tmpNone_maxt-1_reasoningNone,KitToolbox,kit.minimax-m2.7-229b,,-1,,"['(R870271:authors list, has list element, L1524033:Federico Giaimo)']",Rank the papers that have been published by Federico Giaimo in descending order of their publishing year.,"The papers that Federico Giaimo published, ranked in descending order of their publication year, are: 1. 'Continuous Experimentation for Automotive Software on the Example of a Heavy Commercial Vehicle in Daily Operation' (2020), and 2. 'Design Criteria to Architect Continuous Experimentation for Self-Driving Vehicles' (2017).","['10.1109/ICSA.2017.36', '10.1109/ICSA.2017.36', '10.1007/978-3-030-58923-3_5', '10.1007/978-3-030-58923-3_5']",,"['(R870271:authors list, has list element, L1524033:Federico Giaimo)', '(R870270:Design Criteria to Architect Continuous Experimentation for Self-Driving Vehicles, publication year, L1524035:2017)', '(R873022:authors list, has list element, L1529682:Federico Giaimo)', '(R873021:Continuous Experimentation for Automotive Software on the Example of a Heavy Commercial Vehicle in Daily Operation, publication year, L1529684:2020)']",clustering_strategy,R659055,Software Architecture and Design,3,Which publications have been published by the author [Metadata: author name] ranked by their publication year?
16,800d5973d1783ef79636e6d3632d4b8a,ce7c8800-8719-4a5d-ad70-0750c6497852,"

Based on the provided partial answer [1], I can only determine the publication year of one of the two papers mentioned in your question:

The paper titled **""Designing Robust Software Systems through Parametric Markov Chain Synthesis""** was published in **2017** (presented at ICSA with DOI 10.1109/ICSA.2017.16).

However, the partial answer [1] explicitly states that **no information about the publication year of the paper ""Continuous Architecture: Towards the Goldilocks Zone and Away from Vicious Circles"" is given** in the provided texts.

Therefore, I cannot provide a complete comparison of the publication years between these two papers based on the information available. Additional source information would be needed to determine when ""Continuous Architecture: Towards the Goldilocks Zone and Away from Vicious Circles"" was published.

[1] Source: Designing Robust Software Systems through Parametric Markov Chain Synthesis, 10.1109/ICSA.2017.16
","['Continuous Architecture: Towards the Goldilocks Zone and Away from Vicious Circles', 'Designing Robust Software Systems through Parametric Markov Chain Synthesis']",0.0,0.25,0.0,0.25,0.0,1.0,0.0,0.0,0.0,0.0,0.5,0.25,0.33,0.28,0.0,0.0,0.0,0.0,0.5,0.25,0.33,0.28,0.0,0.5,0.0,0.5,0.14,0.44,0.3,0.81,0.35,0.24,0.65,0.29,0.2,0.53,0.0,457.99273228645325,0.0,7944,0,0.0,,0,0.0,,,0.0,0.0,,0.0,0.0,https://wandb.ai/kastel-sdq-meta-research/experiment_baseline/r/call/01a05f23-6a24-7c7b-9c31-2d572a26a237,retrieval_config,False,KitToolbox,kit.qwen3-embedding-8b,10,10,True,cosine,True,False,10,-1,8,False,False,1,False,-1,-1,False,,['R659055'],['Paper'],False,False,False,kg_retrieval,hublink,kittoolbox_kit.minimax-m2.7-229b_tmpNone_maxt-1_reasoningNone,KitToolbox,kit.minimax-m2.7-229b,,-1,,kittoolbox_kit.minimax-m2.7-229b_tmpNone_maxt-1_reasoningNone,KitToolbox,kit.minimax-m2.7-229b,,-1,,orkg_merged_ecsa_icsa.json_jsonpublicationloader_limit-1,['paper_class'],['research_level'],['first_research_object'],['second_research_object'],['validity'],['evidence'],False,False,R659055,https://sandbox.orkg.org,-1,orkg,merged_ecsa_icsa.json_jsonpublicationloader_limit-1,merged_ecsa_icsa.json,JsonPublicationLoader,-1,,4000,2,generation_kittoolbox_kit.minimax-m2.7-229b_tmpNone_maxt-1_reasoningNone,generation,kittoolbox_kit.minimax-m2.7-229b_tmpNone_maxt-1_reasoningNone,KitToolbox,kit.minimax-m2.7-229b,,-1,,"['(R868403:Designing Robust Software Systems through Parametric Markov Chain Synthesis, doi, L1520018:10.1109/ICSA.2017.16)']",In which publication year was the paper with the title 'Continuous Architecture: Towards the Goldilocks Zone and Away from Vicious Circles' published in comparison to the publication year of the paper with the title 'Designing Robust Software Systems through Parametric Markov Chain Synthesis'?,"The publication year of the paper with the title 'Continuous Architecture: Towards the Goldilocks Zone and Away from Vicious Circles' is 2019, which is later than the publication year of the paper with the title 'Designing Robust Software Systems through Parametric Markov Chain Synthesis', which is 2017.","['10.1109/ICSA.2019.00022', '10.1109/ICSA.2017.16']",,"['(R873775:Continuous Architecture: Towards the Goldilocks Zone and Away from Vicious Circles, publication year, L1531203:2019)', '(R868403:Designing Robust Software Systems through Parametric Markov Chain Synthesis, publication year, L1520024:2017)']",publication_subgraph_strategy,R659055,Software Architecture and Design,2,"In which publication year has the paper with the title '[paper title 1]' been published, in comparison to the publication year of the paper with the title '[paper title 2]'?"
17,800d5973d1783ef79636e6d3632d4b8a,219afd37-7947-4be8-8bf7-df981548c15d,"

Based on the provided partial answer [1], the exact publication year of ""Determination and Enforcement of Least-Privilege Architecture in Android"" cannot be determined from the given information. The text indicates that while the paper was presented at the International Conference on Software Architecture (ICSA) with authors including Mahmoud Hammad and Sam Malek, no specific year is provided in the sources.

Consequently, a direct chronological comparison between ""Determination and Enforcement of Least-Privilege Architecture in Android"" and ""Automated Microservice Identification in Legacy Systems with Functional and Non-Functional Metrics"" cannot be made based on the available information.

**Source:** [1]

[1] Source: Determination and Enforcement of Least-Privilege Architecture in Android, 10.1109/ICSA.2017.18
","['Determination and Enforcement of Least-Privilege Architecture in Android', 'Automated Microservice Identification in Legacy Systems with Functional and Non-Functional Metrics']",0.0,0.0,0.0,0.0,0.0,0.0,0.0,0.0,0.0,0.0,0.0,0.0,0.0,0.0,0.0,0.0,0.0,0.0,0.0,0.0,0.0,0.0,0.0,0.0,0.0,0.0,0.11,0.41,0.27,0.84,0.29,0.19,0.61,0.38,0.25,0.78,0.0,116.73880505561829,0.0,56387,0,0.0,,0,0.0,,,0.0,0.0,,0.0,0.0,https://wandb.ai/kastel-sdq-meta-research/experiment_baseline/r/call/01a05f2a-1dac-7c10-a8c4-c716107c5bd2,retrieval_config,False,KitToolbox,kit.qwen3-embedding-8b,10,10,True,cosine,True,False,10,-1,8,False,False,1,False,-1,-1,False,,['R659055'],['Paper'],False,False,False,kg_retrieval,hublink,kittoolbox_kit.minimax-m2.7-229b_tmpNone_maxt-1_reasoningNone,KitToolbox,kit.minimax-m2.7-229b,,-1,,kittoolbox_kit.minimax-m2.7-229b_tmpNone_maxt-1_reasoningNone,KitToolbox,kit.minimax-m2.7-229b,,-1,,orkg_merged_ecsa_icsa.json_jsonpublicationloader_limit-1,['paper_class'],['research_level'],['first_research_object'],['second_research_object'],['validity'],['evidence'],False,False,R659055,https://sandbox.orkg.org,-1,orkg,merged_ecsa_icsa.json_jsonpublicationloader_limit-1,merged_ecsa_icsa.json,JsonPublicationLoader,-1,,4000,2,generation_kittoolbox_kit.minimax-m2.7-229b_tmpNone_maxt-1_reasoningNone,generation,kittoolbox_kit.minimax-m2.7-229b_tmpNone_maxt-1_reasoningNone,KitToolbox,kit.minimax-m2.7-229b,,-1,,,In which year was 'Determination and Enforcement of Least-Privilege Architecture in Android' published in comparison to 'Automated Microservice Identification in Legacy Systems with Functional and Non-Functional Metrics'?,"The publication 'Determination and Enforcement of Least-Privilege Architecture in Android' was published in 2017, while 'Automated Microservice Identification in Legacy Systems with Functional and Non-Functional Metrics' was published in 2020.","['10.1109/ICSA.2017.18', '10.1109/ICSA47634.2020.00021']",,"['(R871264:Determination and Enforcement of Least-Privilege Architecture in Android, publication year, L1526084:2017)', '(R868446:Automated Microservice Identification in Legacy Systems with Functional and Non-Functional Metrics, publication year, L1520119:2020)']",publication_subgraph_strategy,R659055,Software Architecture and Design,2,In what publication year has the publication '[paper title 1]' been published in comparison to the publication '[paper title 2]'?
18,800d5973d1783ef79636e6d3632d4b8a,19c70b51-0afb-419b-aec8-08f8358f5e89,"

The source material provides the following information for the two titles you asked about:

- **“Continuous Integration Impediments in Large‑Scale Industry Projects”**  
  - **Research field:** Software Architecture and Design.  
  - **Contribution type:** Evidence 2 (uses tool support).  
  - **Validity classification:** Validity 2, which is classified under Threats to Validity. The paper addresses the following threat‑to‑validity dimensions (all marked true except where noted):  
    - External validity – True  
    - Internal validity – True  
    - Construct validity – True  
    - Repeatability – False (not repeatable)  
    - Confirmability – False (not confirmable)  

  This description indicates that the paper is an empirical contribution within the Software Architecture and Design domain, focusing on evidence‑based findings and discussing their validity limitations. No explicit “Paper Class” label is given for this entry in the provided texts【1】.

- **“An Architecture Framework for Modelling and Simulation of Situational‑Aware Cyber‑Physical Systems”**  
  - The supplied texts do not contain any information about the paper class, research field, contribution type, or validity classification for this title. Consequently, its paper class cannot be determined from the available sources【2】.

**Comparison:**  
The first paper is characterized by its empirical nature (Evidence 2) and a specific set of validity concerns, while the second paper lacks any such classification in the provided material, making a direct comparison of their “paper classes” impossible based on the current sources.

","['Continuous Integration Impediments in Large-Scale Industry Projects', 'An Architecture Framework for Modelling and Simulation of Situational-Aware Cyber-Physical Systems']",0.0,0.0,0.0,0.0,0.0,0.0,0.0,0.0,0.0,0.0,0.0,0.0,0.0,0.0,0.0,0.0,0.0,0.0,0.0,0.0,0.0,0.0,0.0,0.0,0.0,0.0,0.04,0.35,0.22,0.85,0.2,0.12,0.48,0.25,0.16,0.62,0.0,231.51906275749207,0.0,24492,0,0.0,,0,0.0,,,0.0,0.0,,0.0,0.0,https://wandb.ai/kastel-sdq-meta-research/experiment_baseline/r/call/01a05f2a-9475-7b1d-92bd-2824b0119eb6,retrieval_config,False,KitToolbox,kit.qwen3-embedding-8b,10,10,True,cosine,True,False,10,-1,8,False,False,1,False,-1,-1,False,,['R659055'],['Paper'],False,False,False,kg_retrieval,hublink,kittoolbox_kit.minimax-m2.7-229b_tmpNone_maxt-1_reasoningNone,KitToolbox,kit.minimax-m2.7-229b,,-1,,kittoolbox_kit.minimax-m2.7-229b_tmpNone_maxt-1_reasoningNone,KitToolbox,kit.minimax-m2.7-229b,,-1,,orkg_merged_ecsa_icsa.json_jsonpublicationloader_limit-1,['paper_class'],['research_level'],['first_research_object'],['second_research_object'],['validity'],['evidence'],False,False,R659055,https://sandbox.orkg.org,-1,orkg,merged_ecsa_icsa.json_jsonpublicationloader_limit-1,merged_ecsa_icsa.json,JsonPublicationLoader,-1,,4000,2,generation_kittoolbox_kit.minimax-m2.7-229b_tmpNone_maxt-1_reasoningNone,generation,kittoolbox_kit.minimax-m2.7-229b_tmpNone_maxt-1_reasoningNone,KitToolbox,kit.minimax-m2.7-229b,,-1,,"['(R868569:Continuous Integration Impediments in Large-Scale Industry Projects, research field, R659055:Software Architecture and Design)', '(R874483:CAPS: Architecture Description of Situational Aware Cyber Physical Systems, contribution, R874500:Paper Class 2)', '(R874500:Paper Class 2, evaluation research, L1532745:False)', '(R868569:Continuous Integration Impediments in Large-Scale Industry Projects, contribution, R868598:Evidence 2)', '(R868598:Evidence 2, Uses Tool Support, R868600:Tool Support)', '(R868569:Continuous Integration Impediments in Large-Scale Industry Projects, contribution, R868601:Validity 2)', '(R868601:Validity 2, Threats To Validity, R868602:Threat to Validity)', '(R868602:Threat to Validity, repeatability, L1520442:False)', '(R868602:Threat to Validity, external validity, L1520444:True)', '(R868602:Threat to Validity, internal validity, L1520443:True)', '(R868602:Threat to Validity, confirmability, L1520445:False)', '(R868602:Threat to Validity, construct validity, L1520441:True)']",What is the paper class of the paper with the title 'Continuous Integration Impediments in Large-Scale Industry Projects' in comparison to the paper with the title 'An Architecture Framework for Modelling and Simulation of Situational-Aware Cyber-Physical Systems'?,"The paper class of the paper with the title 'Continuous Integration Impediments in Large-Scale Industry Projects' in comparison to the paper with the title 'An Architecture Framework for Modelling and Simulation of Situational-Aware Cyber-Physical Systems' is that the former is classified as evaluation research, while the latter is classified as validation research.","['10.1109/ICSA.2017.11', '10.1007/978-3-319-65831-5_7']",,"['(R868588:Paper Class 2, evaluation research, L1520426:True)', '(R868908:Paper Class 2, validation research, L1521107:True)']",publication_subgraph_strategy,R659055,Software Architecture and Design,3,What is the paper class of the paper '[paper title 1]' in comparison to the publication '[paper title 2]'?
19,800d5973d1783ef79636e6d3632d4b8a,e2fb3908-3e84-4eb2-9ee4-2e9863c8aceb,No context has been found for the given question.,"['Supporting Architectural Decision Making on Data Management in Microservice Architectures', 'An Architecture for Decentralized, Collaborative, and Autonomous Robots']",0.0,0.0,0.0,0.0,0.0,0.0,0.0,0.0,0.0,0.0,0.0,0.0,0.0,0.0,0.0,0.0,0.0,0.0,0.0,0.0,0.0,0.0,0.0,0.0,0.0,0.0,0.0,0.1,0.22,0.06,0.0,0.0,0.0,0.05,0.11,0.03,0.0,114.47818875312805,0.0,7047,0,0.0,,0,0.0,,,0.0,0.0,,0.0,0.0,https://wandb.ai/kastel-sdq-meta-research/experiment_baseline/r/call/01a05f2b-ef7e-7a95-911d-fce7fcecea64,retrieval_config,False,KitToolbox,kit.qwen3-embedding-8b,10,10,True,cosine,True,False,10,-1,8,False,False,1,False,-1,-1,False,,['R659055'],['Paper'],False,False,False,kg_retrieval,hublink,kittoolbox_kit.minimax-m2.7-229b_tmpNone_maxt-1_reasoningNone,KitToolbox,kit.minimax-m2.7-229b,,-1,,kittoolbox_kit.minimax-m2.7-229b_tmpNone_maxt-1_reasoningNone,KitToolbox,kit.minimax-m2.7-229b,,-1,,orkg_merged_ecsa_icsa.json_jsonpublicationloader_limit-1,['paper_class'],['research_level'],['first_research_object'],['second_research_object'],['validity'],['evidence'],False,False,R659055,https://sandbox.orkg.org,-1,orkg,merged_ecsa_icsa.json_jsonpublicationloader_limit-1,merged_ecsa_icsa.json,JsonPublicationLoader,-1,,4000,2,generation_kittoolbox_kit.minimax-m2.7-229b_tmpNone_maxt-1_reasoningNone,generation,kittoolbox_kit.minimax-m2.7-229b_tmpNone_maxt-1_reasoningNone,KitToolbox,kit.minimax-m2.7-229b,,-1,,,"Which paper class does 'Supporting Architectural Decision Making on Data Management in Microservice Architectures' belong to compared to 'An Architecture for Decentralized, Collaborative, and Autonomous Robots'?","The paper class that 'Supporting Architectural Decision Making on Data Management in Microservice Architectures' belongs to compared to 'An Architecture for Decentralized, Collaborative, and Autonomous Robots' is evaluation research for both papers.","['10.1007/978-3-030-29983-5_2', '10.1109/ICSA.2018.00017']",,"['(R871552:Paper Class 2, evaluation research, L1526664:True)', '(R873000:Paper Class 2, evaluation research, L1529644:True)']",publication_subgraph_strategy,R659055,Software Architecture and Design,3,What is the paper class of the paper '[paper title 1]' in comparison to the publication '[paper title 2]'?
20,800d5973d1783ef79636e6d3632d4b8a,f8065845-5047-47df-8dd4-ccebdf902dee,"

Konstantinos Plakidas authored at least three papers according to the sources.  

* **2019** – one paper, “Supporting Architectural Decision Making on Data Management in Microservice Architectures” [3].  
* **2020** – one paper, “Assessing Architecture Conformance to Coupling‑Related Patterns and Practices in Microservices” [1].  
* **Year not specified** – “Semi‑automatic Feedback for Improving Architecture Conformance to Microservice Patterns and Practices” is listed as one of his publications, but no publication year is given in the texts [2].

Thus, from the available information the known per‑year publication counts are one paper in 2019 and one paper in 2020; the year for the third paper cannot be determined.

[1] Source: Assessing Architecture Conformance to Coupling-Related Patterns and Practices in Microservices, 10.1007/978-3-030-58923-3_1
[2] Source: Semi-automatic Feedback for Improving Architecture Conformance to Microservice Patterns and Practices, 10.1109/ICSA51549.2021.00012
[3] Source: Supporting Architectural Decision Making on Data Management in Microservice Architectures, 10.1007/978-3-030-29983-5_2
",['Konstantinos Plakidas'],0.667,0.667,0.378,0.6,0.5,1.0,0.67,0.67,0.67,0.67,1.0,0.67,0.8,0.71,0.67,0.67,0.67,0.67,1.0,0.67,0.8,0.71,0.667,1.0,0.667,1.0,0.06,0.37,0.24,0.83,0.19,0.12,0.43,0.21,0.14,0.48,1.0,203.16838550567627,0.0,20608,0,0.0,,0,0.0,,,0.0,0.0,,0.0,0.0,https://wandb.ai/kastel-sdq-meta-research/experiment_baseline/r/call/01a05f2c-3b8b-7d30-8bea-47a4eafd8796,retrieval_config,False,KitToolbox,kit.qwen3-embedding-8b,10,10,True,cosine,True,False,10,-1,8,False,False,1,False,-1,-1,False,,['R659055'],['Paper'],False,False,False,kg_retrieval,hublink,kittoolbox_kit.minimax-m2.7-229b_tmpNone_maxt-1_reasoningNone,KitToolbox,kit.minimax-m2.7-229b,,-1,,kittoolbox_kit.minimax-m2.7-229b_tmpNone_maxt-1_reasoningNone,KitToolbox,kit.minimax-m2.7-229b,,-1,,orkg_merged_ecsa_icsa.json_jsonpublicationloader_limit-1,['paper_class'],['research_level'],['first_research_object'],['second_research_object'],['validity'],['evidence'],False,False,R659055,https://sandbox.orkg.org,-1,orkg,merged_ecsa_icsa.json_jsonpublicationloader_limit-1,merged_ecsa_icsa.json,JsonPublicationLoader,-1,,4000,2,generation_kittoolbox_kit.minimax-m2.7-229b_tmpNone_maxt-1_reasoningNone,generation,kittoolbox_kit.minimax-m2.7-229b_tmpNone_maxt-1_reasoningNone,KitToolbox,kit.minimax-m2.7-229b,,-1,,"['(R869566:Assessing Architecture Conformance to Coupling-Related Patterns and Practices in Microservices, authors, R869567:authors list)', '(R869567:authors list, has list element, L1522516:Konstantinos Plakidas)', '(R872980:Supporting Architectural Decision Making on Data Management in Microservice Architectures, authors, R872981:authors list)', '(R872981:authors list, has list element, L1529592:Konstantinos Plakidas)', '(R872980:Supporting Architectural Decision Making on Data Management in Microservice Architectures, publication year, L1529596:2019)', '(R869566:Assessing Architecture Conformance to Coupling-Related Patterns and Practices in Microservices, publication year, L1522519:2020)']",How many papers did the author Konstantinos Plakidas publish per publication year?,"The number of papers that the author Konstantinos Plakidas published per publication year is as follows: one paper in 2019, one paper in 2020, and one paper in 2021.","['10.1109/ICSA51549.2021.00012', '10.1109/ICSA51549.2021.00012', '10.1007/978-3-030-58923-3_1', '10.1007/978-3-030-58923-3_1', '10.1007/978-3-030-29983-5_2', '10.1007/978-3-030-29983-5_2']",,"['(R869265:authors list, has list element, L1521867:Konstantinos Plakidas)', '(R869264:Semi-automatic Feedback for Improving Architecture Conformance to Microservice Patterns and Practices, publication year, L1521869:2021)', '(R869567:authors list, has list element, L1522516:Konstantinos Plakidas)', '(R869566:Assessing Architecture Conformance to Coupling-Related Patterns and Practices in Microservices, publication year, L1522519:2020)', '(R872981:authors list, has list element, L1529592:Konstantinos Plakidas)', '(R872980:Supporting Architectural Decision Making on Data Management in Microservice Architectures, publication year, L1529596:2019)']",clustering_strategy,R659055,Software Architecture and Design,3,How many papers did the author [Metadata: author name] publish per year?
21,800d5973d1783ef79636e6d3632d4b8a,d224932d-81c2-4c31-a4d5-3a024699200c,"

Yutong Zhao has authored **three** papers in the material that was examined. Their distribution by year is:

| Year | Number of papers | Paper(s) |
|------|------------------|----------|
| 2020 | 2 | • *DesignDiff: Continuously Modeling Software Design Difference from Code Revisions* [2]  <br>• *Butterfly Space: An Architectural Approach for Investigating Performance Issues* [3] |
| 2021 | 1 | • *Constructing a Shared Infrastructure for Software Architecture Analysis and Maintenance* [1] |

**Total papers:** 3 (2 in 2020, 1 in 2021)

[1] Source: Constructing a Shared Infrastructure for Software Architecture Analysis and Maintenance, 10.1109/ICSA51549.2021.00022
[2] Source: DesignDiff: Continuously Modeling Software Design Difference from Code Revisions, 10.1109/ICSA47634.2020.00025
[3] Source: Butterfly Space: An Architectural Approach for Investigating Performance Issues, 10.1109/ICSA47634.2020.00027
",['Yutong Zhao'],1.0,0.833,0.65,0.8,0.5,1.0,0.75,1.0,0.86,0.94,1.0,1.0,1.0,1.0,0.75,1.0,0.86,0.94,1.0,1.0,1.0,1.0,0.75,1.0,0.75,1.0,0.03,0.38,0.32,0.47,0.16,0.13,0.2,0.28,0.24,0.34,1.0,238.55436754226685,0.0,67485,0,0.0,,0,0.0,,,0.0,0.0,,0.0,0.0,https://wandb.ai/kastel-sdq-meta-research/experiment_baseline/r/call/01a05f2d-763e-740f-a7ec-37efd28944d5,retrieval_config,False,KitToolbox,kit.qwen3-embedding-8b,10,10,True,cosine,True,False,10,-1,8,False,False,1,False,-1,-1,False,,['R659055'],['Paper'],False,False,False,kg_retrieval,hublink,kittoolbox_kit.minimax-m2.7-229b_tmpNone_maxt-1_reasoningNone,KitToolbox,kit.minimax-m2.7-229b,,-1,,kittoolbox_kit.minimax-m2.7-229b_tmpNone_maxt-1_reasoningNone,KitToolbox,kit.minimax-m2.7-229b,,-1,,orkg_merged_ecsa_icsa.json_jsonpublicationloader_limit-1,['paper_class'],['research_level'],['first_research_object'],['second_research_object'],['validity'],['evidence'],False,False,R659055,https://sandbox.orkg.org,-1,orkg,merged_ecsa_icsa.json_jsonpublicationloader_limit-1,merged_ecsa_icsa.json,JsonPublicationLoader,-1,,4000,2,generation_kittoolbox_kit.minimax-m2.7-229b_tmpNone_maxt-1_reasoningNone,generation,kittoolbox_kit.minimax-m2.7-229b_tmpNone_maxt-1_reasoningNone,KitToolbox,kit.minimax-m2.7-229b,,-1,,"['(R871674:Constructing a Shared Infrastructure for Software Architecture Analysis and Maintenance, authors, R871675:authors list)', '(R871675:authors list, has list element, L1526906:Yutong Zhao)', '(R869436:authors list, has list element, L1522242:Yutong Zhao)', '(R873171:Butterfly Space: An Architectural Approach for Investigating Performance Issues, authors, R873172:authors list)', '(R873172:authors list, has list element, L1529962:Yutong Zhao)', '(R871674:Constructing a Shared Infrastructure for Software Architecture Analysis and Maintenance, publication year, L1526914:2021)', '(R869435:DesignDiff: Continuously Modeling Software Design Difference from Code Revisions, publication year, L1522244:2020)', '(R873171:Butterfly Space: An Architectural Approach for Investigating Performance Issues, publication year, L1529968:2020)']",What is the number of papers published by Yutong Zhao? Show me their distribution per year.,"Yutong Zhao has published three papers in the years 2020 and 2021. Specifically, in 2020, Yutong Zhao published two papers. In 2021, Yutong Zhao published one paper. Therefore, the distribution of papers published per year is as follows: two papers in 2020 and one paper in 2021.","['10.1109/ICSA47634.2020.00025', '10.1109/ICSA47634.2020.00025', '10.1109/ICSA47634.2020.00027', '10.1109/ICSA47634.2020.00027', '10.1109/ICSA51549.2021.00022', '10.1109/ICSA51549.2021.00022']",,"['(R869436:authors list, has list element, L1522242:Yutong Zhao)', '(R869435:DesignDiff: Continuously Modeling Software Design Difference from Code Revisions, publication year, L1522244:2020)', '(R873172:authors list, has list element, L1529962:Yutong Zhao)', '(R873171:Butterfly Space: An Architectural Approach for Investigating Performance Issues, publication year, L1529968:2020)', '(R871675:authors list, has list element, L1526906:Yutong Zhao)', '(R871674:Constructing a Shared Infrastructure for Software Architecture Analysis and Maintenance, publication year, L1526914:2021)']",clustering_strategy,R659055,Software Architecture and Design,3,What is the proportion of papers that have been published by the author [Metadata: author name] per year?
22,800d5973d1783ef79636e6d3632d4b8a,b8c1f6f6-2485-4096-afea-c09ed010c2d7,"

The available texts provide the following information about Mohamed Soliman’s publications:

| Publication Year | Paper Class | Number of Papers | Supporting Source |
|------------------|-------------|-------------------|-------------------|
| 2018             | Paper Class 2 | 1                 | [3] – *Improving the Search for Architecture Knowledge in Online Developer Communities* (2018) is authored by Mohamed Soliman and classified as Paper Class 2. |

For other papers that are explicitly attributed to Mohamed Soliman, the texts record only their classification (Paper Class 2) but not the year of publication:

- “Exploring Web Search Engines to Find Architectural Knowledge” – Paper Class 2, no year provided [1].
- “An Exploratory Study on Architectural Knowledge in Issue Tracking Systems” – Paper Class 2, no year provided [2].

No other year‑specific data for Mohamed Soliman’s papers are supplied in the given contexts.

**Resulting distribution**  
- **2018:** 1 paper (Paper Class 2) – the only year for which both author, title, year, and class are documented.  
- **Other years:** Not determinable from the provided texts.  

Thus, the only concrete distribution of paper classes per publication year for Mohamed Soliman is one Paper Class 2 paper published in 2018.

[1] Source: Exploring Web Search Engines to Find Architectural Knowledge, 10.1109/ICSA51549.2021.00023
[2] Source: An Exploratory Study on Architectural Knowledge in Issue Tracking Systems, 10.1007/978-3-030-86044-8_8
[3] Source: Improving the Search for Architecture Knowledge in Online Developer Communities, 10.1109/ICSA.2018.00028
",['Mohamed Soliman'],0.444,0.556,0.211,1.0,0.5,1.0,0.4,0.44,0.42,0.43,1.0,0.72,0.84,0.76,0.4,0.44,0.42,0.43,1.0,0.72,0.84,0.76,0.4,1.0,0.4,1.0,0.02,0.25,0.16,0.59,0.09,0.06,0.22,0.17,0.11,0.41,1.0,300.6916015148163,0.0,6736,0,0.0,,0,0.0,,,0.0,0.0,,0.0,0.0,https://wandb.ai/kastel-sdq-meta-research/experiment_baseline/r/call/01a05f2d-ba55-7544-a32c-6da4b872bf4c,retrieval_config,False,KitToolbox,kit.qwen3-embedding-8b,10,10,True,cosine,True,False,10,-1,8,False,False,1,False,-1,-1,False,,['R659055'],['Paper'],False,False,False,kg_retrieval,hublink,kittoolbox_kit.minimax-m2.7-229b_tmpNone_maxt-1_reasoningNone,KitToolbox,kit.minimax-m2.7-229b,,-1,,kittoolbox_kit.minimax-m2.7-229b_tmpNone_maxt-1_reasoningNone,KitToolbox,kit.minimax-m2.7-229b,,-1,,orkg_merged_ecsa_icsa.json_jsonpublicationloader_limit-1,['paper_class'],['research_level'],['first_research_object'],['second_research_object'],['validity'],['evidence'],False,False,R659055,https://sandbox.orkg.org,-1,orkg,merged_ecsa_icsa.json_jsonpublicationloader_limit-1,merged_ecsa_icsa.json,JsonPublicationLoader,-1,,4000,2,generation_kittoolbox_kit.minimax-m2.7-229b_tmpNone_maxt-1_reasoningNone,generation,kittoolbox_kit.minimax-m2.7-229b_tmpNone_maxt-1_reasoningNone,KitToolbox,kit.minimax-m2.7-229b,,-1,,"['(R870673:Exploring Web Search Engines to Find Architectural Knowledge, authors, R870674:authors list)', '(R870674:authors list, has list element, L1524849:Mohamed Soliman)', '(R869225:An Exploratory Study on Architectural Knowledge in Issue Tracking Systems, authors, R869226:authors list)', '(R869226:authors list, has list element, L1521780:Mohamed Soliman)', '(R874393:Improving the Search for Architecture Knowledge in Online Developer Communities, authors, R874394:authors list)', '(R874394:authors list, has list element, L1532510:Mohamed Soliman)', '(R869225:An Exploratory Study on Architectural Knowledge in Issue Tracking Systems, contribution, R869244:Paper Class 2)', '(R874393:Improving the Search for Architecture Knowledge in Online Developer Communities, contribution, R874417:Paper Class 2)', '(R870673:Exploring Web Search Engines to Find Architectural Knowledge, contribution, R870692:Paper Class 2)', '(R874393:Improving the Search for Architecture Knowledge in Online Developer Communities, publication year, L1532515:2018)']","Among the papers published by the author Mohamed Soliman, what is the distribution of paper classes per publication year?","In the year 2021, Mohamed Soliman published two papers classified as evaluation research. In 2018, he published one paper classified as evaluation research. Therefore, the number of papers classified as evaluation research published by Mohamed Soliman per year is two in 2021 and one in 2018.","['10.1007/978-3-030-86044-8_8', '10.1007/978-3-030-86044-8_8', '10.1007/978-3-030-86044-8_8', '10.1109/ICSA51549.2021.00023', '10.1109/ICSA51549.2021.00023', '10.1109/ICSA51549.2021.00023', '10.1109/ICSA.2018.00028', '10.1109/ICSA.2018.00028', '10.1109/ICSA.2018.00028']",,"['(R869226:authors list, has list element, L1521780:Mohamed Soliman)', '(R869225:An Exploratory Study on Architectural Knowledge in Issue Tracking Systems, publication year, L1521783:2021)', '(R869244:Paper Class 2, evaluation research, L1521829:True)', '(R870674:authors list, has list element, L1524849:Mohamed Soliman)', '(R870673:Exploring Web Search Engines to Find Architectural Knowledge, publication year, L1524854:2021)', '(R870692:Paper Class 2, evaluation research, L1524902:True)', '(R874394:authors list, has list element, L1532510:Mohamed Soliman)', '(R874393:Improving the Search for Architecture Knowledge in Online Developer Communities, publication year, L1532515:2018)', '(R874417:Paper Class 2, evaluation research, L1532569:True)']",clustering_strategy,R659055,Software Architecture and Design,3,What is the proportion of paper classes that have been published by the author [Metadata: author name] per year?
23,800d5973d1783ef79636e6d3632d4b8a,99ab6724-3345-4876-8ae5-b426b14531d6,"

Manoj Bhat is listed as an author on two papers — the study titled **“An Expert Recommendation System for Design Decision Making: Who Should be Involved in Making a Design Decision?”** and the work **“Automatic Extraction of Design Decisions from Issue Management Systems: A Machine Learning Based Approach.”** [1][2] However, the provided sources do not include information on the classes of these papers (e.g., conference, journal, workshop) or their publication years, so the distribution of paper classes per year cannot be determined from the available information.

[1] Source: An Expert Recommendation System for Design Decision Making: Who Should be Involved in Making a Design Decision?, 10.1109/ICSA.2018.00018
[2] Source: Automatic Extraction of Design Decisions from Issue Management Systems: A Machine Learning Based Approach, 10.1007/978-3-319-65831-5_10
",['Manoj Bhat'],0.0,0.0,0.0,0.0,0.0,0.0,0.0,0.0,0.0,0.0,0.0,0.0,0.0,0.0,0.0,0.0,0.0,0.0,0.0,0.0,0.0,0.0,0.0,0.0,0.0,0.0,0.02,0.35,0.25,0.56,0.06,0.05,0.11,0.16,0.11,0.26,0.0,200.99837517738342,0.0,7982,0,0.0,,0,0.0,,,0.0,0.0,,0.0,0.0,https://wandb.ai/kastel-sdq-meta-research/experiment_baseline/r/call/01a05f2e-76e7-744c-9319-54a41e6d113f,retrieval_config,False,KitToolbox,kit.qwen3-embedding-8b,10,10,True,cosine,True,False,10,-1,8,False,False,1,False,-1,-1,False,,['R659055'],['Paper'],False,False,False,kg_retrieval,hublink,kittoolbox_kit.minimax-m2.7-229b_tmpNone_maxt-1_reasoningNone,KitToolbox,kit.minimax-m2.7-229b,,-1,,kittoolbox_kit.minimax-m2.7-229b_tmpNone_maxt-1_reasoningNone,KitToolbox,kit.minimax-m2.7-229b,,-1,,orkg_merged_ecsa_icsa.json_jsonpublicationloader_limit-1,['paper_class'],['research_level'],['first_research_object'],['second_research_object'],['validity'],['evidence'],False,False,R659055,https://sandbox.orkg.org,-1,orkg,merged_ecsa_icsa.json_jsonpublicationloader_limit-1,merged_ecsa_icsa.json,JsonPublicationLoader,-1,,4000,2,generation_kittoolbox_kit.minimax-m2.7-229b_tmpNone_maxt-1_reasoningNone,generation,kittoolbox_kit.minimax-m2.7-229b_tmpNone_maxt-1_reasoningNone,KitToolbox,kit.minimax-m2.7-229b,,-1,,,What are the paper classes of the papers published by Manoj Bhat? Show me their distribution per year.,"The paper classes of the papers published by Manoj Bhat and their distribution per year are as follows: In 2017, the paper class is proposal of solution. In 2018, the paper classes are proposal of solution and validation research.","['10.1109/ICSA.2018.00018', '10.1109/ICSA.2018.00018', '10.1109/ICSA.2018.00018', '10.1109/ICSA.2018.00018', '10.1007/978-3-319-65831-5_10', '10.1007/978-3-319-65831-5_10', '10.1007/978-3-319-65831-5_10']",,"['(R873899:authors list, has list element, L1531467:Manoj Bhat)', '(R873898:An Expert Recommendation System for Design Decision Making: Who Should be Involved in Making a Design Decision?, publication year, L1531473:2018)', '(R873917:Paper Class 2, proposal of solution, L1531515:True)', '(R873917:Paper Class 2, validation research, L1531513:True)', '(R868746:authors list, has list element, L1520754:Manoj Bhat)', '(R868745:Automatic Extraction of Design Decisions from Issue Management Systems: A Machine Learning Based Approach, publication year, L1520759:2017)', '(R868764:Paper Class 2, proposal of solution, L1520801:True)']",clustering_strategy,R659055,Software Architecture and Design,3,What is the proportion of paper classes that have been published by the author [Metadata: author name] per year?
24,800d5973d1783ef79636e6d3632d4b8a,b90770f5-fce7-4aeb-b264-b958fec510ba,"

Yes, the paper ""Data-Driven Software Architecture for Analyzing Confidentiality"" does make its tool support available. According to the source, the paper explicitly states that it uses Tool Support that is available [1].

[1] Source: Data-Driven Software Architecture for Analyzing Confidentiality, 10.1109/ICSA.2019.00009
",['Data-Driven Software Architecture for Analyzing Confidentiality'],1.0,1.0,0.333,0.583,0.333,0.5,0.33,1.0,0.5,0.71,0.5,1.0,0.67,0.83,0.33,1.0,0.5,0.71,0.5,1.0,0.67,0.83,0.333,0.5,0.333,0.5,0.26,0.65,0.52,0.89,0.56,0.44,0.78,0.62,0.48,0.84,1.0,168.63933944702148,0.0,5199,0,0.0,,0,0.0,,,0.0,0.0,,0.0,0.0,https://wandb.ai/kastel-sdq-meta-research/experiment_baseline/r/call/01a05f2f-801e-779e-8e51-c00443db5b11,retrieval_config,False,KitToolbox,kit.qwen3-embedding-8b,10,10,True,cosine,True,False,10,-1,8,False,False,1,False,-1,-1,False,,['R659055'],['Paper'],False,False,False,kg_retrieval,hublink,kittoolbox_kit.minimax-m2.7-229b_tmpNone_maxt-1_reasoningNone,KitToolbox,kit.minimax-m2.7-229b,,-1,,kittoolbox_kit.minimax-m2.7-229b_tmpNone_maxt-1_reasoningNone,KitToolbox,kit.minimax-m2.7-229b,,-1,,orkg_merged_ecsa_icsa.json_jsonpublicationloader_limit-1,['paper_class'],['research_level'],['first_research_object'],['second_research_object'],['validity'],['evidence'],False,False,R659055,https://sandbox.orkg.org,-1,orkg,merged_ecsa_icsa.json_jsonpublicationloader_limit-1,merged_ecsa_icsa.json,JsonPublicationLoader,-1,,4000,2,generation_kittoolbox_kit.minimax-m2.7-229b_tmpNone_maxt-1_reasoningNone,generation,kittoolbox_kit.minimax-m2.7-229b_tmpNone_maxt-1_reasoningNone,KitToolbox,kit.minimax-m2.7-229b,,-1,,"['(R873653:Data-Driven Software Architecture for Analyzing Confidentiality, contribution, R873690:Evidence 2)', '(R873690:Evidence 2, Uses Tool Support, R873692:Tool Support)', '(R873692:Tool Support, available, L1531022:True)']",Does the paper with the title 'Data-Driven Software Architecture for Analyzing Confidentiality' make its tool support available?,"Yes, the paper with the title 'Data-Driven Software Architecture for Analyzing Confidentiality' does make its tool support available.",['10.1109/ICSA.2019.00009'],,"['(R873692:Tool Support, available, L1531022:True)']",publication_subgraph_strategy,R659055,Software Architecture and Design,4,Does the paper with the title '[Metadata: paper title]' make its tool support available?
25,800d5973d1783ef79636e6d3632d4b8a,71ed577d-bb7e-47e0-898b-f1e79a74d444,No context has been found for the given question.,['An Empirical Study of Architectural Decay in Open-Source Software'],0.0,0.0,0.0,0.0,0.0,0.0,0.0,0.0,0.0,0.0,0.0,0.0,0.0,0.0,0.0,0.0,0.0,0.0,0.0,0.0,0.0,0.0,0.0,0.0,0.0,0.0,0.03,0.0,0.0,0.0,0.0,0.0,0.0,0.0,0.0,0.0,0.0,84.44616794586182,0.004632749999999999,20896,0,0.0,,0,0.0,,,0.0,0.0,,0.0,0.0,https://wandb.ai/kastel-sdq-meta-research/experiment_baseline/r/call/01a05f31-46ca-7982-8346-9dd65bab0f13,retrieval_config,False,KitToolbox,kit.qwen3-embedding-8b,10,10,True,cosine,True,False,10,-1,8,False,False,1,False,-1,-1,False,,['R659055'],['Paper'],False,False,False,kg_retrieval,hublink,kittoolbox_kit.minimax-m2.7-229b_tmpNone_maxt-1_reasoningNone,KitToolbox,kit.minimax-m2.7-229b,,-1,,kittoolbox_kit.minimax-m2.7-229b_tmpNone_maxt-1_reasoningNone,KitToolbox,kit.minimax-m2.7-229b,,-1,,orkg_merged_ecsa_icsa.json_jsonpublicationloader_limit-1,['paper_class'],['research_level'],['first_research_object'],['second_research_object'],['validity'],['evidence'],False,False,R659055,https://sandbox.orkg.org,-1,orkg,merged_ecsa_icsa.json_jsonpublicationloader_limit-1,merged_ecsa_icsa.json,JsonPublicationLoader,-1,,4000,2,generation_kittoolbox_kit.minimax-m2.7-229b_tmpNone_maxt-1_reasoningNone,generation,kittoolbox_kit.minimax-m2.7-229b_tmpNone_maxt-1_reasoningNone,KitToolbox,kit.minimax-m2.7-229b,,-1,,,Is tool support available in 'An Empirical Study of Architectural Decay in Open-Source Software'?,Tool support is available in 'An Empirical Study of Architectural Decay in Open-Source Software'.,['10.1109/ICSA.2018.00027'],,"['(R870133:Tool Support, available, L1523712:True)']",publication_subgraph_strategy,R870102,An Empirical Study of Architectural Decay in Open-Source Software,3,Does the paper '[Metadata: paper title]' use tool support?
26,800d5973d1783ef79636e6d3632d4b8a,37f302e8-a61d-4445-8155-eae8de487cfa,"

The source does not provide any information about the paper titled “Enforcing Architectural Security Decisions,” so the evaluation method used in that paper cannot be determined from the available text [1].

[1] Source: Data-Driven Software Architecture for Analyzing Confidentiality, 10.1109/ICSA.2019.00009
",['Enforcing Architectural Security Decisions'],0.0,0.0,0.0,0.0,0.0,0.0,0.0,0.0,0.0,0.0,0.0,0.0,0.0,0.0,0.0,0.0,0.0,0.0,0.0,0.0,0.0,0.0,0.0,0.0,0.0,0.0,0.09,0.53,0.42,0.72,0.38,0.3,0.53,0.33,0.26,0.44,0.0,157.80931496620178,0.0,46566,0,0.0,,0,0.0,,,0.0,0.0,,0.0,0.0,https://wandb.ai/kastel-sdq-meta-research/experiment_baseline/r/call/01a05f31-9151-70be-96c9-abb6153e645e,retrieval_config,False,KitToolbox,kit.qwen3-embedding-8b,10,10,True,cosine,True,False,10,-1,8,False,False,1,False,-1,-1,False,,['R659055'],['Paper'],False,False,False,kg_retrieval,hublink,kittoolbox_kit.minimax-m2.7-229b_tmpNone_maxt-1_reasoningNone,KitToolbox,kit.minimax-m2.7-229b,,-1,,kittoolbox_kit.minimax-m2.7-229b_tmpNone_maxt-1_reasoningNone,KitToolbox,kit.minimax-m2.7-229b,,-1,,orkg_merged_ecsa_icsa.json_jsonpublicationloader_limit-1,['paper_class'],['research_level'],['first_research_object'],['second_research_object'],['validity'],['evidence'],False,False,R659055,https://sandbox.orkg.org,-1,orkg,merged_ecsa_icsa.json_jsonpublicationloader_limit-1,merged_ecsa_icsa.json,JsonPublicationLoader,-1,,4000,2,generation_kittoolbox_kit.minimax-m2.7-229b_tmpNone_maxt-1_reasoningNone,generation,kittoolbox_kit.minimax-m2.7-229b_tmpNone_maxt-1_reasoningNone,KitToolbox,kit.minimax-m2.7-229b,,-1,,,What is the evaluation method used in the paper with the title 'Enforcing Architectural Security Decisions'?,The evaluation method used in the paper with the title 'Enforcing Architectural Security Decisions' is a case study.,['10.1109/ICSA47634.2020.00012'],,"['(R872904:Evaluation Method Entity, Name, L1529438:Case Study)']",publication_subgraph_strategy,R872878,Enforcing Architectural Security Decisions,5,What is the evaluation method used in the paper '[Metadata: paper title]'?
27,800d5973d1783ef79636e6d3632d4b8a,f4e3f510-e8e2-4e31-ba67-a6c8cbc8b7cb,"

The evaluation in the study **“REST vs GraphQL: A Controlled Experiment”** was carried out as a **controlled experiment** [1][3]. In addition, the analysis of the results involved **data‑science‑related methods** [2].

[1] Source: REST vs GraphQL: A Controlled Experiment, 10.1109/ICSA47634.2020.00016
[2] Source: Architectural Decay as Predictor of Issue- and Change-Proneness, 10.1109/ICSA51549.2021.00017
[3] Source: Improving the Search for Architecture Knowledge in Online Developer Communities, 10.1109/ICSA.2018.00028
",['REST vs GraphQL: A Controlled Experiment'],1.0,1.0,0.5,0.25,0.5,0.5,0.33,1.0,0.5,0.71,0.33,1.0,0.5,0.71,0.33,1.0,0.5,0.71,0.33,1.0,0.5,0.71,0.333,0.333,0.333,0.333,0.09,0.52,0.42,0.67,0.35,0.28,0.45,0.44,0.36,0.57,1.0,186.99408674240112,0.0,53566,0,0.0,,0,0.0,,,0.0,0.0,,0.0,0.0,https://wandb.ai/kastel-sdq-meta-research/experiment_baseline/r/call/01a05f32-4642-7cf9-b200-478ad216374e,retrieval_config,False,KitToolbox,kit.qwen3-embedding-8b,10,10,True,cosine,True,False,10,-1,8,False,False,1,False,-1,-1,False,,['R659055'],['Paper'],False,False,False,kg_retrieval,hublink,kittoolbox_kit.minimax-m2.7-229b_tmpNone_maxt-1_reasoningNone,KitToolbox,kit.minimax-m2.7-229b,,-1,,kittoolbox_kit.minimax-m2.7-229b_tmpNone_maxt-1_reasoningNone,KitToolbox,kit.minimax-m2.7-229b,,-1,,orkg_merged_ecsa_icsa.json_jsonpublicationloader_limit-1,['paper_class'],['research_level'],['first_research_object'],['second_research_object'],['validity'],['evidence'],False,False,R659055,https://sandbox.orkg.org,-1,orkg,merged_ecsa_icsa.json_jsonpublicationloader_limit-1,merged_ecsa_icsa.json,JsonPublicationLoader,-1,,4000,2,generation_kittoolbox_kit.minimax-m2.7-229b_tmpNone_maxt-1_reasoningNone,generation,kittoolbox_kit.minimax-m2.7-229b_tmpNone_maxt-1_reasoningNone,KitToolbox,kit.minimax-m2.7-229b,,-1,,"['(R872804:Evaluation Method Entity, Name, L1529234:Data Science)', '(R870911:Evaluation Method Entity, Name, L1525353:Controlled Experiment)', '(R874422:Evaluation Method Entity, Name, L1532572:Controlled Experiment)']",Which evaluation method has been used for the evaluation in 'REST vs GraphQL: A Controlled Experiment'?,The evaluation method that has been used for the evaluation in 'REST vs GraphQL: A Controlled Experiment' is a controlled experiment.,['10.1109/ICSA47634.2020.00016'],,"['(R870911:Evaluation Method Entity, Name, L1525353:Controlled Experiment)']",publication_subgraph_strategy,R659055,Software Architecture and Design,6,What is the evaluation method used in the paper '[Metadata: paper title]'?
28,800d5973d1783ef79636e6d3632d4b8a,eedac22d-3e07-4029-8bda-5c612992a5cf,"

The paper ""Continuous Analysis of Collaborative Design"" employs a questionnaire as its evaluation method [1].

[1] Partial Answer 1

[1] Source: Continuous Analysis of Collaborative Design, 10.1109/ICSA.2017.45
",['Continuous Analysis of Collaborative Design'],0.333,0.333,0.083,0.139,0.25,0.333,0.25,0.33,0.29,0.31,0.4,0.33,0.36,0.34,0.25,0.33,0.29,0.31,0.4,0.33,0.36,0.34,0.25,0.4,0.25,0.4,0.08,0.61,0.67,0.56,0.45,0.5,0.41,0.48,0.53,0.44,0.0,206.98023414611816,0.0,11318,0,0.0,,0,0.0,,,0.0,0.0,,0.0,0.0,https://wandb.ai/kastel-sdq-meta-research/experiment_baseline/r/call/01a05f32-92bd-74e7-b882-cf6895c5ca26,retrieval_config,False,KitToolbox,kit.qwen3-embedding-8b,10,10,True,cosine,True,False,10,-1,8,False,False,1,False,-1,-1,False,,['R659055'],['Paper'],False,False,False,kg_retrieval,hublink,kittoolbox_kit.minimax-m2.7-229b_tmpNone_maxt-1_reasoningNone,KitToolbox,kit.minimax-m2.7-229b,,-1,,kittoolbox_kit.minimax-m2.7-229b_tmpNone_maxt-1_reasoningNone,KitToolbox,kit.minimax-m2.7-229b,,-1,,orkg_merged_ecsa_icsa.json_jsonpublicationloader_limit-1,['paper_class'],['research_level'],['first_research_object'],['second_research_object'],['validity'],['evidence'],False,False,R659055,https://sandbox.orkg.org,-1,orkg,merged_ecsa_icsa.json_jsonpublicationloader_limit-1,merged_ecsa_icsa.json,JsonPublicationLoader,-1,,4000,2,generation_kittoolbox_kit.minimax-m2.7-229b_tmpNone_maxt-1_reasoningNone,generation,kittoolbox_kit.minimax-m2.7-229b_tmpNone_maxt-1_reasoningNone,KitToolbox,kit.minimax-m2.7-229b,,-1,,"['(R872850:First Research Object 2, evaluation, R872851:Evaluation)', '(R872851:Evaluation, Evaluation method, R872852:Evaluation Method List)', '(R872852:Evaluation Method List, Entity, R872853:Evaluation Method Entity)', '(R872853:Evaluation Method Entity, Name, L1529335:Questionnaire)']",What are the evaluation methods applied in the paper with the title 'Continuous Analysis of Collaborative Design'?,"The evaluation methods of the paper 'Continuous Analysis of Collaborative Design' are Questionnaire, Controlled Experiment, and Technical Experiment.","['10.1109/ICSA.2017.45', '10.1109/ICSA.2017.45', '10.1109/ICSA.2017.45']",,"['(R872853:Evaluation Method Entity, Name, L1529335:Questionnaire)', '(R872855:Evaluation Method Entity, Name, L1529336:Controlled Experiment)', '(R872862:Evaluation Method Entity, Name, L1529342:Technical Experiment)']",publication_subgraph_strategy,R659055,Software Architecture and Design,6,What are the names of the evaluation methods used in the paper with the title'[Metadata: paper title]'?
29,800d5973d1783ef79636e6d3632d4b8a,77d33680-318d-462a-820e-bc3c8a2d79ab,"

The evaluation was conducted using the **Argumentation** method. [1]

[1] Source: Assessing Adaptability of Software Architectures for Cyber Physical Production Systems, 10.1007/978-3-030-29983-5_10
",['Assessing Adaptability of Software Architectures for Cyber Physical Production Systems'],0.5,0.5,0.167,0.083,0.333,0.333,0.33,0.5,0.4,0.45,0.4,0.5,0.44,0.48,0.33,0.5,0.4,0.45,0.4,0.5,0.44,0.48,0.333,0.4,0.333,0.4,0.03,0.4,0.78,0.27,0.06,0.12,0.04,0.29,0.56,0.19,0.0,230.6990659236908,0.0,19113,0,0.0,,0,0.0,,,0.0,0.0,,0.0,0.0,https://wandb.ai/kastel-sdq-meta-research/experiment_baseline/r/call/01a05f32-9b55-75c5-b8e0-59e11ea8e732,retrieval_config,False,KitToolbox,kit.qwen3-embedding-8b,10,10,True,cosine,True,False,10,-1,8,False,False,1,False,-1,-1,False,,['R659055'],['Paper'],False,False,False,kg_retrieval,hublink,kittoolbox_kit.minimax-m2.7-229b_tmpNone_maxt-1_reasoningNone,KitToolbox,kit.minimax-m2.7-229b,,-1,,kittoolbox_kit.minimax-m2.7-229b_tmpNone_maxt-1_reasoningNone,KitToolbox,kit.minimax-m2.7-229b,,-1,,orkg_merged_ecsa_icsa.json_jsonpublicationloader_limit-1,['paper_class'],['research_level'],['first_research_object'],['second_research_object'],['validity'],['evidence'],False,False,R659055,https://sandbox.orkg.org,-1,orkg,merged_ecsa_icsa.json_jsonpublicationloader_limit-1,merged_ecsa_icsa.json,JsonPublicationLoader,-1,,4000,2,generation_kittoolbox_kit.minimax-m2.7-229b_tmpNone_maxt-1_reasoningNone,generation,kittoolbox_kit.minimax-m2.7-229b_tmpNone_maxt-1_reasoningNone,KitToolbox,kit.minimax-m2.7-229b,,-1,,"['(R871367:First Research Object 2, evaluation, R871373:Evaluation)', '(R871373:Evaluation, Evaluation method, R871374:Evaluation Method List)', '(R871375:Evaluation Method Entity, Name, L1526299:Argumentation)']",Which evaluation methods have been used to conduct the evaluation in 'Assessing Adaptability of Software Architectures for Cyber Physical Production Systems'?,The evaluation methods used to conduct the evaluation in the publication 'Assessing Adaptability of Software Architectures for Cyber Physical Production Systems' are Motivating Example and Argumentation.,"['10.1007/978-3-030-29983-5_10', '10.1007/978-3-030-29983-5_10']",,"['(R871370:Evaluation Method Entity, Name, L1526295:Motivating Example)', '(R871375:Evaluation Method Entity, Name, L1526299:Argumentation)']",publication_subgraph_strategy,R871346,Assessing Adaptability of Software Architectures for Cyber Physical Production Systems,5,What are the evaluation methods of the publication '[Metadata: paper title]'?
30,800d5973d1783ef79636e6d3632d4b8a,86aac29f-80ff-4ed4-a011-59f8cf7f311f,"

Based on the provided partial answers, the paper titled ""Predicting the Performance of Privacy-Preserving Data Analytics Using Architecture Modelling and Simulation"" discusses threats to validity within a section labeled **""Validity 2.""** The only specific threat to validity explicitly mentioned across the sources is **confirmability**, which is identified as a threat but marked as **""false""**—indicating it is not considered an actual threat in the study [1][2][3]. No other individual threats to validity are detailed in the provided texts.

[1] Source: Predicting the Performance of Privacy-Preserving Data Analytics Using Architecture Modelling and Simulation, 10.1109/ICSA.2018.00026
[2] Source: A Framework for Tunable Anomaly Detection, 10.1109/ICSA.2019.00029
[3] Source: Exploring Web Search Engines to Find Architectural Knowledge, 10.1109/ICSA51549.2021.00023
",['Predicting the Performance of Privacy-Preserving Data Analytics Using Architecture Modelling and Simulation'],0.0,0.0,0.0,0.167,0.0,0.5,0.0,0.0,0.0,0.0,0.09,0.33,0.14,0.22,0.0,0.0,0.0,0.0,0.09,0.33,0.14,0.22,0.0,0.091,0.0,0.091,0.1,0.44,0.3,0.86,0.28,0.19,0.56,0.35,0.23,0.68,0.0,317.6373167037964,0.0021399,13550,0,0.0,,0,0.0,,,0.0,0.0,,0.0,0.0,https://wandb.ai/kastel-sdq-meta-research/experiment_baseline/r/call/01a05f34-065a-7db2-978b-f5bc8ec520f4,retrieval_config,False,KitToolbox,kit.qwen3-embedding-8b,10,10,True,cosine,True,False,10,-1,8,False,False,1,False,-1,-1,False,,['R659055'],['Paper'],False,False,False,kg_retrieval,hublink,kittoolbox_kit.minimax-m2.7-229b_tmpNone_maxt-1_reasoningNone,KitToolbox,kit.minimax-m2.7-229b,,-1,,kittoolbox_kit.minimax-m2.7-229b_tmpNone_maxt-1_reasoningNone,KitToolbox,kit.minimax-m2.7-229b,,-1,,orkg_merged_ecsa_icsa.json_jsonpublicationloader_limit-1,['paper_class'],['research_level'],['first_research_object'],['second_research_object'],['validity'],['evidence'],False,False,R659055,https://sandbox.orkg.org,-1,orkg,merged_ecsa_icsa.json_jsonpublicationloader_limit-1,merged_ecsa_icsa.json,JsonPublicationLoader,-1,,4000,2,generation_kittoolbox_kit.minimax-m2.7-229b_tmpNone_maxt-1_reasoningNone,generation,kittoolbox_kit.minimax-m2.7-229b_tmpNone_maxt-1_reasoningNone,KitToolbox,kit.minimax-m2.7-229b,,-1,,"['(R873379:Predicting the Performance of Privacy-Preserving Data Analytics Using Architecture Modelling and Simulation, contribution, R873411:Validity 2)', '(R873411:Validity 2, Threats To Validity, R873412:Threat to Validity)', '(R873412:Threat to Validity, confirmability, L1530456:False)', '(R868251:A Framework for Tunable Anomaly Detection, contribution, R868283:Validity 2)', '(R868283:Validity 2, Threats To Validity, R868284:Threat to Validity)', '(R868284:Threat to Validity, confirmability, L1519748:False)', '(R870705:Validity 2, Threats To Validity, R870706:Threat to Validity)', '(R870706:Threat to Validity, confirmability, L1524922:False)']",What are the threats to validity discussed in the paper with the title 'Predicting the Performance of Privacy-Preserving Data Analytics Using Architecture Modelling and Simulation'?,The threats to validity of the paper 'Predicting the Performance of Privacy-Preserving Data Analytics Using Architecture Modelling and Simulation' are discussed as external validity and internal validity.,"['10.1109/ICSA.2018.00026', '10.1109/ICSA.2018.00026']",,"['(R873412:Threat to Validity, external validity, L1530455:True)', '(R873412:Threat to Validity, internal validity, L1530454:True)']",publication_subgraph_strategy,R659055,Software Architecture and Design,4,What are the threats to validity of the paper '[Metadata: paper title]'?
31,800d5973d1783ef79636e6d3632d4b8a,8593e474-e736-406c-807b-c14d8eb5679d,"

The paper addresses **internal validity** as a threat to validity, analyzing it and concluding that it does not hold【1】.

",['A Blockchain-Based Micro Economy Platform for Distributed Infrastructure Initiatives'],0.0,0.333,0.0,0.167,0.0,0.5,0.0,0.0,0.0,0.0,0.25,0.33,0.29,0.31,0.0,0.0,0.0,0.0,0.25,0.33,0.29,0.31,0.0,0.25,0.0,0.25,0.02,0.29,0.3,0.29,0.0,0.0,0.0,0.24,0.25,0.24,0.0,108.46757102012634,0.0,4674,0,0.0,,0,0.0,,,0.0,0.0,,0.0,0.0,https://wandb.ai/kastel-sdq-meta-research/experiment_baseline/r/call/01a05f35-408a-7866-987b-668c1c647d45,retrieval_config,False,KitToolbox,kit.qwen3-embedding-8b,10,10,True,cosine,True,False,10,-1,8,False,False,1,False,-1,-1,False,,['R659055'],['Paper'],False,False,False,kg_retrieval,hublink,kittoolbox_kit.minimax-m2.7-229b_tmpNone_maxt-1_reasoningNone,KitToolbox,kit.minimax-m2.7-229b,,-1,,kittoolbox_kit.minimax-m2.7-229b_tmpNone_maxt-1_reasoningNone,KitToolbox,kit.minimax-m2.7-229b,,-1,,orkg_merged_ecsa_icsa.json_jsonpublicationloader_limit-1,['paper_class'],['research_level'],['first_research_object'],['second_research_object'],['validity'],['evidence'],False,False,R659055,https://sandbox.orkg.org,-1,orkg,merged_ecsa_icsa.json_jsonpublicationloader_limit-1,merged_ecsa_icsa.json,JsonPublicationLoader,-1,,4000,2,generation_kittoolbox_kit.minimax-m2.7-229b_tmpNone_maxt-1_reasoningNone,generation,kittoolbox_kit.minimax-m2.7-229b_tmpNone_maxt-1_reasoningNone,KitToolbox,kit.minimax-m2.7-229b,,-1,,"['(R874684:A Blockchain-Based Micro Economy Platform for Distributed Infrastructure Initiatives, contribution, R874720:Validity 2)', '(R874720:Validity 2, Threats To Validity, R874721:Threat to Validity)', '(R874721:Threat to Validity, internal validity, L1533197:False)']",Which validity threats are discussed in 'A Blockchain-Based Micro Economy Platform for Distributed Infrastructure Initiatives'?,The validity threats discussed in 'A Blockchain-Based Micro Economy Platform for Distributed Infrastructure Initiatives' are external validity and construct validity.,"['10.1109/ICSA.2018.00010', '10.1109/ICSA.2018.00010']",,"['(R874721:Threat to Validity, external validity, L1533198:True)', '(R874721:Threat to Validity, construct validity, L1533195:True)']",publication_subgraph_strategy,R874684,A Blockchain-Based Micro Economy Platform for Distributed Infrastructure Initiatives,3,What are the threats to validity of the paper '[Metadata: paper title]'?
32,800d5973d1783ef79636e6d3632d4b8a,01eda5c4-cd52-423f-aac8-30301a4b19e2,No context has been found for the given question.,['DesignDiff: Continuously Modeling Software Design Difference from Code Revisions'],0.0,0.0,0.0,0.0,0.0,0.0,0.0,0.0,0.0,0.0,0.0,0.0,0.0,0.0,0.0,0.0,0.0,0.0,0.0,0.0,0.0,0.0,0.0,0.0,0.0,0.0,0.01,0.06,0.11,0.04,0.0,0.0,0.0,0.06,0.11,0.04,0.0,51.22102737426758,0.0,25949,0,0.0,,0,0.0,,,0.0,0.0,,0.0,0.0,https://wandb.ai/kastel-sdq-meta-research/experiment_baseline/r/call/01a05f35-dceb-7dc4-b713-254dea964cd4,retrieval_config,False,KitToolbox,kit.qwen3-embedding-8b,10,10,True,cosine,True,False,10,-1,8,False,False,1,False,-1,-1,False,,['R659055'],['Paper'],False,False,False,kg_retrieval,hublink,kittoolbox_kit.minimax-m2.7-229b_tmpNone_maxt-1_reasoningNone,KitToolbox,kit.minimax-m2.7-229b,,-1,,kittoolbox_kit.minimax-m2.7-229b_tmpNone_maxt-1_reasoningNone,KitToolbox,kit.minimax-m2.7-229b,,-1,,orkg_merged_ecsa_icsa.json_jsonpublicationloader_limit-1,['paper_class'],['research_level'],['first_research_object'],['second_research_object'],['validity'],['evidence'],False,False,R659055,https://sandbox.orkg.org,-1,orkg,merged_ecsa_icsa.json_jsonpublicationloader_limit-1,merged_ecsa_icsa.json,JsonPublicationLoader,-1,,4000,2,generation_kittoolbox_kit.minimax-m2.7-229b_tmpNone_maxt-1_reasoningNone,generation,kittoolbox_kit.minimax-m2.7-229b_tmpNone_maxt-1_reasoningNone,KitToolbox,kit.minimax-m2.7-229b,,-1,,,How many threats to validity does the paper with the title 'DesignDiff: Continuously Modeling Software Design Difference from Code Revisions' discuss?,The number of threats to validity discussed in the paper with the title 'DesignDiff: Continuously Modeling Software Design Difference from Code Revisions' is two.,"['10.1109/ICSA47634.2020.00025', '10.1109/ICSA47634.2020.00025']",,"['(R869480:Threat to Validity, internal validity, L1522322:True)', '(R869480:Threat to Validity, construct validity, L1522320:True)']",publication_subgraph_strategy,R659055,Software Architecture and Design,4,How many threats to validity does the paper with the title '[Metadata: paper title]' have?
33,800d5973d1783ef79636e6d3632d4b8a,057b5edf-93b9-4377-8b8f-75ae4c84a8b6,No context has been found for the given question.,"['An Architecture for Decentralized, Collaborative, and Autonomous Robots']",0.0,0.0,0.0,0.0,0.0,0.0,0.0,0.0,0.0,0.0,0.0,0.0,0.0,0.0,0.0,0.0,0.0,0.0,0.0,0.0,0.0,0.0,0.0,0.0,0.0,0.0,0.02,0.15,0.22,0.12,0.0,0.0,0.0,0.08,0.11,0.06,0.0,57.63780069351196,0.0,4144,0,0.0,,0,0.0,,,0.0,0.0,,0.0,0.0,https://wandb.ai/kastel-sdq-meta-research/experiment_baseline/r/call/01a05f36-3dcf-75fb-b4c7-b5a814223b29,retrieval_config,False,KitToolbox,kit.qwen3-embedding-8b,10,10,True,cosine,True,False,10,-1,8,False,False,1,False,-1,-1,False,,['R659055'],['Paper'],False,False,False,kg_retrieval,hublink,kittoolbox_kit.minimax-m2.7-229b_tmpNone_maxt-1_reasoningNone,KitToolbox,kit.minimax-m2.7-229b,,-1,,kittoolbox_kit.minimax-m2.7-229b_tmpNone_maxt-1_reasoningNone,KitToolbox,kit.minimax-m2.7-229b,,-1,,orkg_merged_ecsa_icsa.json_jsonpublicationloader_limit-1,['paper_class'],['research_level'],['first_research_object'],['second_research_object'],['validity'],['evidence'],False,False,R659055,https://sandbox.orkg.org,-1,orkg,merged_ecsa_icsa.json_jsonpublicationloader_limit-1,merged_ecsa_icsa.json,JsonPublicationLoader,-1,,4000,2,generation_kittoolbox_kit.minimax-m2.7-229b_tmpNone_maxt-1_reasoningNone,generation,kittoolbox_kit.minimax-m2.7-229b_tmpNone_maxt-1_reasoningNone,KitToolbox,kit.minimax-m2.7-229b,,-1,,,"What is the number of validity threats discussed in 'An Architecture for Decentralized, Collaborative, and Autonomous Robots'?","The number of validity threats discussed in 'An Architecture for Decentralized, Collaborative, and Autonomous Robots' is two.","['10.1109/ICSA.2018.00017', '10.1109/ICSA.2018.00017']",,"['(R871576:Threat to Validity, external validity, L1526691:True)', '(R871576:Threat to Validity, internal validity, L1526690:True)']",publication_subgraph_strategy,R871523,"An Architecture for Decentralized, Collaborative, and Autonomous Robots",3,How many threats to validity does the paper with the title '[Metadata: paper title]' have?
34,800d5973d1783ef79636e6d3632d4b8a,34b512a3-42b8-4696-89e7-be878211580f,"

Based on the provided source, the paper ""Continuous Architecture: Towards the Goldilocks Zone and Away from Vicious Circles"" mentions **Evidence 2**, which uses tool support as an evaluation method [1]. However, the source does not specify the exact total number of evaluation methods employed in the paper.

[1] Source: Continuous Architecture: Towards the Goldilocks Zone and Away from Vicious Circles, 10.1109/ICSA.2019.00022
",['Continuous Architecture: Towards the Goldilocks Zone and Away from Vicious Circles'],0.0,0.0,0.0,0.0,0.0,0.0,0.0,0.0,0.0,0.0,0.0,0.0,0.0,0.0,0.0,0.0,0.0,0.0,0.0,0.0,0.0,0.0,0.0,0.0,0.0,0.0,0.2,0.53,0.4,0.76,0.4,0.3,0.58,0.39,0.3,0.56,0.0,136.94875240325928,0.0,72939,0,0.0,,0,0.0,,,0.0,0.0,,0.0,0.0,https://wandb.ai/kastel-sdq-meta-research/experiment_baseline/r/call/01a05f36-ace1-73de-817c-c3a62d362865,retrieval_config,False,KitToolbox,kit.qwen3-embedding-8b,10,10,True,cosine,True,False,10,-1,8,False,False,1,False,-1,-1,False,,['R659055'],['Paper'],False,False,False,kg_retrieval,hublink,kittoolbox_kit.minimax-m2.7-229b_tmpNone_maxt-1_reasoningNone,KitToolbox,kit.minimax-m2.7-229b,,-1,,kittoolbox_kit.minimax-m2.7-229b_tmpNone_maxt-1_reasoningNone,KitToolbox,kit.minimax-m2.7-229b,,-1,,orkg_merged_ecsa_icsa.json_jsonpublicationloader_limit-1,['paper_class'],['research_level'],['first_research_object'],['second_research_object'],['validity'],['evidence'],False,False,R659055,https://sandbox.orkg.org,-1,orkg,merged_ecsa_icsa.json_jsonpublicationloader_limit-1,merged_ecsa_icsa.json,JsonPublicationLoader,-1,,4000,2,generation_kittoolbox_kit.minimax-m2.7-229b_tmpNone_maxt-1_reasoningNone,generation,kittoolbox_kit.minimax-m2.7-229b_tmpNone_maxt-1_reasoningNone,KitToolbox,kit.minimax-m2.7-229b,,-1,,"['(R873775:Continuous Architecture: Towards the Goldilocks Zone and Away from Vicious Circles, contribution, R873804:Evidence 2)', '(R873804:Evidence 2, Uses Tool Support, R873806:Tool Support)']",How many evaluation methods does the paper with the title 'Continuous Architecture: Towards the Goldilocks Zone and Away from Vicious Circles' have?,The number of evaluation methods that the paper with the title 'Continuous Architecture: Towards the Goldilocks Zone and Away from Vicious Circles' has is one.,['10.1109/ICSA.2019.00022'],,"['(R873799:Evaluation Method Entity, Name, L1531251:Focus Group)']",publication_subgraph_strategy,R873775,Continuous Architecture: Towards the Goldilocks Zone and Away from Vicious Circles,5,How many evaluation methods does the paper with the title '[Metadata: paper title]' have?
35,800d5973d1783ef79636e6d3632d4b8a,6cd19fef-1eca-4941-b8a4-c6bd1c9902ac,"

The study uses **one evaluation method** – an evaluation of Quality in Use, as indicated by the source [1].

[1] Source: Microservice Architecture in Reality: An Industrial Inquiry, 10.1109/ICSA.2019.00014
",['Microservice Architecture in Reality: An Industrial Inquiry'],0.0,0.0,0.0,0.0,0.0,0.0,0.0,0.0,0.0,0.0,0.0,0.0,0.0,0.0,0.0,0.0,0.0,0.0,0.0,0.0,0.0,0.0,0.0,0.0,0.0,0.0,0.06,0.3,0.22,0.44,0.16,0.12,0.25,0.3,0.22,0.44,1.0,133.75867557525635,0.0005176499999999999,4315,0,0.0,,0,0.0,,,0.0,0.0,,0.0,0.0,https://wandb.ai/kastel-sdq-meta-research/experiment_baseline/r/call/01a05f37-0bb6-7a85-bc23-96c9f5ef52bf,retrieval_config,False,KitToolbox,kit.qwen3-embedding-8b,10,10,True,cosine,True,False,10,-1,8,False,False,1,False,-1,-1,False,,['R659055'],['Paper'],False,False,False,kg_retrieval,hublink,kittoolbox_kit.minimax-m2.7-229b_tmpNone_maxt-1_reasoningNone,KitToolbox,kit.minimax-m2.7-229b,,-1,,kittoolbox_kit.minimax-m2.7-229b_tmpNone_maxt-1_reasoningNone,KitToolbox,kit.minimax-m2.7-229b,,-1,,orkg_merged_ecsa_icsa.json_jsonpublicationloader_limit-1,['paper_class'],['research_level'],['first_research_object'],['second_research_object'],['validity'],['evidence'],False,False,R659055,https://sandbox.orkg.org,-1,orkg,merged_ecsa_icsa.json_jsonpublicationloader_limit-1,merged_ecsa_icsa.json,JsonPublicationLoader,-1,,4000,2,generation_kittoolbox_kit.minimax-m2.7-229b_tmpNone_maxt-1_reasoningNone,generation,kittoolbox_kit.minimax-m2.7-229b_tmpNone_maxt-1_reasoningNone,KitToolbox,kit.minimax-m2.7-229b,,-1,,"['(R870209:First Research Object 2, evaluation, R870210:Evaluation)', '(R870210:Evaluation, properties, R870213:Property)', '(R870213:Property, Name, L1523905:Quality in Use)']",What is the number of evaluation methods that have been used for the evaluation in 'Microservice Architecture in Reality: An Industrial Inquiry'?,"The paper contains one evaluation method, which is Interview.",['10.1109/ICSA.2019.00014'],,"['(R870212:Evaluation Method Entity, Name, L1523902:Interview)']",publication_subgraph_strategy,R870188,Microservice Architecture in Reality: An Industrial Inquiry,5,How many evaluation methods does the paper with the title '[Metadata: paper title]' have?
36,800d5973d1783ef79636e6d3632d4b8a,fcad33f8-09fc-4c67-a44a-495cf93be0c0,"

The property evaluated in the paper 'Monolith Migration Complexity Tuning Through the Application of Microservices Patterns' [1]:

- **Functional Suitability** [1]

[1] Source: From a Monolith to a Microservices Architecture: An Approach Based on Transactional Contexts, 10.1007/978-3-030-29983-5_3
",['Monolith Migration Complexity Tuning Through the Application of Microservices Patterns'],0.0,0.0,0.0,0.0,0.0,0.0,0.0,0.0,0.0,0.0,0.0,0.0,0.0,0.0,0.0,0.0,0.0,0.0,0.0,0.0,0.0,0.0,0.0,0.0,0.0,0.0,0.37,0.71,0.9,0.58,0.57,0.74,0.47,0.71,0.9,0.58,0.0,115.85813093185425,0.0,2270,0,0.0,,0,0.0,,,0.0,0.0,,0.0,0.0,https://wandb.ai/kastel-sdq-meta-research/experiment_baseline/r/call/01a05f37-26cf-7afa-b4df-2f3f7a089b90,retrieval_config,False,KitToolbox,kit.qwen3-embedding-8b,10,10,True,cosine,True,False,10,-1,8,False,False,1,False,-1,-1,False,,['R659055'],['Paper'],False,False,False,kg_retrieval,hublink,kittoolbox_kit.minimax-m2.7-229b_tmpNone_maxt-1_reasoningNone,KitToolbox,kit.minimax-m2.7-229b,,-1,,kittoolbox_kit.minimax-m2.7-229b_tmpNone_maxt-1_reasoningNone,KitToolbox,kit.minimax-m2.7-229b,,-1,,orkg_merged_ecsa_icsa.json_jsonpublicationloader_limit-1,['paper_class'],['research_level'],['first_research_object'],['second_research_object'],['validity'],['evidence'],False,False,R659055,https://sandbox.orkg.org,-1,orkg,merged_ecsa_icsa.json_jsonpublicationloader_limit-1,merged_ecsa_icsa.json,JsonPublicationLoader,-1,,4000,2,generation_kittoolbox_kit.minimax-m2.7-229b_tmpNone_maxt-1_reasoningNone,generation,kittoolbox_kit.minimax-m2.7-229b_tmpNone_maxt-1_reasoningNone,KitToolbox,kit.minimax-m2.7-229b,,-1,,"['(R871208:Evaluation, properties, R871211:Property)', '(R871212:Property, Name, L1525966:Functional Suitability)']",Which properties were evaluated in the paper with the title 'Monolith Migration Complexity Tuning Through the Application of Microservices Patterns'? Rank the properties in descending alphabetical order.,"The properties that were evaluated in the paper with the title 'Monolith Migration Complexity Tuning Through the Application of Microservices Patterns' are Satisfaction and Functional Suitability, ranked in descending alphabetical order.","['10.1007/978-3-030-58923-3_3', '10.1007/978-3-030-58923-3_3']",,"['(R872514:Property, Name, L1528664:Satisfaction)', '(R872512:Property, Name, L1528662:Functional Suitability)']",publication_subgraph_strategy,R659055,Software Architecture and Design,6,Which sub-properties were evaluated in the paper with the title '[Metadata: paper title]'? Rank them in descending alphabetical order.
37,800d5973d1783ef79636e6d3632d4b8a,973f39b3-53cf-43b7-83cd-3a411fe22898,"

The evaluated properties are:

- **Sub‑Property**  
- **Satisfaction**  

When sorted in descending alphabetical order, the ranking is:

1. Sub‑Property  
2. Satisfaction  

[1]

[1] Source: Data-Centric Communication and Containerization for Future Automotive Software Architectures, 10.1109/ICSA.2018.00016
",['Constructing a Shared Infrastructure for Software Architecture Analysis and Maintenance'],0.0,0.0,0.0,0.0,0.0,0.0,0.0,0.0,0.0,0.0,0.0,0.0,0.0,0.0,0.0,0.0,0.0,0.0,0.0,0.0,0.0,0.0,0.0,0.0,0.0,0.0,0.13,0.38,0.43,0.35,0.13,0.15,0.12,0.26,0.29,0.23,1.0,258.8113589286804,0.0,26188,0,0.0,,0,0.0,,,0.0,0.0,,0.0,0.0,https://wandb.ai/kastel-sdq-meta-research/experiment_baseline/r/call/01a05f38-e4ce-78d5-8e40-58ee5deb6375,retrieval_config,False,KitToolbox,kit.qwen3-embedding-8b,10,10,True,cosine,True,False,10,-1,8,False,False,1,False,-1,-1,False,,['R659055'],['Paper'],False,False,False,kg_retrieval,hublink,kittoolbox_kit.minimax-m2.7-229b_tmpNone_maxt-1_reasoningNone,KitToolbox,kit.minimax-m2.7-229b,,-1,,kittoolbox_kit.minimax-m2.7-229b_tmpNone_maxt-1_reasoningNone,KitToolbox,kit.minimax-m2.7-229b,,-1,,orkg_merged_ecsa_icsa.json_jsonpublicationloader_limit-1,['paper_class'],['research_level'],['first_research_object'],['second_research_object'],['validity'],['evidence'],False,False,R659055,https://sandbox.orkg.org,-1,orkg,merged_ecsa_icsa.json_jsonpublicationloader_limit-1,merged_ecsa_icsa.json,JsonPublicationLoader,-1,,4000,2,generation_kittoolbox_kit.minimax-m2.7-229b_tmpNone_maxt-1_reasoningNone,generation,kittoolbox_kit.minimax-m2.7-229b_tmpNone_maxt-1_reasoningNone,KitToolbox,kit.minimax-m2.7-229b,,-1,,"['(R872686:Property, Sub-Property, R872687:Property)', '(R872687:Property, Name, L1528975:Satisfaction)']",List the properties that have been evaluated in 'Constructing a Shared Infrastructure for Software Architecture Analysis and Maintenance'. Rank the properties in descending alphabetical order.,"The properties that have been evaluated in 'Constructing a Shared Infrastructure for Software Architecture Analysis and Maintenance', ranked in descending alphabetical order, are: usability and effectiveness.","['10.1109/ICSA51549.2021.00022', '10.1109/ICSA51549.2021.00022']",,"['(R871706:Property, Name, L1526976:Effectiveness)', '(R871708:Property, Name, L1526978:Usability)']",publication_subgraph_strategy,R871674,Constructing a Shared Infrastructure for Software Architecture Analysis and Maintenance,5,"Which sub-properties does the publication '[Metadata: paper title]' have, ranked in descending alphabetical order?"
38,800d5973d1783ef79636e6d3632d4b8a,aad55265-6344-4c2d-b45e-5bcaef64d0b0,"

The paper identifies the following threats to validity: **repeatability, external validity, internal validity, confirmability, and construct validity**. When these threats are listed in descending alphabetical order, they appear as:

1. **repeatability**  
2. **internal validity**  
3. **external validity**  
4. **construct validity**  
5. **confirmability**  

[1]

[1] Source: Continuous Integration Impediments in Large-Scale Industry Projects, 10.1109/ICSA.2017.11
",['Continuous Integration Impediments in Large-Scale Industry Projects'],1.0,1.0,0.589,0.95,0.5,1.0,0.6,1.0,0.75,0.88,0.67,1.0,0.8,0.91,0.6,1.0,0.75,0.88,0.67,1.0,0.8,0.91,0.6,0.667,0.6,0.667,0.13,0.49,0.43,0.56,0.28,0.24,0.32,0.38,0.33,0.44,1.0,156.58051919937134,0.0,73253,0,0.0,,0,0.0,,,0.0,0.0,,0.0,0.0,https://wandb.ai/kastel-sdq-meta-research/experiment_baseline/r/call/01a05f39-077f-76b7-ae0d-0b489c09e2b5,retrieval_config,False,KitToolbox,kit.qwen3-embedding-8b,10,10,True,cosine,True,False,10,-1,8,False,False,1,False,-1,-1,False,,['R659055'],['Paper'],False,False,False,kg_retrieval,hublink,kittoolbox_kit.minimax-m2.7-229b_tmpNone_maxt-1_reasoningNone,KitToolbox,kit.minimax-m2.7-229b,,-1,,kittoolbox_kit.minimax-m2.7-229b_tmpNone_maxt-1_reasoningNone,KitToolbox,kit.minimax-m2.7-229b,,-1,,orkg_merged_ecsa_icsa.json_jsonpublicationloader_limit-1,['paper_class'],['research_level'],['first_research_object'],['second_research_object'],['validity'],['evidence'],False,False,R659055,https://sandbox.orkg.org,-1,orkg,merged_ecsa_icsa.json_jsonpublicationloader_limit-1,merged_ecsa_icsa.json,JsonPublicationLoader,-1,,4000,2,generation_kittoolbox_kit.minimax-m2.7-229b_tmpNone_maxt-1_reasoningNone,generation,kittoolbox_kit.minimax-m2.7-229b_tmpNone_maxt-1_reasoningNone,KitToolbox,kit.minimax-m2.7-229b,,-1,,"['(R868602:Threat to Validity, repeatability, L1520442:False)', '(R868602:Threat to Validity, external validity, L1520444:True)', '(R868602:Threat to Validity, internal validity, L1520443:True)', '(R868602:Threat to Validity, confirmability, L1520445:False)', '(R868602:Threat to Validity, construct validity, L1520441:True)']",Which threats to validity does the paper with the title 'Continuous Integration Impediments in Large-Scale Industry Projects' discuss? Rank the threats to validity in descending alphabetical order.,"The threats to validity that the paper with the title 'Continuous Integration Impediments in Large-Scale Industry Projects' discusses, ranked in descending alphabetical order, are internal validity, external validity, and construct validity.","['10.1109/ICSA.2017.11', '10.1109/ICSA.2017.11', '10.1109/ICSA.2017.11']",,"['(R868602:Threat to Validity, construct validity, L1520441:True)', '(R868602:Threat to Validity, internal validity, L1520443:True)', '(R868602:Threat to Validity, external validity, L1520444:True)']",publication_subgraph_strategy,R659055,Software Architecture and Design,4,"Which threats to validity does the publication '[Metadata: paper title]' have, ranked in descending alphabetical order?"
39,800d5973d1783ef79636e6d3632d4b8a,df61b1b2-71e8-4dbc-8ba0-5c840d7d795c,"

The source indicates that the study does not enumerate any specific validity threats – it only notes that a guideline concerning threats to validity does not apply to the second validity dimension. Because no particular threats are listed, there is no basis for ranking them. [1]

[1] Source: Quantum Computing Platforms: Assessing the Impact on Quality Attributes and SDLC Activities, 10.1109/ICSA51549.2021.00016
",['Architectural Security Weaknesses in Industrial Control Systems (ICS) an Empirical Study Based on Disclosed Software Vulnerabilities'],0.0,0.0,0.0,0.0,0.0,0.0,0.0,0.0,0.0,0.0,0.0,0.0,0.0,0.0,0.0,0.0,0.0,0.0,0.0,0.0,0.0,0.0,0.0,0.0,0.0,0.0,0.02,0.2,0.18,0.24,0.03,0.02,0.03,0.13,0.11,0.15,0.0,186.052832365036,0.0,14680,0,0.0,,0,0.0,,,0.0,0.0,,0.0,0.0,https://wandb.ai/kastel-sdq-meta-research/experiment_baseline/r/call/01a05f39-2516-7318-b7ff-6c5249f5d53d,retrieval_config,False,KitToolbox,kit.qwen3-embedding-8b,10,10,True,cosine,True,False,10,-1,8,False,False,1,False,-1,-1,False,,['R659055'],['Paper'],False,False,False,kg_retrieval,hublink,kittoolbox_kit.minimax-m2.7-229b_tmpNone_maxt-1_reasoningNone,KitToolbox,kit.minimax-m2.7-229b,,-1,,kittoolbox_kit.minimax-m2.7-229b_tmpNone_maxt-1_reasoningNone,KitToolbox,kit.minimax-m2.7-229b,,-1,,orkg_merged_ecsa_icsa.json_jsonpublicationloader_limit-1,['paper_class'],['research_level'],['first_research_object'],['second_research_object'],['validity'],['evidence'],False,False,R659055,https://sandbox.orkg.org,-1,orkg,merged_ecsa_icsa.json_jsonpublicationloader_limit-1,merged_ecsa_icsa.json,JsonPublicationLoader,-1,,4000,2,generation_kittoolbox_kit.minimax-m2.7-229b_tmpNone_maxt-1_reasoningNone,generation,kittoolbox_kit.minimax-m2.7-229b_tmpNone_maxt-1_reasoningNone,KitToolbox,kit.minimax-m2.7-229b,,-1,,,Which validity threats are discussed in 'Architectural Security Weaknesses in Industrial Control Systems (ICS) an Empirical Study Based on Disclosed Software Vulnerabilities'? Rank them in reverse alphabetical order.,"The validity threats discussed in 'Architectural Security Weaknesses in Industrial Control Systems (ICS) an Empirical Study Based on Disclosed Software Vulnerabilities', ranked in reverse alphabetical order, are internal validity, external validity, and construct validity.","['10.1109/ICSA.2019.00012', '10.1109/ICSA.2019.00012', '10.1109/ICSA.2019.00012']",,"['(R870786:Threat to Validity, internal validity, L1525093:True)', '(R870786:Threat to Validity, external validity, L1525094:True)', '(R870786:Threat to Validity, construct validity, L1525091:True)']",publication_subgraph_strategy,R870753,Architectural Security Weaknesses in Industrial Control Systems (ICS) an Empirical Study Based on Disclosed Software Vulnerabilities,3,"Which threats to validity does the publication '[Metadata: paper title]' have, ranked in descending alphabetical order?"
40,800d5973d1783ef79636e6d3632d4b8a,90c11fd9-663f-4a90-ab34-29b7e67499f0,"

**Evaluation‑method comparison**

| Paper (title) | Evaluation method(s) reported |
|---------------|--------------------------------|
| *Model‑Based Analysis of Microservice Resiliency Patterns* | A dedicated, property‑based evaluation framework that targets the “Functional Suitability” property. The evaluation is presented as primary research (Research Level 2) and the concrete evidence comes from tool‑based support (Evidence 2); no replication package is provided. [2] |
| *Supporting Architectural Decision Making on Data Management in Microservice Architectures* | The work was evaluated using **Grounded Theory** (the first research object was assessed with the method list entity “Grounded Theory”). [1] |

**Interpretation**

- The first paper relies on a *property‑centric* assessment (focusing on Functional Suitability) supported by a specific tool, reflecting a quantitative, framework‑driven evaluation.
- The second paper employs a *qualitative* approach (Grounded Theory), indicating a more interpretive, theory‑building methodology.

Thus, the two studies use distinct evaluation strategies: one is a tool‑supported property‑based evaluation, while the other is a Grounded‑Theory‑based qualitative analysis. [1][2]

[1] Source: Supporting Architectural Decision Making on Data Management in Microservice Architectures, 10.1007/978-3-030-29983-5_2
[2] Source: Model-Based Analysis of Microservice Resiliency Patterns, 10.1109/ICSA47634.2020.00019
","['Model-Based Analysis of Microservice Resiliency Patterns', 'Supporting Architectural Decision Making on Data Management in Microservice Architectures']",0.0,0.5,0.0,0.0,0.0,0.0,0.0,0.0,0.0,0.0,0.0,0.0,0.0,0.0,0.07,0.5,0.12,0.22,0.11,0.5,0.18,0.29,0.0,0.0,0.067,0.111,0.06,0.4,0.3,0.6,0.17,0.13,0.26,0.28,0.21,0.42,1.0,288.9027581214905,0.0,27164,0,0.0,,0,0.0,,,0.0,0.0,,0.0,0.0,https://wandb.ai/kastel-sdq-meta-research/experiment_baseline/r/call/01a05f39-4097-7414-b0a5-25fcc06dbec5,retrieval_config,False,KitToolbox,kit.qwen3-embedding-8b,10,10,True,cosine,True,False,10,-1,8,False,False,1,False,-1,-1,False,,['R659055'],['Paper'],False,False,False,kg_retrieval,hublink,kittoolbox_kit.minimax-m2.7-229b_tmpNone_maxt-1_reasoningNone,KitToolbox,kit.minimax-m2.7-229b,,-1,,kittoolbox_kit.minimax-m2.7-229b_tmpNone_maxt-1_reasoningNone,KitToolbox,kit.minimax-m2.7-229b,,-1,,orkg_merged_ecsa_icsa.json_jsonpublicationloader_limit-1,['paper_class'],['research_level'],['first_research_object'],['second_research_object'],['validity'],['evidence'],False,False,R659055,https://sandbox.orkg.org,-1,orkg,merged_ecsa_icsa.json_jsonpublicationloader_limit-1,merged_ecsa_icsa.json,JsonPublicationLoader,-1,,4000,2,generation_kittoolbox_kit.minimax-m2.7-229b_tmpNone_maxt-1_reasoningNone,generation,kittoolbox_kit.minimax-m2.7-229b_tmpNone_maxt-1_reasoningNone,KitToolbox,kit.minimax-m2.7-229b,,-1,,"['(R869851:Model-Based Analysis of Microservice Resiliency Patterns, contribution, R869896:Evidence 2)', '(R869896:Evidence 2, Uses Tool Support, R869898:Tool Support)', '(R869898:Tool Support, used, L1523213:True)', '(R869851:Model-Based Analysis of Microservice Resiliency Patterns, contribution, R869879:Research Level 2)', '(R869879:Research Level 2, Primary Research, L1523197:True)', '(R869851:Model-Based Analysis of Microservice Resiliency Patterns, contribution, R869888:Second Research Object 2)', '(R869888:Second Research Object 2, evaluation, R869889:Evaluation)', '(R869889:Evaluation, properties, R869892:Property)', '(R869893:Property, Name, L1523205:Functional Suitability)', '(R869896:Evidence 2, Provides Replication Package, L1523208:False)', '(R872980:Supporting Architectural Decision Making on Data Management in Microservice Architectures, contribution, R873002:First Research Object 2)', '(R873002:First Research Object 2, evaluation, R873003:Evaluation)', '(R873003:Evaluation, Evaluation method, R873004:Evaluation Method List)', '(R873004:Evaluation Method List, Entity, R873005:Evaluation Method Entity)', '(R873005:Evaluation Method Entity, Name, L1529647:Grounded Theory)']",What are the evaluation methods used by the paper with the title 'Model-Based Analysis of Microservice Resiliency Patterns' compared to the evaluation methods applied in the paper with the title 'Supporting Architectural Decision Making on Data Management in Microservice Architectures'?,"The evaluation methods used by the paper with the title 'Model-Based Analysis of Microservice Resiliency Patterns' compared to the evaluation methods applied in the paper with the title 'Supporting Architectural Decision Making on Data Management in Microservice Architectures' are as follows: the paper 'Model-Based Analysis of Microservice Resiliency Patterns' uses Technical Experiment as its evaluation method, whereas the paper 'Supporting Architectural Decision Making on Data Management in Microservice Architectures' applies Grounded Theory as its evaluation method.","['10.1109/ICSA47634.2020.00019', '10.1007/978-3-030-29983-5_2']",,"['(R869891:Evaluation Method Entity, Name, L1523203:Technical Experiment)', '(R873005:Evaluation Method Entity, Name, L1529647:Grounded Theory)']",publication_subgraph_strategy,R659055,Software Architecture and Design,6,What are the names of the evaluation methods used by the paper with the title '[paper title 1]' compared to the methods applied in the paper with the title '[paper title 2]'?
41,800d5973d1783ef79636e6d3632d4b8a,a0a0cd4a-6ddc-470e-9d49-68bf90f4a0ec,"

The evaluation of **“A Blockchain‑Based Micro Economy Platform for Distributed Infrastructure Initiatives”** was carried out using a **Case‑Study** approach [1].  

For **“Integrating Statistical Response Time Models in Architectural Performance Models”** a concrete evaluation‑method name is not supplied, but the description of its evaluation process offers several distinctive characteristics:

* The first research object was evaluated **without a formal guideline** (“absence of a guideline”).  
* The evaluation **encompasses the property of “product quality.”**  
* **Validity 2** considerations are discussed, including a **threat to repeatability that is marked as false**.  
* The contribution includes **Evidence 2**, which uses **input data characterized by a null property and a false value** [2].

Because the second paper does not specify a named evaluation method (e.g., case study, experiment, survey, etc.), a direct methodological comparison is limited. What can be said is that the first study employs a clear, recognizable qualitative approach (case study), whereas the second study’s evaluation is described in terms of quality focus, validity considerations, and specific evidence attributes rather than a conventional method label.

[1] Source: A Blockchain-Based Micro Economy Platform for Distributed Infrastructure Initiatives, 10.1109/ICSA.2018.00010
[2] Source: Integrating Statistical Response Time Models in Architectural Performance Models, 10.1109/ICSA.2019.00016
","['A Blockchain-Based Micro Economy Platform for Distributed Infrastructure Initiatives', 'Integrating Statistical Response Time Models in Architectural Performance Models']",0.5,0.5,0.1,0.05,0.2,0.2,0.1,0.5,0.17,0.28,0.15,0.5,0.24,0.34,0.08,0.5,0.14,0.25,0.13,0.5,0.21,0.32,0.1,0.154,0.083,0.133,0.05,0.32,0.19,0.92,0.21,0.13,0.63,0.24,0.14,0.69,1.0,214.91977500915527,0.0,30304,0,0.0,,0,0.0,,,0.0,0.0,,0.0,0.0,https://wandb.ai/kastel-sdq-meta-research/experiment_baseline/r/call/01a05f3b-8b81-73f8-b611-ad0ef953c603,retrieval_config,False,KitToolbox,kit.qwen3-embedding-8b,10,10,True,cosine,True,False,10,-1,8,False,False,1,False,-1,-1,False,,['R659055'],['Paper'],False,False,False,kg_retrieval,hublink,kittoolbox_kit.minimax-m2.7-229b_tmpNone_maxt-1_reasoningNone,KitToolbox,kit.minimax-m2.7-229b,,-1,,kittoolbox_kit.minimax-m2.7-229b_tmpNone_maxt-1_reasoningNone,KitToolbox,kit.minimax-m2.7-229b,,-1,,orkg_merged_ecsa_icsa.json_jsonpublicationloader_limit-1,['paper_class'],['research_level'],['first_research_object'],['second_research_object'],['validity'],['evidence'],False,False,R659055,https://sandbox.orkg.org,-1,orkg,merged_ecsa_icsa.json_jsonpublicationloader_limit-1,merged_ecsa_icsa.json,JsonPublicationLoader,-1,,4000,2,generation_kittoolbox_kit.minimax-m2.7-229b_tmpNone_maxt-1_reasoningNone,generation,kittoolbox_kit.minimax-m2.7-229b_tmpNone_maxt-1_reasoningNone,KitToolbox,kit.minimax-m2.7-229b,,-1,,"['(R872215:First Research Object 2, evaluation, R872216:Evaluation)', '(R872216:Evaluation, Has Guideline, L1528031:False)', '(R872216:Evaluation, properties, R872219:Property)', '(R872219:Property, Name, L1528033:Product Quality)', '(R874710:Evaluation Method Entity, Name, L1533181:Case Study)', '(R872194:Integrating Statistical Response Time Models in Architectural Performance Models, contribution, R872226:Validity 2)', '(R872226:Validity 2, Referenced Threats to Validity Guideline, L1528047:False)', '(R872226:Validity 2, Threats To Validity, R872227:Threat to Validity)', '(R872227:Threat to Validity, repeatability, L1528043:False)', '(R872194:Integrating Statistical Response Time Models in Architectural Performance Models, contribution, R872223:Evidence 2)', '(R872223:Evidence 2, Uses Input Data, R872224:Input Data)', '(R872224:Input Data, None, L1528038:False)']",Compare the evaluation method used in 'A Blockchain-Based Micro Economy Platform for Distributed Infrastructure Initiatives' with the method used in 'Integrating Statistical Response Time Models in Architectural Performance Models'.,"The evaluation method used in 'A Blockchain-Based Micro Economy Platform for Distributed Infrastructure Initiatives' is 'Case Study', while the evaluation method used in 'Integrating Statistical Response Time Models in Architectural Performance Models' is 'Technical Experiment'.","['10.1109/ICSA.2018.00010', '10.1109/ICSA.2019.00016']",,"['(R874710:Evaluation Method Entity, Name, L1533181:Case Study)', '(R872218:Evaluation Method Entity, Name, L1528030:Technical Experiment)']",publication_subgraph_strategy,R659055,Software Architecture and Design,6,What evaluation methods does the paper [paper_title_1] use compared to the paper [paper_title_2]?
42,800d5973d1783ef79636e6d3632d4b8a,75d04db2-69b3-4f2e-b966-cc2e9ce0bf7d,"

The paper **“How Software Architects Focus Their Attention”** is classified as **Paper Class 2 (validation research)** [1].  

The paper **“Architecture‑Based Change Impact Analysis in Information Systems and Business Processes”** is not described with a *paper class* in the provided sources; instead, it is identified as **Research Level 2** and presented as **Evidence 2** [2]. Because the two classification schemes differ, a direct paper‑class comparison cannot be made—only the first paper’s paper class is explicitly reported as Paper Class 2, whereas the second paper’s classification is given in terms of research level and evidence rather than a paper class.

[1] Source: How Software Architects Focus Their Attention, 10.1007/978-3-030-86044-8_21
[2] Source: Architecture-Based Change Impact Analysis in Information Systems and Business Processes, 10.1109/ICSA.2017.17
","['How Software Architects Focus Their Attention', 'Architecture-Based Change Impact Analysis in Information Systems and Business Processes']",0.5,0.5,0.125,0.208,0.25,0.333,0.25,0.5,0.33,0.42,0.33,0.5,0.4,0.45,0.25,0.5,0.33,0.42,0.33,0.5,0.4,0.45,0.25,0.333,0.25,0.333,0.1,0.48,0.4,0.6,0.27,0.23,0.34,0.35,0.29,0.44,1.0,188.31916284561157,0.00042165,3742,0,0.0,,0,0.0,,,0.0,0.0,,0.0,0.0,https://wandb.ai/kastel-sdq-meta-research/experiment_baseline/r/call/01a05f3c-02ce-7106-93d5-6b12cff76ded,retrieval_config,False,KitToolbox,kit.qwen3-embedding-8b,10,10,True,cosine,True,False,10,-1,8,False,False,1,False,-1,-1,False,,['R659055'],['Paper'],False,False,False,kg_retrieval,hublink,kittoolbox_kit.minimax-m2.7-229b_tmpNone_maxt-1_reasoningNone,KitToolbox,kit.minimax-m2.7-229b,,-1,,kittoolbox_kit.minimax-m2.7-229b_tmpNone_maxt-1_reasoningNone,KitToolbox,kit.minimax-m2.7-229b,,-1,,orkg_merged_ecsa_icsa.json_jsonpublicationloader_limit-1,['paper_class'],['research_level'],['first_research_object'],['second_research_object'],['validity'],['evidence'],False,False,R659055,https://sandbox.orkg.org,-1,orkg,merged_ecsa_icsa.json_jsonpublicationloader_limit-1,merged_ecsa_icsa.json,JsonPublicationLoader,-1,,4000,2,generation_kittoolbox_kit.minimax-m2.7-229b_tmpNone_maxt-1_reasoningNone,generation,kittoolbox_kit.minimax-m2.7-229b_tmpNone_maxt-1_reasoningNone,KitToolbox,kit.minimax-m2.7-229b,,-1,,"['(R873418:Architecture-Based Change Impact Analysis in Information Systems and Business Processes, contribution, R873439:Research Level 2)', '(R873418:Architecture-Based Change Impact Analysis in Information Systems and Business Processes, contribution, R873449:Evidence 2)', '(R868485:How Software Architects Focus Their Attention, contribution, R868504:Paper Class 2)', '(R868504:Paper Class 2, validation research, L1520241:True)']",What paper class does the paper with the title 'How Software Architects Focus Their Attention' have compared to the paper with the title 'Architecture-Based Change Impact Analysis in Information Systems and Business Processes'?,"The paper class that the paper with the title 'How Software Architects Focus Their Attention' has compared to the paper with the title 'Architecture-Based Change Impact Analysis in Information Systems and Business Processes' is that 'How Software Architects Focus Their Attention' is classified as a validation research paper, while 'Architecture-Based Change Impact Analysis in Information Systems and Business Processes' is classified as an evaluation research paper.","['10.1007/978-3-030-86044-8_21', '10.1109/ICSA.2017.17']",,"['(R868504:Paper Class 2, validation research, L1520241:True)', '(R873438:Paper Class 2, evaluation research, L1530523:True)']",publication_subgraph_strategy,R659055,Software Architecture and Design,3,What paper class does the paper [paper_title_1] have compared to the paper [paper_title_2]?
43,800d5973d1783ef79636e6d3632d4b8a,08ba06c8-0d54-49cb-bde3-75d19b15260a,"

The paper ""From Monolithic Architecture Style to Microservice one Based on a Semi-Automatic Approach"" is classified as a **conference paper**, as it was presented at the International Conference on Software Architecture (ICSA) [1].

No information regarding the paper class of ""Enabling Consistency between Software Artefacts for Software Adaption and Evolution"" is provided in the available sources, so a comparison cannot be made [1].

[1] Source: From Monolithic Architecture Style to Microservice one Based on a Semi-Automatic Approach, 10.1109/ICSA47634.2020.00023
","['From Monolithic Architecture Style to Microservice one Based on a Semi-Automatic Approach', 'Enabling Consistency between Software Artefacts for Software Adaption and Evolution']",0.0,0.0,0.0,0.0,0.0,0.0,0.0,0.0,0.0,0.0,0.0,0.0,0.0,0.0,0.0,0.0,0.0,0.0,0.0,0.0,0.0,0.0,0.0,0.0,0.0,0.0,0.16,0.61,0.48,0.84,0.53,0.41,0.72,0.55,0.44,0.76,0.0,126.88475275039673,0.0012626999999999998,6556,0,0.0,,0,0.0,,,0.0,0.0,,0.0,0.0,https://wandb.ai/kastel-sdq-meta-research/experiment_baseline/r/call/01a05f3c-fece-78bf-84ac-ab50c42a7fbc,retrieval_config,False,KitToolbox,kit.qwen3-embedding-8b,10,10,True,cosine,True,False,10,-1,8,False,False,1,False,-1,-1,False,,['R659055'],['Paper'],False,False,False,kg_retrieval,hublink,kittoolbox_kit.minimax-m2.7-229b_tmpNone_maxt-1_reasoningNone,KitToolbox,kit.minimax-m2.7-229b,,-1,,kittoolbox_kit.minimax-m2.7-229b_tmpNone_maxt-1_reasoningNone,KitToolbox,kit.minimax-m2.7-229b,,-1,,orkg_merged_ecsa_icsa.json_jsonpublicationloader_limit-1,['paper_class'],['research_level'],['first_research_object'],['second_research_object'],['validity'],['evidence'],False,False,R659055,https://sandbox.orkg.org,-1,orkg,merged_ecsa_icsa.json_jsonpublicationloader_limit-1,merged_ecsa_icsa.json,JsonPublicationLoader,-1,,4000,2,generation_kittoolbox_kit.minimax-m2.7-229b_tmpNone_maxt-1_reasoningNone,generation,kittoolbox_kit.minimax-m2.7-229b_tmpNone_maxt-1_reasoningNone,KitToolbox,kit.minimax-m2.7-229b,,-1,,"['(R870521:From Monolithic Architecture Style to Microservice one Based on a Semi-Automatic Approach, venue, R820814:International Conference on Software Architecture (ICSA))']",What is the paper class of 'From Monolithic Architecture Style to Microservice one Based on a Semi-Automatic Approach' compared to 'Enabling Consistency between Software Artefacts for Software Adaption and Evolution'?,"The paper class of 'From Monolithic Architecture Style to Microservice One Based on a Semi-Automatic Approach' is evaluation research, which is the same as that of 'Enabling Consistency between Software Artefacts for Software Adaptation and Evolution'.","['10.1109/ICSA47634.2020.00023', '10.1109/ICSA51549.2021.00009']",,"['(R870540:Paper Class 2, evaluation research, L1524575:True)', '(R868721:Paper Class 2, evaluation research, L1520709:True)']",publication_subgraph_strategy,R659055,Software Architecture and Design,3,What paper class does the paper [paper_title_1] have compared to the paper [paper_title_2]?
44,800d5973d1783ef79636e6d3632d4b8a,fce381c2-0d49-4c12-95f3-45fcb19ef7be,"

António Silva appears as an author in at least two of the papers described in the source material.

* **“From a Monolith to a Microservices Architecture: An Approach Based on Transactional Contexts”** – published in **2019** – investigated **one research object** (the contribution is tied to “First Research Object 2”) [4].

* **“Monolith Migration Complexity Tuning Through the Application of Microservices Patterns”** – also involved **one research object** (“First Research Object 2”). However, the source material does not provide a publication year for this paper, so its research‑object count cannot be placed on a per‑year timeline [1].

The other papers mentioned in the sources (“Constructing a Shared Infrastructure for Software Architecture Analysis and Maintenance” and “Butterfly Space: An Architectural Approach for Investigating Performance Issues”) either list two research objects or discuss other contributions, but they do **not** mention António Silva or give publication years, and therefore cannot be included in a per‑year count for this author [2][3].

**Resulting per‑year breakdown for António Silva**

| Publication year | Research objects investigated |
|------------------|--------------------------------|
| 2019             | 1 (“First Research Object 2”) |
| Year not specified | 1 (“First Research Object 2”) (paper “Monolith Migration Complexity Tuning …”) |

No other years are documented for António Silva’s work, so the only confirmed yearly total is **one research object in 2019**.

[1] Source: Monolith Migration Complexity Tuning Through the Application of Microservices Patterns, 10.1007/978-3-030-58923-3_3
[2] Source: Constructing a Shared Infrastructure for Software Architecture Analysis and Maintenance, 10.1109/ICSA51549.2021.00022
[3] Source: Butterfly Space: An Architectural Approach for Investigating Performance Issues, 10.1109/ICSA47634.2020.00027
[4] Source: From a Monolith to a Microservices Architecture: An Approach Based on Transactional Contexts, 10.1007/978-3-030-29983-5_3
",['António Silva'],0.333,0.333,0.148,0.624,0.5,1.0,0.33,0.33,0.33,0.33,0.58,0.39,0.47,0.42,0.33,0.33,0.33,0.33,0.58,0.39,0.47,0.42,0.333,0.583,0.333,0.583,0.01,0.2,0.11,0.83,0.07,0.04,0.29,0.14,0.08,0.59,1.0,244.7591197490692,0.0,80315,0,0.0,,0,0.0,,,0.0,0.0,,0.0,0.0,https://wandb.ai/kastel-sdq-meta-research/experiment_baseline/r/call/01a05f3d-ecbd-7b0f-ab47-10a7b1949a6a,retrieval_config,False,KitToolbox,kit.qwen3-embedding-8b,10,10,True,cosine,True,False,10,-1,8,False,False,1,False,-1,-1,False,,['R659055'],['Paper'],False,False,False,kg_retrieval,hublink,kittoolbox_kit.minimax-m2.7-229b_tmpNone_maxt-1_reasoningNone,KitToolbox,kit.minimax-m2.7-229b,,-1,,kittoolbox_kit.minimax-m2.7-229b_tmpNone_maxt-1_reasoningNone,KitToolbox,kit.minimax-m2.7-229b,,-1,,orkg_merged_ecsa_icsa.json_jsonpublicationloader_limit-1,['paper_class'],['research_level'],['first_research_object'],['second_research_object'],['validity'],['evidence'],False,False,R659055,https://sandbox.orkg.org,-1,orkg,merged_ecsa_icsa.json_jsonpublicationloader_limit-1,merged_ecsa_icsa.json,JsonPublicationLoader,-1,,4000,2,generation_kittoolbox_kit.minimax-m2.7-229b_tmpNone_maxt-1_reasoningNone,generation,kittoolbox_kit.minimax-m2.7-229b_tmpNone_maxt-1_reasoningNone,KitToolbox,kit.minimax-m2.7-229b,,-1,,"['(R872484:Monolith Migration Complexity Tuning Through the Application of Microservices Patterns, authors, R872485:authors list)', '(R872485:authors list, has list element, L1528607:António Silva)', '(R871186:From a Monolith to a Microservices Architecture: An Approach Based on Transactional Contexts, authors, R871187:authors list)', '(R871187:authors list, has list element, L1525913:António Silva)', '(R873171:Butterfly Space: An Architectural Approach for Investigating Performance Issues, contribution, R873203:First Research Object 2)', '(R873171:Butterfly Space: An Architectural Approach for Investigating Performance Issues, contribution, R873214:Second Research Object 2)', '(R872484:Monolith Migration Complexity Tuning Through the Application of Microservices Patterns, contribution, R872507:First Research Object 2)', '(R871186:From a Monolith to a Microservices Architecture: An Approach Based on Transactional Contexts, contribution, R2156223:First Research Object 2)', '(R871186:From a Monolith to a Microservices Architecture: An Approach Based on Transactional Contexts, publication year, L1525914:2019)']",How many research objects did the author António Silva investigate in his papers per publication year?,The number of research objects that the author António Silva investigated in his papers per publication year is as follows: 2019: one research object; 2020: two research objects.,"['10.1007/978-3-030-29983-5_3', '10.1007/978-3-030-29983-5_3', '10.1007/978-3-030-29983-5_3', '10.1109/ICSA47634.2020.00024', '10.1109/ICSA47634.2020.00024', '10.1109/ICSA47634.2020.00024', '10.1007/978-3-030-58923-3_3', '10.1007/978-3-030-58923-3_3', '10.1007/978-3-030-58923-3_3']",,"['(R871187:authors list, has list element, L1525913:António Silva)', '(R871186:From a Monolith to a Microservices Architecture: An Approach Based on Transactional Contexts, publication year, L1525914:2019)', '(R871214:Research Object Entity, Name, L1525968:Architectural Aspects)', '(R874605:authors list, has list element, L1532957:António Silva)', '(R874604:A Complexity Metric for Microservices Architecture Migration, publication year, L1532958:2020)', '(R874632:Research Object Entity, Name, L1533010:Architecture Design Method)', '(R872485:authors list, has list element, L1528607:António Silva)', '(R872484:Monolith Migration Complexity Tuning Through the Application of Microservices Patterns, publication year, L1528608:2020)', '(R872516:Research Object Entity, Name, L1528666:Architecture Optimization Method)']",clustering_strategy,R659055,Software Architecture and Design,5,How many research objects did the author [Metadata: author name] investigate per year?
45,800d5973d1783ef79636e6d3632d4b8a,00fb2198-9f70-4176-bfa6-0db522a18bd4,"

The papers authored by Klym Shumaiev investigate **only one research object – “First Research Object 2.”** This object is reported in the 2018 publication *“An Expert Recommendation System for Design Decision Making: Who Should be Involved in Making a Design Decision?”* (see [1]). No additional research objects or publication years are identified in the available sources (see [2]). Consequently, while “First Research Object 2” appears in at least one of Shumaiev’s papers, the current information does not provide enough temporal data to determine how the research objects are distributed across different years.

[1] Source: An Expert Recommendation System for Design Decision Making: Who Should be Involved in Making a Design Decision?, 10.1109/ICSA.2018.00018
[2] Source: Automatic Extraction of Design Decisions from Issue Management Systems: A Machine Learning Based Approach, 10.1007/978-3-319-65831-5_10
",['Klym Shumaiev'],0.5,0.583,0.319,0.5,0.5,1.0,0.5,0.5,0.5,0.5,0.78,0.58,0.67,0.61,0.5,0.5,0.5,0.5,0.78,0.58,0.67,0.61,0.5,0.778,0.5,0.778,0.02,0.29,0.17,0.8,0.09,0.05,0.26,0.14,0.09,0.4,1.0,181.26498103141785,0.00214335,25646,0,0.0,,0,0.0,,,0.0,0.0,,0.0,0.0,https://wandb.ai/kastel-sdq-meta-research/experiment_baseline/r/call/01a05f3f-0f46-72cd-bdc0-72bab0ee0421,retrieval_config,False,KitToolbox,kit.qwen3-embedding-8b,10,10,True,cosine,True,False,10,-1,8,False,False,1,False,-1,-1,False,,['R659055'],['Paper'],False,False,False,kg_retrieval,hublink,kittoolbox_kit.minimax-m2.7-229b_tmpNone_maxt-1_reasoningNone,KitToolbox,kit.minimax-m2.7-229b,,-1,,kittoolbox_kit.minimax-m2.7-229b_tmpNone_maxt-1_reasoningNone,KitToolbox,kit.minimax-m2.7-229b,,-1,,orkg_merged_ecsa_icsa.json_jsonpublicationloader_limit-1,['paper_class'],['research_level'],['first_research_object'],['second_research_object'],['validity'],['evidence'],False,False,R659055,https://sandbox.orkg.org,-1,orkg,merged_ecsa_icsa.json_jsonpublicationloader_limit-1,merged_ecsa_icsa.json,JsonPublicationLoader,-1,,4000,2,generation_kittoolbox_kit.minimax-m2.7-229b_tmpNone_maxt-1_reasoningNone,generation,kittoolbox_kit.minimax-m2.7-229b_tmpNone_maxt-1_reasoningNone,KitToolbox,kit.minimax-m2.7-229b,,-1,,"['(R868745:Automatic Extraction of Design Decisions from Issue Management Systems: A Machine Learning Based Approach, authors, R868746:authors list)', '(R868746:authors list, has list element, L1520755:Klym Shumaiev)', '(R873899:authors list, has list element, L1531468:Klym Shumaiev)', '(R873898:An Expert Recommendation System for Design Decision Making: Who Should be Involved in Making a Design Decision?, publication year, L1531473:2018)', '(R873898:An Expert Recommendation System for Design Decision Making: Who Should be Involved in Making a Design Decision?, contribution, R873919:First Research Object 2)', '(R868745:Automatic Extraction of Design Decisions from Issue Management Systems: A Machine Learning Based Approach, contribution, R868766:First Research Object 2)']",How are the objects of research that have been investigated in papers published by Klym Shumaiev distributed per year?,The research objects investigated in papers published by Klym Shumaiev are distributed as one in 2017 and one in 2018.,"['10.1109/ICSA.2018.00018', '10.1109/ICSA.2018.00018', '10.1109/ICSA.2018.00018', '10.1007/978-3-319-65831-5_10', '10.1007/978-3-319-65831-5_10', '10.1007/978-3-319-65831-5_10']",,"['(R873899:authors list, has list element, L1531468:Klym Shumaiev)', '(R873898:An Expert Recommendation System for Design Decision Making: Who Should be Involved in Making a Design Decision?, publication year, L1531473:2018)', '(R873926:Research Object Entity, Name, L1531525:Architecture Decision Making)', '(R868746:authors list, has list element, L1520755:Klym Shumaiev)', '(R868745:Automatic Extraction of Design Decisions from Issue Management Systems: A Machine Learning Based Approach, publication year, L1520759:2017)', '(R868773:Research Object Entity, Name, L1520811:Architecture Analysis Method)']",clustering_strategy,R659055,Software Architecture and Design,5,What is the proportion of research objects that have been published by the author [Metadata: author name] per year?
46,800d5973d1783ef79636e6d3632d4b8a,2d90aff2-825e-4574-aad5-d1f643ffe7a3,"

**Publication‑year breakdown of evaluation methods used in papers authored (or co‑authored) by Mauro Caporuscio**

| Year | Number of evaluation methods | Evidence (source) |
|------|------------------------------|--------------------|
| **2018** | **1** – the *Case‑Study* method is the only evaluation method reported for the paper “Applying Architecture‑Based Adaptation to Automate the Management of Internet‑of‑Things.” | [2] |
| **2021** | **1** – the paper “Identifying Domain‑Based Cyclic Dependencies in Microservice APIs Using Source Code Detectors” uses a *Case‑Study* evaluation method. | [6] |
| **Year not specified** | **–** – several other publications appear in the supplied texts but no publication year is given, preventing a per‑year count: <br>• “Architectural Concerns for Digital Twin of the Organization” (Case‑Study) – [1] <br>• “Decentralized Architecture for Energy‑Aware Service Assembly” (examined Functional Suitability; not described as a formal evaluation method) – [4] <br>• “A Machine Learning Approach to Service Discovery for Microservice Architectures” (empirical evaluation of the research object was performed, covering properties such as accuracy and performance efficiency, but the exact number of distinct evaluation methods is not stated) – [7] |

**Summary**

- For the years for which information is available (2018 and 2021), Mauro Caporuscio’s papers each employ a single evaluation method (Case‑Study).  
- The remaining papers attributed to him are documented without a publication year, so they cannot be placed in a yearly breakdown.  

No other years (e.g., 2019, 2020) are mentioned in the sources, and no evaluation methods are reported for those years.

[1] Source: Architectural Concerns for Digital Twin of the Organization, 10.1007/978-3-030-58923-3_18
[2] Source: Applying Architecture-Based Adaptation to Automate the Management of Internet-of-Things, 10.1007/978-3-030-00761-4_4
[4] Source: Decentralized Architecture for Energy-Aware Service Assembly, 10.1007/978-3-030-58923-3_4
[6] Source: Identifying Domain-Based Cyclic Dependencies in Microservice APIs Using Source Code Detectors, 10.1007/978-3-030-86044-8_15
[7] Source: A Machine Learning Approach to Service Discovery for Microservice Architectures, 10.1007/978-3-030-86044-8_5
",['Mauro Caporuscio'],0.333,0.222,0.167,0.678,0.5,1.0,0.3,0.33,0.32,0.33,0.6,0.5,0.55,0.52,0.12,0.44,0.2,0.29,0.23,0.61,0.34,0.46,0.3,0.6,0.125,0.234,0.01,0.21,0.12,0.8,0.07,0.04,0.26,0.13,0.08,0.51,1.0,477.665322303772,0.0,22281,0,0.0,,0,0.0,,,0.0,0.0,,0.0,0.0,https://wandb.ai/kastel-sdq-meta-research/experiment_baseline/r/call/01a05f3f-40f4-7be2-b458-5635fd2b8525,retrieval_config,False,KitToolbox,kit.qwen3-embedding-8b,10,10,True,cosine,True,False,10,-1,8,False,False,1,False,-1,-1,False,,['R659055'],['Paper'],False,False,False,kg_retrieval,hublink,kittoolbox_kit.minimax-m2.7-229b_tmpNone_maxt-1_reasoningNone,KitToolbox,kit.minimax-m2.7-229b,,-1,,kittoolbox_kit.minimax-m2.7-229b_tmpNone_maxt-1_reasoningNone,KitToolbox,kit.minimax-m2.7-229b,,-1,,orkg_merged_ecsa_icsa.json_jsonpublicationloader_limit-1,['paper_class'],['research_level'],['first_research_object'],['second_research_object'],['validity'],['evidence'],False,False,R659055,https://sandbox.orkg.org,-1,orkg,merged_ecsa_icsa.json_jsonpublicationloader_limit-1,merged_ecsa_icsa.json,JsonPublicationLoader,-1,,4000,2,generation_kittoolbox_kit.minimax-m2.7-229b_tmpNone_maxt-1_reasoningNone,generation,kittoolbox_kit.minimax-m2.7-229b_tmpNone_maxt-1_reasoningNone,KitToolbox,kit.minimax-m2.7-229b,,-1,,"['(R869730:Architectural Concerns for Digital Twin of the Organization, authors, R869731:authors list)', '(R869731:authors list, has list element, L1522878:Mauro Caporuscio)', '(R869907:Decentralized Architecture for Energy-Aware Service Assembly, authors, R869908:authors list)', '(R869908:authors list, has list element, L1523243:Mauro Caporuscio)', '(R870227:A Machine Learning Approach to Service Discovery for Microservice Architectures, authors, R870228:authors list)', '(R870228:authors list, has list element, L1523935:Mauro Caporuscio)', '(R871896:Identifying Domain-Based Cyclic Dependencies in Microservice APIs Using Source Code Detectors, publication year, L1527352:2021)', '(R871631:Applying Architecture-Based Adaptation to Automate the Management of Internet-of-Things, publication year, L1526817:2018)', '(R869907:Decentralized Architecture for Energy-Aware Service Assembly, contribution, R869929:First Research Object 2)', '(R869929:First Research Object 2, evaluation, R869930:Evaluation)', '(R871922:Evaluation, Evaluation method, R871923:Evaluation Method List)', '(R871923:Evaluation Method List, Entity, R871924:Evaluation Method Entity)', '(R871924:Evaluation Method Entity, Name, L1527410:Case Study)', '(R870250:First Research Object 2, evaluation, R870251:Evaluation)', '(R870251:Evaluation, properties, R870256:Property)', '(R870257:Property, Name, L1523998:Accuracy)', '(R2156218:First Research Object 2, evaluation, R2156231:Evaluation)', '(R2156231:Evaluation, properties, R2156250:Property)', '(R2156253:Property, Name, L2809623:Accuracy)', '(R2156231:Evaluation, properties, R2156243:Property)', '(R2156245:Property, Name, L2809617:Performance efficiency)', '(R2156233:First Research Object 2, evaluation, R2156247:Evaluation)', '(R2156247:Evaluation, properties, R2156255:Property)', '(R2156256:Property, Name, L2809626:Performance efficiency)', '(R869930:Evaluation, properties, R869933:Property)', '(R869934:Property, Name, L1523301:Functional Suitability)', '(R869730:Architectural Concerns for Digital Twin of the Organization, contribution, R869753:First Research Object 2)', '(R869753:First Research Object 2, evaluation, R869754:Evaluation)', '(R871657:Evaluation Method Entity, Name, L1526868:Case Study)', '(R869754:Evaluation, Evaluation method, R869755:Evaluation Method List)', '(R869755:Evaluation Method List, Entity, R869756:Evaluation Method Entity)', '(R869756:Evaluation Method Entity, Name, L1522935:Case Study)']","For each publication year, what is the number of evaluation methods applied in papers published by the author Mauro Caporuscio?","The number of evaluation methods applied in papers published by the author Mauro Caporuscio for each publication year is as follows: in 2020, two evaluation methods were applied; in 2021, one evaluation method was applied.","['10.1007/978-3-030-58923-3_4', '10.1007/978-3-030-58923-3_4', '10.1007/978-3-030-58923-3_4', '10.1007/978-3-030-86044-8_5', '10.1007/978-3-030-86044-8_5', '10.1007/978-3-030-86044-8_5', '10.1007/978-3-030-58923-3_18', '10.1007/978-3-030-58923-3_18', '10.1007/978-3-030-58923-3_18']",,"['(R869908:authors list, has list element, L1523243:Mauro Caporuscio)', '(R869907:Decentralized Architecture for Energy-Aware Service Assembly, publication year, L1523247:2020)', '(R869932:Evaluation Method Entity, Name, L1523299:Technical Experiment)', '(R870228:authors list, has list element, L1523935:Mauro Caporuscio)', '(R870227:A Machine Learning Approach to Service Discovery for Microservice Architectures, publication year, L1523939:2021)', '(R870253:Evaluation Method Entity, Name, L1523994:Technical Experiment)', '(R869731:authors list, has list element, L1522878:Mauro Caporuscio)', '(R869730:Architectural Concerns for Digital Twin of the Organization, publication year, L1522884:2020)', '(R869756:Evaluation Method Entity, Name, L1522935:Case Study)']",clustering_strategy,R659055,Software Architecture and Design,6,What is the proportion of the evaluation methods that have been published by the author [Metadata: author name] per year?
47,800d5973d1783ef79636e6d3632d4b8a,ea232df6-7d5e-493e-802e-5aef7c93b2ac,"

From the sources examined, Danny Weyns authored at least two papers that contain evaluation approaches:

* In *Continuous Adaptation Management in Collective Intelligence Systems* the work’s first research object is evaluated using the property **“Quality in Use.”**【1】  
* In *Applying Architecture‑Based Adaptation to Automate the Management of Internet‑of‑Things* the evaluation of First Research Object 2 is reported, identified as an “Evaluation” that includes the property **“Product Quality.”**【2】

These two studies provide concrete examples of evaluation approaches used in Weyns’s research, but the texts do **not** supply any publication year information for the papers (or for any other works by Weyns). Consequently, while we can confirm that at least one evaluation approach has been applied in Weyns’s publications, the available information does not allow us to determine how many evaluation approaches were used in each year.

",['Danny Weyns'],0.333,0.417,0.167,0.5,0.5,1.0,0.22,0.33,0.27,0.3,0.5,0.5,0.5,0.5,0.22,0.33,0.27,0.3,0.5,0.5,0.5,0.5,0.222,0.5,0.222,0.5,0.02,0.2,0.11,0.7,0.06,0.04,0.23,0.13,0.08,0.48,0.0,315.30729699134827,0.0,33191,0,0.0,,0,0.0,,,0.0,0.0,,0.0,0.0,https://wandb.ai/kastel-sdq-meta-research/experiment_baseline/r/call/01a05f3f-6929-77b6-862e-de4df26f7c1c,retrieval_config,False,KitToolbox,kit.qwen3-embedding-8b,10,10,True,cosine,True,False,10,-1,8,False,False,1,False,-1,-1,False,,['R659055'],['Paper'],False,False,False,kg_retrieval,hublink,kittoolbox_kit.minimax-m2.7-229b_tmpNone_maxt-1_reasoningNone,KitToolbox,kit.minimax-m2.7-229b,,-1,,kittoolbox_kit.minimax-m2.7-229b_tmpNone_maxt-1_reasoningNone,KitToolbox,kit.minimax-m2.7-229b,,-1,,orkg_merged_ecsa_icsa.json_jsonpublicationloader_limit-1,['paper_class'],['research_level'],['first_research_object'],['second_research_object'],['validity'],['evidence'],False,False,R659055,https://sandbox.orkg.org,-1,orkg,merged_ecsa_icsa.json_jsonpublicationloader_limit-1,merged_ecsa_icsa.json,JsonPublicationLoader,-1,,4000,2,generation_kittoolbox_kit.minimax-m2.7-229b_tmpNone_maxt-1_reasoningNone,generation,kittoolbox_kit.minimax-m2.7-229b_tmpNone_maxt-1_reasoningNone,KitToolbox,kit.minimax-m2.7-229b,,-1,,"['(R869605:Continuous Adaptation Management in Collective Intelligence Systems, authors, R869606:authors list)', '(R869606:authors list, has list element, L1522603:Danny Weyns)', '(R871631:Applying Architecture-Based Adaptation to Automate the Management of Internet-of-Things, authors, R871632:authors list)', '(R871632:authors list, has list element, L1526813:Danny Weyns)', '(R871631:Applying Architecture-Based Adaptation to Automate the Management of Internet-of-Things, contribution, R871654:First Research Object 2)', '(R871654:First Research Object 2, evaluation, R871655:Evaluation)', '(R869628:First Research Object 2, evaluation, R869629:Evaluation)', '(R869629:Evaluation, properties, R869634:Property)', '(R869634:Property, Name, L1522665:Quality in Use)']","For each year, what is the number of evaluation approaches that have been applied in papers published by Danny Weyns?",The number of evaluation approaches that have been applied in papers published by Danny Weyns is one in 2018 and one in 2019.,"['10.1007/978-3-030-00761-4_4', '10.1007/978-3-030-00761-4_4', '10.1007/978-3-030-00761-4_4', '10.1007/978-3-030-29983-5_8', '10.1007/978-3-030-29983-5_8', '10.1007/978-3-030-29983-5_8']",,"['(R871632:authors list, has list element, L1526813:Danny Weyns)', '(R871631:Applying Architecture-Based Adaptation to Automate the Management of Internet-of-Things, publication year, L1526817:2018)', '(R871657:Evaluation Method Entity, Name, L1526868:Case Study)', '(R869606:authors list, has list element, L1522603:Danny Weyns)', '(R869605:Continuous Adaptation Management in Collective Intelligence Systems, publication year, L1522605:2019)', '(R869631:Evaluation Method Entity, Name, L1522660:Case Study)']",clustering_strategy,R659055,Software Architecture and Design,6,What is the proportion of the evaluation methods that have been published by the author [Metadata: author name] per year?
48,800d5973d1783ef79636e6d3632d4b8a,45fd4cfa-0734-4805-b703-9108057fe185,"

The paper that investigates the property **robustness** is **“Designing Robust Software Systems through Parametric Markov Chain Synthesis”** [1].

[1] Source: Designing Robust Software Systems through Parametric Markov Chain Synthesis, 10.1109/ICSA.2017.16
",[],1.0,1.0,0.25,0.125,0.25,0.25,0.25,1.0,0.4,0.62,0.33,1.0,0.5,0.71,0.25,1.0,0.4,0.62,0.33,1.0,0.5,0.71,0.25,0.333,0.25,0.333,0.26,0.78,0.89,0.7,0.62,0.71,0.55,0.59,0.67,0.52,1.0,247.50227737426758,0.0,31983,0,0.0,,0,0.0,,,0.0,0.0,,0.0,0.0,https://wandb.ai/kastel-sdq-meta-research/experiment_baseline/r/call/01a05f41-eb9f-7e37-9575-eb3a5d7b3240,retrieval_config,False,KitToolbox,kit.qwen3-embedding-8b,10,10,True,cosine,True,False,10,-1,8,False,False,1,False,-1,-1,False,,['R659055'],['Paper'],False,False,False,kg_retrieval,hublink,kittoolbox_kit.minimax-m2.7-229b_tmpNone_maxt-1_reasoningNone,KitToolbox,kit.minimax-m2.7-229b,,-1,,kittoolbox_kit.minimax-m2.7-229b_tmpNone_maxt-1_reasoningNone,KitToolbox,kit.minimax-m2.7-229b,,-1,,orkg_merged_ecsa_icsa.json_jsonpublicationloader_limit-1,['paper_class'],['research_level'],['first_research_object'],['second_research_object'],['validity'],['evidence'],False,False,R659055,https://sandbox.orkg.org,-1,orkg,merged_ecsa_icsa.json_jsonpublicationloader_limit-1,merged_ecsa_icsa.json,JsonPublicationLoader,-1,,4000,2,generation_kittoolbox_kit.minimax-m2.7-229b_tmpNone_maxt-1_reasoningNone,generation,kittoolbox_kit.minimax-m2.7-229b_tmpNone_maxt-1_reasoningNone,KitToolbox,kit.minimax-m2.7-229b,,-1,,"['(R868403:Designing Robust Software Systems through Parametric Markov Chain Synthesis, contribution, R868426:First Research Object 2)', '(R868426:First Research Object 2, evaluation, R868427:Evaluation)', '(R868427:Evaluation, properties, R868432:Property)', '(R868433:Property, Name, L1520081:Robustness)']",Which paper investigates the property robustness?,The paper with the title 'Designing Robust Software Systems through Parametric Markov Chain Synthesis' is the only paper that evaluates the property robustness.,['10.1109/ICSA.2017.16'],,"['(R868433:Property, Name, L1520081:Robustness)']",publication_subgraph_strategy,R868403,Designing Robust Software Systems through Parametric Markov Chain Synthesis,5,Which papers evaluate the sub-property with the name [Content Data: sub-property name]?
49,800d5973d1783ef79636e6d3632d4b8a,2187663c-dd71-43a1-aa61-14fefbf9bc53,No context has been found for the given question.,[],0.0,0.0,0.0,0.0,0.0,0.0,0.0,0.0,0.0,0.0,0.0,0.0,0.0,0.0,0.0,0.0,0.0,0.0,0.0,0.0,0.0,0.0,0.0,0.0,0.0,0.0,0.02,0.15,0.22,0.11,0.0,0.0,0.0,0.07,0.11,0.06,0.0,163.29858660697937,0.0,6793,0,0.0,,0,0.0,,,0.0,0.0,,0.0,0.0,https://wandb.ai/kastel-sdq-meta-research/experiment_baseline/r/call/01a05f42-1431-78de-8098-5b73d49865ba,retrieval_config,False,KitToolbox,kit.qwen3-embedding-8b,10,10,True,cosine,True,False,10,-1,8,False,False,1,False,-1,-1,False,,['R659055'],['Paper'],False,False,False,kg_retrieval,hublink,kittoolbox_kit.minimax-m2.7-229b_tmpNone_maxt-1_reasoningNone,KitToolbox,kit.minimax-m2.7-229b,,-1,,kittoolbox_kit.minimax-m2.7-229b_tmpNone_maxt-1_reasoningNone,KitToolbox,kit.minimax-m2.7-229b,,-1,,orkg_merged_ecsa_icsa.json_jsonpublicationloader_limit-1,['paper_class'],['research_level'],['first_research_object'],['second_research_object'],['validity'],['evidence'],False,False,R659055,https://sandbox.orkg.org,-1,orkg,merged_ecsa_icsa.json_jsonpublicationloader_limit-1,merged_ecsa_icsa.json,JsonPublicationLoader,-1,,4000,2,generation_kittoolbox_kit.minimax-m2.7-229b_tmpNone_maxt-1_reasoningNone,generation,kittoolbox_kit.minimax-m2.7-229b_tmpNone_maxt-1_reasoningNone,KitToolbox,kit.minimax-m2.7-229b,,-1,,,Which paper applies verification as a method in their evaluation?,The evaluation method Verification is applied in the paper titled 'Semantic Differencing for Message-Driven Component & Connector Architectures.',['10.1109/ICSA.2017.34'],,"['(R873154:Evaluation Method Entity, Name, L1529927:Verification)']",publication_subgraph_strategy,R873116,Semantic Differencing for Message-Driven Component & Connector Architectures,5,Which paper includes the evaluation method [Content Data: evaluation method name]?
50,800d5973d1783ef79636e6d3632d4b8a,6f38c463-5bcd-45c3-8bb7-c37ffef0f7fc,"

Based on the source provided, the only paper mentioned is **“COCOS: A Scalable Architecture for Containerized Heterogeneous Systems.”** However, the description in [1] does not indicate that a limit‑of‑detection evaluation is performed; it only notes an evaluation that includes “Product Quality.” Consequently, the limit of detection is not identified as being evaluated in any of the cited material.

[1] Source: COCOS: A Scalable Architecture for Containerized Heterogeneous Systems, 10.1109/ICSA47634.2020.00018
",[],0.0,0.0,0.0,0.0,0.0,0.0,0.0,0.0,0.0,0.0,0.0,0.0,0.0,0.0,0.0,0.0,0.0,0.0,0.0,0.0,0.0,0.0,0.0,0.0,0.0,0.0,0.06,0.32,0.22,0.62,0.13,0.08,0.25,0.25,0.17,0.48,0.0,178.16133642196655,0.0,9811,0,0.0,,0,0.0,,,0.0,0.0,,0.0,0.0,https://wandb.ai/kastel-sdq-meta-research/experiment_baseline/r/call/01a05f44-6ad8-74bf-b69a-7672cde811d5,retrieval_config,False,KitToolbox,kit.qwen3-embedding-8b,10,10,True,cosine,True,False,10,-1,8,False,False,1,False,-1,-1,False,,['R659055'],['Paper'],False,False,False,kg_retrieval,hublink,kittoolbox_kit.minimax-m2.7-229b_tmpNone_maxt-1_reasoningNone,KitToolbox,kit.minimax-m2.7-229b,,-1,,kittoolbox_kit.minimax-m2.7-229b_tmpNone_maxt-1_reasoningNone,KitToolbox,kit.minimax-m2.7-229b,,-1,,orkg_merged_ecsa_icsa.json_jsonpublicationloader_limit-1,['paper_class'],['research_level'],['first_research_object'],['second_research_object'],['validity'],['evidence'],False,False,R659055,https://sandbox.orkg.org,-1,orkg,merged_ecsa_icsa.json_jsonpublicationloader_limit-1,merged_ecsa_icsa.json,JsonPublicationLoader,-1,,4000,2,generation_kittoolbox_kit.minimax-m2.7-229b_tmpNone_maxt-1_reasoningNone,generation,kittoolbox_kit.minimax-m2.7-229b_tmpNone_maxt-1_reasoningNone,KitToolbox,kit.minimax-m2.7-229b,,-1,,,In which paper is the limit of detection evaluated?,The paper in which the limit of detection is evaluated is 'Supporting Architectural Decision Making on Data Management in Microservice Architectures.',['10.1007/978-3-030-29983-5_2'],,"['(R873008:Property, Name, L1529650:Limit of detection)']",publication_subgraph_strategy,R659055,Software Architecture and Design,6,Which paper includes the evaluation sub-property [Content Data: sub-property name]?
51,800d5973d1783ef79636e6d3632d4b8a,214b727e-0f2c-47c9-a05b-380312427489,"

The property **Recovery** is evaluated in the paper titled **“Butterfly Space: An Architectural Approach for Investigating Performance Issues”** [1].

[1] Source: Butterfly Space: An Architectural Approach for Investigating Performance Issues, 10.1109/ICSA47634.2020.00027
",[],1.0,1.0,0.25,0.125,0.25,0.25,0.25,1.0,0.4,0.62,0.33,1.0,0.5,0.71,0.25,1.0,0.4,0.62,0.33,1.0,0.5,0.71,0.25,0.333,0.25,0.333,0.36,0.94,0.89,1.0,0.88,0.83,0.94,0.94,0.89,1.0,1.0,266.6138243675232,0.0,12931,0,0.0,,0,0.0,,,0.0,0.0,,0.0,0.0,https://wandb.ai/kastel-sdq-meta-research/experiment_baseline/r/call/01a05f44-991e-72cd-a229-bc39b019c96d,retrieval_config,False,KitToolbox,kit.qwen3-embedding-8b,10,10,True,cosine,True,False,10,-1,8,False,False,1,False,-1,-1,False,,['R659055'],['Paper'],False,False,False,kg_retrieval,hublink,kittoolbox_kit.minimax-m2.7-229b_tmpNone_maxt-1_reasoningNone,KitToolbox,kit.minimax-m2.7-229b,,-1,,kittoolbox_kit.minimax-m2.7-229b_tmpNone_maxt-1_reasoningNone,KitToolbox,kit.minimax-m2.7-229b,,-1,,orkg_merged_ecsa_icsa.json_jsonpublicationloader_limit-1,['paper_class'],['research_level'],['first_research_object'],['second_research_object'],['validity'],['evidence'],False,False,R659055,https://sandbox.orkg.org,-1,orkg,merged_ecsa_icsa.json_jsonpublicationloader_limit-1,merged_ecsa_icsa.json,JsonPublicationLoader,-1,,4000,2,generation_kittoolbox_kit.minimax-m2.7-229b_tmpNone_maxt-1_reasoningNone,generation,kittoolbox_kit.minimax-m2.7-229b_tmpNone_maxt-1_reasoningNone,KitToolbox,kit.minimax-m2.7-229b,,-1,,"['(R873171:Butterfly Space: An Architectural Approach for Investigating Performance Issues, contribution, R873203:First Research Object 2)', '(R873203:First Research Object 2, evaluation, R873204:Evaluation)', '(R873204:Evaluation, properties, R873207:Property)', '(R873209:Property, Name, L1530038:Recovery)']",In which paper is the property Recovery evaluated?,The property Recovery is evaluated in the paper 'Butterfly Space: An Architectural Approach for Investigating Performance Issues.',['10.1109/ICSA47634.2020.00027'],,"['(R873209:Property, Name, L1530038:Recovery)']",publication_subgraph_strategy,R659055,Software Architecture and Design,6,Which paper includes the evaluation sub-property [Content Data: sub-property name]?
52,800d5973d1783ef79636e6d3632d4b8a,5bb01df5-bdda-4226-9abb-0508dd287db1,"

The papers that are identified in the source material as applying the evaluation method **Field Experiment** are:

- **“ACE: Easy Deployment of Field Optimization Experiments”** – cited in [1]  
- **“An Architecture for Decentralized, Collaborative, and Autonomous Robots”** – cited in [2]  
- **“Decision Models for Microservices: Design Areas, Stakeholders, Use Cases, and Requirements”** – cited in [3]

However, the information from other sources is contradictory. Sources [4] and [5] state that the supplied texts do not mention any paper that uses the Field Experiment evaluation method. This discrepancy means that while three papers are explicitly claimed to employ Field Experiment, the overall source material is not consistent on this point.

[1] Source: ACE: Easy Deployment of Field Optimization Experiments, 10.1007/978-3-030-29983-5_18
[2] Source: An Architecture for Decentralized, Collaborative, and Autonomous Robots, 10.1109/ICSA.2018.00017
[3] Source: Decision Models for Microservices: Design Areas, Stakeholders, Use Cases, and Requirements, 10.1007/978-3-319-65831-5_11
[4] Source: On Service-Orientation for Automotive Software, 10.1109/ICSA.2017.20
[5] Source: A Taxonomy of Blockchain-Based Systems for Architecture Design, 10.1109/ICSA.2017.33
",[],0.333,0.167,0.067,0.108,0.2,0.25,0.1,0.33,0.15,0.23,0.15,0.33,0.21,0.27,0.17,1.0,0.29,0.5,0.29,1.0,0.44,0.67,0.1,0.154,0.167,0.286,0.19,0.55,0.38,1.0,0.45,0.31,0.82,0.43,0.3,0.78,1.0,274.1967279911041,0.0,58667,0,0.0,,0,0.0,,,0.0,0.0,,0.0,0.0,https://wandb.ai/kastel-sdq-meta-research/experiment_baseline/r/call/01a05f45-d4a0-7002-a39c-66d27b29506f,retrieval_config,False,KitToolbox,kit.qwen3-embedding-8b,10,10,True,cosine,True,False,10,-1,8,False,False,1,False,-1,-1,False,,['R659055'],['Paper'],False,False,False,kg_retrieval,hublink,kittoolbox_kit.minimax-m2.7-229b_tmpNone_maxt-1_reasoningNone,KitToolbox,kit.minimax-m2.7-229b,,-1,,kittoolbox_kit.minimax-m2.7-229b_tmpNone_maxt-1_reasoningNone,KitToolbox,kit.minimax-m2.7-229b,,-1,,orkg_merged_ecsa_icsa.json_jsonpublicationloader_limit-1,['paper_class'],['research_level'],['first_research_object'],['second_research_object'],['validity'],['evidence'],False,False,R659055,https://sandbox.orkg.org,-1,orkg,merged_ecsa_icsa.json_jsonpublicationloader_limit-1,merged_ecsa_icsa.json,JsonPublicationLoader,-1,,4000,2,generation_kittoolbox_kit.minimax-m2.7-229b_tmpNone_maxt-1_reasoningNone,generation,kittoolbox_kit.minimax-m2.7-229b_tmpNone_maxt-1_reasoningNone,KitToolbox,kit.minimax-m2.7-229b,,-1,,"['(R869486:ACE: Easy Deployment of Field Optimization Experiments, contribution, R869507:First Research Object 2)', '(R869507:First Research Object 2, evaluation, R869508:Evaluation)', '(R869508:Evaluation, Evaluation method, R869509:Evaluation Method List)', '(R869509:Evaluation Method List, Entity, R869510:Evaluation Method Entity)', '(R869510:Evaluation Method Entity, Name, L1522395:Field Experiment)', '(R871523:An Architecture for Decentralized, Collaborative, and Autonomous Robots, contribution, R871554:First Research Object 2)', '(R871554:First Research Object 2, evaluation, R871565:Evaluation)', '(R871565:Evaluation, Evaluation method, R871566:Evaluation Method List)', '(R871566:Evaluation Method List, Entity, R871567:Evaluation Method Entity)', '(R869392:Decision Models for Microservices: Design Areas, Stakeholders, Use Cases, and Requirements, contribution, R869415:First Research Object 2)', '(R869415:First Research Object 2, evaluation, R869416:Evaluation)', '(R869416:Evaluation, Evaluation method, R869417:Evaluation Method List)', '(R869417:Evaluation Method List, Entity, R869418:Evaluation Method Entity)', '(R869418:Evaluation Method Entity, Name, L1522201:Field Experiment)', '(R871554:First Research Object 2, evaluation, R871555:Evaluation)', '(R871555:Evaluation, Evaluation method, R871556:Evaluation Method List)', '(R871556:Evaluation Method List, Entity, R871557:Evaluation Method Entity)', '(R871557:Evaluation Method Entity, Name, L1526667:Field Experiment)']",Which papers apply the evaluation method Field Experiment?,"The papers that apply the evaluation method Field Experiment are: 1. ACE: Easy Deployment of Field Optimization Experiments, 2. Decision Models for Microservices: Design Areas, Stakeholders, Use Cases, and Requirements, and 3. An Architecture for Decentralized, Collaborative, and Autonomous Robots.","['10.1007/978-3-030-29983-5_18', '10.1007/978-3-319-65831-5_11', '10.1109/ICSA.2018.00017']",,"['(R869510:Evaluation Method Entity, Name, L1522395:Field Experiment)', '(R869418:Evaluation Method Entity, Name, L1522201:Field Experiment)', '(R871557:Evaluation Method Entity, Name, L1526667:Field Experiment)']",clustering_strategy,R659055,Software Architecture and Design,6,Which papers apply the evaluation method with the name [Content Data: evaluation method name]?
53,800d5973d1783ef79636e6d3632d4b8a,bc1db099-d9e2-4833-aace-3d841e893500,No context has been found for the given question.,[],0.0,0.0,0.0,0.0,0.0,0.0,0.0,0.0,0.0,0.0,0.0,0.0,0.0,0.0,0.0,0.0,0.0,0.0,0.0,0.0,0.0,0.0,0.0,0.0,0.0,0.0,0.0,0.06,0.33,0.03,0.0,0.0,0.0,0.04,0.22,0.02,0.0,77.38508081436157,0.0,36486,0,0.0,,0,0.0,,,0.0,0.0,,0.0,0.0,https://wandb.ai/kastel-sdq-meta-research/experiment_baseline/r/call/01a05f46-d07a-772b-80ca-16e3ff4d178a,retrieval_config,False,KitToolbox,kit.qwen3-embedding-8b,10,10,True,cosine,True,False,10,-1,8,False,False,1,False,-1,-1,False,,['R659055'],['Paper'],False,False,False,kg_retrieval,hublink,kittoolbox_kit.minimax-m2.7-229b_tmpNone_maxt-1_reasoningNone,KitToolbox,kit.minimax-m2.7-229b,,-1,,kittoolbox_kit.minimax-m2.7-229b_tmpNone_maxt-1_reasoningNone,KitToolbox,kit.minimax-m2.7-229b,,-1,,orkg_merged_ecsa_icsa.json_jsonpublicationloader_limit-1,['paper_class'],['research_level'],['first_research_object'],['second_research_object'],['validity'],['evidence'],False,False,R659055,https://sandbox.orkg.org,-1,orkg,merged_ecsa_icsa.json_jsonpublicationloader_limit-1,merged_ecsa_icsa.json,JsonPublicationLoader,-1,,4000,2,generation_kittoolbox_kit.minimax-m2.7-229b_tmpNone_maxt-1_reasoningNone,generation,kittoolbox_kit.minimax-m2.7-229b_tmpNone_maxt-1_reasoningNone,KitToolbox,kit.minimax-m2.7-229b,,-1,,,Which papers use focus groups as a method in their evaluations?,"The papers that use focus groups as a method in their evaluations are: 1. Technical Architectures for Automotive Systems, 2. Architectural Assumptions and Their Management in Industry - An Exploratory Study, 3. An Exploratory Study of Naturalistic Decision Making in Complex Software Architecture Environments, 4. Continuous Architecture: Towards the Goldilocks Zone and Away from Vicious Circles, 5. On Cognitive Biases in Architecture Decision Making, 6. System- and Software-level Architecting Harmonization Practices for Systems-of-Systems: An exploratory case study on a long-running large-scale scientific instrument, 7. Understanding Architecture Decisions in Context.","['10.1109/ICSA47634.2020.00013', '10.1007/978-3-319-65831-5_14', '10.1007/978-3-030-29983-5_4', '10.1109/ICSA.2019.00022', '10.1007/978-3-319-65831-5_9', '10.1109/ICSA51549.2021.00010', '10.1007/978-3-030-00761-4_19']",,"['(R870973:Evaluation Method Entity, Name, L1525466:Focus Group)', '(R868634:Evaluation Method Entity, Name, L1520518:Focus Group)', '(R873799:Evaluation Method Entity, Name, L1531251:Focus Group)', '(R873977:Evaluation Method Entity, Name, L1531621:Focus Group)', '(R874243:Evaluation Method Entity, Name, L1532191:Focus Group)', '(R871508:Evaluation Method Entity, Name, L1526567:Focus Group)', '(R868683:Evaluation Method Entity, Name, L1520616:Focus Group)']",clustering_strategy,R659055,Software Architecture and Design,6,Which publications have the evaluation method [Content Data: evaluation method name]?
54,800d5973d1783ef79636e6d3632d4b8a,fc884d7c-e208-42e9-bc8a-41278fc275ca,"

**Papers that both evaluate the property **Security** and provide input data**

| Paper (as identified in the source texts) | Evidence of Security evaluation | Evidence of input‑data availability | Source |
|-------------------------------------------|----------------------------------|--------------------------------------|--------|
| **“A Blockchain‑Based Micro Economy Platform for Distributed Infrastructure Initiatives”** | The evaluation of **First Research Object 2** examined the **Security** property. | **Evidence 2** “uses Input Data” – the attribute “None” is set to *false* (i.e., input data are present). | [1] |
| **“Architectural Security Weaknesses in Industrial Control Systems (ICS) an Empirical Study Based on Disclosed Software Vulnerabilities”** | The study’s evaluation explicitly includes the property **Security** (the evaluation encompasses “various properties, including sub‑properties, with the property name designated as security”). | **Evidence 2** is associated with the “Uses Input Data” relation, indicating that input data are used. | [4] |
| **“Understanding Software Vulnerabilities Related to Architectural Security Tactics: An Empirical Investigation of Chromium, PHP and Thunderbird”** | The contribution’s **First Research Object 2** was evaluated, and the evaluation explicitly includes the **Security** property. | **Evidence 2** “examines the utilization of input data,” showing that input data are employed. | [5] |
| **“A Comparison of MQTT Brokers for Distributed IoT Edge Computing”** | The paper examines the **Security** property as part of its evaluation. | **Evidence 2** “uses input data,” confirming the presence of input data. | [7] |

These four papers are the only ones mentioned in the provided partial answers that meet **both** criteria: they evaluate the **Security** property and have **input data available** (as indicated by Evidence 2 “uses Input Data”).  

The other partial answers ([2], [3], [6], [8]) either discuss papers that evaluate different properties (e.g., Product Quality, Quality in Use) or report that input data are not marked as available, and therefore do not satisfy the query.

[1] Source: A Blockchain-Based Micro Economy Platform for Distributed Infrastructure Initiatives, 10.1109/ICSA.2018.00010
[2] Source: An Empirical Study of Architectural Decay in Open-Source Software, 10.1109/ICSA.2018.00027
[3] Source: System- and Software-level Architecting Harmonization Practices for Systems-of-Systems : An exploratory case study on a long-running large-scale scientific instrument, 10.1109/ICSA51549.2021.00010
[4] Source: Architectural Security Weaknesses in Industrial Control Systems (ICS) an Empirical Study Based on Disclosed Software Vulnerabilities, 10.1109/ICSA.2019.00012
[5] Source: Understanding Software Vulnerabilities Related to Architectural Security Tactics: An Empirical Investigation of Chromium, PHP and Thunderbird, 10.1109/ICSA.2017.39
[6] Source: An Exploratory Study on Architectural Knowledge in Issue Tracking Systems, 10.1007/978-3-030-86044-8_8
[7] Source: A Comparison of MQTT Brokers for Distributed IoT Edge Computing, 10.1007/978-3-030-58923-3_23
[8] Source: Architectural Concerns for Digital Twin of the Organization, 10.1007/978-3-030-58923-3_18
",[],0.25,0.25,0.031,0.016,0.125,0.125,0.1,0.25,0.14,0.19,0.13,0.25,0.17,0.21,0.07,0.5,0.12,0.22,0.15,0.75,0.26,0.42,0.1,0.133,0.069,0.154,0.06,0.24,0.14,0.97,0.21,0.12,0.85,0.23,0.13,0.93,1.0,308.51898431777954,0.0,50681,0,0.0,,0,0.0,,,0.0,0.0,,0.0,0.0,https://wandb.ai/kastel-sdq-meta-research/experiment_baseline/r/call/01a05f47-3229-76a8-95ac-7368aeddb4b1,retrieval_config,False,KitToolbox,kit.qwen3-embedding-8b,10,10,True,cosine,True,False,10,-1,8,False,False,1,False,-1,-1,False,,['R659055'],['Paper'],False,False,False,kg_retrieval,hublink,kittoolbox_kit.minimax-m2.7-229b_tmpNone_maxt-1_reasoningNone,KitToolbox,kit.minimax-m2.7-229b,,-1,,kittoolbox_kit.minimax-m2.7-229b_tmpNone_maxt-1_reasoningNone,KitToolbox,kit.minimax-m2.7-229b,,-1,,orkg_merged_ecsa_icsa.json_jsonpublicationloader_limit-1,['paper_class'],['research_level'],['first_research_object'],['second_research_object'],['validity'],['evidence'],False,False,R659055,https://sandbox.orkg.org,-1,orkg,merged_ecsa_icsa.json_jsonpublicationloader_limit-1,merged_ecsa_icsa.json,JsonPublicationLoader,-1,,4000,2,generation_kittoolbox_kit.minimax-m2.7-229b_tmpNone_maxt-1_reasoningNone,generation,kittoolbox_kit.minimax-m2.7-229b_tmpNone_maxt-1_reasoningNone,KitToolbox,kit.minimax-m2.7-229b,,-1,,"['(R874684:A Blockchain-Based Micro Economy Platform for Distributed Infrastructure Initiatives, contribution, R874707:First Research Object 2)', '(R874707:First Research Object 2, evaluation, R874708:Evaluation)', '(R874708:Evaluation, properties, R874711:Property)', '(R874713:Property, Name, L1533184:Security)', '(R873728:A Comparison of MQTT Brokers for Distributed IoT Edge Computing, contribution, R873753:First Research Object 2)', '(R873753:First Research Object 2, evaluation, R873754:Evaluation)', '(R873754:Evaluation, properties, R873757:Property)', '(R873760:Property, Name, L1531164:Security)', '(R870753:Architectural Security Weaknesses in Industrial Control Systems (ICS) an Empirical Study Based on Disclosed Software Vulnerabilities, contribution, R870774:First Research Object 2)', '(R870774:First Research Object 2, evaluation, R870775:Evaluation)', '(R870775:Evaluation, properties, R870778:Property)', '(R870779:Property, Name, L1525081:Security)', '(R872233:Understanding Software Vulnerabilities Related to Architectural Security Tactics: An Empirical Investigation of Chromium, PHP and Thunderbird, contribution, R872254:First Research Object 2)', '(R872254:First Research Object 2, evaluation, R872255:Evaluation)', '(R872255:Evaluation, properties, R872258:Property)', '(R872259:Property, Name, L1528119:Security)', '(R874684:A Blockchain-Based Micro Economy Platform for Distributed Infrastructure Initiatives, contribution, R874717:Evidence 2)', '(R874717:Evidence 2, Uses Input Data, R874718:Input Data)', '(R874718:Input Data, None, L1533191:False)', '(R870131:Evidence 2, Uses Input Data, R870132:Input Data)', '(R870753:Architectural Security Weaknesses in Industrial Control Systems (ICS) an Empirical Study Based on Disclosed Software Vulnerabilities, contribution, R870782:Evidence 2)', '(R870782:Evidence 2, Uses Input Data, R870783:Input Data)', '(R872233:Understanding Software Vulnerabilities Related to Architectural Security Tactics: An Empirical Investigation of Chromium, PHP and Thunderbird, contribution, R872262:Evidence 2)', '(R872262:Evidence 2, Uses Input Data, R872263:Input Data)', '(R873728:A Comparison of MQTT Brokers for Distributed IoT Edge Computing, contribution, R873765:Evidence 2)', '(R873765:Evidence 2, Uses Input Data, R873766:Input Data)', '(R870123:First Research Object 2, evaluation, R870124:Evaluation)', '(R870124:Evaluation, properties, R870127:Property)', '(R870127:Property, Name, L1523706:Product Quality)']",Which papers evaluate the property Security and have input data available?,"The publications that evaluate the property Security and have input data available are: 'Understanding Software Vulnerabilities Related to Architectural Security Tactics: An Empirical Investigation of Chromium, PHP and Thunderbird' and 'A Comparison of MQTT Brokers for Distributed IoT Edge Computing'.","['10.1109/ICSA.2017.39', '10.1109/ICSA.2017.39', '10.1007/978-3-030-58923-3_23', '10.1007/978-3-030-58923-3_23']",,"['(R872259:Property, Name, L1528119:Security)', '(R872263:Input Data, available, L1528123:True)', '(R873760:Property, Name, L1531164:Security)', '(R873766:Input Data, available, L1531170:True)']",clustering_strategy,R659055,Software Architecture and Design,6,Which publications evaluate the sub-property [sub property name] and have input data available?
55,800d5973d1783ef79636e6d3632d4b8a,ab14918e-f1a8-448e-81ed-9b45c89d93b6,"

The publications that both **evaluate the functional suitability of a reference architecture** and **make their input data openly available** are:

| Publication (title) | How it satisfies both criteria |
|----------------------|---------------------------------|
| **A Blockchain‑Based Micro Economy Platform for Distributed Infrastructure Initiatives** | Assesses the functional suitability of a reference architecture and its Evidence 2 explicitly “uses Input Data” with the “None” flag set to *false*, indicating that the input data are provided [1]. |
| **Unlimited Rulebook: a Reference Architecture for Economy Mechanics in Digital Games** | Evaluates functional suitability of a reference architecture and the associated Evidence 2 records that it “uses Input Data” with a *true* status, showing that the input data are available [2]. |
| **QoS‑Based Formation of Software Architectures in the Internet of Things** | Assesses functional suitability of a reference architecture and Evidence 2 indicates that it “uses Input Data” (marked *true*), meaning the data are supplied [4]. |
| **Towards a Reference Architecture for Cloud‑Based Plant Genotyping and Phenotyping Analysis Frameworks** | Performs functional‑suitability assessments (in both First Research Object 2 and Second Research Object 2) and its Evidence 2 states that it “uses Input Data” and the data are present (not null) [7]. |
| **Architecture‑Centric Support for Integrating Security Tools in a Security Orchestration Platform** | Examines functional suitability of a reference architecture and Evidence 2 shows that it “uses Input Data” with the input‑data field recorded as *not None (False)*, confirming that the data are made available [9]. |

All other publications mentioned in the source texts either perform a functional‑suitability assessment **without** providing the underlying input data, or they do not meet both criteria at all.

[1] Source: A Blockchain-Based Micro Economy Platform for Distributed Infrastructure Initiatives, 10.1109/ICSA.2018.00010
[2] Source: Unlimited Rulebook: a Reference Architecture for Economy Mechanics in Digital Games, 10.1109/ICSA47634.2020.00014
[4] Source: QoS-Based Formation of Software Architectures in the Internet of Things, 10.1007/978-3-030-29983-5_12
[7] Source: Towards a Reference Architecture for Cloud-Based Plant Genotyping and Phenotyping Analysis Frameworks, 10.1109/ICSA.2017.42
[9] Source: Architecture-Centric Support for Integrating Security Tools in a Security Orchestration Platform, 10.1007/978-3-030-58923-3_11
",[],0.0,0.0,0.0,0.0,0.0,0.0,0.0,0.0,0.0,0.0,0.0,0.0,0.0,0.0,0.04,0.33,0.07,0.13,0.08,0.42,0.14,0.23,0.0,0.0,0.039,0.081,0.05,0.22,0.13,0.87,0.18,0.1,0.71,0.22,0.12,0.85,1.0,912.2640135288239,0.0,61708,0,0.0,,0,0.0,,,0.0,0.0,,0.0,0.0,https://wandb.ai/kastel-sdq-meta-research/experiment_baseline/r/call/01a05f48-0686-7075-a5f3-cc316bf64282,retrieval_config,False,KitToolbox,kit.qwen3-embedding-8b,10,10,True,cosine,True,False,10,-1,8,False,False,1,False,-1,-1,False,,['R659055'],['Paper'],False,False,False,kg_retrieval,hublink,kittoolbox_kit.minimax-m2.7-229b_tmpNone_maxt-1_reasoningNone,KitToolbox,kit.minimax-m2.7-229b,,-1,,kittoolbox_kit.minimax-m2.7-229b_tmpNone_maxt-1_reasoningNone,KitToolbox,kit.minimax-m2.7-229b,,-1,,orkg_merged_ecsa_icsa.json_jsonpublicationloader_limit-1,['paper_class'],['research_level'],['first_research_object'],['second_research_object'],['validity'],['evidence'],False,False,R659055,https://sandbox.orkg.org,-1,orkg,merged_ecsa_icsa.json_jsonpublicationloader_limit-1,merged_ecsa_icsa.json,JsonPublicationLoader,-1,,4000,2,generation_kittoolbox_kit.minimax-m2.7-229b_tmpNone_maxt-1_reasoningNone,generation,kittoolbox_kit.minimax-m2.7-229b_tmpNone_maxt-1_reasoningNone,KitToolbox,kit.minimax-m2.7-229b,,-1,,"['(R869051:Unlimited Rulebook: a Reference Architecture for Economy Mechanics in Digital Games, contribution, R869079:First Research Object 2)', '(R869079:First Research Object 2, evaluation, R869087:Evaluation)', '(R869087:Evaluation, properties, R869090:Property)', '(R869091:Property, Name, L1521484:Functional Suitability)', '(R869525:QoS-Based Formation of Software Architectures in the Internet of Things, contribution, R869547:First Research Object 2)', '(R869547:First Research Object 2, evaluation, R869548:Evaluation)', '(R869548:Evaluation, properties, R869551:Property)', '(R869553:Property, Name, L1522483:Functional Suitability)', '(R874684:A Blockchain-Based Micro Economy Platform for Distributed Infrastructure Initiatives, contribution, R874707:First Research Object 2)', '(R874707:First Research Object 2, evaluation, R874708:Evaluation)', '(R874708:Evaluation, properties, R874711:Property)', '(R874711:Property, Sub-Property, R874714:Property)', '(R874714:Property, Name, L1533185:Functional Suitability)', '(R872527:Towards a Reference Architecture for Cloud-Based Plant Genotyping and Phenotyping Analysis Frameworks, contribution, R872580:Second Research Object 2)', '(R872580:Second Research Object 2, evaluation, R872581:Evaluation)', '(R872581:Evaluation, properties, R872584:Property)', '(R872584:Property, Sub-Property, R872585:Property)', '(R872585:Property, Name, L1528788:Functional Suitability)', '(R871383:Architecture-Centric Support for Integrating Security Tools in a Security Orchestration Platform, contribution, R871404:First Research Object 2)', '(R871404:First Research Object 2, evaluation, R871405:Evaluation)', '(R871405:Evaluation, properties, R871408:Property)', '(R871409:Property, Name, L1526368:Functional Suitability)', '(R872595:Research Object Entity, Name, L1528797:Reference Architecture)', '(R869093:Research Object Entity, Name, L1521486:Reference Architecture)', '(R871404:First Research Object 2, Object, R871410:Research Object List)', '(R871410:Research Object List, Entity, R871411:Research Object Entity)', '(R871411:Research Object Entity, Name, L1526370:Reference Architecture)', '(R874707:First Research Object 2, Object, R874715:Research Object List)', '(R874715:Research Object List, Entity, R874716:Research Object Entity)', '(R874716:Research Object Entity, Name, L1533187:Reference Architecture)', '(R874684:A Blockchain-Based Micro Economy Platform for Distributed Infrastructure Initiatives, contribution, R874717:Evidence 2)', '(R874717:Evidence 2, Uses Input Data, R874718:Input Data)', '(R874718:Input Data, None, L1533191:False)', '(R869525:QoS-Based Formation of Software Architectures in the Internet of Things, contribution, R869556:Evidence 2)', '(R869556:Evidence 2, Uses Input Data, R869557:Input Data)', '(R869557:Input Data, None, L1522489:True)', '(R872527:Towards a Reference Architecture for Cloud-Based Plant Genotyping and Phenotyping Analysis Frameworks, contribution, R872596:Evidence 2)', '(R872596:Evidence 2, Uses Input Data, R872597:Input Data)', '(R872597:Input Data, None, L1528801:False)', '(R869051:Unlimited Rulebook: a Reference Architecture for Economy Mechanics in Digital Games, contribution, R869094:Evidence 2)', '(R869094:Evidence 2, Uses Input Data, R869095:Input Data)', '(R869095:Input Data, None, L1521490:True)', '(R871383:Architecture-Centric Support for Integrating Security Tools in a Security Orchestration Platform, contribution, R871412:Evidence 2)', '(R871412:Evidence 2, Uses Input Data, R871413:Input Data)', '(R871413:Input Data, None, L1526374:False)', '(R872527:Towards a Reference Architecture for Cloud-Based Plant Genotyping and Phenotyping Analysis Frameworks, contribution, R872568:First Research Object 2)', '(R872568:First Research Object 2, evaluation, R872569:Evaluation)', '(R872569:Evaluation, properties, R872572:Property)', '(R872572:Property, Sub-Property, R872575:Property)', '(R872577:Property, Name, L1528783:Functional Suitability)', '(R874711:Property, Sub-Property, R874713:Property)']",Which publications assess the functional suitability of a reference architecture and make their input data available?,"The publications that assess the functional suitability of a reference architecture and make their input data available are 'An Architecture for Decentralized, Collaborative, and Autonomous Robots' and 'Architecture-Centric Support for Integrating Security Tools in a Security Orchestration Platform'.","['10.1109/ICSA.2018.00017', '10.1109/ICSA.2018.00017', '10.1109/ICSA.2018.00017', '10.1007/978-3-030-58923-3_11', '10.1007/978-3-030-58923-3_11', '10.1007/978-3-030-58923-3_11']",,"['(R871571:Research Object Entity, Name, L1526680:Reference Architecture)', '(R871561:Property, Name, L1526671:Functional Suitability)', '(R871573:Input Data, available, L1526682:True)', '(R871411:Research Object Entity, Name, L1526370:Reference Architecture)', '(R871409:Property, Name, L1526368:Functional Suitability)', '(R871413:Input Data, available, L1526372:True)']",clustering_strategy,R659055,Software Architecture and Design,6,Which publications evaluate the research object [Content Data: research object name] with the sub-property [Content Data: sub-property name] and have input data available?
56,800d5973d1783ef79636e6d3632d4b8a,e241a8f3-84f7-4189-9808-85e606369b6a,"

The six partial answers give contradictory information about how many papers evaluate the property **Reliability**:

* **[1]** – Reports that **0** papers evaluate Reliability.  
* **[2]** – States that **1** paper evaluates Reliability, specifically “Quality Evaluation of PaaS Cloud Application Design Using Generated Prototypes.”  
* **[3]** – States that **1** paper evaluates Reliability, specifically “An Architecture for Decentralized, Collaborative, and Autonomous Robots.”  
* **[4]** – States that **1** paper evaluates Reliability, specifically “A Platform Architecture for Multi‑Tenant Blockchain‑Based Systems.”  
* **[5]** – States that **1** paper evaluates Reliability, specifically “A Comparison of MQTT Brokers for Distributed IoT Edge Computing.”  
* **[6]** – States that **1** paper evaluates Reliability, specifically “An Architecture‑Driven Adaptation Approach for Big Data Cyber Security Analytics.”

Thus, five of the six sources claim that **one** paper evaluates Reliability, but each identifies a **different** paper. The remaining source **[1]** claims that **no** paper evaluates the property.

[1] Source: Model-Based Analysis of Microservice Resiliency Patterns, 10.1109/ICSA47634.2020.00019
[2] Source: Quality Evaluation of PaaS Cloud Application Design Using Generated Prototypes, 10.1109/ICSA.2017.43
[3] Source: An Architecture for Decentralized, Collaborative, and Autonomous Robots, 10.1109/ICSA.2018.00017
[4] Source: A Platform Architecture for Multi-Tenant Blockchain-Based Systems, 10.1109/ICSA.2019.00019
[5] Source: A Comparison of MQTT Brokers for Distributed IoT Edge Computing, 10.1007/978-3-030-58923-3_23
[6] Source: An Architecture-Driven Adaptation Approach for Big Data Cyber Security Analytics, 10.1109/ICSA.2019.00013
",[],0.2,0.1,0.025,0.013,0.125,0.125,0.1,0.2,0.13,0.17,0.13,0.2,0.16,0.18,0.14,0.6,0.23,0.37,0.19,0.6,0.29,0.42,0.1,0.133,0.143,0.194,0.01,0.09,0.05,0.78,0.04,0.02,0.38,0.08,0.04,0.67,0.0,516.4175896644592,0.0,10591,0,0.0,,0,0.0,,,0.0,0.0,,0.0,0.0,https://wandb.ai/kastel-sdq-meta-research/experiment_baseline/r/call/01a05f48-d37f-7054-8d5c-9f26ca07d691,retrieval_config,False,KitToolbox,kit.qwen3-embedding-8b,10,10,True,cosine,True,False,10,-1,8,False,False,1,False,-1,-1,False,,['R659055'],['Paper'],False,False,False,kg_retrieval,hublink,kittoolbox_kit.minimax-m2.7-229b_tmpNone_maxt-1_reasoningNone,KitToolbox,kit.minimax-m2.7-229b,,-1,,kittoolbox_kit.minimax-m2.7-229b_tmpNone_maxt-1_reasoningNone,KitToolbox,kit.minimax-m2.7-229b,,-1,,orkg_merged_ecsa_icsa.json_jsonpublicationloader_limit-1,['paper_class'],['research_level'],['first_research_object'],['second_research_object'],['validity'],['evidence'],False,False,R659055,https://sandbox.orkg.org,-1,orkg,merged_ecsa_icsa.json_jsonpublicationloader_limit-1,merged_ecsa_icsa.json,JsonPublicationLoader,-1,,4000,2,generation_kittoolbox_kit.minimax-m2.7-229b_tmpNone_maxt-1_reasoningNone,generation,kittoolbox_kit.minimax-m2.7-229b_tmpNone_maxt-1_reasoningNone,KitToolbox,kit.minimax-m2.7-229b,,-1,,"['(R870014:An Architecture-Driven Adaptation Approach for Big Data Cyber Security Analytics, contribution, R2156164:First Research Object 2)', '(R2156164:First Research Object 2, evaluation, R2156177:Evaluation)', '(R2156177:Evaluation, properties, R2156187:Property)', '(R2156195:Property, Name, L2809563:Reliability)', '(R873728:A Comparison of MQTT Brokers for Distributed IoT Edge Computing, contribution, R873753:First Research Object 2)', '(R873753:First Research Object 2, evaluation, R873754:Evaluation)', '(R873754:Evaluation, properties, R873757:Property)', '(R873759:Property, Name, L1531163:Reliability)', '(R871104:Quality Evaluation of PaaS Cloud Application Design Using Generated Prototypes, contribution, R2156196:First Research Object 2)', '(R2156196:First Research Object 2, evaluation, R2156209:Evaluation)', '(R2156209:Evaluation, properties, R2156220:Property)', '(R2156224:Property, Name, L2809597:Reliability)', '(R871726:A Platform Architecture for Multi-Tenant Blockchain-Based Systems, contribution, R871757:First Research Object 2)', '(R871757:First Research Object 2, evaluation, R871758:Evaluation)', '(R871758:Evaluation, properties, R871761:Property)', '(R871765:Property, Name, L1527091:Reliability)', '(R871523:An Architecture for Decentralized, Collaborative, and Autonomous Robots, contribution, R871554:First Research Object 2)', '(R871554:First Research Object 2, evaluation, R871555:Evaluation)', '(R871555:Evaluation, properties, R871560:Property)', '(R871563:Property, Name, L1526673:Reliability)', '(R871554:First Research Object 2, evaluation, R871565:Evaluation)']",How many papers evaluate the property Reliability?,There are five papers that evaluate the property Reliability.,"['10.1007/978-3-030-58923-3_23', '10.1109/ICSA.2018.00017', '10.1109/ICSA.2019.00019', '10.1109/ICSA.2017.43', '10.1109/ICSA.2019.00013']",,"['(R873759:Property, Name, L1531163:Reliability)', '(R871563:Property, Name, L1526673:Reliability)', '(R871765:Property, Name, L1527091:Reliability)', '(R871130:Property, Name, L1525789:Reliability)', '(R870044:Property, Name, L1523526:Reliability)']",clustering_strategy,R659055,Software Architecture and Design,6,How many papers evaluate the sub-property with the name [Content Data: sub-property name]?
57,800d5973d1783ef79636e6d3632d4b8a,137febde-0bb1-4b18-b5ca-c8e7a878c974,"

The provided sources consistently indicate that only **one** paper investigates the property **Security**【1】【2】【3】【4】【5】.

",[],0.167,0.417,0.017,0.01,0.1,0.1,0.1,0.17,0.12,0.15,0.14,0.17,0.15,0.16,0.25,0.83,0.38,0.57,0.33,0.83,0.48,0.64,0.1,0.143,0.25,0.333,0.04,0.42,0.28,0.83,0.36,0.24,0.8,0.42,0.28,0.83,1.0,497.1064176559448,0.0,17338,0,0.0,,0,0.0,,,0.0,0.0,,0.0,0.0,https://wandb.ai/kastel-sdq-meta-research/experiment_baseline/r/call/01a05f4a-4158-70d0-80c0-71c2168ef1d8,retrieval_config,False,KitToolbox,kit.qwen3-embedding-8b,10,10,True,cosine,True,False,10,-1,8,False,False,1,False,-1,-1,False,,['R659055'],['Paper'],False,False,False,kg_retrieval,hublink,kittoolbox_kit.minimax-m2.7-229b_tmpNone_maxt-1_reasoningNone,KitToolbox,kit.minimax-m2.7-229b,,-1,,kittoolbox_kit.minimax-m2.7-229b_tmpNone_maxt-1_reasoningNone,KitToolbox,kit.minimax-m2.7-229b,,-1,,orkg_merged_ecsa_icsa.json_jsonpublicationloader_limit-1,['paper_class'],['research_level'],['first_research_object'],['second_research_object'],['validity'],['evidence'],False,False,R659055,https://sandbox.orkg.org,-1,orkg,merged_ecsa_icsa.json_jsonpublicationloader_limit-1,merged_ecsa_icsa.json,JsonPublicationLoader,-1,,4000,2,generation_kittoolbox_kit.minimax-m2.7-229b_tmpNone_maxt-1_reasoningNone,generation,kittoolbox_kit.minimax-m2.7-229b_tmpNone_maxt-1_reasoningNone,KitToolbox,kit.minimax-m2.7-229b,,-1,,"['(R871726:A Platform Architecture for Multi-Tenant Blockchain-Based Systems, contribution, R871757:First Research Object 2)', '(R871757:First Research Object 2, evaluation, R871768:Evaluation)', '(R871768:Evaluation, properties, R871771:Property)', '(R870753:Architectural Security Weaknesses in Industrial Control Systems (ICS) an Empirical Study Based on Disclosed Software Vulnerabilities, contribution, R870774:First Research Object 2)', '(R870774:First Research Object 2, evaluation, R870775:Evaluation)', '(R870775:Evaluation, properties, R870778:Property)', '(R874684:A Blockchain-Based Micro Economy Platform for Distributed Infrastructure Initiatives, contribution, R874707:First Research Object 2)', '(R874707:First Research Object 2, evaluation, R874708:Evaluation)', '(R874708:Evaluation, properties, R874711:Property)', '(R874713:Property, Name, L1533184:Security)', '(R873728:A Comparison of MQTT Brokers for Distributed IoT Edge Computing, contribution, R873753:First Research Object 2)', '(R873753:First Research Object 2, evaluation, R873754:Evaluation)', '(R873754:Evaluation, properties, R873757:Property)', '(R873760:Property, Name, L1531164:Security)', '(R870779:Property, Name, L1525081:Security)', '(R872527:Towards a Reference Architecture for Cloud-Based Plant Genotyping and Phenotyping Analysis Frameworks, contribution, R872580:Second Research Object 2)', '(R872580:Second Research Object 2, evaluation, R872587:Evaluation)', '(R872587:Evaluation, properties, R872590:Property)', '(R872592:Property, Name, L1528794:Security)', '(R871764:Property, Name, L1527090:Security)']",What is the number of papers that investigate the property Security?,Six papers investigate the property Security.,"['10.1007/978-3-030-58923-3_23', '10.1109/ICSA.2017.39', '10.1109/ICSA.2019.00019', '10.1109/ICSA.2019.00012', '10.1109/ICSA.2018.00010', '10.1109/ICSA.2017.42']",,"['(R873760:Property, Name, L1531164:Security)', '(R872259:Property, Name, L1528119:Security)', '(R871764:Property, Name, L1527090:Security)', '(R870779:Property, Name, L1525081:Security)', '(R874713:Property, Name, L1533184:Security)', '(R872592:Property, Name, L1528794:Security)']",clustering_strategy,R659055,Software Architecture and Design,6,How many publications have the evaluation sub-property [Content Data: sub-property name]?
58,800d5973d1783ef79636e6d3632d4b8a,5a13eb06-0414-46ed-9a8b-d0bfd0c62097,"

The texts show that a number of studies treat repeatability as a threat to validity, but none of those papers mention the use of interviews in their evaluation. Because no interview‑based evaluations are reported for any of the repeatability‑related papers, the count of papers that both discuss repeatability as a validity threat **and** employ interviews is **zero** [1][2][3][4][5][6][7][8][9].

[1] Source: Data-Driven Software Architecture for Analyzing Confidentiality, 10.1109/ICSA.2019.00009
[2] Source: Automated Microservice Identification in Legacy Systems with Functional and Non-Functional Metrics, 10.1109/ICSA47634.2020.00021
[3] Source: A Machine Learning Approach to Service Discovery for Microservice Architectures, 10.1007/978-3-030-86044-8_5
[4] Source: An Architecture-Driven Adaptation Approach for Big Data Cyber Security Analytics, 10.1109/ICSA.2019.00013
[5] Source: Automatic Extraction of Design Decisions from Issue Management Systems: A Machine Learning Based Approach, 10.1007/978-3-319-65831-5_10
[6] Source: Component-Based Refinement and Verification of Information-Flow Security Policies for Cyber-Physical Microservice Architectures, 10.1109/ICSA.2019.00015
[7] Source: Data Stream Operations as First-Class Entities in Component-Based Performance Models, 10.1007/978-3-030-58923-3_10
[8] Source: Modeling of Parametric Dependencies for Performance Prediction of Component-Based Software Systems at Run-Time, 10.1109/ICSA.2018.00023
[9] Source: Enforcing Architectural Security Decisions, 10.1109/ICSA47634.2020.00012
",[],0.0,0.0,0.0,0.0,0.0,0.0,0.0,0.0,0.0,0.0,0.0,0.0,0.0,0.0,0.0,0.0,0.0,0.0,0.0,0.0,0.0,0.0,0.0,0.0,0.0,0.0,0.07,0.33,0.21,0.78,0.17,0.1,0.41,0.23,0.15,0.56,1.0,710.6862058639526,0.0,1957,0,0.0,,0,0.0,,,0.0,0.0,,0.0,0.0,https://wandb.ai/kastel-sdq-meta-research/experiment_baseline/r/call/01a05f51-faa0-7962-b543-01f1f79b5407,retrieval_config,False,KitToolbox,kit.qwen3-embedding-8b,10,10,True,cosine,True,False,10,-1,8,False,False,1,False,-1,-1,False,,['R659055'],['Paper'],False,False,False,kg_retrieval,hublink,kittoolbox_kit.minimax-m2.7-229b_tmpNone_maxt-1_reasoningNone,KitToolbox,kit.minimax-m2.7-229b,,-1,,kittoolbox_kit.minimax-m2.7-229b_tmpNone_maxt-1_reasoningNone,KitToolbox,kit.minimax-m2.7-229b,,-1,,orkg_merged_ecsa_icsa.json_jsonpublicationloader_limit-1,['paper_class'],['research_level'],['first_research_object'],['second_research_object'],['validity'],['evidence'],False,False,R659055,https://sandbox.orkg.org,-1,orkg,merged_ecsa_icsa.json_jsonpublicationloader_limit-1,merged_ecsa_icsa.json,JsonPublicationLoader,-1,,4000,2,generation_kittoolbox_kit.minimax-m2.7-229b_tmpNone_maxt-1_reasoningNone,generation,kittoolbox_kit.minimax-m2.7-229b_tmpNone_maxt-1_reasoningNone,KitToolbox,kit.minimax-m2.7-229b,,-1,,"['(R872313:Threat to Validity, repeatability, L1528226:False)', '(R868446:Automated Microservice Identification in Legacy Systems with Functional and Non-Functional Metrics, contribution, R868478:Validity 2)', '(R868478:Validity 2, Threats To Validity, R868479:Threat to Validity)', '(R868479:Threat to Validity, repeatability, L1520179:False)', '(R868325:Component-Based Refinement and Verification of Information-Flow Security Policies for Cyber-Physical Microservice Architectures, contribution, R868357:Validity 2)', '(R868357:Validity 2, Threats To Validity, R868358:Threat to Validity)', '(R868358:Threat to Validity, repeatability, L1519912:True)', '(R873653:Data-Driven Software Architecture for Analyzing Confidentiality, contribution, R873693:Validity 2)', '(R873693:Validity 2, Threats To Validity, R873694:Threat to Validity)', '(R873694:Threat to Validity, repeatability, L1531026:True)', '(R870227:A Machine Learning Approach to Service Discovery for Microservice Architectures, contribution, R870263:Validity 2)', '(R870263:Validity 2, Threats To Validity, R870264:Threat to Validity)', '(R870264:Threat to Validity, repeatability, L1524010:False)', '(R870014:An Architecture-Driven Adaptation Approach for Big Data Cyber Security Analytics, contribution, R870052:Validity 2)', '(R870052:Validity 2, Threats To Validity, R870053:Threat to Validity)', '(R870053:Threat to Validity, repeatability, L1523539:False)', '(R872878:Enforcing Architectural Security Decisions, contribution, R872914:Validity 2)', '(R872914:Validity 2, Threats To Validity, R872915:Threat to Validity)', '(R872915:Threat to Validity, repeatability, L1529453:True)', '(R868745:Automatic Extraction of Design Decisions from Issue Management Systems: A Machine Learning Based Approach, contribution, R868777:Validity 2)', '(R868777:Validity 2, Threats To Validity, R868778:Threat to Validity)', '(R868778:Threat to Validity, repeatability, L1520820:False)', '(R874767:Threat to Validity, repeatability, L1533301:False)']",How many papers that discuss repeatability as a validity threat use interviews in their evaluation?,There are three papers that discuss repeatability as a threat to validity and apply the evaluation method interviews.,"['10.1109/ICSA51549.2021.00010', '10.1109/ICSA51549.2021.00010', '10.1109/ICSA51549.2021.00013', '10.1109/ICSA51549.2021.00013', '10.1007/978-3-030-00761-4_17', '10.1007/978-3-030-00761-4_17']",,"['(R874254:Threat to Validity, repeatability, L1532206:True)', '(R874237:Evaluation Method Entity, Name, L1532186:Interview)', '(R869347:Threat to Validity, repeatability, L1522043:True)', '(R869337:Evaluation Method Entity, Name, L1522029:Interview)', '(R873334:Threat to Validity, repeatability, L1530285:True)', '(R873325:Evaluation Method Entity, Name, L1530272:Interview)']",clustering_strategy,R659055,Software Architecture and Design,6,"How many papers, that discuss the [Content Data: threat to validity] as a threat to validity, apply [Content Data: evaluation method name] as a evaluation method?"
59,800d5973d1783ef79636e6d3632d4b8a,fd0f5f35-4f48-4c58-b5ec-175c572ebc85,No context has been found for the given question.,[],0.0,0.0,0.0,0.0,0.0,0.0,0.0,0.0,0.0,0.0,0.0,0.0,0.0,0.0,0.0,0.0,0.0,0.0,0.0,0.0,0.0,0.0,0.0,0.0,0.0,0.0,0.01,0.13,0.22,0.09,0.0,0.0,0.0,0.06,0.11,0.05,0.0,178.64950466156006,0.0,0,0,0.0,,0,0.0,,,0.0,0.0,,0.0,0.0,https://wandb.ai/kastel-sdq-meta-research/experiment_baseline/r/call/01a05f5c-2f4c-733f-ac12-b38b2c4cb56c,retrieval_config,False,KitToolbox,kit.qwen3-embedding-8b,10,10,True,cosine,True,False,10,-1,8,False,False,1,False,-1,-1,False,,['R659055'],['Paper'],False,False,False,kg_retrieval,hublink,kittoolbox_kit.minimax-m2.7-229b_tmpNone_maxt-1_reasoningNone,KitToolbox,kit.minimax-m2.7-229b,,-1,,kittoolbox_kit.minimax-m2.7-229b_tmpNone_maxt-1_reasoningNone,KitToolbox,kit.minimax-m2.7-229b,,-1,,orkg_merged_ecsa_icsa.json_jsonpublicationloader_limit-1,['paper_class'],['research_level'],['first_research_object'],['second_research_object'],['validity'],['evidence'],False,False,R659055,https://sandbox.orkg.org,-1,orkg,merged_ecsa_icsa.json_jsonpublicationloader_limit-1,merged_ecsa_icsa.json,JsonPublicationLoader,-1,,4000,2,generation_kittoolbox_kit.minimax-m2.7-229b_tmpNone_maxt-1_reasoningNone,generation,kittoolbox_kit.minimax-m2.7-229b_tmpNone_maxt-1_reasoningNone,KitToolbox,kit.minimax-m2.7-229b,,-1,,,In how many publications is confirmability identified as a validity threat while focus groups are employed for evaluation?,The number of publications in which confirmability is identified as a validity threat while focus groups are employed for evaluation is two.,"['10.1007/978-3-319-65831-5_14', '10.1007/978-3-319-65831-5_14', '10.1007/978-3-030-29983-5_4', '10.1007/978-3-030-29983-5_4']",,"['(R868692:Threat to Validity, confirmability, L1520632:True)', '(R868683:Evaluation Method Entity, Name, L1520616:Focus Group)', '(R873986:Threat to Validity, confirmability, L1531637:True)', '(R873977:Evaluation Method Entity, Name, L1531621:Focus Group)']",clustering_strategy,R659055,Software Architecture and Design,6,"How many papers, that discuss the [Content Data: threat to validity] as a threat to validity, apply [Content Data: evaluation method name] as a evaluation method?"
60,800d5973d1783ef79636e6d3632d4b8a,69e09835-46f3-4c0f-a8d4-41534fa28e48,"

**Papers that apply the “Field Experiment” evaluation method**

| Paper (title) | Publication year | Source |
|---------------|------------------|--------|
| ACE: Easy Deployment of Field Optimization Experiments | 2019 | [2] |
| An Architecture for Decentralized, Collaborative, and Autonomous Robots | 2018 | [3] |
| Decision Models for Microservices: Design Areas, Stakeholders, Use Cases, and Requirements | *Not provided* | [1] |

**Ranking in descending order of publication year**

1. **ACE: Easy Deployment of Field Optimization Experiments** – 2019 【2】  
2. **An Architecture for Decentralized, Collaborative, and Autonomous Robots** – 2018 【3】  
3. **Decision Models for Microservices: …** – publication year not available, therefore cannot be placed in the ordered ranking 【1】.

[1] Source: Decision Models for Microservices: Design Areas, Stakeholders, Use Cases, and Requirements, 10.1007/978-3-319-65831-5_11
[2] Source: ACE: Easy Deployment of Field Optimization Experiments, 10.1007/978-3-030-29983-5_18
[3] Source: An Architecture for Decentralized, Collaborative, and Autonomous Robots, 10.1109/ICSA.2018.00017
",[],0.333,0.333,0.067,0.392,0.2,1.0,0.2,0.33,0.25,0.29,0.5,0.5,0.5,0.5,0.24,0.67,0.35,0.49,0.5,0.83,0.62,0.74,0.2,0.5,0.235,0.5,0.23,0.67,0.52,0.94,0.55,0.43,0.78,0.55,0.42,0.76,1.0,281.2793469429016,0.0,42386,0,0.0,,0,0.0,,,0.0,0.0,,0.0,0.0,https://wandb.ai/kastel-sdq-meta-research/experiment_baseline/r/call/01a05f5d-1123-78cc-b6e8-7066334a0ce8,retrieval_config,False,KitToolbox,kit.qwen3-embedding-8b,10,10,True,cosine,True,False,10,-1,8,False,False,1,False,-1,-1,False,,['R659055'],['Paper'],False,False,False,kg_retrieval,hublink,kittoolbox_kit.minimax-m2.7-229b_tmpNone_maxt-1_reasoningNone,KitToolbox,kit.minimax-m2.7-229b,,-1,,kittoolbox_kit.minimax-m2.7-229b_tmpNone_maxt-1_reasoningNone,KitToolbox,kit.minimax-m2.7-229b,,-1,,orkg_merged_ecsa_icsa.json_jsonpublicationloader_limit-1,['paper_class'],['research_level'],['first_research_object'],['second_research_object'],['validity'],['evidence'],False,False,R659055,https://sandbox.orkg.org,-1,orkg,merged_ecsa_icsa.json_jsonpublicationloader_limit-1,merged_ecsa_icsa.json,JsonPublicationLoader,-1,,4000,2,generation_kittoolbox_kit.minimax-m2.7-229b_tmpNone_maxt-1_reasoningNone,generation,kittoolbox_kit.minimax-m2.7-229b_tmpNone_maxt-1_reasoningNone,KitToolbox,kit.minimax-m2.7-229b,,-1,,"['(R869486:ACE: Easy Deployment of Field Optimization Experiments, contribution, R869507:First Research Object 2)', '(R869507:First Research Object 2, evaluation, R869508:Evaluation)', '(R869508:Evaluation, Evaluation method, R869509:Evaluation Method List)', '(R869509:Evaluation Method List, Entity, R869510:Evaluation Method Entity)', '(R869510:Evaluation Method Entity, Name, L1522395:Field Experiment)', '(R869392:Decision Models for Microservices: Design Areas, Stakeholders, Use Cases, and Requirements, contribution, R869415:First Research Object 2)', '(R869415:First Research Object 2, evaluation, R869416:Evaluation)', '(R869416:Evaluation, Evaluation method, R869417:Evaluation Method List)', '(R869417:Evaluation Method List, Entity, R869418:Evaluation Method Entity)', '(R869418:Evaluation Method Entity, Name, L1522201:Field Experiment)', '(R871523:An Architecture for Decentralized, Collaborative, and Autonomous Robots, contribution, R871554:First Research Object 2)', '(R871554:First Research Object 2, evaluation, R871555:Evaluation)', '(R871555:Evaluation, Evaluation method, R871556:Evaluation Method List)', '(R871556:Evaluation Method List, Entity, R871557:Evaluation Method Entity)', '(R871557:Evaluation Method Entity, Name, L1526667:Field Experiment)', '(R871523:An Architecture for Decentralized, Collaborative, and Autonomous Robots, doi, L1526598:10.1109/ICSA.2018.00017)', '(R869486:ACE: Easy Deployment of Field Optimization Experiments, publication year, L1522347:2019)']",Which papers apply the evaluation method Field Experiment? Rank the papers in descending order of their publication year.,"The papers that apply the evaluation method Field Experiment, ranked in descending order of their publication year, are: 1. ACE: Easy Deployment of Field Optimization Experiments (2019), 2. An Architecture for Decentralized, Collaborative, and Autonomous Robots (2018), and 3. Decision Models for Microservices: Design Areas, Stakeholders, Use Cases, and Requirements (2017).","['10.1109/ICSA.2018.00017', '10.1109/ICSA.2018.00017', '10.1007/978-3-030-29983-5_18', '10.1007/978-3-030-29983-5_18', '10.1007/978-3-319-65831-5_11', '10.1007/978-3-319-65831-5_11']",,"['(R871557:Evaluation Method Entity, Name, L1526667:Field Experiment)', '(R871523:An Architecture for Decentralized, Collaborative, and Autonomous Robots, publication year, L1526604:2018)', '(R869510:Evaluation Method Entity, Name, L1522395:Field Experiment)', '(R869486:ACE: Easy Deployment of Field Optimization Experiments, publication year, L1522347:2019)', '(R869418:Evaluation Method Entity, Name, L1522201:Field Experiment)', '(R869392:Decision Models for Microservices: Design Areas, Stakeholders, Use Cases, and Requirements, publication year, L1522148:2017)']",clustering_strategy,R659055,Software Architecture and Design,6,Which papers apply the evaluation method with the name [Content Data: evaluation method name]? Rank the papers in descending order of their publication year.
61,800d5973d1783ef79636e6d3632d4b8a,69bcdd8c-745a-4605-8dc6-e3678b2142bd,"

Only one study that directly assesses *Compatibility* has been identified in the supplied sources: the work titled **“An Architecture for Decentralized, Collaborative, and Autonomous Robots”** [1]. Because the provided texts do not include publication dates (or any other chronological information) for this work, it is not possible to order the studies from the most recent to the earliest. Thus, the current set of compatibility‑evaluating studies consists of this single entry, and no chronological ranking can be established.

[1] Source: An Architecture for Decentralized, Collaborative, and Autonomous Robots, 10.1109/ICSA.2018.00017
",[],0.25,0.375,0.062,0.188,0.25,1.0,0.25,0.25,0.25,0.25,0.5,0.38,0.43,0.39,0.25,0.25,0.25,0.25,0.5,0.38,0.43,0.39,0.25,0.5,0.25,0.5,0.1,0.36,0.28,0.51,0.12,0.09,0.17,0.2,0.15,0.28,0.0,221.21671080589294,0.0,32661,0,0.0,,0,0.0,,,0.0,0.0,,0.0,0.0,https://wandb.ai/kastel-sdq-meta-research/experiment_baseline/r/call/01a05f5f-4a0d-7929-83ef-fe393bb3a3dd,retrieval_config,False,KitToolbox,kit.qwen3-embedding-8b,10,10,True,cosine,True,False,10,-1,8,False,False,1,False,-1,-1,False,,['R659055'],['Paper'],False,False,False,kg_retrieval,hublink,kittoolbox_kit.minimax-m2.7-229b_tmpNone_maxt-1_reasoningNone,KitToolbox,kit.minimax-m2.7-229b,,-1,,kittoolbox_kit.minimax-m2.7-229b_tmpNone_maxt-1_reasoningNone,KitToolbox,kit.minimax-m2.7-229b,,-1,,orkg_merged_ecsa_icsa.json_jsonpublicationloader_limit-1,['paper_class'],['research_level'],['first_research_object'],['second_research_object'],['validity'],['evidence'],False,False,R659055,https://sandbox.orkg.org,-1,orkg,merged_ecsa_icsa.json_jsonpublicationloader_limit-1,merged_ecsa_icsa.json,JsonPublicationLoader,-1,,4000,2,generation_kittoolbox_kit.minimax-m2.7-229b_tmpNone_maxt-1_reasoningNone,generation,kittoolbox_kit.minimax-m2.7-229b_tmpNone_maxt-1_reasoningNone,KitToolbox,kit.minimax-m2.7-229b,,-1,,"['(R871523:An Architecture for Decentralized, Collaborative, and Autonomous Robots, contribution, R871554:First Research Object 2)', '(R871554:First Research Object 2, evaluation, R871565:Evaluation)', '(R871565:Evaluation, properties, R871568:Property)', '(R871569:Property, Name, L1526678:Compatibility)']",Which studies evaluate compatibility in their work sorted from the most recent publication to the earliest?,"The publications that evaluate the property Compatibility, ranked in descending order of their publication year, are: 1. Mitigating the Influence of Embedded Software Development Environments and Toolsets (ESDT) on Software Architecture (2019), and 2. An Architecture for Decentralized, Collaborative, and Autonomous Robots (2018).","['10.1109/ICSA.2018.00017', '10.1109/ICSA.2018.00017', '10.1109/ICSA.2019.00020', '10.1109/ICSA.2019.00020']",,"['(R871562:Property, Name, L1526672:Compatibility)', '(R871523:An Architecture for Decentralized, Collaborative, and Autonomous Robots, publication year, L1526604:2018)', '(R871569:Property, Name, L1526678:Compatibility)', '(R868862:Mitigating the Influence of Embedded Software Development Environments and Toolsets (ESDT) on Software Architecture, publication year, L1521021:2019)']",clustering_strategy,R659055,Software Architecture and Design,6,Which publications have the evaluation sub-property [evaluation sub-property name] ranked by the publication year?
62,800d5973d1783ef79636e6d3632d4b8a,52148f59-5e9a-4d7f-bc61-f52cf2e56fd7,"

**Papers that evaluate the “Reliability” property (sorted by publication year – newest first)**  

| Title (as given in the sources) | Publication Year | Source |
|---|---|---|
| *A Comparison of MQTT Brokers for Distributed IoT Edge Computing* | 2020 | [2] |
| *An Architecture‑Driven Adaptation Approach for Big Data Cyber Security Analytics* | 2019 | [1] |
| *A Platform Architecture for Multi‑Tenant Blockchain‑Based Systems* | 2019 | [3] |
| *An Architecture for Decentralized, Collaborative, and Autonomous Robots* | 2018 | [4] |
| *Quality Evaluation of PaaS Cloud Application Design Using Generated Prototypes* | 2017 | [5] |

*The five papers listed above are the only ones identified in the provided partial answers as evaluating the “Reliability” property. They are ranked in descending order by their publication year, with ties (the two 2019 entries) presented alphabetically.*

[1] Source: An Architecture-Driven Adaptation Approach for Big Data Cyber Security Analytics, 10.1109/ICSA.2019.00013
[2] Source: A Comparison of MQTT Brokers for Distributed IoT Edge Computing, 10.1007/978-3-030-58923-3_23
[3] Source: A Platform Architecture for Multi-Tenant Blockchain-Based Systems, 10.1109/ICSA.2019.00019
[4] Source: An Architecture for Decentralized, Collaborative, and Autonomous Robots, 10.1109/ICSA.2018.00017
[5] Source: Quality Evaluation of PaaS Cloud Application Design Using Generated Prototypes, 10.1109/ICSA.2017.43
",[],0.1,0.25,0.014,0.166,0.143,1.0,0.1,0.1,0.1,0.1,0.27,0.2,0.23,0.21,0.29,0.9,0.44,0.63,0.42,0.9,0.57,0.73,0.1,0.267,0.29,0.419,0.25,0.76,0.62,0.99,0.62,0.51,0.81,0.63,0.51,0.81,1.0,232.72231888771057,0.00081675,15423,0,0.0,,0,0.0,,,0.0,0.0,,0.0,0.0,https://wandb.ai/kastel-sdq-meta-research/experiment_baseline/r/call/01a05f5f-4a11-7bb2-ae7f-01ffad000fec,retrieval_config,False,KitToolbox,kit.qwen3-embedding-8b,10,10,True,cosine,True,False,10,-1,8,False,False,1,False,-1,-1,False,,['R659055'],['Paper'],False,False,False,kg_retrieval,hublink,kittoolbox_kit.minimax-m2.7-229b_tmpNone_maxt-1_reasoningNone,KitToolbox,kit.minimax-m2.7-229b,,-1,,kittoolbox_kit.minimax-m2.7-229b_tmpNone_maxt-1_reasoningNone,KitToolbox,kit.minimax-m2.7-229b,,-1,,orkg_merged_ecsa_icsa.json_jsonpublicationloader_limit-1,['paper_class'],['research_level'],['first_research_object'],['second_research_object'],['validity'],['evidence'],False,False,R659055,https://sandbox.orkg.org,-1,orkg,merged_ecsa_icsa.json_jsonpublicationloader_limit-1,merged_ecsa_icsa.json,JsonPublicationLoader,-1,,4000,2,generation_kittoolbox_kit.minimax-m2.7-229b_tmpNone_maxt-1_reasoningNone,generation,kittoolbox_kit.minimax-m2.7-229b_tmpNone_maxt-1_reasoningNone,KitToolbox,kit.minimax-m2.7-229b,,-1,,"['(R870014:An Architecture-Driven Adaptation Approach for Big Data Cyber Security Analytics, contribution, R2156164:First Research Object 2)', '(R2156164:First Research Object 2, evaluation, R2156177:Evaluation)', '(R2156177:Evaluation, properties, R2156187:Property)', '(R2156195:Property, Name, L2809563:Reliability)', '(R873753:First Research Object 2, evaluation, R873754:Evaluation)', '(R873754:Evaluation, properties, R873757:Property)', '(R873759:Property, Name, L1531163:Reliability)', '(R871104:Quality Evaluation of PaaS Cloud Application Design Using Generated Prototypes, contribution, R2156196:First Research Object 2)', '(R2156196:First Research Object 2, evaluation, R2156209:Evaluation)', '(R2156209:Evaluation, properties, R2156220:Property)', '(R2156224:Property, Name, L2809597:Reliability)', '(R871726:A Platform Architecture for Multi-Tenant Blockchain-Based Systems, contribution, R871757:First Research Object 2)', '(R871757:First Research Object 2, evaluation, R871758:Evaluation)', '(R871758:Evaluation, properties, R871761:Property)', '(R871765:Property, Name, L1527091:Reliability)', '(R871523:An Architecture for Decentralized, Collaborative, and Autonomous Robots, contribution, R871554:First Research Object 2)', '(R871554:First Research Object 2, evaluation, R871555:Evaluation)', '(R871555:Evaluation, properties, R871560:Property)', '(R871563:Property, Name, L1526673:Reliability)', '(R870014:An Architecture-Driven Adaptation Approach for Big Data Cyber Security Analytics, publication year, L1523470:2019)', '(R871523:An Architecture for Decentralized, Collaborative, and Autonomous Robots, publication year, L1526604:2018)', '(R871726:A Platform Architecture for Multi-Tenant Blockchain-Based Systems, publication year, L1527024:2019)', '(R871104:Quality Evaluation of PaaS Cloud Application Design Using Generated Prototypes, publication year, L1525740:2017)', '(R871757:First Research Object 2, evaluation, R871768:Evaluation)', '(R871104:Quality Evaluation of PaaS Cloud Application Design Using Generated Prototypes, contribution, R2156170:Research Level 2)', '(R873728:A Comparison of MQTT Brokers for Distributed IoT Edge Computing, publication year, L1531105:2020)', '(R871104:Quality Evaluation of PaaS Cloud Application Design Using Generated Prototypes, contribution, R871125:First Research Object 2)', '(R871125:First Research Object 2, evaluation, R871126:Evaluation)', '(R871126:Evaluation, properties, R871129:Property)', '(R871130:Property, Name, L1525789:Reliability)', '(R871768:Evaluation, properties, R871771:Property)']",Which papers evaluate the property Reliability? Rank the papers in descending order by their publication year.,"The papers with the investigated property Reliability, ranked in descending order by their publication year, are: 1. A Comparison of MQTT Brokers for Distributed IoT Edge Computing (2020), 2. An Architecture-Driven Adaptation Approach for Big Data Cyber Security Analytics (2019), 3. A Platform Architecture for Multi-Tenant Blockchain-Based Systems (2019), 4. An Architecture for Decentralized, Collaborative, and Autonomous Robots (2018), 5. Quality Evaluation of PaaS Cloud Application Design Using Generated Prototypes (2017)","['10.1109/ICSA.2019.00013', '10.1109/ICSA.2019.00013', '10.1109/ICSA.2019.00019', '10.1109/ICSA.2019.00019', '10.1007/978-3-030-58923-3_23', '10.1007/978-3-030-58923-3_23', '10.1109/ICSA.2018.00017', '10.1109/ICSA.2018.00017', '10.1109/ICSA.2017.43', '10.1109/ICSA.2017.43']",,"['(R870044:Property, Name, L1523526:Reliability)', '(R870014:An Architecture-Driven Adaptation Approach for Big Data Cyber Security Analytics, publication year, L1523470:2019)', '(R871765:Property, Name, L1527091:Reliability)', '(R871726:A Platform Architecture for Multi-Tenant Blockchain-Based Systems, publication year, L1527024:2019)', '(R873759:Property, Name, L1531163:Reliability)', '(R873728:A Comparison of MQTT Brokers for Distributed IoT Edge Computing, publication year, L1531105:2020)', '(R871563:Property, Name, L1526673:Reliability)', '(R871523:An Architecture for Decentralized, Collaborative, and Autonomous Robots, publication year, L1526604:2018)', '(R871130:Property, Name, L1525789:Reliability)', '(R871104:Quality Evaluation of PaaS Cloud Application Design Using Generated Prototypes, publication year, L1525740:2017)']",clustering_strategy,R659055,Software Architecture and Design,6,Which publications have the evaluation sub-property [evaluation sub-property name] ranked by the publication year?
63,800d5973d1783ef79636e6d3632d4b8a,4de79ef4-57b4-4a22-9f2e-286995751d3c,"

The papers that use a **Benchmark** as part of their evaluation method are:

| Rank (most recent → oldest) | Paper Title | Year | Venue / Conference | DOI | Benchmark Use |
|-----------------------------|-------------|------|--------------------|-----|----------------|
| 1 | *Employment of Optimal Approximations on Apache Hadoop Checkpoint Technique for Performance Improvements* | 2020 | International Conference on Software Architecture (ICSA) | 10.1109/ICSA47634.2020.00009 | The evaluation methodology lists **Benchmark** as one of the methods employed for “First Research Object 2”【1】 |
| 2 | *Evaluating the Effectiveness of Multi‑level Greedy Modularity Clustering for Software Architecture Recovery* | 2020 | European Conference on Software Architecture (ECSA) | 10.1007/978-3-030-29983-5_5 | The evaluation section explicitly identifies **Benchmark** as the designated evaluation method【2】 |

Both papers are from the same year (2020), so they share the same “most recent” position. No other works that meet the criterion were identified in the provided sources.

",[],0.25,0.188,0.05,0.392,0.2,1.0,0.2,0.25,0.22,0.24,0.5,0.38,0.43,0.39,0.15,0.25,0.19,0.22,0.4,0.38,0.39,0.38,0.2,0.5,0.154,0.4,0.13,0.48,0.36,0.7,0.29,0.22,0.43,0.38,0.28,0.55,1.0,378.9128408432007,0.0,81972,0,0.0,,0,0.0,,,0.0,0.0,,0.0,0.0,https://wandb.ai/kastel-sdq-meta-research/experiment_baseline/r/call/01a05f60-8856-7e5f-9d9c-06bbcff17eea,retrieval_config,False,KitToolbox,kit.qwen3-embedding-8b,10,10,True,cosine,True,False,10,-1,8,False,False,1,False,-1,-1,False,,['R659055'],['Paper'],False,False,False,kg_retrieval,hublink,kittoolbox_kit.minimax-m2.7-229b_tmpNone_maxt-1_reasoningNone,KitToolbox,kit.minimax-m2.7-229b,,-1,,kittoolbox_kit.minimax-m2.7-229b_tmpNone_maxt-1_reasoningNone,KitToolbox,kit.minimax-m2.7-229b,,-1,,orkg_merged_ecsa_icsa.json_jsonpublicationloader_limit-1,['paper_class'],['research_level'],['first_research_object'],['second_research_object'],['validity'],['evidence'],False,False,R659055,https://sandbox.orkg.org,-1,orkg,merged_ecsa_icsa.json_jsonpublicationloader_limit-1,merged_ecsa_icsa.json,JsonPublicationLoader,-1,,4000,2,generation_kittoolbox_kit.minimax-m2.7-229b_tmpNone_maxt-1_reasoningNone,generation,kittoolbox_kit.minimax-m2.7-229b_tmpNone_maxt-1_reasoningNone,KitToolbox,kit.minimax-m2.7-229b,,-1,,"['(R874260:Employment of Optimal Approximations on Apache Hadoop Checkpoint Technique for Performance Improvements, contribution, R874281:First Research Object 2)', '(R874281:First Research Object 2, evaluation, R874282:Evaluation)', '(R874282:Evaluation, Evaluation method, R874283:Evaluation Method List)', '(R874283:Evaluation Method List, Entity, R874284:Evaluation Method Entity)', '(R874284:Evaluation Method Entity, Name, L1532280:Benchmark)', '(R874518:Evaluating the Effectiveness of Multi-level Greedy Modularity Clustering for Software Architecture Recovery, contribution, R874543:First Research Object 2)', '(R874543:First Research Object 2, evaluation, R874544:Evaluation)', '(R874544:Evaluation, Evaluation method, R874545:Evaluation Method List)', '(R874545:Evaluation Method List, Entity, R874546:Evaluation Method Entity)', '(R874546:Evaluation Method Entity, Name, L1532835:Benchmark)', '(R874518:Evaluating the Effectiveness of Multi-level Greedy Modularity Clustering for Software Architecture Recovery, venue, R821053:European Conference on Software Architecture (ECSA))', '(R874260:Employment of Optimal Approximations on Apache Hadoop Checkpoint Technique for Performance Improvements, doi, L1532228:10.1109/ICSA47634.2020.00009)', '(R874518:Evaluating the Effectiveness of Multi-level Greedy Modularity Clustering for Software Architecture Recovery, doi, L1532777:10.1007/978-3-030-29983-5_5)']",Give me all the papers that apply a benchmark in their evaluation ranked from the most recent to the oldest.,"The publications that apply a benchmark in their evaluation, ranked from the most recent to the oldest, are: 1. Formal Software Architectural Migration Towards Emerging Architectural Styles (2020), 2. Employment of Optimal Approximations on Apache Hadoop Checkpoint Technique for Performance Improvements (2020), 3. Evaluating the Effectiveness of Multi-level Greedy Modularity Clustering for Software Architecture Recovery (2019), 4. Experiments in Curation: Towards Machine-Assisted Construction of Software Architecture Knowledge Bases (2017)","['10.1007/978-3-030-29983-5_5', '10.1007/978-3-030-29983-5_5', '10.1109/ICSA.2017.27', '10.1109/ICSA.2017.27', '10.1007/978-3-030-58923-3_2', '10.1007/978-3-030-58923-3_2', '10.1109/ICSA47634.2020.00009', '10.1109/ICSA47634.2020.00009']",,"['(R874284:Evaluation Method Entity, Name, L1532280:Benchmark)', '(R874518:Evaluating the Effectiveness of Multi-level Greedy Modularity Clustering for Software Architecture Recovery, publication year, L1532779:2019)', '(R871169:Evaluation Method Entity, Name, L1525874:Benchmark)', '(R871582:Experiments in Curation: Towards Machine-Assisted Construction of Software Architecture Knowledge Bases, publication year, L1526719:2017)', '(R871616:Evaluation Method Entity, Name, L1526778:Benchmark)', '(R871143:Formal Software Architectural Migration Towards Emerging Architectural Styles, publication year, L1525821:2020)', '(R874546:Evaluation Method Entity, Name, L1532835:Benchmark)', '(R874260:Employment of Optimal Approximations on Apache Hadoop Checkpoint Technique for Performance Improvements, publication year, L1532232:2020)']",clustering_strategy,R659055,Software Architecture and Design,6,Which publications have the evaluation method [Content Data: evaluation method name] ranked by the publication year?
64,800d5973d1783ef79636e6d3632d4b8a,37e36398-faeb-463f-9814-24d6adbd029d,"

The supplied texts discuss a single study that applies the **Data Science** evaluation method, but they give contradictory statements about whether that study uses input data.

| Source | What it says about input‑data use for the Data‑Science paper |
|--------|--------------------------------------------------------------|
| **[1]** | The paper’s Evidence 2 is linked to input data, but the attribute is **False** → the data are **not used**. (1 paper without input‑data, 0 with input‑data) |
| **[2]** | States that the context does not provide enough information to compare the two numbers. |
| **[3]** | Evidence 2 **uses input data** (Input Data = False, meaning the data are present). (0 papers without input‑data, 1 with input‑data) |
| **[4]** | Same as [3] – Evidence 2 uses input data. (0 without, 1 with) |
| **[5]** | Same as [3] – the paper provides Evidence 2 and **uses input data**. (0 without, 1 with) |
| **[6]** | Reports that the exact numbers cannot be derived from the provided information. |
| **[7]** | Input Data = False → the paper **has not used input data**. (1 without, 0 with) |
| **[8]** | Describes a paper that uses input data, but does **not** mention a “Data Science” evaluation method, so the comparison cannot be made. |
| **[9]** | The paper uses input data (Evidence 2), yet the texts do not explicitly label the evaluation method as “Data Science,” leaving the comparison uncertain. (0 without, at least 1 with) |

### Summary of reported counts
- **Papers that have NOT used input data:** reported as **1** by sources [1] and [7]; reported as **0** by sources [3], [4], [5], [9]; indeterminate according to sources [2], [6], [8].
- **Papers that HAVE made their input data available:** reported as **1** by sources [3], [4], [5], [9]; reported as **0** by sources [1] and [7]; indeterminate according to sources [2], [6], [8].

### Conclusion
The textual evidence is inconsistent. Some sources assert that the single Data‑Science paper does **not** use input data, while others assert that it **does** use input data. Consequently, the exact comparison (“how many have not used input data compared to those that have made their input data available”) cannot be definitively resolved from the provided partial answers. Further clarification or additional source material would be needed to obtain a single, reliable count.

[1] Source: An Expert Recommendation System for Design Decision Making: Who Should be Involved in Making a Design Decision?, 10.1109/ICSA.2018.00018
[2] Source: Data Stream Operations as First-Class Entities in Component-Based Performance Models, 10.1007/978-3-030-58923-3_10
[3] Source: An Empirical Study of Architectural Decay in Open-Source Software, 10.1109/ICSA.2018.00027
[4] Source: Architectural Design Decisions for Systems Supporting Model-Based Analysis of Runtime Events: A Qualitative Multi-method Study, 10.1109/ICSA.2018.00021
[5] Source: The Evolution of Technical Debt in the Apache Ecosystem, 10.1007/978-3-319-65831-5_4
[6] Source: Architectural Decay as Predictor of Issue- and Change-Proneness, 10.1109/ICSA51549.2021.00017
[7] Source: An Architecture-Driven Adaptation Approach for Big Data Cyber Security Analytics, 10.1109/ICSA.2019.00013
[8] Source: A Machine Learning Approach to Service Discovery for Microservice Architectures, 10.1007/978-3-030-86044-8_5
[9] Source: Automatic Extraction of Design Decisions from Issue Management Systems: A Machine Learning Based Approach, 10.1007/978-3-319-65831-5_10
",['Data Science'],0.167,0.083,0.033,0.065,0.2,0.25,0.1,0.17,0.12,0.15,0.14,0.17,0.15,0.16,0.06,0.33,0.1,0.18,0.13,0.5,0.21,0.32,0.1,0.143,0.061,0.133,0.01,0.21,0.12,0.81,0.08,0.04,0.31,0.15,0.09,0.6,0.0,481.1730320453644,0.0,72802,0,0.0,,0,0.0,,,0.0,0.0,,0.0,0.0,https://wandb.ai/kastel-sdq-meta-research/experiment_baseline/r/call/01a05f61-9ed6-7538-84c1-46b3b39e9fc5,retrieval_config,False,KitToolbox,kit.qwen3-embedding-8b,10,10,True,cosine,True,False,10,-1,8,False,False,1,False,-1,-1,False,,['R659055'],['Paper'],False,False,False,kg_retrieval,hublink,kittoolbox_kit.minimax-m2.7-229b_tmpNone_maxt-1_reasoningNone,KitToolbox,kit.minimax-m2.7-229b,,-1,,kittoolbox_kit.minimax-m2.7-229b_tmpNone_maxt-1_reasoningNone,KitToolbox,kit.minimax-m2.7-229b,,-1,,orkg_merged_ecsa_icsa.json_jsonpublicationloader_limit-1,['paper_class'],['research_level'],['first_research_object'],['second_research_object'],['validity'],['evidence'],False,False,R659055,https://sandbox.orkg.org,-1,orkg,merged_ecsa_icsa.json_jsonpublicationloader_limit-1,merged_ecsa_icsa.json,JsonPublicationLoader,-1,,4000,2,generation_kittoolbox_kit.minimax-m2.7-229b_tmpNone_maxt-1_reasoningNone,generation,kittoolbox_kit.minimax-m2.7-229b_tmpNone_maxt-1_reasoningNone,KitToolbox,kit.minimax-m2.7-229b,,-1,,"['(R873101:Evaluation Method Entity, Name, L1529831:Data Science)', '(R873919:First Research Object 2, evaluation, R873920:Evaluation)', '(R873920:Evaluation, Evaluation method, R873921:Evaluation Method List)', '(R873921:Evaluation Method List, Entity, R873922:Evaluation Method Entity)', '(R873922:Evaluation Method Entity, Name, L1531521:Data Science)', '(R870102:An Empirical Study of Architectural Decay in Open-Source Software, contribution, R870131:Evidence 2)', '(R870131:Evidence 2, Uses Input Data, R870132:Input Data)', '(R870132:Input Data, None, L1523711:False)', '(R872780:Architectural Decay as Predictor of Issue- and Change-Proneness, contribution, R872801:First Research Object 2)', '(R872801:First Research Object 2, evaluation, R872802:Evaluation)', '(R872802:Evaluation, Evaluation method, R872803:Evaluation Method List)', '(R872803:Evaluation Method List, Entity, R872804:Evaluation Method Entity)', '(R872804:Evaluation Method Entity, Name, L1529234:Data Science)', '(R870102:An Empirical Study of Architectural Decay in Open-Source Software, contribution, R870123:First Research Object 2)', '(R870123:First Research Object 2, evaluation, R870124:Evaluation)', '(R870124:Evaluation, Evaluation method, R870125:Evaluation Method List)', '(R870125:Evaluation Method List, Entity, R870126:Evaluation Method Entity)', '(R870126:Evaluation Method Entity, Name, L1523703:Data Science)', '(R874927:Evidence 2, Uses Input Data, R874928:Input Data)', '(R874928:Input Data, None, L1533681:True)', '(R870049:Evidence 2, Uses Input Data, R870050:Input Data)', '(R870050:Input Data, None, L1523534:False)', '(R873927:Evidence 2, Uses Input Data, R873928:Input Data)', '(R873928:Input Data, None, L1531529:False)', '(R872809:Evidence 2, Uses Input Data, R872810:Input Data)', '(R872810:Input Data, None, L1529242:False)', '(R869128:Evaluation Method Entity, Name, L1521574:Data Science)', '(R869104:The Evolution of Technical Debt in the Apache Ecosystem, contribution, R869133:Evidence 2)', '(R869133:Evidence 2, Uses Input Data, R869134:Input Data)', '(R869134:Input Data, None, L1521582:False)', '(R873106:Evidence 2, Uses Input Data, R873107:Input Data)', '(R873107:Input Data, None, L1529839:False)', '(R868774:Evidence 2, Uses Input Data, R868775:Input Data)']","Among papers that apply the evaluation method Data Science, how many have not used input data compared to those that have made their input data available?","There is one paper with the evaluation method Data Science that does not provide input data, and there are two papers with the evaluation method Data Science that make their input data available. Therefore, the comparison shows that there is one paper with no input data and two papers with input data available.","['10.1007/978-3-030-86044-8_6', '10.1007/978-3-030-86044-8_6', '10.1109/ICSA.2018.00018', '10.1109/ICSA.2018.00018', '10.1007/978-3-319-65831-5_4', '10.1007/978-3-319-65831-5_4']",,"['(R873922:Evaluation Method Entity, Name, L1531521:Data Science)', '(R874750:Input Data, None, L1533260:True)', '(R870006:Evaluation Method Entity, Name, L1523455:Data Science)', '(R873928:Input Data, available, L1531527:True)', '(R869128:Evaluation Method Entity, Name, L1521574:Data Science)', '(R869134:Input Data, available, L1521580:True)']",clustering_strategy,R659055,Software Architecture and Design,6,"How many papers that apply the evaluation method with the name [Content Data: evaluation method name], have not used input data  compared to those that state that their input data is made available?"
65,800d5973d1783ef79636e6d3632d4b8a,2f2e5828-4c5f-4015-be3d-0c4a05242d7a,"

Both sources indicate that the set of publications discussed does not include any that employ grounded‑theory for evaluation. Consequently, among the grounded‑theory papers in the provided context:

- **Papers with publicly available input data:** 0 [1][2]  
- **Papers without publicly available input data:** 0 [1][2]

[1] Source: Towards Micro Service Architecture Recovery: An Empirical Study, 10.1109/ICSA.2018.00014
[2] Source: An Architecture Framework for Modelling and Simulation of Situational-Aware Cyber-Physical Systems, 10.1007/978-3-319-65831-5_7
",[],0.0,0.0,0.0,0.0,0.0,0.0,0.0,0.0,0.0,0.0,0.0,0.0,0.0,0.0,0.0,0.0,0.0,0.0,0.0,0.0,0.0,0.0,0.0,0.0,0.0,0.0,0.12,0.56,0.47,0.71,0.32,0.26,0.4,0.49,0.4,0.61,1.0,232.2980558872223,0.00279285,23011,0,0.0,,0,0.0,,,0.0,0.0,,0.0,0.0,https://wandb.ai/kastel-sdq-meta-research/experiment_baseline/r/call/01a05f62-ef66-7a53-95e1-6222d3494137,retrieval_config,False,KitToolbox,kit.qwen3-embedding-8b,10,10,True,cosine,True,False,10,-1,8,False,False,1,False,-1,-1,False,,['R659055'],['Paper'],False,False,False,kg_retrieval,hublink,kittoolbox_kit.minimax-m2.7-229b_tmpNone_maxt-1_reasoningNone,KitToolbox,kit.minimax-m2.7-229b,,-1,,kittoolbox_kit.minimax-m2.7-229b_tmpNone_maxt-1_reasoningNone,KitToolbox,kit.minimax-m2.7-229b,,-1,,orkg_merged_ecsa_icsa.json_jsonpublicationloader_limit-1,['paper_class'],['research_level'],['first_research_object'],['second_research_object'],['validity'],['evidence'],False,False,R659055,https://sandbox.orkg.org,-1,orkg,merged_ecsa_icsa.json_jsonpublicationloader_limit-1,merged_ecsa_icsa.json,JsonPublicationLoader,-1,,4000,2,generation_kittoolbox_kit.minimax-m2.7-229b_tmpNone_maxt-1_reasoningNone,generation,kittoolbox_kit.minimax-m2.7-229b_tmpNone_maxt-1_reasoningNone,KitToolbox,kit.minimax-m2.7-229b,,-1,,"['(R868918:Evidence 2, Provides Replication Package, L1521120:False)']","Among publications that use grounded theory for evaluation, what is the number of papers with publicly available input data versus those without?","The number of papers among publications that use grounded theory for evaluation with publicly available input data is four, whereas the number of papers without publicly available input data is one.","['10.1007/978-3-030-58923-3_1', '10.1007/978-3-030-58923-3_1', '10.1007/978-3-030-58923-3_14', '10.1007/978-3-030-58923-3_14', '10.1007/978-3-030-29983-5_1', '10.1007/978-3-030-29983-5_1', '10.1109/ICSA.2019.00018', '10.1109/ICSA.2019.00018', '10.1007/978-3-030-29983-5_2', '10.1007/978-3-030-29983-5_2']",,"['(R869590:Evaluation Method Entity, Name, L1522568:Grounded Theory)', '(R869596:Input Data, available, L1522574:True)', '(R873364:Evaluation Method Entity, Name, L1530356:Grounded Theory)', '(R874817:Input Data, None, L1533427:True)', '(R873005:Evaluation Method Entity, Name, L1529647:Grounded Theory)', '(R873370:Input Data, available, L1530362:True)', '(R868312:Evaluation Method Entity, Name, L1519814:Grounded Theory)', '(R868316:Input Data, available, L1519819:True)', '(R872627:Evaluation Method Entity, Name, L1528876:Grounded Theory)', '(R873012:Input Data, available, L1529654:True)']",clustering_strategy,R659055,Software Architecture and Design,6,How many papers with the evaluation method [Content Data: evaluation method name] have their input data marked as [input type] compared to those with the input data marked as [input type]?
66,800d5973d1783ef79636e6d3632d4b8a,cb20ce38-aaad-4b13-b082-7594e50e35f1,"

Among the papers that investigate the research object **Architecture Design Method**, the available sources show the following evaluations:

* **Usability** – evaluated in two papers  
  * “REST vs GraphQL: A Controlled Experiment” [1]  
  * “Towards a Reference Architecture for Cloud‑Based Plant Genotyping and Phenotyping Analysis Frameworks” [3]  

* **Portability** – evaluated in one paper  
  * “Towards a Reference Architecture for Cloud‑Based Plant Genotyping and Phenotyping Analysis Frameworks” [3]

The remaining papers that investigate Architecture Design Method (e.g., “Continuous Analysis of Collaborative Design,” “Enabling Continuous Software Engineering for Embedded Systems Architectures with Virtual Prototypes,” and “A Goal‑Driven Approach for Deploying Self‑Adaptive IoT Systems”) did not report evaluations of either Portability or Usability [2][5][6].

**Result**  
- Papers that evaluated **Portability**: **1**  
- Papers that evaluated **Usability**: **2**  

Thus, among the papers focused on Architecture Design Method, one paper evaluated Portability while two papers evaluated Usability.

[1] Source: REST vs GraphQL: A Controlled Experiment, 10.1109/ICSA47634.2020.00016
[2] Source: Continuous Analysis of Collaborative Design, 10.1109/ICSA.2017.45
[3] Source: Towards a Reference Architecture for Cloud-Based Plant Genotyping and Phenotyping Analysis Frameworks, 10.1109/ICSA.2017.42
[5] Source: Enabling Continuous Software Engineering for Embedded Systems Architectures with Virtual Prototypes, 10.1007/978-3-030-00761-4_8
[6] Source: A Goal-Driven Approach for Deploying Self-Adaptive IoT Systems, 10.1109/ICSA47634.2020.00022
",[],0.167,0.083,0.021,0.013,0.125,0.125,0.1,0.17,0.12,0.15,0.13,0.17,0.15,0.16,0.09,0.33,0.14,0.21,0.14,0.33,0.2,0.26,0.1,0.133,0.087,0.138,0.05,0.25,0.15,0.75,0.16,0.09,0.48,0.22,0.13,0.68,1.0,680.962343454361,0.0,8686,0,0.0,,0,0.0,,,0.0,0.0,,0.0,0.0,https://wandb.ai/kastel-sdq-meta-research/experiment_baseline/r/call/01a05f63-453a-7d65-affb-16cb7cb473e2,retrieval_config,False,KitToolbox,kit.qwen3-embedding-8b,10,10,True,cosine,True,False,10,-1,8,False,False,1,False,-1,-1,False,,['R659055'],['Paper'],False,False,False,kg_retrieval,hublink,kittoolbox_kit.minimax-m2.7-229b_tmpNone_maxt-1_reasoningNone,KitToolbox,kit.minimax-m2.7-229b,,-1,,kittoolbox_kit.minimax-m2.7-229b_tmpNone_maxt-1_reasoningNone,KitToolbox,kit.minimax-m2.7-229b,,-1,,orkg_merged_ecsa_icsa.json_jsonpublicationloader_limit-1,['paper_class'],['research_level'],['first_research_object'],['second_research_object'],['validity'],['evidence'],False,False,R659055,https://sandbox.orkg.org,-1,orkg,merged_ecsa_icsa.json_jsonpublicationloader_limit-1,merged_ecsa_icsa.json,JsonPublicationLoader,-1,,4000,2,generation_kittoolbox_kit.minimax-m2.7-229b_tmpNone_maxt-1_reasoningNone,generation,kittoolbox_kit.minimax-m2.7-229b_tmpNone_maxt-1_reasoningNone,KitToolbox,kit.minimax-m2.7-229b,,-1,,"['(R872591:Property, Name, L1528793:Usability)', '(R872819:Continuous Analysis of Collaborative Design, contribution, R872850:First Research Object 2)', '(R872850:First Research Object 2, Object, R872866:Research Object List)', '(R872866:Research Object List, Entity, R872867:Research Object Entity)', '(R872867:Research Object Entity, Name, L1529347:Architecture Design Method)', '(R870908:First Research Object 2, evaluation, R870909:Evaluation)', '(R870909:Evaluation, properties, R870915:Property)', '(R870916:Property, Name, L1525358:Usability)', '(R870603:Enabling Continuous Software Engineering for Embedded Systems Architectures with Virtual Prototypes, contribution, R2156194:First Research Object 2)', '(R2156194:First Research Object 2, Object, R2156201:Research Object List)', '(R2156201:Research Object List, Entity, R2156203:Research Object Entity)', '(R2156203:Research Object Entity, Name, L2809570:Architecture Design Method)', '(R870884:REST vs GraphQL: A Controlled Experiment, contribution, R870908:First Research Object 2)', '(R870908:First Research Object 2, Object, R870917:Research Object List)', '(R870917:Research Object List, Entity, R870918:Research Object Entity)', '(R870918:Research Object Entity, Name, L1525360:Architecture Design Method)', '(R872593:Property, Name, L1528795:Portability)', '(R872850:First Research Object 2, evaluation, R872860:Evaluation)', '(R872860:Evaluation, properties, R872863:Property)', '(R872863:Property, Name, L1529346:Product Quality)', '(R2156194:First Research Object 2, evaluation, R2156206:Evaluation)', '(R2156206:Evaluation, properties, R2156217:Property)', '(R2156217:Property, Name, L2809588:Product Quality)']","Among papers that investigate the research object Architecture Design Method, how many papers have evaluated the property Portability compared to those that evaluated the property Usability?","Among papers that investigate the research object Architecture Design Method, one paper has evaluated Portability as a property, while two different papers have evaluated Usability as a property.","['10.1109/ICSA.2017.32', '10.1109/ICSA.2017.32', '10.1109/ICSA47634.2020.00016', '10.1109/ICSA47634.2020.00016', '10.1109/ICSA.2017.13', '10.1109/ICSA.2017.13']",,"['(R870918:Research Object Entity, Name, L1525360:Architecture Design Method)', '(R871807:Property, Name, L1527168:Portability)', '(R868960:Research Object Entity, Name, L1521207:Architecture Design Method)', '(R870916:Property, Name, L1525358:Usability)', '(R871810:Research Object Entity, Name, L1527171:Architecture Design Method)', '(R868956:Property, Name, L1521203:Usability)']",clustering_strategy,R659055,Software Architecture and Design,6,"How many papers have used the sub-property [Content Data: sub-property name] compared to those that used the sub-property [Content Data: sub-property name], with the research object [Content Data: research object name]?"
67,800d5973d1783ef79636e6d3632d4b8a,1075f1c8-0fce-4044-ae87-7e7d3ef35ad2,"

The question asks how many of the papers that investigate a reference architecture focus on usability versus portability.

- **Paper that investigates a reference architecture and focuses on portability only** – The study *Assessing Adaptability of Software Architectures for Cyber Physical Production Systems* examines a reference architecture and defines a property named **Portability**; no mention of usability is made in the provided texts [1].

- **Paper that investigates a reference architecture and addresses both usability and portability** – The work *Reducing Development Overheads with a Generic and Model‑Centric Architecture for Online Games* evaluates a reference architecture and includes both **Usability** (L1531719) and **Portability** (L1531721) as properties in its evaluation [3].

- **Conflicting indication of equal numbers** – One source states that, among the texts examined, two discuss usability (texts 1 and 2) and two discuss portability (texts 3 and 9), implying that the number of papers focusing on usability equals the number focusing on portability [5]. This statement conflicts with the more detailed information provided in [1] and [3], which together indicate that at least one paper focuses on usability and at least two focus on portability.

No other provided sources give information that changes these counts for papers that investigate a reference architecture.

**Summary**

- **Usability:** One paper (the generic‑model‑centric architecture for online games) focuses on usability [3].  
- **Portability:** Two papers focus on portability—one (the adaptability study) addresses only portability [1] and another (the generic‑model‑centric architecture for online games) addresses both usability and portability [3].

Thus, among the papers that investigate a reference architecture, the available evidence points to **one** focusing on usability and **two** focusing on portability, although source [5] suggests the numbers are equal, creating a discrepancy.

[1] Source: Assessing Adaptability of Software Architectures for Cyber Physical Production Systems, 10.1007/978-3-030-29983-5_10
[3] Source: Reducing Development Overheads with a Generic and Model-Centric Architecture for Online Games, 10.1109/ICSA.2018.00011
[5] Source: Towards a Reference Architecture for Cloud-Based Plant Genotyping and Phenotyping Analysis Frameworks, 10.1109/ICSA.2017.42
",[],0.5,0.25,0.121,0.073,0.143,0.143,0.33,0.5,0.4,0.45,0.38,0.5,0.43,0.47,0.33,0.5,0.4,0.45,0.38,0.5,0.43,0.47,0.333,0.375,0.333,0.375,0.03,0.16,0.09,0.96,0.09,0.05,0.52,0.13,0.07,0.77,1.0,402.4107232093811,0.0001293,2645,0,0.0,,0,0.0,,,0.0,0.0,,0.0,0.0,https://wandb.ai/kastel-sdq-meta-research/experiment_baseline/r/call/01a05f66-870f-70ed-a2ba-178f7480fb78,retrieval_config,False,KitToolbox,kit.qwen3-embedding-8b,10,10,True,cosine,True,False,10,-1,8,False,False,1,False,-1,-1,False,,['R659055'],['Paper'],False,False,False,kg_retrieval,hublink,kittoolbox_kit.minimax-m2.7-229b_tmpNone_maxt-1_reasoningNone,KitToolbox,kit.minimax-m2.7-229b,,-1,,kittoolbox_kit.minimax-m2.7-229b_tmpNone_maxt-1_reasoningNone,KitToolbox,kit.minimax-m2.7-229b,,-1,,orkg_merged_ecsa_icsa.json_jsonpublicationloader_limit-1,['paper_class'],['research_level'],['first_research_object'],['second_research_object'],['validity'],['evidence'],False,False,R659055,https://sandbox.orkg.org,-1,orkg,merged_ecsa_icsa.json_jsonpublicationloader_limit-1,merged_ecsa_icsa.json,JsonPublicationLoader,-1,,4000,2,generation_kittoolbox_kit.minimax-m2.7-229b_tmpNone_maxt-1_reasoningNone,generation,kittoolbox_kit.minimax-m2.7-229b_tmpNone_maxt-1_reasoningNone,KitToolbox,kit.minimax-m2.7-229b,,-1,,"['(R872591:Property, Name, L1528793:Usability)', '(R873993:Reducing Development Overheads with a Generic and Model-Centric Architecture for Online Games, contribution, R874017:First Research Object 2)', '(R874017:First Research Object 2, evaluation, R874018:Evaluation)', '(R874018:Evaluation, properties, R874021:Property)', '(R874023:Property, Name, L1531719:Usability)', '(R874025:Property, Name, L1531721:Portability)', '(R871377:Property, Name, L1526301:Portability)', '(R872593:Property, Name, L1528795:Portability)', '(R871379:Research Object Entity, Name, L1526303:Reference Architecture)']","Among papers that investigate a reference architecture, how many focus on usability compared to portability?","Among papers that investigate a reference architecture, the number that focus on usability compared to portability is one paper for usability and two papers for portability.","['10.1109/ICSA.2017.42', '10.1109/ICSA.2017.42', '10.1109/ICSA.2017.42', '10.1007/978-3-030-29983-5_10', '10.1007/978-3-030-29983-5_10']",,"['(R872595:Research Object Entity, Name, L1528797:Reference Architecture)', '(R872593:Property, Name, L1528795:Portability)', '(R872573:Property, Name, L1528779:Usability)', '(R871379:Research Object Entity, Name, L1526303:Reference Architecture)', '(R871372:Property, Name, L1526297:Portability)', '(R871377:Property, Name, L1526301:Portability)']",clustering_strategy,R659055,Software Architecture and Design,6,"How many papers have used the sub-property [Content Data: sub-property name] compared to those that used the sub-property [Content Data: sub-property name], with the research object [Content Data: research object name]?"
68,800d5973d1783ef79636e6d3632d4b8a,716d3216-9a3a-4a4b-acaf-1183d4d09575,"

**Papers that are explicitly identified in the source material as (1) investigating the research object **Architecture Optimization Method** and (2) stating that **no input data was used** are:**

| Paper (as named in the source) | Supporting source(s) |
|--------------------------------|----------------------|
| **“An Evolutionary Approach for Multi‑objective Software Architecture Refactoring” (EASIER)** | [1] |
| **“Semi‑automatic Feedback for Improving Architecture Conformance to Microservice Patterns and Practices”** | [2] |
| **“Modeling of Parametric Dependencies for Performance Prediction of Component‑Based Software Systems at Run‑Time”** | [3] |
| **“An Architecture‑Driven Adaptation Approach for Big Data Cyber Security Analytics”** | [4] |
| **“ADOOPLA – Combining Product‑Line‑ and Product‑Level Criteria in Multi‑objective Optimization of Product Line Architectures”** | [6] |
| **“IAS: An IoT Architectural Self‑adaptation Framework”** | [8] |
| **“Optimising Architectures for Performance, Cost, and Security”** | [9] |

**Contradictory or qualifying statements**

- Sources [5], [7] and [10] examined other papers (“Employment of Optimal Approximations on Apache Hadoop Checkpoint Technique for Performance Improvements”, “InMap: Automated Interactive Code‑to‑Architecture Mapping Recommendations”, and “A Machine Learning Approach to Service Discovery for Microservice Architectures”) and concluded that **no paper among those examined satisfies both conditions** (i.e., they either use input data or do not target the “Architecture Optimization Method” research object).  

Thus, according to the provided partial answers, the seven papers listed above are the ones that meet **both** stipulated criteria, while other papers cited in the conflicting sources do not.

[1] Source: EASIER: An Evolutionary Approach for Multi-objective Software ArchItecturE Refactoring, 10.1109/ICSA.2018.00020
[2] Source: Semi-automatic Feedback for Improving Architecture Conformance to Microservice Patterns and Practices, 10.1109/ICSA51549.2021.00012
[3] Source: Modeling of Parametric Dependencies for Performance Prediction of Component-Based Software Systems at Run-Time, 10.1109/ICSA.2018.00023
[4] Source: An Architecture-Driven Adaptation Approach for Big Data Cyber Security Analytics, 10.1109/ICSA.2019.00013
[5] Source: Employment of Optimal Approximations on Apache Hadoop Checkpoint Technique for Performance Improvements, 10.1109/ICSA47634.2020.00009
[6] Source: ADOOPLA - Combining Product-Line- and Product-Level Criteria in Multi-objective Optimization of Product Line Architectures, 10.1007/978-3-030-29983-5_9
[7] Source: InMap: Automated Interactive Code-to-Architecture Mapping Recommendations, 10.1109/ICSA51549.2021.00024
[8] Source: IAS: An IoT Architectural Self-adaptation Framework, 10.1007/978-3-030-58923-3_22
[9] Source: Optimising Architectures for Performance, Cost, and Security, 10.1007/978-3-030-29983-5_11
[10] Source: A Machine Learning Approach to Service Discovery for Microservice Architectures, 10.1007/978-3-030-86044-8_5
",[],0.0,0.167,0.0,0.0,0.0,0.0,0.0,0.0,0.0,0.0,0.0,0.0,0.0,0.0,0.05,0.5,0.09,0.17,0.08,0.5,0.14,0.25,0.0,0.0,0.047,0.082,0.04,0.33,0.2,0.87,0.25,0.15,0.67,0.26,0.16,0.69,0.0,389.3576593399048,0.0,98501,0,0.0,,0,0.0,,,0.0,0.0,,0.0,0.0,https://wandb.ai/kastel-sdq-meta-research/experiment_baseline/r/call/01a05f66-ad79-7342-83c1-549a18eb51b6,retrieval_config,False,KitToolbox,kit.qwen3-embedding-8b,10,10,True,cosine,True,False,10,-1,8,False,False,1,False,-1,-1,False,,['R659055'],['Paper'],False,False,False,kg_retrieval,hublink,kittoolbox_kit.minimax-m2.7-229b_tmpNone_maxt-1_reasoningNone,KitToolbox,kit.minimax-m2.7-229b,,-1,,kittoolbox_kit.minimax-m2.7-229b_tmpNone_maxt-1_reasoningNone,KitToolbox,kit.minimax-m2.7-229b,,-1,,orkg_merged_ecsa_icsa.json_jsonpublicationloader_limit-1,['paper_class'],['research_level'],['first_research_object'],['second_research_object'],['validity'],['evidence'],False,False,R659055,https://sandbox.orkg.org,-1,orkg,merged_ecsa_icsa.json_jsonpublicationloader_limit-1,merged_ecsa_icsa.json,JsonPublicationLoader,-1,,4000,2,generation_kittoolbox_kit.minimax-m2.7-229b_tmpNone_maxt-1_reasoningNone,generation,kittoolbox_kit.minimax-m2.7-229b_tmpNone_maxt-1_reasoningNone,KitToolbox,kit.minimax-m2.7-229b,,-1,,"['(R871944:Optimising Architectures for Performance, Cost, and Security, contribution, R871965:First Research Object 2)', '(R871965:First Research Object 2, Object, R871971:Research Object List)', '(R871971:Research Object List, Entity, R871972:Research Object Entity)', '(R871972:Research Object Entity, Name, L1527507:Architecture Optimization Method)', '(R874260:Employment of Optimal Approximations on Apache Hadoop Checkpoint Technique for Performance Improvements, contribution, R874281:First Research Object 2)', '(R874281:First Research Object 2, Object, R874287:Research Object List)', '(R874287:Research Object List, Entity, R874288:Research Object Entity)', '(R874288:Research Object Entity, Name, L1532284:Architecture Optimization Method)', '(R869812:ADOOPLA - Combining Product-Line- and Product-Level Criteria in Multi-objective Optimization of Product Line Architectures, contribution, R869833:First Research Object 2)', '(R869833:First Research Object 2, Object, R869839:Research Object List)', '(R869839:Research Object List, Entity, R869840:Research Object Entity)', '(R869840:Research Object Entity, Name, L1523106:Architecture Optimization Method)', '(R869264:Semi-automatic Feedback for Improving Architecture Conformance to Microservice Patterns and Practices, contribution, R869297:Second Research Object 2)', '(R869297:Second Research Object 2, Object, R869299:Research Object List)', '(R869299:Research Object List, Entity, R869300:Research Object Entity)', '(R869300:Research Object Entity, Name, L1521937:Architecture Optimization Method)', '(R871305:EASIER: An Evolutionary Approach for Multi-objective Software ArchItecturE Refactoring, contribution, R2156278:First Research Object 2)', '(R2156278:First Research Object 2, Object, R2156279:Research Object List)', '(R2156279:Research Object List, Entity, R2156281:Research Object Entity)', '(R2156281:Research Object Entity, Name, L2809648:Architecture Optimization Method)', '(R870014:An Architecture-Driven Adaptation Approach for Big Data Cyber Security Analytics, contribution, R2156164:First Research Object 2)', '(R2156164:First Research Object 2, Object, R2156171:Research Object List)', '(R2156171:Research Object List, Entity, R2156175:Research Object Entity)', '(R2156175:Research Object Entity, Name, L2809553:Architecture Optimization Method)', '(R870227:A Machine Learning Approach to Service Discovery for Microservice Architectures, contribution, R2156233:First Research Object 2)', '(R2156233:First Research Object 2, Object, R2156240:Research Object List)', '(R2156240:Research Object List, Entity, R2156241:Research Object Entity)', '(R2156241:Research Object Entity, Name, L2809618:Architecture Optimization Method)', '(R872272:Modeling of Parametric Dependencies for Performance Prediction of Component-Based Software Systems at Run-Time, contribution, R872297:First Research Object 2)', '(R872297:First Research Object 2, Object, R872307:Research Object List)', '(R872307:Research Object List, Entity, R872308:Research Object Entity)', '(R872308:Research Object Entity, Name, L1528217:Architecture Optimization Method)', '(R873560:IAS: An IoT Architectural Self-adaptation Framework, contribution, R873581:First Research Object 2)', '(R873581:First Research Object 2, Object, R873587:Research Object List)', '(R873587:Research Object List, Entity, R873588:Research Object Entity)', '(R873588:Research Object Entity, Name, L1530802:Architecture Optimization Method)', '(R871305:EASIER: An Evolutionary Approach for Multi-objective Software ArchItecturE Refactoring, contribution, R871336:Evidence 2)', '(R871336:Evidence 2, Uses Input Data, R871337:Input Data)', '(R871337:Input Data, None, L1526229:True)', '(R869812:ADOOPLA - Combining Product-Line- and Product-Level Criteria in Multi-objective Optimization of Product Line Architectures, contribution, R869841:Evidence 2)', '(R869841:Evidence 2, Uses Input Data, R869842:Input Data)', '(R869842:Input Data, None, L1523110:False)', '(R871944:Optimising Architectures for Performance, Cost, and Security, contribution, R871973:Evidence 2)', '(R871973:Evidence 2, Uses Input Data, R871974:Input Data)', '(R871974:Input Data, None, L1527511:False)', '(R873560:IAS: An IoT Architectural Self-adaptation Framework, contribution, R873589:Evidence 2)', '(R873589:Evidence 2, Uses Input Data, R873590:Input Data)', '(R873590:Input Data, None, L1530806:False)', '(R870014:An Architecture-Driven Adaptation Approach for Big Data Cyber Security Analytics, contribution, R870049:Evidence 2)', '(R870049:Evidence 2, Uses Input Data, R870050:Input Data)', '(R870050:Input Data, None, L1523534:False)', '(R870227:A Machine Learning Approach to Service Discovery for Microservice Architectures, contribution, R870260:Evidence 2)', '(R870260:Evidence 2, Uses Input Data, R870261:Input Data)', '(R870261:Input Data, None, L1524004:False)', '(R869264:Semi-automatic Feedback for Improving Architecture Conformance to Microservice Patterns and Practices, contribution, R869301:Evidence 2)', '(R869301:Evidence 2, Uses Input Data, R869302:Input Data)', '(R869302:Input Data, None, L1521941:False)', '(R872272:Modeling of Parametric Dependencies for Performance Prediction of Component-Based Software Systems at Run-Time, contribution, R872309:Evidence 2)', '(R872309:Evidence 2, Uses Input Data, R872310:Input Data)', '(R872310:Input Data, None, L1528221:True)', '(R874260:Employment of Optimal Approximations on Apache Hadoop Checkpoint Technique for Performance Improvements, contribution, R874289:Evidence 2)', '(R874289:Evidence 2, Uses Input Data, R874290:Input Data)', '(R874290:Input Data, None, L1532288:False)', '(R869812:ADOOPLA - Combining Product-Line- and Product-Level Criteria in Multi-objective Optimization of Product Line Architectures, venue, R821053:European Conference on Software Architecture (ECSA))']",Which papers investigate the research object Architecture Optimization Method and indicate that no input data was used?,"The papers 'EASIER: An Evolutionary Approach for Multi-objective Software ArchItecturE Refactoring', 'Dynamic Updates of Virtual PLCs Deployed as Kubernetes Microservices', and 'Modeling of Parametric Dependencies for Performance Prediction of Component-Based Software Systems at Run-Time' investigate the research object Architecture Optimization Method and indicate that no input data was used.","['10.1109/ICSA.2018.00020', '10.1109/ICSA.2018.00020', '10.1007/978-3-030-86044-8_1', '10.1007/978-3-030-86044-8_1', '10.1109/ICSA.2018.00023', '10.1109/ICSA.2018.00023']",,"['(R871335:Research Object Entity, Name, L1526225:Architecture Optimization Method)', '(R871337:Input Data, None, L1526229:True)', '(R872013:Research Object Entity, Name, L1527594:Architecture Optimization Method)', '(R872015:Input Data, None, L1527598:True)', '(R872308:Research Object Entity, Name, L1528217:Architecture Optimization Method)', '(R872310:Input Data, None, L1528221:True)']",clustering_strategy,R659055,Software Architecture and Design,5,Which papers investigate the research object [Content Data: research object name] and indicate that no input data was used in their work?
69,800d5973d1783ef79636e6d3632d4b8a,7f747a8f-886a-4c9f-8c56-68b9cff875a8,"

The papers that investigate **architecture‑evolution** and whose reported evidence shows that **input data was not used** (or was marked invalid) are:

| Paper (Venue) | Evidence | Input‑data status |
|---|---|---|
| **“Incremental Calibration of Architectural Performance Models with Parametric Dependencies”** – International Conference on Software Architecture (ICSA) 2020 | Evidence 2 | Input Data = False (no input data used)【1】 |
| **“Architectural Concerns for Digital Twin of the Organization”** – European Conference on Software Architecture (ECSA) 2020 | Evidence 2 | Input Data = False (the data reference is invalid / not applicable, so no valid input data were used)【6】 |

Both contributions are linked to the research‑object **Architecture Evolution**, and each reports that **Evidence 2** does **not** use input data (or the input‑data reference is invalid).  

All other papers described in the source material (e.g., “On Interfaces to Support Agile Architecting in Automotive”, “An Empirical Study of Architectural Decay in Open‑Source Software”, “Improving the Consistency and Usefulness of Architecture Descriptions”, etc.) explicitly state that **Evidence 2** uses input data, and therefore they do not satisfy the “no input data” criterion.

",[],0.0,0.0,0.0,0.0,0.0,0.0,0.0,0.0,0.0,0.0,0.0,0.0,0.0,0.0,0.0,0.0,0.0,0.0,0.0,0.0,0.0,0.0,0.0,0.0,0.0,0.0,0.03,0.29,0.18,0.72,0.15,0.09,0.38,0.21,0.13,0.53,1.0,541.0746538639069,0.0,11027,0,0.0,,0,0.0,,,0.0,0.0,,0.0,0.0,https://wandb.ai/kastel-sdq-meta-research/experiment_baseline/r/call/01a05f69-57b6-7f54-893d-b31f7c6bf0ac,retrieval_config,False,KitToolbox,kit.qwen3-embedding-8b,10,10,True,cosine,True,False,10,-1,8,False,False,1,False,-1,-1,False,,['R659055'],['Paper'],False,False,False,kg_retrieval,hublink,kittoolbox_kit.minimax-m2.7-229b_tmpNone_maxt-1_reasoningNone,KitToolbox,kit.minimax-m2.7-229b,,-1,,kittoolbox_kit.minimax-m2.7-229b_tmpNone_maxt-1_reasoningNone,KitToolbox,kit.minimax-m2.7-229b,,-1,,orkg_merged_ecsa_icsa.json_jsonpublicationloader_limit-1,['paper_class'],['research_level'],['first_research_object'],['second_research_object'],['validity'],['evidence'],False,False,R659055,https://sandbox.orkg.org,-1,orkg,merged_ecsa_icsa.json_jsonpublicationloader_limit-1,merged_ecsa_icsa.json,JsonPublicationLoader,-1,,4000,2,generation_kittoolbox_kit.minimax-m2.7-229b_tmpNone_maxt-1_reasoningNone,generation,kittoolbox_kit.minimax-m2.7-229b_tmpNone_maxt-1_reasoningNone,KitToolbox,kit.minimax-m2.7-229b,,-1,,"['(R870059:Incremental Calibration of Architectural Performance Models with Parametric Dependencies, contribution, R2156282:First Research Object 2)', '(R2156282:First Research Object 2, Object, R2156285:Research Object List)', '(R2156285:Research Object List, Entity, R2156290:Research Object Entity)', '(R2156290:Research Object Entity, Name, L2809656:Architecture Evolution)', '(R870102:An Empirical Study of Architectural Decay in Open-Source Software, contribution, R870131:Evidence 2)', '(R870131:Evidence 2, Uses Input Data, R870132:Input Data)', '(R869730:Architectural Concerns for Digital Twin of the Organization, contribution, R869763:Evidence 2)', '(R869763:Evidence 2, Uses Input Data, R869764:Input Data)', '(R869764:Input Data, None, L1522945:False)', '(R874383:Evidence 2, Uses Input Data, R874384:Input Data)', '(R873599:Improving the Consistency and Usefulness of Architecture Descriptions: Guidelines for Architects, contribution, R873627:First Research Object 2)', '(R873627:First Research Object 2, Object, R873636:Research Object List)', '(R873636:Research Object List, Entity, R873637:Research Object Entity)', '(R873637:Research Object Entity, Name, L1530905:Architecture Evolution)', '(R870102:An Empirical Study of Architectural Decay in Open-Source Software, contribution, R870123:First Research Object 2)', '(R870123:First Research Object 2, Object, R870129:Research Object List)', '(R870129:Research Object List, Entity, R870130:Research Object Entity)', '(R870130:Research Object Entity, Name, L1523707:Architecture Evolution)', '(R874338:Continuous API Evolution in Heterogenous Enterprise Software Systems, contribution, R874367:First Research Object 2)', '(R874367:First Research Object 2, Object, R874381:Research Object List)', '(R874381:Research Object List, Entity, R874382:Research Object Entity)', '(R874382:Research Object Entity, Name, L1532476:Architecture Evolution)', '(R869730:Architectural Concerns for Digital Twin of the Organization, contribution, R869753:First Research Object 2)', '(R869753:First Research Object 2, Object, R869761:Research Object List)', '(R869761:Research Object List, Entity, R869762:Research Object Entity)', '(R869762:Research Object Entity, Name, L1522941:Architecture Evolution)', '(R870059:Incremental Calibration of Architectural Performance Models with Parametric Dependencies, contribution, R2156359:Evidence 2)', '(R2156359:Evidence 2, Uses Input Data, R2156360:Input Data)', '(R2156360:Input Data, None, L2809730:False)', '(R873599:Improving the Consistency and Usefulness of Architecture Descriptions: Guidelines for Architects, contribution, R873642:Evidence 2)', '(R873642:Evidence 2, Uses Input Data, R873643:Input Data)', '(R873643:Input Data, None, L1530913:False)']",Which papers investigating architecture evolution have not used input data?,The papers that use the research object Architecture Evolution but do not have any input data available are: 1) 'Using Informal Knowledge for Improving Software Quality Trade-Off Decisions' and 2) 'On Interfaces to Support Agile Architecting in Automotive: An Exploratory Case Study'.,"['10.1007/978-3-030-00761-4_18', '10.1007/978-3-030-00761-4_18', '10.1109/ICSA.2019.00025', '10.1109/ICSA.2019.00025']",,"['(R873482:Research Object Entity, Name, L1530596:Architecture Evolution)', '(R874831:Input Data, None, L1533463:True)', '(R868851:Research Object Entity, Name, L1520985:Architecture Evolution)', '(R868853:Input Data, None, L1520989:True)']",clustering_strategy,R659055,Software Architecture and Design,5,"Which papers use the research object [Content Data: research object name], but do not have any input data available?"
70,800d5973d1783ef79636e6d3632d4b8a,ccaed07d-0852-400a-804c-b7197cd45257,"

The papers that satisfy **both** of the requested criteria – they employ the **Questionnaire** evaluation method **and** explicitly state that **no input data was used** – are:

| Paper (citation) | Evaluation method | Indication that no input data was used |
|------------------|-------------------|----------------------------------------|
| **“Determining Microservice Boundaries: A Case Study Using Static and Dynamic Software Analysis”** [2] | Questionnaire (listed in the Evaluation‑Method list for First Research Object 2) | Evidence 2 shows an **Input‑Data** entry with the “None” attribute set to **True**, indicating that no input data was used. |
| **“A Survey on Big Data Analytics Solutions Deployment”** [6] | Questionnaire (used for the evaluation of First Research Object 2) | The description of Evidence 2 states that the study “*uses input data, which is false*”, meaning no input data was used. |
| **“Improving the Consistency and Usefulness of Architecture Descriptions: Guidelines for Architects”** (doi 10.1109/ICSA.2019.00024) [9] | Questionnaire (Evaluation‑Method Entity L1530898:Questionnaire) | The evaluation for the Second Research Object records “properties = false”, signifying that **no input data was used** in that evaluation. |

These three publications are the only ones in the provided texts that meet both conditions.

[2] Source: Determining Microservice Boundaries: A Case Study Using Static and Dynamic Software Analysis, 10.1007/978-3-030-58923-3_21
[6] Source: A Survey on Big Data Analytics Solutions Deployment, 10.1007/978-3-030-29983-5_13
[9] Source: Improving the Consistency and Usefulness of Architecture Descriptions: Guidelines for Architects, 10.1109/ICSA.2019.00024
",[],0.0,0.125,0.0,0.0,0.0,0.0,0.0,0.0,0.0,0.0,0.0,0.0,0.0,0.0,0.05,0.25,0.08,0.14,0.08,0.25,0.12,0.18,0.0,0.0,0.05,0.08,0.06,0.32,0.21,0.7,0.16,0.11,0.36,0.24,0.15,0.52,1.0,272.8816921710968,0.0,106006,0,0.0,,0,0.0,,,0.0,0.0,,0.0,0.0,https://wandb.ai/kastel-sdq-meta-research/experiment_baseline/r/call/01a05f6c-eb8d-7c8c-9144-7523f795327f,retrieval_config,False,KitToolbox,kit.qwen3-embedding-8b,10,10,True,cosine,True,False,10,-1,8,False,False,1,False,-1,-1,False,,['R659055'],['Paper'],False,False,False,kg_retrieval,hublink,kittoolbox_kit.minimax-m2.7-229b_tmpNone_maxt-1_reasoningNone,KitToolbox,kit.minimax-m2.7-229b,,-1,,kittoolbox_kit.minimax-m2.7-229b_tmpNone_maxt-1_reasoningNone,KitToolbox,kit.minimax-m2.7-229b,,-1,,orkg_merged_ecsa_icsa.json_jsonpublicationloader_limit-1,['paper_class'],['research_level'],['first_research_object'],['second_research_object'],['validity'],['evidence'],False,False,R659055,https://sandbox.orkg.org,-1,orkg,merged_ecsa_icsa.json_jsonpublicationloader_limit-1,merged_ecsa_icsa.json,JsonPublicationLoader,-1,,4000,2,generation_kittoolbox_kit.minimax-m2.7-229b_tmpNone_maxt-1_reasoningNone,generation,kittoolbox_kit.minimax-m2.7-229b_tmpNone_maxt-1_reasoningNone,KitToolbox,kit.minimax-m2.7-229b,,-1,,"['(R873839:Evaluation Method Entity, Name, L1531340:Questionnaire)', '(R873599:Improving the Consistency and Usefulness of Architecture Descriptions: Guidelines for Architects, contribution, R873627:First Research Object 2)', '(R873627:First Research Object 2, evaluation, R873628:Evaluation)', '(R873628:Evaluation, Evaluation method, R873629:Evaluation Method List)', '(R873629:Evaluation Method List, Entity, R873630:Evaluation Method Entity)', '(R873630:Evaluation Method Entity, Name, L1530898:Questionnaire)', '(R870431:Determining Microservice Boundaries: A Case Study Using Static and Dynamic Software Analysis, contribution, R2156283:First Research Object 2)', '(R2156283:First Research Object 2, evaluation, R2156323:Evaluation)', '(R2156323:Evaluation, Evaluation method, R2156325:Evaluation Method List)', '(R2156325:Evaluation Method List, Entity, R2156327:Evaluation Method Entity)', '(R2156327:Evaluation Method Entity, Name, L2809683:Questionnaire)', '(R873599:Improving the Consistency and Usefulness of Architecture Descriptions: Guidelines for Architects, contribution, R873638:Second Research Object 2)', '(R873638:Second Research Object 2, evaluation, R873639:Evaluation)', '(R873639:Evaluation, properties, L1530908:False)', '(R873599:Improving the Consistency and Usefulness of Architecture Descriptions: Guidelines for Architects, doi, L1530828:10.1109/ICSA.2019.00024)', '(R873814:A Survey on Big Data Analytics Solutions Deployment, contribution, R873845:Evidence 2)', '(R870431:Determining Microservice Boundaries: A Case Study Using Static and Dynamic Software Analysis, contribution, R870472:Evidence 2)', '(R870472:Evidence 2, Uses Input Data, R870473:Input Data)', '(R870473:Input Data, None, L1524413:True)', '(R873846:Input Data, None, L1531349:False)']",Which papers use the evaluation method Questionnaire but indicate that no input data was used?,The papers that use the evaluation method Questionnaire but do not have any input data available are: 'Architectural Assumptions and Their Management in Industry – An Exploratory Study' and 'Determining Microservice Boundaries: A Case Study Using Static and Dynamic Software Analysis'. Both papers indicate that there is no input data available for their respective studies.,"['10.1007/978-3-319-65831-5_14', '10.1007/978-3-319-65831-5_14', '10.1007/978-3-030-58923-3_21', '10.1007/978-3-030-58923-3_21']",,"['(R868679:Evaluation Method Entity, Name, L1520614:Questionnaire)', '(R868689:Input Data, None, L1520624:True)', '(R870466:Evaluation Method Entity, Name, L1524404:Questionnaire)', '(R870473:Input Data, None, L1524413:True)']",clustering_strategy,R659055,Software Architecture and Design,6,"Which papers use the evaluation method [Content Data: evaluation method name], but do not have any input data available?"
71,800d5973d1783ef79636e6d3632d4b8a,a86df857-bfb6-44b8-936e-896e52072183,"

The information provided does **not** identify any paper that both (i) applies a controlled experiment and (ii) lacks input data.  

- Papers whose Evidence 2 shows that the input data are **not available** include:  
  - “Self‑Commissioning Industrial IoT‑Systems in Process Automation: A Reference Architecture” [1]  
  - “Incremental Calibration of Architectural Performance Models with Parametric Dependencies” [2]  
  - “A Generic and Highly Scalable Framework for the Automation and Execution of Scientific Data Processing and Simulation Workflows” [4]  
  - “Aspect‑Oriented Modeling of Technology Heterogeneity in Microservice Architecture” [5]  
  - “Butterfly Space: An Architectural Approach for Investigating Performance Issues” [9]  

  However, none of these texts contain an explicit statement that the paper employs a **controlled‑experiment** methodology.  

- The remaining papers either have input data that are **available** (e.g., “A Complexity Metric for Microservices Architecture Migration” [6], “COCOS: A Scalable Architecture for Containerized Heterogeneous Systems” [7], “Automated Microservice Identification in Legacy Systems with Functional and Non‑Functional Metrics” [8]) or do not mention a controlled experiment (e.g., the study referred to in [3]).

Because the **controlled‑experiment** condition is absent for all papers, **no paper satisfies both required criteria**.

[1] Source: Self-Commissioning Industrial IoT-Systems in Process Automation: A Reference Architecture, 10.1109/ICSA.2018.00029
[2] Source: Incremental Calibration of Architectural Performance Models with Parametric Dependencies, 10.1109/ICSA47634.2020.00011
[3] Source: Employment of Optimal Approximations on Apache Hadoop Checkpoint Technique for Performance Improvements, 10.1109/ICSA47634.2020.00009
[4] Source: A Generic and Highly Scalable Framework for the Automation and Execution of Scientific Data Processing and Simulation Workflows, 10.1109/ICSA.2018.00024
[5] Source: Aspect-Oriented Modeling of Technology Heterogeneity in Microservice Architecture, 10.1109/ICSA.2019.00011
[6] Source: A Complexity Metric for Microservices Architecture Migration, 10.1109/ICSA47634.2020.00024
[7] Source: COCOS: A Scalable Architecture for Containerized Heterogeneous Systems, 10.1109/ICSA47634.2020.00018
[8] Source: Automated Microservice Identification in Legacy Systems with Functional and Non-Functional Metrics, 10.1109/ICSA47634.2020.00021
[9] Source: Butterfly Space: An Architectural Approach for Investigating Performance Issues, 10.1109/ICSA47634.2020.00027
",[],0.0,0.0,0.0,0.0,0.0,0.0,0.0,0.0,0.0,0.0,0.0,0.0,0.0,0.0,0.0,0.0,0.0,0.0,0.0,0.0,0.0,0.0,0.0,0.0,0.0,0.0,0.01,0.26,0.17,0.58,0.09,0.05,0.19,0.18,0.11,0.4,1.0,294.24662709236145,0.0010119,19217,0,0.0,,0,0.0,,,0.0,0.0,,0.0,0.0,https://wandb.ai/kastel-sdq-meta-research/experiment_baseline/r/call/01a05f6d-3a2b-7cef-9761-b583153704cd,retrieval_config,False,KitToolbox,kit.qwen3-embedding-8b,10,10,True,cosine,True,False,10,-1,8,False,False,1,False,-1,-1,False,,['R659055'],['Paper'],False,False,False,kg_retrieval,hublink,kittoolbox_kit.minimax-m2.7-229b_tmpNone_maxt-1_reasoningNone,KitToolbox,kit.minimax-m2.7-229b,,-1,,kittoolbox_kit.minimax-m2.7-229b_tmpNone_maxt-1_reasoningNone,KitToolbox,kit.minimax-m2.7-229b,,-1,,orkg_merged_ecsa_icsa.json_jsonpublicationloader_limit-1,['paper_class'],['research_level'],['first_research_object'],['second_research_object'],['validity'],['evidence'],False,False,R659055,https://sandbox.orkg.org,-1,orkg,merged_ecsa_icsa.json_jsonpublicationloader_limit-1,merged_ecsa_icsa.json,JsonPublicationLoader,-1,,4000,2,generation_kittoolbox_kit.minimax-m2.7-229b_tmpNone_maxt-1_reasoningNone,generation,kittoolbox_kit.minimax-m2.7-229b_tmpNone_maxt-1_reasoningNone,KitToolbox,kit.minimax-m2.7-229b,,-1,,"['(R874633:Evidence 2, Uses Input Data, R874634:Input Data)', '(R874634:Input Data, available, L1533012:True)', '(R870093:Input Data, available, L1523623:False)', '(R874290:Input Data, available, L1532286:False)', '(R874067:Evidence 2, Provides Replication Package, L1531815:False)', '(R868446:Automated Microservice Identification in Legacy Systems with Functional and Non-Functional Metrics, contribution, R868475:Evidence 2)', '(R872145:Evidence 2, Uses Input Data, R872146:Input Data)', '(R872146:Input Data, available, L1527871:True)', '(R873222:Evidence 2, Uses Input Data, R873223:Input Data)', '(R873223:Input Data, available, L1530049:False)', '(R2156360:Input Data, available, L2809729:False)', '(R868475:Evidence 2, Uses Input Data, R868476:Input Data)', '(R868476:Input Data, available, L1520172:True)', '(R872184:Evidence 2, Uses Input Data, R872185:Input Data)', '(R872185:Input Data, available, L1527952:False)', '(R872135:Paper Class 2, validation research, L1527857:True)']",Which papers apply a controlled experiment and do not have any input data available?,"The papers that use the evaluation method Controlled Experiment but do not have any input data available are: 1) 'On the Understandability of Semantic Constraints for Behavioral Software Architecture Compliance: A Controlled Experiment', 2) 'Unlimited Rulebook: a Reference Architecture for Economy Mechanics in Digital Games', and 3) 'Two Architectural Threat Analysis Techniques Compared'.","['10.1109/ICSA.2017.10', '10.1109/ICSA.2017.10', '10.1109/ICSA47634.2020.00014', '10.1109/ICSA47634.2020.00014', '10.1007/978-3-030-00761-4_23', '10.1007/978-3-030-00761-4_23']",,"['(R874323:Evaluation Method Entity, Name, L1532368:Controlled Experiment)', '(R874329:Input Data, None, L1532376:True)', '(R869082:Evaluation Method Entity, Name, L1521476:Controlled Experiment)', '(R869095:Input Data, None, L1521490:True)', '(R869377:Evaluation Method Entity, Name, L1522113:Controlled Experiment)', '(R869383:Input Data, None, L1522121:True)']",clustering_strategy,R659055,Software Architecture and Design,6,"Which papers use the evaluation method [Content Data: evaluation method name], but do not have any input data available?"
72,800d5973d1783ef79636e6d3632d4b8a,33b23515-6a6b-4976-9fd7-1de4bc7db859,"

When papers investigate the **Reliability** property, they are classified as **Paper Class 2** – the only class assigned for reliability‑related investigations, making it the most frequent classification for this property [1][2][3][5][6].

[1] Source: A Platform Architecture for Multi-Tenant Blockchain-Based Systems, 10.1109/ICSA.2019.00019
[2] Source: An Architecture for Decentralized, Collaborative, and Autonomous Robots, 10.1109/ICSA.2018.00017
[3] Source: A Comparison of MQTT Brokers for Distributed IoT Edge Computing, 10.1007/978-3-030-58923-3_23
[5] Source: Quality Evaluation of PaaS Cloud Application Design Using Generated Prototypes, 10.1109/ICSA.2017.43
[6] Source: An Architecture-Driven Adaptation Approach for Big Data Cyber Security Analytics, 10.1109/ICSA.2019.00013
",[],0.2,0.15,0.062,0.062,0.333,0.333,0.2,0.2,0.2,0.2,0.27,0.2,0.23,0.21,0.24,0.5,0.32,0.41,0.39,0.6,0.47,0.54,0.2,0.267,0.238,0.387,0.02,0.56,0.43,0.79,0.15,0.12,0.22,0.26,0.2,0.37,1.0,251.9048707485199,0.00027284999999999994,5126,0,0.0,,0,0.0,,,0.0,0.0,,0.0,0.0,https://wandb.ai/kastel-sdq-meta-research/experiment_baseline/r/call/01a05f6d-e1ac-72bf-a9c4-08d98635b703,retrieval_config,False,KitToolbox,kit.qwen3-embedding-8b,10,10,True,cosine,True,False,10,-1,8,False,False,1,False,-1,-1,False,,['R659055'],['Paper'],False,False,False,kg_retrieval,hublink,kittoolbox_kit.minimax-m2.7-229b_tmpNone_maxt-1_reasoningNone,KitToolbox,kit.minimax-m2.7-229b,,-1,,kittoolbox_kit.minimax-m2.7-229b_tmpNone_maxt-1_reasoningNone,KitToolbox,kit.minimax-m2.7-229b,,-1,,orkg_merged_ecsa_icsa.json_jsonpublicationloader_limit-1,['paper_class'],['research_level'],['first_research_object'],['second_research_object'],['validity'],['evidence'],False,False,R659055,https://sandbox.orkg.org,-1,orkg,merged_ecsa_icsa.json_jsonpublicationloader_limit-1,merged_ecsa_icsa.json,JsonPublicationLoader,-1,,4000,2,generation_kittoolbox_kit.minimax-m2.7-229b_tmpNone_maxt-1_reasoningNone,generation,kittoolbox_kit.minimax-m2.7-229b_tmpNone_maxt-1_reasoningNone,KitToolbox,kit.minimax-m2.7-229b,,-1,,"['(R871757:First Research Object 2, evaluation, R871758:Evaluation)', '(R871758:Evaluation, properties, R871761:Property)', '(R871765:Property, Name, L1527091:Reliability)', '(R871523:An Architecture for Decentralized, Collaborative, and Autonomous Robots, contribution, R871554:First Research Object 2)', '(R871554:First Research Object 2, evaluation, R871555:Evaluation)', '(R871555:Evaluation, properties, R871560:Property)', '(R871563:Property, Name, L1526673:Reliability)', '(R870014:An Architecture-Driven Adaptation Approach for Big Data Cyber Security Analytics, contribution, R2156164:First Research Object 2)', '(R2156164:First Research Object 2, evaluation, R2156177:Evaluation)', '(R2156177:Evaluation, properties, R2156187:Property)', '(R2156195:Property, Name, L2809563:Reliability)', '(R873759:Property, Name, L1531163:Reliability)', '(R871523:An Architecture for Decentralized, Collaborative, and Autonomous Robots, contribution, R871552:Paper Class 2)', '(R871552:Paper Class 2, evaluation research, L1526664:True)', '(R873728:A Comparison of MQTT Brokers for Distributed IoT Edge Computing, contribution, R873751:Paper Class 2)', '(R873751:Paper Class 2, evaluation research, L1531157:True)', '(R871104:Quality Evaluation of PaaS Cloud Application Design Using Generated Prototypes, contribution, R2156144:Paper Class 2)', '(R870014:An Architecture-Driven Adaptation Approach for Big Data Cyber Security Analytics, contribution, R2156135:Paper Class 2)', '(R871726:A Platform Architecture for Multi-Tenant Blockchain-Based Systems, contribution, R871755:Paper Class 2)', '(R871104:Quality Evaluation of PaaS Cloud Application Design Using Generated Prototypes, contribution, R871123:Paper Class 2)', '(R871554:First Research Object 2, evaluation, R871565:Evaluation)']",What is the paper class that papers are most frequently classified as when they investigate the property Reliability?,The paper class that papers are most frequently classified as when they investigate the property Reliability is Evaluation research.,"['10.1007/978-3-030-58923-3_23', '10.1007/978-3-030-58923-3_23', '10.1109/ICSA.2019.00019', '10.1109/ICSA.2019.00019', '10.1109/ICSA.2019.00013', '10.1109/ICSA.2019.00013', '10.1109/ICSA.2017.43', '10.1109/ICSA.2017.43', '10.1109/ICSA.2018.00017', '10.1109/ICSA.2018.00017']",,"['(R873759:Property, Name, L1531163:Reliability)', '(R873751:Paper Class 2, evaluation research, L1531157:True)', '(R871765:Property, Name, L1527091:Reliability)', '(R871755:Paper Class 2, evaluation research, L1527083:True)', '(R870044:Property, Name, L1523526:Reliability)', '(R870036:Paper Class 2, validation research, L1523515:True)', '(R871563:Property, Name, L1526673:Reliability)', '(R871123:Paper Class 2, proposal of solution, L1525781:True)', '(R871130:Property, Name, L1525789:Reliability)', '(R871552:Paper Class 2, evaluation research, L1526664:True)']",clustering_strategy,R659055,Software Architecture and Design,6,What is the paper class that papers are most frequently classified as when they investigate the sub-property with the name [Content Data: sub-property name] in their evaluations?
73,800d5973d1783ef79636e6d3632d4b8a,30595f47-6fe5-40c8-8d45-c18f0843cbbf,"

The papers that employ the **Case Study** evaluation method and focus on the research object **Architecture Description** include:

* “Enforcing Architectural Security Decisions” – associated with the research object “Architecture Analysis Method”【2】  
* “The Anatomy of a Large‑Scale Experimentation Platform” – identified with the research object “Architecture Description”【3】  
* “Accurate Analysis of Quality Properties of Software with Observation‑Based Markov Chain Refinement” – also linked to the research object “Architecture Analysis Method”【5】  

Among these, the only source that provides any **paper‑class** information explicitly names **Paper Class 2** for a study that meets the two criteria (Case‑Study evaluation and Architecture‑related research object)【1】. The remaining sources indicate that no paper‑class details are given for the other papers that satisfy the same criteria【2】【3】【4】【5】.

**Therefore, based on the supplied texts, the most commonly observed (and only mentioned) paper class for papers that apply the “Case Study” evaluation method and investigate the “Architecture Description” research object is “Paper Class 2.”** However, because several partial answers note the absence of paper‑class information, this conclusion is limited to the single instance reported; a definitive most‑used paper class cannot be determined beyond that observation.

",[],0.0,0.0,0.0,0.0,0.0,0.0,0.0,0.0,0.0,0.0,0.0,0.0,0.0,0.0,0.0,0.0,0.0,0.0,0.0,0.0,0.0,0.0,0.0,0.0,0.0,0.0,0.04,0.22,0.12,0.96,0.16,0.09,0.71,0.16,0.09,0.72,1.0,306.8818836212158,0.0,94450,0,0.0,,0,0.0,,,0.0,0.0,,0.0,0.0,https://wandb.ai/kastel-sdq-meta-research/experiment_baseline/r/call/01a05f71-58fd-73b0-90d1-854c739eabdf,retrieval_config,False,KitToolbox,kit.qwen3-embedding-8b,10,10,True,cosine,True,False,10,-1,8,False,False,1,False,-1,-1,False,,['R659055'],['Paper'],False,False,False,kg_retrieval,hublink,kittoolbox_kit.minimax-m2.7-229b_tmpNone_maxt-1_reasoningNone,KitToolbox,kit.minimax-m2.7-229b,,-1,,kittoolbox_kit.minimax-m2.7-229b_tmpNone_maxt-1_reasoningNone,KitToolbox,kit.minimax-m2.7-229b,,-1,,orkg_merged_ecsa_icsa.json_jsonpublicationloader_limit-1,['paper_class'],['research_level'],['first_research_object'],['second_research_object'],['validity'],['evidence'],False,False,R659055,https://sandbox.orkg.org,-1,orkg,merged_ecsa_icsa.json_jsonpublicationloader_limit-1,merged_ecsa_icsa.json,JsonPublicationLoader,-1,,4000,2,generation_kittoolbox_kit.minimax-m2.7-229b_tmpNone_maxt-1_reasoningNone,generation,kittoolbox_kit.minimax-m2.7-229b_tmpNone_maxt-1_reasoningNone,KitToolbox,kit.minimax-m2.7-229b,,-1,,"['(R868446:Automated Microservice Identification in Legacy Systems with Functional and Non-Functional Metrics, contribution, R868467:First Research Object 2)', '(R868467:First Research Object 2, evaluation, R868468:Evaluation)', '(R868468:Evaluation, Evaluation method, R868469:Evaluation Method List)', '(R868469:Evaluation Method List, Entity, R868470:Evaluation Method Entity)', '(R868470:Evaluation Method Entity, Name, L1520166:Case Study)', '(R868467:First Research Object 2, Object, R868473:Research Object List)', '(R868473:Research Object List, Entity, R868474:Research Object Entity)', '(R868474:Research Object Entity, Name, L1520170:Architecture Design Method)', '(R868446:Automated Microservice Identification in Legacy Systems with Functional and Non-Functional Metrics, contribution, R868465:Paper Class 2)']",Which is the most used paper class for papers that apply the evaluation method Case Study and investigate the research object Architecture Description?,The most commonly used paper class for papers that apply the evaluation method Case Study and investigate the research object Architecture Description is validation research.,"['10.1109/ICSA.2018.00024', '10.1109/ICSA.2018.00024', '10.1109/ICSA.2018.00024', '10.1109/ICSA.2018.00024', '10.1109/ICSA.2018.00009', '10.1109/ICSA.2018.00009', '10.1109/ICSA.2018.00009']",,"['(R874062:Evaluation Method Entity, Name, L1531810:Case Study)', '(R874066:Research Object Entity, Name, L1531814:Architecture Description)', '(R874057:Paper Class 2, proposal of solution, L1531804:True)', '(R874057:Paper Class 2, validation research, L1531802:True)', '(R869715:Evaluation Method Entity, Name, L1522846:Case Study)', '(R869719:Research Object Entity, Name, L1522850:Architecture Description)', '(R869710:Paper Class 2, validation research, L1522838:True)']",clustering_strategy,R659055,Software Architecture and Design,6,Which is the most used paper class for publications with the evaluation method [method name] and the research object [Content Data: research object name]?
74,800d5973d1783ef79636e6d3632d4b8a,dd9b02a6-7f62-4bec-91dd-330398852334,"

The publications that examine architecture patterns and use case‑study evaluations are all classified as **Paper Class 2**. Because every source that mentions a paper class cites this class—and no other class is referenced—it is the predominant (and only) paper class used in this set of studies [1][2][3][4][5][6][7][8].

[1] Source: Determining Microservice Boundaries: A Case Study Using Static and Dynamic Software Analysis, 10.1007/978-3-030-58923-3_21
[2] Source: Improving the Consistency and Usefulness of Architecture Descriptions: Guidelines for Architects, 10.1109/ICSA.2019.00024
[3] Source: A Machine Learning Approach to Service Discovery for Microservice Architectures, 10.1007/978-3-030-86044-8_5
[4] Source: Understanding Architecture Decisions in Context, 10.1007/978-3-030-00761-4_19
[5] Source: EASIER: An Evolutionary Approach for Multi-objective Software ArchItecturE Refactoring, 10.1109/ICSA.2018.00020
[6] Source: Model-Based Analysis of Microservice Resiliency Patterns, 10.1109/ICSA47634.2020.00019
[7] Source: An Architecture-Driven Adaptation Approach for Big Data Cyber Security Analytics, 10.1109/ICSA.2019.00013
[8] Source: The Anatomy of a Large-Scale Experimentation Platform, 10.1109/ICSA.2018.00009
",[],0.0,0.0,0.0,0.0,0.0,0.0,0.0,0.0,0.0,0.0,0.0,0.0,0.0,0.0,0.0,0.0,0.0,0.0,0.0,0.0,0.0,0.0,0.0,0.0,0.0,0.0,0.02,0.34,0.25,0.56,0.1,0.07,0.17,0.17,0.12,0.28,1.0,506.51379346847534,0.00212325,12052,0,0.0,,0,0.0,,,0.0,0.0,,0.0,0.0,https://wandb.ai/kastel-sdq-meta-research/experiment_baseline/r/call/01a05f71-e20f-7d91-b705-a4dea0a1a196,retrieval_config,False,KitToolbox,kit.qwen3-embedding-8b,10,10,True,cosine,True,False,10,-1,8,False,False,1,False,-1,-1,False,,['R659055'],['Paper'],False,False,False,kg_retrieval,hublink,kittoolbox_kit.minimax-m2.7-229b_tmpNone_maxt-1_reasoningNone,KitToolbox,kit.minimax-m2.7-229b,,-1,,kittoolbox_kit.minimax-m2.7-229b_tmpNone_maxt-1_reasoningNone,KitToolbox,kit.minimax-m2.7-229b,,-1,,orkg_merged_ecsa_icsa.json_jsonpublicationloader_limit-1,['paper_class'],['research_level'],['first_research_object'],['second_research_object'],['validity'],['evidence'],False,False,R659055,https://sandbox.orkg.org,-1,orkg,merged_ecsa_icsa.json_jsonpublicationloader_limit-1,merged_ecsa_icsa.json,JsonPublicationLoader,-1,,4000,2,generation_kittoolbox_kit.minimax-m2.7-229b_tmpNone_maxt-1_reasoningNone,generation,kittoolbox_kit.minimax-m2.7-229b_tmpNone_maxt-1_reasoningNone,KitToolbox,kit.minimax-m2.7-229b,,-1,,"['(R871305:EASIER: An Evolutionary Approach for Multi-objective Software ArchItecturE Refactoring, contribution, R2156142:Paper Class 2)', '(R868608:Understanding Architecture Decisions in Context, contribution, R868629:Paper Class 2)', '(R868629:Paper Class 2, evaluation research, L1520515:True)', '(R868629:Paper Class 2, philosophical paper, L1520514:False)', '(R870431:Determining Microservice Boundaries: A Case Study Using Static and Dynamic Software Analysis, contribution, R870456:Paper Class 2)', '(R870456:Paper Class 2, evaluation research, L1524397:False)', '(R870014:An Architecture-Driven Adaptation Approach for Big Data Cyber Security Analytics, contribution, R870036:Paper Class 2)', '(R870036:Paper Class 2, opinion paper, L1523518:False)', '(R873599:Improving the Consistency and Usefulness of Architecture Descriptions: Guidelines for Architects, contribution, R873625:Paper Class 2)', '(R873625:Paper Class 2, evaluation research, L1530895:True)', '(R870227:A Machine Learning Approach to Service Discovery for Microservice Architectures, contribution, R2156151:Paper Class 2)', '(R2156151:Paper Class 2, validation research, L2809504:True)', '(R870014:An Architecture-Driven Adaptation Approach for Big Data Cyber Security Analytics, contribution, R2156135:Paper Class 2)', '(R2156135:Paper Class 2, validation research, L2809457:True)', '(R870431:Determining Microservice Boundaries: A Case Study Using Static and Dynamic Software Analysis, contribution, R2156225:Paper Class 2)', '(R869851:Model-Based Analysis of Microservice Resiliency Patterns, contribution, R869878:Paper Class 2)', '(R869878:Paper Class 2, evaluation research, L1523195:True)', '(R869691:The Anatomy of a Large-Scale Experimentation Platform, contribution, R869710:Paper Class 2)', '(R869710:Paper Class 2, evaluation research, L1522843:False)', '(R2156225:Paper Class 2, evaluation research, L2809577:False)', '(R2156151:Paper Class 2, evaluation research, L2809489:False)', '(R2156135:Paper Class 2, evaluation research, L2809441:False)', '(R869888:Second Research Object 2, evaluation, R869889:Evaluation)', '(R870431:Determining Microservice Boundaries: A Case Study Using Static and Dynamic Software Analysis, contribution, R2156127:Paper Class 2)', '(R2156127:Paper Class 2, proposal of solution, L2809417:True)', '(R869887:Research Object Entity, Name, L1523202:Architecture Pattern)', '(R868629:Paper Class 2, validation research, L1520510:False)', '(R869710:Paper Class 2, validation research, L1522838:True)']","Among the publications that investigate architecture patterns and apply case studies in their evaluation, which is the most used paper class?",The most commonly used paper class for publications that employ the evaluation method Case Study and target the research object Architecture Pattern is evaluation research.,"['10.1007/978-3-030-00761-4_21', '10.1007/978-3-030-00761-4_21', '10.1007/978-3-030-00761-4_21', '10.1109/ICSA.2017.39', '10.1109/ICSA.2017.39', '10.1109/ICSA.2017.39', '10.1007/978-3-030-29983-5_16', '10.1007/978-3-030-29983-5_16', '10.1007/978-3-030-29983-5_16', '10.1007/978-3-030-29983-5_16']",,"['(R870410:Evaluation Method Entity, Name, L1524293:Case Study)', '(R870420:Research Object Entity, Name, L1524302:Architecture Pattern)', '(R870405:Paper Class 2, evaluation research, L1524290:True)', '(R872257:Evaluation Method Entity, Name, L1528117:Case Study)', '(R872261:Research Object Entity, Name, L1528121:Architecture Pattern)', '(R872252:Paper Class 2, evaluation research, L1528114:True)', '(R870328:Evaluation Method Entity, Name, L1524149:Case Study)', '(R870332:Research Object Entity, Name, L1524153:Architecture Pattern)', '(R870323:Paper Class 2, validation research, L1524141:True)', '(R870323:Paper Class 2, proposal of solution, L1524143:True)']",clustering_strategy,R659055,Software Architecture and Design,6,Which is the most used paper class for publications with the evaluation method [method name] and the research object [Content Data: research object name]?
75,800d5973d1783ef79636e6d3632d4b8a,502b6de0-07d3-4ff0-b138-101edf292d49,"

The only paper class that appears in the texts for publications that both investigate technical debt and use a Data‑Science evaluation is **Paper Class 2** – it is therefore the most used (in fact, the only) class among the described studies [1][2][3][4][5][6][7][8].

[1] Source: Architectural Decay as Predictor of Issue- and Change-Proneness, 10.1109/ICSA51549.2021.00017
[2] Source: The Evolution of Technical Debt in the Apache Ecosystem, 10.1007/978-3-319-65831-5_4
[3] Source: FLRA: A Reference Architecture for Federated Learning Systems, 10.1007/978-3-030-86044-8_6
[4] Source: Architectural Technical Debt: A Grounded Theory, 10.1007/978-3-030-58923-3_14
[5] Source: Architectural Design Decisions for Systems Supporting Model-Based Analysis of Runtime Events: A Qualitative Multi-method Study, 10.1109/ICSA.2018.00021
[6] Source: An Empirical Study of Architectural Decay in Open-Source Software, 10.1109/ICSA.2018.00027
[7] Source: Architectural Security Weaknesses in Industrial Control Systems (ICS) an Empirical Study Based on Disclosed Software Vulnerabilities, 10.1109/ICSA.2019.00012
[8] Source: Data-Centric Communication and Containerization for Future Automotive Software Architectures, 10.1109/ICSA.2018.00016
",[],0.5,0.25,0.378,0.227,1.0,1.0,0.3,0.5,0.37,0.44,0.38,0.5,0.43,0.47,0.14,0.67,0.23,0.38,0.22,0.83,0.35,0.54,0.3,0.375,0.138,0.222,0.02,0.45,0.33,0.73,0.17,0.12,0.29,0.23,0.16,0.36,1.0,471.4851849079132,0.0,12203,0,0.0,,0,0.0,,,0.0,0.0,,0.0,0.0,https://wandb.ai/kastel-sdq-meta-research/experiment_baseline/r/call/01a05f72-1ca4-7c83-835a-4ae69b48b45c,retrieval_config,False,KitToolbox,kit.qwen3-embedding-8b,10,10,True,cosine,True,False,10,-1,8,False,False,1,False,-1,-1,False,,['R659055'],['Paper'],False,False,False,kg_retrieval,hublink,kittoolbox_kit.minimax-m2.7-229b_tmpNone_maxt-1_reasoningNone,KitToolbox,kit.minimax-m2.7-229b,,-1,,kittoolbox_kit.minimax-m2.7-229b_tmpNone_maxt-1_reasoningNone,KitToolbox,kit.minimax-m2.7-229b,,-1,,orkg_merged_ecsa_icsa.json_jsonpublicationloader_limit-1,['paper_class'],['research_level'],['first_research_object'],['second_research_object'],['validity'],['evidence'],False,False,R659055,https://sandbox.orkg.org,-1,orkg,merged_ecsa_icsa.json_jsonpublicationloader_limit-1,merged_ecsa_icsa.json,JsonPublicationLoader,-1,,4000,2,generation_kittoolbox_kit.minimax-m2.7-229b_tmpNone_maxt-1_reasoningNone,generation,kittoolbox_kit.minimax-m2.7-229b_tmpNone_maxt-1_reasoningNone,KitToolbox,kit.minimax-m2.7-229b,,-1,,"['(R872804:Evaluation Method Entity, Name, L1529234:Data Science)', '(R872632:Research Object Entity, Name, L1528881:Technical Debt)', '(R872808:Research Object Entity, Name, L1529238:Technical Debt)', '(R869104:The Evolution of Technical Debt in the Apache Ecosystem, contribution, R869125:First Research Object 2)', '(R869132:Research Object Entity, Name, L1521578:Technical Debt)', '(R870102:An Empirical Study of Architectural Decay in Open-Source Software, contribution, R870123:First Research Object 2)', '(R870123:First Research Object 2, evaluation, R870124:Evaluation)', '(R870124:Evaluation, Evaluation method, R870125:Evaluation Method List)', '(R870125:Evaluation Method List, Entity, R870126:Evaluation Method Entity)', '(R870126:Evaluation Method Entity, Name, L1523703:Data Science)', '(R873101:Evaluation Method Entity, Name, L1529831:Data Science)', '(R869125:First Research Object 2, evaluation, R869126:Evaluation)', '(R869128:Evaluation Method Entity, Name, L1521574:Data Science)', '(R870777:Evaluation Method Entity, Name, L1525079:Data Science)', '(R870006:Evaluation Method Entity, Name, L1523455:Data Science)', '(R872636:Data-Centric Communication and Containerization for Future Automotive Software Architectures, contribution, R872668:Paper Class 2)', '(R872668:Paper Class 2, evaluation research, L1528961:False)', '(R869104:The Evolution of Technical Debt in the Apache Ecosystem, contribution, R869123:Paper Class 2)', '(R869987:FLRA: A Reference Architecture for Federated Learning Systems, contribution, R870001:Paper Class 2)', '(R872607:Architectural Technical Debt: A Grounded Theory, contribution, R872622:Paper Class 2)', '(R870102:An Empirical Study of Architectural Decay in Open-Source Software, contribution, R870121:Paper Class 2)', '(R870121:Paper Class 2, evaluation research, L1523700:True)', '(R872780:Architectural Decay as Predictor of Issue- and Change-Proneness, contribution, R872799:Paper Class 2)', '(R873077:Architectural Design Decisions for Systems Supporting Model-Based Analysis of Runtime Events: A Qualitative Multi-method Study, contribution, R873096:Paper Class 2)', '(R870753:Architectural Security Weaknesses in Industrial Control Systems (ICS) an Empirical Study Based on Disclosed Software Vulnerabilities, contribution, R870772:Paper Class 2)', '(R870772:Paper Class 2, evaluation research, L1525076:True)', '(R872668:Paper Class 2, opinion paper, L1528959:False)', '(R872668:Paper Class 2, philosophical paper, L1528960:False)', '(R872668:Paper Class 2, personal experience paper, L1528957:True)']","Among the publications that investigate technical debt and apply data science in their evaluation, which is the most used paper class?",The most used paper class for publications with the evaluation method Data Science and the research object Technical Debt is evaluation research.,"['10.1007/978-3-319-65831-5_4', '10.1007/978-3-319-65831-5_4', '10.1007/978-3-319-65831-5_4', '10.1109/ICSA51549.2021.00017', '10.1109/ICSA51549.2021.00017', '10.1109/ICSA51549.2021.00017']",,"['(R869128:Evaluation Method Entity, Name, L1521574:Data Science)', '(R869132:Research Object Entity, Name, L1521578:Technical Debt)', '(R869123:Paper Class 2, evaluation research, L1521571:True)', '(R872804:Evaluation Method Entity, Name, L1529234:Data Science)', '(R872808:Research Object Entity, Name, L1529238:Technical Debt)', '(R872799:Paper Class 2, evaluation research, L1529231:True)']",clustering_strategy,R659055,Software Architecture and Design,6,Which is the most used paper class for publications with the evaluation method [method name] and the research object [Content Data: research object name]?
76,800d5973d1783ef79636e6d3632d4b8a,1494fc87-34e3-4f7b-ae77-54093e3988b0,"

Based on the information provided in the source texts, the papers that are explicitly identified as investigating the research object Technical Debt are distributed across the following publication years:

| Publication Year | Paper(s) |
|------------------|----------|
| **2017** | “The Evolution of Technical Debt in the Apache Ecosystem” 【3】 |
| **2018** | “Identifying and Prioritizing Architectural Debt Through Architectural Smells: A Case Study in a Large Software Company” (Architectural Debt being a type of Technical Debt) 【5】 |
| **2020** | “Architectural Technical Debt: A Grounded Theory” 【4】 |
| **Year not specified** | “Architectural Decay as Predictor of Issue‑ and Change‑Proneness” (the paper is identified as investigating Technical Debt, but no publication year is given) 【2】 |

Thus, the distribution of the identified Technical‑Debt‑investigating papers by publication year is:

- **2017:** 1 paper  
- **2018:** 1 paper  
- **2020:** 1 paper  
- **Unspecified year:** 1 paper  

The remaining partial answers indicate that no other papers or publication years beyond these were mentioned in the provided texts.

",[],0.333,0.5,0.083,0.546,0.25,1.0,0.2,0.33,0.25,0.29,0.54,0.58,0.56,0.57,0.29,0.83,0.43,0.61,0.52,0.92,0.67,0.8,0.2,0.538,0.294,0.524,0.03,0.25,0.15,0.68,0.1,0.06,0.27,0.18,0.11,0.5,1.0,467.30342197418213,0.00010844999999999998,5419,0,0.0,,0,0.0,,,0.0,0.0,,0.0,0.0,https://wandb.ai/kastel-sdq-meta-research/experiment_baseline/r/call/01a05f72-3b4a-7363-a86a-2c138df1b96e,retrieval_config,False,KitToolbox,kit.qwen3-embedding-8b,10,10,True,cosine,True,False,10,-1,8,False,False,1,False,-1,-1,False,,['R659055'],['Paper'],False,False,False,kg_retrieval,hublink,kittoolbox_kit.minimax-m2.7-229b_tmpNone_maxt-1_reasoningNone,KitToolbox,kit.minimax-m2.7-229b,,-1,,kittoolbox_kit.minimax-m2.7-229b_tmpNone_maxt-1_reasoningNone,KitToolbox,kit.minimax-m2.7-229b,,-1,,orkg_merged_ecsa_icsa.json_jsonpublicationloader_limit-1,['paper_class'],['research_level'],['first_research_object'],['second_research_object'],['validity'],['evidence'],False,False,R659055,https://sandbox.orkg.org,-1,orkg,merged_ecsa_icsa.json_jsonpublicationloader_limit-1,merged_ecsa_icsa.json,JsonPublicationLoader,-1,,4000,2,generation_kittoolbox_kit.minimax-m2.7-229b_tmpNone_maxt-1_reasoningNone,generation,kittoolbox_kit.minimax-m2.7-229b_tmpNone_maxt-1_reasoningNone,KitToolbox,kit.minimax-m2.7-229b,,-1,,"['(R872607:Architectural Technical Debt: A Grounded Theory, contribution, R872624:First Research Object 2)', '(R872624:First Research Object 2, Object, R872631:Research Object List)', '(R872631:Research Object List, Entity, R872632:Research Object Entity)', '(R872632:Research Object Entity, Name, L1528881:Technical Debt)', '(R872780:Architectural Decay as Predictor of Issue- and Change-Proneness, contribution, R872801:First Research Object 2)', '(R872801:First Research Object 2, Object, R872807:Research Object List)', '(R872807:Research Object List, Entity, R872808:Research Object Entity)', '(R872808:Research Object Entity, Name, L1529238:Technical Debt)', '(R869104:The Evolution of Technical Debt in the Apache Ecosystem, contribution, R869125:First Research Object 2)', '(R869125:First Research Object 2, Object, R869131:Research Object List)', '(R869131:Research Object List, Entity, R869132:Research Object Entity)', '(R869132:Research Object Entity, Name, L1521578:Technical Debt)', '(R870380:Identifying and Prioritizing Architectural Debt Through Architectural Smells: A Case Study in a Large Software Company, publication year, L1524234:2018)', '(R869104:The Evolution of Technical Debt in the Apache Ecosystem, publication year, L1521523:2017)', '(R872607:Architectural Technical Debt: A Grounded Theory, publication year, L1528844:2020)', '(R870380:Identifying and Prioritizing Architectural Debt Through Architectural Smells: A Case Study in a Large Software Company, contribution, R2156260:First Research Object 2)', '(R870380:Identifying and Prioritizing Architectural Debt Through Architectural Smells: A Case Study in a Large Software Company, contribution, R870407:First Research Object 2)']",How are the papers that investigate the research object Technical Debt distributed by their publication year?,"The distribution of papers that investigate the research object Technical Debt per year is as follows: In 2017, there was one paper. In 2020, there was one paper. In 2021, there was one paper.","['10.1007/978-3-319-65831-5_4', '10.1007/978-3-319-65831-5_4', '10.1109/ICSA51549.2021.00017', '10.1109/ICSA51549.2021.00017', '10.1007/978-3-030-58923-3_14', '10.1007/978-3-030-58923-3_14']",,"['(R869132:Research Object Entity, Name, L1521578:Technical Debt)', '(R869104:The Evolution of Technical Debt in the Apache Ecosystem, publication year, L1521523:2017)', '(R872808:Research Object Entity, Name, L1529238:Technical Debt)', '(R872780:Architectural Decay as Predictor of Issue- and Change-Proneness, publication year, L1529184:2021)', '(R872632:Research Object Entity, Name, L1528881:Technical Debt)', '(R872607:Architectural Technical Debt: A Grounded Theory, publication year, L1528844:2020)']",clustering_strategy,R659055,Software Architecture and Design,5,How are the papers that investigate the research object with the name [Content Data: research object name] distributed by their publication year?
77,800d5973d1783ef79636e6d3632d4b8a,ad5d0aac-1275-4204-8dfd-d74a2478e87e,"

The information needed to determine how many papers that investigate “architectural assumptions” are published per year is not provided in the sources.  The texts mention only individual papers (e.g., “Predicting the Performance of Privacy‑Preserving Data Analytics Using Architecture Modelling and Simulation” and “Improving the Consistency and Usefulness of Architecture Descriptions: Guidelines for Architects”) but do not give any aggregated frequency or yearly publication counts for papers on this topic [1][2][3].

[1] Source: Preventing Erosion in Exception Handling Design Using Static-Architecture Conformance Checking, 10.1007/978-3-319-65831-5_5
[2] Source: Predicting the Performance of Privacy-Preserving Data Analytics Using Architecture Modelling and Simulation, 10.1109/ICSA.2018.00026
[3] Source: Improving the Consistency and Usefulness of Architecture Descriptions: Guidelines for Architects, 10.1109/ICSA.2019.00024
",[],0.167,0.25,0.083,0.2,0.5,1.0,0.5,0.17,0.25,0.19,0.75,0.25,0.38,0.29,0.5,0.17,0.25,0.19,0.75,0.25,0.38,0.29,0.5,0.75,0.5,0.75,0.03,0.31,0.2,0.62,0.12,0.08,0.26,0.27,0.18,0.54,0.0,153.1484375,0.0,88210,0,0.0,,0,0.0,,,0.0,0.0,,0.0,0.0,https://wandb.ai/kastel-sdq-meta-research/experiment_baseline/r/call/01a05f76-405a-73d8-b85e-2d2985182c0c,retrieval_config,False,KitToolbox,kit.qwen3-embedding-8b,10,10,True,cosine,True,False,10,-1,8,False,False,1,False,-1,-1,False,,['R659055'],['Paper'],False,False,False,kg_retrieval,hublink,kittoolbox_kit.minimax-m2.7-229b_tmpNone_maxt-1_reasoningNone,KitToolbox,kit.minimax-m2.7-229b,,-1,,kittoolbox_kit.minimax-m2.7-229b_tmpNone_maxt-1_reasoningNone,KitToolbox,kit.minimax-m2.7-229b,,-1,,orkg_merged_ecsa_icsa.json_jsonpublicationloader_limit-1,['paper_class'],['research_level'],['first_research_object'],['second_research_object'],['validity'],['evidence'],False,False,R659055,https://sandbox.orkg.org,-1,orkg,merged_ecsa_icsa.json_jsonpublicationloader_limit-1,merged_ecsa_icsa.json,JsonPublicationLoader,-1,,4000,2,generation_kittoolbox_kit.minimax-m2.7-229b_tmpNone_maxt-1_reasoningNone,generation,kittoolbox_kit.minimax-m2.7-229b_tmpNone_maxt-1_reasoningNone,KitToolbox,kit.minimax-m2.7-229b,,-1,,"['(R873379:Predicting the Performance of Privacy-Preserving Data Analytics Using Architecture Modelling and Simulation, contribution, R873400:First Research Object 2)', '(R873407:Research Object Entity, Name, L1530444:Architectural Assumptions)']",What is the frequency of papers that investigate architectural assumptions per year?,"The frequency of papers that investigate architectural assumptions per year is: one paper in 2017, one paper in 2018, and one paper in 2019.","['10.1109/ICSA.2019.00024', '10.1109/ICSA.2019.00024', '10.1007/978-3-319-65831-5_14', '10.1007/978-3-319-65831-5_14', '10.1109/ICSA.2018.00026', '10.1109/ICSA.2018.00026']",,"['(R873641:Research Object Entity, Name, L1530909:Architectural Assumptions)', '(R873599:Improving the Consistency and Usefulness of Architecture Descriptions: Guidelines for Architects, publication year, L1530833:2019)', '(R868687:Research Object Entity, Name, L1520620:Architectural Assumptions)', '(R868651:Architectural Assumptions and Their Management in Industry – An Exploratory Study, publication year, L1520562:2017)', '(R873407:Research Object Entity, Name, L1530444:Architectural Assumptions)', '(R873379:Predicting the Performance of Privacy-Preserving Data Analytics Using Architecture Modelling and Simulation, publication year, L1530392:2018)']",clustering_strategy,R659055,Software Architecture and Design,5,What is the proportion of papers that have the research object [Content Data: research object name] per year?
78,800d5973d1783ef79636e6d3632d4b8a,fbc403f4-026c-409b-b3e2-95335faee310,"

**Frequency of papers that use the “Benchmark” evaluation method, by publication year**

| Publication year | Number of papers | Paper(s) that apply the Benchmark method (source) |
|------------------|------------------|---------------------------------------------------|
| 2017 | 1 | *Experiments in Curation: Towards Machine‑Assisted Construction of Software Architecture Knowledge Bases* – applies the Benchmark evaluation method【2】 |
| 2019 | 1 | *Evaluating the Effectiveness of Multi‑level Greedy Modularity Clustering for Software Architecture Recovery* – uses the Benchmark evaluation method【3】 |
| 2020 | 1 | *Formal Software Architectural Migration Towards Emerging Architectural Styles* – uses the Benchmark evaluation method【1】 |

All other publication years (e.g., 2018) are not reported to involve the Benchmark evaluation method in the provided texts【4】【5】. Consequently, the observed frequency is **one paper per year for 2017, 2019, and 2020**.

",[],0.25,0.25,0.043,0.389,0.143,1.0,0.2,0.25,0.22,0.24,0.43,0.38,0.4,0.38,0.38,0.75,0.5,0.62,0.57,0.75,0.65,0.71,0.2,0.429,0.375,0.571,0.03,0.36,0.22,0.96,0.13,0.08,0.35,0.23,0.14,0.63,1.0,160.84753918647766,0.0,37799,0,0.0,,0,0.0,,,0.0,0.0,,0.0,0.0,https://wandb.ai/kastel-sdq-meta-research/experiment_baseline/r/call/01a05f78-c3a6-7eb7-9c53-dd75b2602d7e,retrieval_config,False,KitToolbox,kit.qwen3-embedding-8b,10,10,True,cosine,True,False,10,-1,8,False,False,1,False,-1,-1,False,,['R659055'],['Paper'],False,False,False,kg_retrieval,hublink,kittoolbox_kit.minimax-m2.7-229b_tmpNone_maxt-1_reasoningNone,KitToolbox,kit.minimax-m2.7-229b,,-1,,kittoolbox_kit.minimax-m2.7-229b_tmpNone_maxt-1_reasoningNone,KitToolbox,kit.minimax-m2.7-229b,,-1,,orkg_merged_ecsa_icsa.json_jsonpublicationloader_limit-1,['paper_class'],['research_level'],['first_research_object'],['second_research_object'],['validity'],['evidence'],False,False,R659055,https://sandbox.orkg.org,-1,orkg,merged_ecsa_icsa.json_jsonpublicationloader_limit-1,merged_ecsa_icsa.json,JsonPublicationLoader,-1,,4000,2,generation_kittoolbox_kit.minimax-m2.7-229b_tmpNone_maxt-1_reasoningNone,generation,kittoolbox_kit.minimax-m2.7-229b_tmpNone_maxt-1_reasoningNone,KitToolbox,kit.minimax-m2.7-229b,,-1,,"['(R871582:Experiments in Curation: Towards Machine-Assisted Construction of Software Architecture Knowledge Bases, contribution, R871608:First Research Object 2)', '(R871608:First Research Object 2, evaluation, R871609:Evaluation)', '(R874518:Evaluating the Effectiveness of Multi-level Greedy Modularity Clustering for Software Architecture Recovery, contribution, R874543:First Research Object 2)', '(R874543:First Research Object 2, evaluation, R874544:Evaluation)', '(R871614:Evaluation, Evaluation method, R871615:Evaluation Method List)', '(R871615:Evaluation Method List, Entity, R871616:Evaluation Method Entity)', '(R871616:Evaluation Method Entity, Name, L1526778:Benchmark)', '(R871167:Evaluation, Evaluation method, R871168:Evaluation Method List)', '(R871168:Evaluation Method List, Entity, R871169:Evaluation Method Entity)', '(R871169:Evaluation Method Entity, Name, L1525874:Benchmark)', '(R874544:Evaluation, Evaluation method, R874545:Evaluation Method List)', '(R874545:Evaluation Method List, Entity, R874546:Evaluation Method Entity)', '(R874546:Evaluation Method Entity, Name, L1532835:Benchmark)', '(R874518:Evaluating the Effectiveness of Multi-level Greedy Modularity Clustering for Software Architecture Recovery, publication year, L1532779:2019)', '(R871582:Experiments in Curation: Towards Machine-Assisted Construction of Software Architecture Knowledge Bases, publication year, L1526719:2017)', '(R871143:Formal Software Architectural Migration Towards Emerging Architectural Styles, publication year, L1525821:2020)']",What is the frequency of papers that apply the evaluation method Benchmark per publication year?,"The frequency of papers that apply the evaluation method Benchmark per publication year is: 1 paper in 2017, 1 paper in 2019, and 2 papers in 2020.","['10.1109/ICSA.2017.27', '10.1109/ICSA.2017.27', '10.1007/978-3-030-58923-3_2', '10.1007/978-3-030-58923-3_2', '10.1109/ICSA47634.2020.00009', '10.1109/ICSA47634.2020.00009', '10.1007/978-3-030-29983-5_5', '10.1007/978-3-030-29983-5_5']",,"['(R871169:Evaluation Method Entity, Name, L1525874:Benchmark)', '(R871582:Experiments in Curation: Towards Machine-Assisted Construction of Software Architecture Knowledge Bases, publication year, L1526719:2017)', '(R874546:Evaluation Method Entity, Name, L1532835:Benchmark)', '(R871143:Formal Software Architectural Migration Towards Emerging Architectural Styles, publication year, L1525821:2020)', '(R874284:Evaluation Method Entity, Name, L1532280:Benchmark)', '(R874260:Employment of Optimal Approximations on Apache Hadoop Checkpoint Technique for Performance Improvements, publication year, L1532232:2020)', '(R871616:Evaluation Method Entity, Name, L1526778:Benchmark)', '(R874518:Evaluating the Effectiveness of Multi-level Greedy Modularity Clustering for Software Architecture Recovery, publication year, L1532779:2019)']",clustering_strategy,R659055,Software Architecture and Design,6,What is the proportion of papers that have the evaluation method [Content Data: evaluation method name] per year?
79,800d5973d1783ef79636e6d3632d4b8a,93d40c0d-7ddf-4136-9630-bafe39bd8488,"

Based on the provided sources, there is limited information available regarding the per-year frequency of papers using field experiments in their evaluations. According to source [1], the paper ""ACE: Easy Deployment of Field Optimization Experiments"" includes a field experiment as an evaluation method, though no comprehensive per-year frequency data is provided. Source [2] confirms that at least one paper (""An Architecture for Decentralized, Collaborative, and Autonomous Robots,"" published in 2018) used a field experiment as its evaluation method. Based on this information, at least one paper per year (specifically in 2018) employed a field-experiment evaluation [1][2]. However, no additional information about trends in other years or comprehensive frequency data across multiple years is available from the provided sources.

[1] Source: ACE: Easy Deployment of Field Optimization Experiments, 10.1007/978-3-030-29983-5_18
[2] Source: An Architecture for Decentralized, Collaborative, and Autonomous Robots, 10.1109/ICSA.2018.00017
",[],0.5,0.5,0.294,0.398,1.0,1.0,0.43,0.5,0.46,0.48,0.67,0.5,0.57,0.53,0.43,0.5,0.46,0.48,0.67,0.5,0.57,0.53,0.429,0.667,0.429,0.667,0.04,0.3,0.18,0.88,0.15,0.09,0.46,0.26,0.16,0.76,0.0,301.2565231323242,0.0,4234,0,0.0,,0,0.0,,,0.0,0.0,,0.0,0.0,https://wandb.ai/kastel-sdq-meta-research/experiment_baseline/r/call/01a05f79-76be-799c-9eb3-501bb8052199,retrieval_config,False,KitToolbox,kit.qwen3-embedding-8b,10,10,True,cosine,True,False,10,-1,8,False,False,1,False,-1,-1,False,,['R659055'],['Paper'],False,False,False,kg_retrieval,hublink,kittoolbox_kit.minimax-m2.7-229b_tmpNone_maxt-1_reasoningNone,KitToolbox,kit.minimax-m2.7-229b,,-1,,kittoolbox_kit.minimax-m2.7-229b_tmpNone_maxt-1_reasoningNone,KitToolbox,kit.minimax-m2.7-229b,,-1,,orkg_merged_ecsa_icsa.json_jsonpublicationloader_limit-1,['paper_class'],['research_level'],['first_research_object'],['second_research_object'],['validity'],['evidence'],False,False,R659055,https://sandbox.orkg.org,-1,orkg,merged_ecsa_icsa.json_jsonpublicationloader_limit-1,merged_ecsa_icsa.json,JsonPublicationLoader,-1,,4000,2,generation_kittoolbox_kit.minimax-m2.7-229b_tmpNone_maxt-1_reasoningNone,generation,kittoolbox_kit.minimax-m2.7-229b_tmpNone_maxt-1_reasoningNone,KitToolbox,kit.minimax-m2.7-229b,,-1,,"['(R869510:Evaluation Method Entity, Name, L1522395:Field Experiment)', '(R871523:An Architecture for Decentralized, Collaborative, and Autonomous Robots, contribution, R871554:First Research Object 2)', '(R871554:First Research Object 2, evaluation, R871555:Evaluation)', '(R871555:Evaluation, Evaluation method, R871556:Evaluation Method List)', '(R871556:Evaluation Method List, Entity, R871557:Evaluation Method Entity)', '(R871557:Evaluation Method Entity, Name, L1526667:Field Experiment)', '(R871523:An Architecture for Decentralized, Collaborative, and Autonomous Robots, publication year, L1526604:2018)']",What is the frequency of papers that used a field experiment in their evaluations per year?,"The frequency of papers that used a field experiment in their evaluations per year is: one in 2017, one in 2018, and one in 2019.","['10.1007/978-3-319-65831-5_11', '10.1007/978-3-319-65831-5_11', '10.1007/978-3-030-29983-5_18', '10.1007/978-3-030-29983-5_18', '10.1109/ICSA.2018.00017', '10.1109/ICSA.2018.00017']",,"['(R869418:Evaluation Method Entity, Name, L1522201:Field Experiment)', '(R869392:Decision Models for Microservices: Design Areas, Stakeholders, Use Cases, and Requirements, publication year, L1522148:2017)', '(R869510:Evaluation Method Entity, Name, L1522395:Field Experiment)', '(R869486:ACE: Easy Deployment of Field Optimization Experiments, publication year, L1522347:2019)', '(R871557:Evaluation Method Entity, Name, L1526667:Field Experiment)', '(R871523:An Architecture for Decentralized, Collaborative, and Autonomous Robots, publication year, L1526604:2018)']",clustering_strategy,R659055,Software Architecture and Design,6,What is the proportion of papers that have the evaluation method [Content Data: evaluation method name] per year?
80,800d5973d1783ef79636e6d3632d4b8a,24172dfa-095e-4798-803c-4c4ab294b94a,"

The source material does not identify any research objects for papers that belong to the philosophical‑paper class.  The studies that are discussed are classified as **Paper Class 2**, and each source explicitly notes that this class is **not** a philosophical paper.  Consequently, the available texts do not describe the research objects of philosophical‑paper studies—only research objects belonging to other paper classes (e.g., “Architecture Evolution” and “Second Research Object 2”) are mentioned.  Therefore, based on the provided sources, the research objects investigated in philosophical‑paper class papers remain unspecified. 【1】【2】【3】

",[],0.0,0.0,0.0,0.0,0.0,0.0,0.0,0.0,0.0,0.0,0.0,0.0,0.0,0.0,0.0,0.0,0.0,0.0,0.0,0.0,0.0,0.0,0.0,0.0,0.0,0.0,0.01,0.24,0.14,0.87,0.15,0.09,0.57,0.18,0.11,0.67,1.0,273.07329535484314,0.0,107930,0,0.0,,0,0.0,,,0.0,0.0,,0.0,0.0,https://wandb.ai/kastel-sdq-meta-research/experiment_baseline/r/call/01a05f79-ad6b-737c-a732-692314e4d817,retrieval_config,False,KitToolbox,kit.qwen3-embedding-8b,10,10,True,cosine,True,False,10,-1,8,False,False,1,False,-1,-1,False,,['R659055'],['Paper'],False,False,False,kg_retrieval,hublink,kittoolbox_kit.minimax-m2.7-229b_tmpNone_maxt-1_reasoningNone,KitToolbox,kit.minimax-m2.7-229b,,-1,,kittoolbox_kit.minimax-m2.7-229b_tmpNone_maxt-1_reasoningNone,KitToolbox,kit.minimax-m2.7-229b,,-1,,orkg_merged_ecsa_icsa.json_jsonpublicationloader_limit-1,['paper_class'],['research_level'],['first_research_object'],['second_research_object'],['validity'],['evidence'],False,False,R659055,https://sandbox.orkg.org,-1,orkg,merged_ecsa_icsa.json_jsonpublicationloader_limit-1,merged_ecsa_icsa.json,JsonPublicationLoader,-1,,4000,2,generation_kittoolbox_kit.minimax-m2.7-229b_tmpNone_maxt-1_reasoningNone,generation,kittoolbox_kit.minimax-m2.7-229b_tmpNone_maxt-1_reasoningNone,KitToolbox,kit.minimax-m2.7-229b,,-1,,"['(R868842:Paper Class 2, philosophical paper, L1520977:False)', '(R871699:Paper Class 2, philosophical paper, L1526970:False)', '(R871674:Constructing a Shared Infrastructure for Software Architecture Analysis and Maintenance, contribution, R871711:Second Research Object 2)']",What are the research objects investigated in papers of the paper class philosophical paper?,The research object investigated in papers of the philosophical paper class is Architecture Decision Making.,"['10.1109/ICSA.2018.00021', '10.1109/ICSA.2018.00021']",,"['(R873096:Paper Class 2, philosophical paper, L1529827:True)', '(R873105:Research Object Entity, Name, L1529835:Architecture Decision Making)']",publication_subgraph_strategy,R873077,Architectural Design Decisions for Systems Supporting Model-Based Analysis of Runtime Events: A Qualitative Multi-method Study,4,What are the names of the research objects that are investigated in papers with the paper class [Metadata: paper class name]?
81,800d5973d1783ef79636e6d3632d4b8a,82f7245c-2c4e-48d6-add2-3c8865676839,"

The papers that use the “Field Experiment” evaluation method focus on the research object **“First Research Object 2”** [1][2][3]. In one of those studies the investigation also includes the related research‑object entity **“Architecture Optimization Method”** as part of the same context [2].

[1] Source: Decision Models for Microservices: Design Areas, Stakeholders, Use Cases, and Requirements, 10.1007/978-3-319-65831-5_11
[2] Source: ACE: Easy Deployment of Field Optimization Experiments, 10.1007/978-3-030-29983-5_18
[3] Source: An Architecture for Decentralized, Collaborative, and Autonomous Robots, 10.1109/ICSA.2018.00017
",['Field Experiment'],0.333,0.25,0.075,0.102,0.2,0.25,0.2,0.33,0.25,0.29,0.29,0.33,0.31,0.32,0.25,0.67,0.36,0.5,0.4,0.67,0.5,0.59,0.2,0.286,0.25,0.4,0.02,0.44,0.33,0.65,0.24,0.18,0.36,0.32,0.24,0.48,0.0,409.4740912914276,0.0,38401,0,0.0,,0,0.0,,,0.0,0.0,,0.0,0.0,https://wandb.ai/kastel-sdq-meta-research/experiment_baseline/r/call/01a05f79-cc46-7e71-ae4f-4d07d051c638,retrieval_config,False,KitToolbox,kit.qwen3-embedding-8b,10,10,True,cosine,True,False,10,-1,8,False,False,1,False,-1,-1,False,,['R659055'],['Paper'],False,False,False,kg_retrieval,hublink,kittoolbox_kit.minimax-m2.7-229b_tmpNone_maxt-1_reasoningNone,KitToolbox,kit.minimax-m2.7-229b,,-1,,kittoolbox_kit.minimax-m2.7-229b_tmpNone_maxt-1_reasoningNone,KitToolbox,kit.minimax-m2.7-229b,,-1,,orkg_merged_ecsa_icsa.json_jsonpublicationloader_limit-1,['paper_class'],['research_level'],['first_research_object'],['second_research_object'],['validity'],['evidence'],False,False,R659055,https://sandbox.orkg.org,-1,orkg,merged_ecsa_icsa.json_jsonpublicationloader_limit-1,merged_ecsa_icsa.json,JsonPublicationLoader,-1,,4000,2,generation_kittoolbox_kit.minimax-m2.7-229b_tmpNone_maxt-1_reasoningNone,generation,kittoolbox_kit.minimax-m2.7-229b_tmpNone_maxt-1_reasoningNone,KitToolbox,kit.minimax-m2.7-229b,,-1,,"['(R869486:ACE: Easy Deployment of Field Optimization Experiments, contribution, R869507:First Research Object 2)', '(R869507:First Research Object 2, evaluation, R869508:Evaluation)', '(R869508:Evaluation, Evaluation method, R869509:Evaluation Method List)', '(R869509:Evaluation Method List, Entity, R869510:Evaluation Method Entity)', '(R869510:Evaluation Method Entity, Name, L1522395:Field Experiment)', '(R871523:An Architecture for Decentralized, Collaborative, and Autonomous Robots, contribution, R871554:First Research Object 2)', '(R871554:First Research Object 2, evaluation, R871555:Evaluation)', '(R871557:Evaluation Method Entity, Name, L1526667:Field Experiment)', '(R869392:Decision Models for Microservices: Design Areas, Stakeholders, Use Cases, and Requirements, contribution, R869415:First Research Object 2)', '(R869415:First Research Object 2, evaluation, R869416:Evaluation)', '(R869416:Evaluation, Evaluation method, R869417:Evaluation Method List)', '(R869417:Evaluation Method List, Entity, R869418:Evaluation Method Entity)', '(R869418:Evaluation Method Entity, Name, L1522201:Field Experiment)', '(R869507:First Research Object 2, Object, R869513:Research Object List)', '(R869513:Research Object List, Entity, R869514:Research Object Entity)', '(R869514:Research Object Entity, Name, L1522399:Architecture Optimization Method)']",What are the research objects investigated in papers that apply the evaluation method Field Experiment?,"The research objects investigated with the Field Experiment evaluation method are 1. Architecture Optimization Method, 2. Reference Architecture, and 3. Architecture Decision Making.","['10.1007/978-3-030-29983-5_18', '10.1007/978-3-030-29983-5_18', '10.1109/ICSA.2018.00017', '10.1109/ICSA.2018.00017', '10.1007/978-3-319-65831-5_11', '10.1007/978-3-319-65831-5_11']",,"['(R869510:Evaluation Method Entity, Name, L1522395:Field Experiment)', '(R869514:Research Object Entity, Name, L1522399:Architecture Optimization Method)', '(R871557:Evaluation Method Entity, Name, L1526667:Field Experiment)', '(R871571:Research Object Entity, Name, L1526680:Reference Architecture)', '(R869418:Evaluation Method Entity, Name, L1522201:Field Experiment)', '(R869424:Research Object Entity, Name, L1522207:Architecture Decision Making)']",clustering_strategy,R659055,Software Architecture and Design,6,What are the research objects that are investigated in papers that apply the evaluation method [Content Data: evaluation method name]?
82,800d5973d1783ef79636e6d3632d4b8a,1b7b46cd-e9ce-4de5-8229-35df5e5c28f3,"

The property **“Freedom from Risk”** is evaluated on the research object **“First Research Object 2.”** The provided sources do not identify any other research objects as being evaluated with this property [1][2].

[1] Source: System- and Software-level Architecting Harmonization Practices for Systems-of-Systems : An exploratory case study on a long-running large-scale scientific instrument, 10.1109/ICSA51549.2021.00010
[2] Source: Data-Centric Communication and Containerization for Future Automotive Software Architectures, 10.1109/ICSA.2018.00016
",['Freedom from Risk'],0.5,0.5,0.167,0.083,0.333,0.333,0.33,0.5,0.4,0.45,0.4,0.5,0.44,0.48,0.33,0.5,0.4,0.45,0.4,0.5,0.44,0.48,0.333,0.4,0.333,0.4,0.03,0.38,0.3,0.53,0.2,0.16,0.28,0.23,0.18,0.32,1.0,202.2876992225647,0.0,9609,0,0.0,,0,0.0,,,0.0,0.0,,0.0,0.0,https://wandb.ai/kastel-sdq-meta-research/experiment_baseline/r/call/01a05f7b-7c23-74af-8518-77a1ceb99bf4,retrieval_config,False,KitToolbox,kit.qwen3-embedding-8b,10,10,True,cosine,True,False,10,-1,8,False,False,1,False,-1,-1,False,,['R659055'],['Paper'],False,False,False,kg_retrieval,hublink,kittoolbox_kit.minimax-m2.7-229b_tmpNone_maxt-1_reasoningNone,KitToolbox,kit.minimax-m2.7-229b,,-1,,kittoolbox_kit.minimax-m2.7-229b_tmpNone_maxt-1_reasoningNone,KitToolbox,kit.minimax-m2.7-229b,,-1,,orkg_merged_ecsa_icsa.json_jsonpublicationloader_limit-1,['paper_class'],['research_level'],['first_research_object'],['second_research_object'],['validity'],['evidence'],False,False,R659055,https://sandbox.orkg.org,-1,orkg,merged_ecsa_icsa.json_jsonpublicationloader_limit-1,merged_ecsa_icsa.json,JsonPublicationLoader,-1,,4000,2,generation_kittoolbox_kit.minimax-m2.7-229b_tmpNone_maxt-1_reasoningNone,generation,kittoolbox_kit.minimax-m2.7-229b_tmpNone_maxt-1_reasoningNone,KitToolbox,kit.minimax-m2.7-229b,,-1,,"['(R872670:First Research Object 2, evaluation, R872671:Evaluation)', '(R872671:Evaluation, properties, R872678:Property)', '(R872679:Property, Name, L1528970:Freedom from Risk)', '(R874234:First Research Object 2, evaluation, R874241:Evaluation)', '(R874241:Evaluation, properties, R874244:Property)', '(R874246:Property, Name, L1532194:Freedom from Risk)']",Which research objects are evaluated with the property Freedom from Risk?,The research objects that are evaluated with the Freedom from Risk property are Architecture Decision Making and Architecture Description.,"['10.1109/ICSA51549.2021.00010', '10.1109/ICSA51549.2021.00010', '10.1109/ICSA.2018.00016', '10.1109/ICSA.2018.00016']",,"['(R874246:Property, Name, L1532194:Freedom from Risk)', '(R874249:Research Object Entity, Name, L1532197:Architecture Decision Making)', '(R872679:Property, Name, L1528970:Freedom from Risk)', '(R872681:Research Object Entity, Name, L1528972:Architecture Description)']",clustering_strategy,R659055,Software Architecture and Design,6,Which research objects are used in conjunction with the [evaluation sub property name] sub-property?
83,800d5973d1783ef79636e6d3632d4b8a,05474243-a2d2-4c3f-8699-408c05dbeb0c,"

The only research object that is explicitly reported as being investigated in papers that **evaluate reliability** is **First Research Object 2**.  

- In “An Architecture‑Driven Adaptation Approach for Big Data Cyber‑Security Analytics,” First Research Object 2 is the focus of a reliability evaluation, and the evaluation even identifies a sub‑property called “Reliability” for this object [1].  
- The “Quantitative Verification‑Aided Machine Learning” paper also evaluates reliability for First Research Object 2 [3].

No other research objects are mentioned in the supplied texts as being investigated in the context of a reliability evaluation.

[1] Source: An Architecture-Driven Adaptation Approach for Big Data Cyber Security Analytics, 10.1109/ICSA.2019.00013
[3] Source: A Platform Architecture for Multi-Tenant Blockchain-Based Systems, 10.1109/ICSA.2019.00019
",[],0.1,0.05,0.033,0.033,0.333,0.333,0.1,0.1,0.1,0.1,0.14,0.1,0.12,0.11,0.1,0.1,0.1,0.1,0.14,0.1,0.12,0.11,0.1,0.143,0.1,0.143,0.03,0.21,0.13,0.57,0.11,0.06,0.3,0.19,0.12,0.52,1.0,272.46419167518616,0.0,67904,0,0.0,,0,0.0,,,0.0,0.0,,0.0,0.0,https://wandb.ai/kastel-sdq-meta-research/experiment_baseline/r/call/01a05f7e-07ad-72ec-8c91-fbfcd9499d3a,retrieval_config,False,KitToolbox,kit.qwen3-embedding-8b,10,10,True,cosine,True,False,10,-1,8,False,False,1,False,-1,-1,False,,['R659055'],['Paper'],False,False,False,kg_retrieval,hublink,kittoolbox_kit.minimax-m2.7-229b_tmpNone_maxt-1_reasoningNone,KitToolbox,kit.minimax-m2.7-229b,,-1,,kittoolbox_kit.minimax-m2.7-229b_tmpNone_maxt-1_reasoningNone,KitToolbox,kit.minimax-m2.7-229b,,-1,,orkg_merged_ecsa_icsa.json_jsonpublicationloader_limit-1,['paper_class'],['research_level'],['first_research_object'],['second_research_object'],['validity'],['evidence'],False,False,R659055,https://sandbox.orkg.org,-1,orkg,merged_ecsa_icsa.json_jsonpublicationloader_limit-1,merged_ecsa_icsa.json,JsonPublicationLoader,-1,,4000,2,generation_kittoolbox_kit.minimax-m2.7-229b_tmpNone_maxt-1_reasoningNone,generation,kittoolbox_kit.minimax-m2.7-229b_tmpNone_maxt-1_reasoningNone,KitToolbox,kit.minimax-m2.7-229b,,-1,,"['(R871757:First Research Object 2, evaluation, R871758:Evaluation)', '(R871758:Evaluation, properties, R871761:Property)', '(R871765:Property, Name, L1527091:Reliability)', '(R870014:An Architecture-Driven Adaptation Approach for Big Data Cyber Security Analytics, contribution, R2156164:First Research Object 2)', '(R2156164:First Research Object 2, evaluation, R2156177:Evaluation)', '(R2156177:Evaluation, properties, R2156187:Property)', '(R2156195:Property, Name, L2809563:Reliability)', '(R870014:An Architecture-Driven Adaptation Approach for Big Data Cyber Security Analytics, contribution, R870038:First Research Object 2)', '(R870038:First Research Object 2, evaluation, R870039:Evaluation)', '(R870039:Evaluation, properties, R870045:Property)']",Which research objects are investigated in papers that evaluate reliability?,"The research objects investigated in papers that evaluate reliability are Reference Architecture, Architecture Analysis Method, Architecture Optimization Method, and Architectural Aspects.","['10.1109/ICSA.2019.00019', '10.1109/ICSA.2019.00019', '10.1109/ICSA.2018.00017', '10.1109/ICSA.2018.00017', '10.1109/ICSA.2017.43', '10.1109/ICSA.2017.43', '10.1109/ICSA.2019.00013', '10.1109/ICSA.2019.00013', '10.1007/978-3-030-58923-3_23', '10.1007/978-3-030-58923-3_23']",,"['(R871765:Property, Name, L1527091:Reliability)', '(R871774:Research Object Entity, Name, L1527099:Reference Architecture)', '(R871563:Property, Name, L1526673:Reliability)', '(R871571:Research Object Entity, Name, L1526680:Reference Architecture)', '(R871130:Property, Name, L1525789:Reliability)', '(R871132:Research Object Entity, Name, L1525791:Architecture Analysis Method)', '(R870044:Property, Name, L1523526:Reliability)', '(R870048:Research Object Entity, Name, L1523530:Architecture Optimization Method)', '(R873759:Property, Name, L1531163:Reliability)', '(R873764:Research Object Entity, Name, L1531168:Architectural Aspects)']",clustering_strategy,R659055,Software Architecture and Design,6,Which research objects are used in conjunction with the [evaluation sub property name] sub-property?
84,800d5973d1783ef79636e6d3632d4b8a,71cc65a5-073e-4fd1-a6cc-6c56cc33fb7a,"

The papers that assess **compatibility** do not use a single prescribed experimental or case‑study method; instead they rely on a **property‑focused evaluation framework** that is largely independent of formal guidelines.  

* **Property‑based assessment** – Compatibility is examined as one of the properties of the research object (First Research Object 2), together with other properties such as **Product Quality**, **Quality of Method**, and **Quality‑in‑Use** [1][3][5][6].  

* **Guideline‑free evaluation** – All sources report that the “Has Guideline” flag is **false**, indicating that the assessment is not driven by an established guideline [1][2][4][5][6][8].  

* **Evidence‑based, tool‑supported analysis** – The contribution is linked to **Evidence 2**, which is described as using **tool support** for the analysis. The actual use of the tool is reported inconsistently (some texts note that the tool was not used, while others simply state that tool support exists) [2][5][6][8].  

* **Quality‑of‑method assessment** – The evaluation explicitly considers the property **“Quality of Method”** as part of the property set [5][7].  

* **Architecture analysis method** – One study (on microservices) lists an **Architecture Analysis Method** as its primary analytical approach, which is applied to assess compatibility and related properties [7].  

* **Validity‑related reference** – The evaluation includes a **Validity 2** component that references a **threats‑to‑validity guideline**, but this guideline is marked **false**, meaning a formal threats‑to‑validity analysis was not performed [2][4][7][8].  

* **Quality‑in‑Use examination** – Some evaluations also look at the **“Quality in Use”** property alongside compatibility [4].  

**Summary of the applied evaluation methods**

| Evaluation method | Evidence in the texts |
|-------------------|-----------------------|
| Property‑based assessment of compatibility and related properties | [1][3][5][6] |
| Guideline‑free (non‑guideline‑driven) evaluation | [1][2][4][5][6][8] |
| Evidence‑based analysis with (conflicting) tool‑support usage | [2][5][6][8] |
| Quality‑of‑method assessment | [5][7] |
| Architecture analysis method | [7] |
| Threats‑to‑validity reference (not applied) | [2][4][7][8] |
| Quality‑in‑Use property examination | [4] |

Together, these approaches constitute the evaluation methods used in the papers that evaluate compatibility, emphasizing property‑level scrutiny, tool‑based evidence (despite mixed reports on actual usage), and method‑quality assessment, while avoiding a formal guideline‑driven or experimental framework.

[1] Source: An Architecture for Decentralized, Collaborative, and Autonomous Robots, 10.1109/ICSA.2018.00017
[2] Source: Infrastructure-as-Code for Data-Intensive Architectures: A Model-Driven Development Approach, 10.1109/ICSA.2018.00025
[3] Source: Mitigating the Influence of Embedded Software Development Environments and Toolsets (ESDT) on Software Architecture, 10.1109/ICSA.2019.00020
[4] Source: A Generic and Highly Scalable Framework for the Automation and Execution of Scientific Data Processing and Simulation Workflows, 10.1109/ICSA.2018.00024
[5] Source: Continuous Architecture: Towards the Goldilocks Zone and Away from Vicious Circles, 10.1109/ICSA.2019.00022
[6] Source: Model-Based Analysis of Microservice Resiliency Patterns, 10.1109/ICSA47634.2020.00019
[7] Source: Assessing Architecture Conformance to Coupling-Related Patterns and Practices in Microservices, 10.1007/978-3-030-58923-3_1
[8] Source: Assessing Adaptability of Software Architectures for Cyber Physical Production Systems, 10.1007/978-3-030-29983-5_10
",[],0.25,0.0,0.125,0.062,0.5,0.5,0.1,0.25,0.14,0.19,0.12,0.25,0.16,0.2,0.02,0.25,0.04,0.09,0.03,0.25,0.06,0.11,0.1,0.118,0.024,0.034,0.0,0.05,0.02,0.64,0.02,0.01,0.23,0.05,0.02,0.64,0.0,322.9899570941925,0.0008353499999999999,9090,0,0.0,,0,0.0,,,0.0,0.0,,0.0,0.0,https://wandb.ai/kastel-sdq-meta-research/experiment_baseline/r/call/01a05f7e-48e8-7382-93db-23129a4fc674,retrieval_config,False,KitToolbox,kit.qwen3-embedding-8b,10,10,True,cosine,True,False,10,-1,8,False,False,1,False,-1,-1,False,,['R659055'],['Paper'],False,False,False,kg_retrieval,hublink,kittoolbox_kit.minimax-m2.7-229b_tmpNone_maxt-1_reasoningNone,KitToolbox,kit.minimax-m2.7-229b,,-1,,kittoolbox_kit.minimax-m2.7-229b_tmpNone_maxt-1_reasoningNone,KitToolbox,kit.minimax-m2.7-229b,,-1,,orkg_merged_ecsa_icsa.json_jsonpublicationloader_limit-1,['paper_class'],['research_level'],['first_research_object'],['second_research_object'],['validity'],['evidence'],False,False,R659055,https://sandbox.orkg.org,-1,orkg,merged_ecsa_icsa.json_jsonpublicationloader_limit-1,merged_ecsa_icsa.json,JsonPublicationLoader,-1,,4000,2,generation_kittoolbox_kit.minimax-m2.7-229b_tmpNone_maxt-1_reasoningNone,generation,kittoolbox_kit.minimax-m2.7-229b_tmpNone_maxt-1_reasoningNone,KitToolbox,kit.minimax-m2.7-229b,,-1,,"['(R871565:Evaluation, properties, R871568:Property)', '(R871569:Property, Name, L1526678:Compatibility)', '(R868878:First Research Object 2, evaluation, R868879:Evaluation)', '(R868879:Evaluation, properties, R868882:Property)', '(R868883:Property, Name, L1521052:Compatibility)', '(R869594:Research Object Entity, Name, L1522572:Architecture Analysis Method)', '(R869896:Evidence 2, Uses Tool Support, R869898:Tool Support)', '(R869898:Tool Support, used, L1523213:True)', '(R872921:Infrastructure-as-Code for Data-Intensive Architectures: A Model-Driven Development Approach, contribution, R872970:Evidence 2)', '(R872970:Evidence 2, Uses Tool Support, R872972:Tool Support)', '(R872972:Tool Support, used, L1529563:False)', '(R874784:Evidence 2, Uses Tool Support, R874786:Tool Support)', '(R874786:Tool Support, used, L1533352:False)', '(R872952:First Research Object 2, evaluation, R872962:Evaluation)', '(R872962:Evaluation, Has Guideline, L1529553:False)', '(R869588:Evaluation, Has Guideline, L1522569:True)', '(R871565:Evaluation, Has Guideline, L1526677:False)', '(R869889:Evaluation, Has Guideline, L1523204:False)', '(R871373:Evaluation, Has Guideline, L1526300:False)', '(R874060:Evaluation, Has Guideline, L1531811:False)', '(R869889:Evaluation, properties, R869892:Property)', '(R869892:Property, Name, L1523206:Product Quality)', '(R871373:Evaluation, properties, R871376:Property)', '(R871376:Property, Name, L1526302:Product Quality)', '(R869588:Evaluation, properties, R869591:Property)', '(R869591:Property, Name, L1522571:Quality of Method)', '(R872962:Evaluation, properties, R872965:Property)', '(R872965:Property, Name, L1529556:Product Quality)', '(R874060:Evaluation, properties, R874063:Property)', '(R874063:Property, Name, L1531813:Quality in Use)', '(R872921:Infrastructure-as-Code for Data-Intensive Architectures: A Model-Driven Development Approach, contribution, R872973:Validity 2)', '(R872973:Validity 2, Referenced Threats to Validity Guideline, L1529570:False)', '(R868862:Mitigating the Influence of Embedded Software Development Environments and Toolsets (ESDT) on Software Architecture, contribution, R874745:Validity 2)', '(R874745:Validity 2, Referenced Threats to Validity Guideline, L1533251:False)', '(R874038:A Generic and Highly Scalable Framework for the Automation and Execution of Scientific Data Processing and Simulation Workflows, contribution, R874070:Validity 2)', '(R874070:Validity 2, Referenced Threats to Validity Guideline, L1531827:False)', '(R869566:Assessing Architecture Conformance to Coupling-Related Patterns and Practices in Microservices, contribution, R869598:Validity 2)', '(R869598:Validity 2, Referenced Threats to Validity Guideline, L1522585:False)', '(R874787:Validity 2, Referenced Threats to Validity Guideline, L1533359:False)', '(R869898:Tool Support, None, L1523214:False)', '(R872972:Tool Support, None, L1529564:False)', '(R874786:Tool Support, None, L1533353:True)']",What are the evaluation methods applied in papers that evaluate compatibility?,The evaluation methods applied to evaluate the Compatibility are Field Experiment and Technical Experiment.,"['10.1109/ICSA.2018.00017', '10.1109/ICSA.2018.00017', '10.1109/ICSA.2019.00020', '10.1109/ICSA.2019.00020']",,"['(R871562:Property, Name, L1526672:Compatibility)', '(R871557:Evaluation Method Entity, Name, L1526667:Field Experiment)', '(R871569:Property, Name, L1526678:Compatibility)', '(R868881:Evaluation Method Entity, Name, L1521050:Technical Experiment)']",clustering_strategy,R659055,Software Architecture and Design,6,Which evaluation methods are used in conjunction with the evaluation sub-property [evaluation sub property name]?
85,800d5973d1783ef79636e6d3632d4b8a,2f9e9f18-07a3-49f0-bbe2-85ed8c71e686,"

The evaluation of the property **Freedom from Risk** is associated with two distinct evaluation‑method entities:

1. **Technical Experiment** – reported in the description of the first research object that includes Freedom from Risk [1].  
2. **Focus Group** – identified as the sole method mentioned for the same property in another passage [2].

Since each source documents a different method and no additional methods are mentioned, the available information indicates that **two different evaluation methods** are used to assess Freedom from Risk.

[1] Source: Data-Centric Communication and Containerization for Future Automotive Software Architectures, 10.1109/ICSA.2018.00016
[2] Source: System- and Software-level Architecting Harmonization Practices for Systems-of-Systems : An exploratory case study on a long-running large-scale scientific instrument, 10.1109/ICSA51549.2021.00010
",[],1.0,0.625,0.415,0.383,0.333,0.333,0.4,1.0,0.57,0.77,0.57,1.0,0.73,0.87,0.4,1.0,0.57,0.77,0.57,1.0,0.73,0.87,0.4,0.571,0.4,0.571,0.02,0.26,0.15,0.92,0.09,0.05,0.33,0.19,0.11,0.69,1.0,289.25357604026794,0.0,39236,0,0.0,,0,0.0,,,0.0,0.0,,0.0,0.0,https://wandb.ai/kastel-sdq-meta-research/experiment_baseline/r/call/01a05f7e-b8dd-7501-9f73-d5497ba98948,retrieval_config,False,KitToolbox,kit.qwen3-embedding-8b,10,10,True,cosine,True,False,10,-1,8,False,False,1,False,-1,-1,False,,['R659055'],['Paper'],False,False,False,kg_retrieval,hublink,kittoolbox_kit.minimax-m2.7-229b_tmpNone_maxt-1_reasoningNone,KitToolbox,kit.minimax-m2.7-229b,,-1,,kittoolbox_kit.minimax-m2.7-229b_tmpNone_maxt-1_reasoningNone,KitToolbox,kit.minimax-m2.7-229b,,-1,,orkg_merged_ecsa_icsa.json_jsonpublicationloader_limit-1,['paper_class'],['research_level'],['first_research_object'],['second_research_object'],['validity'],['evidence'],False,False,R659055,https://sandbox.orkg.org,-1,orkg,merged_ecsa_icsa.json_jsonpublicationloader_limit-1,merged_ecsa_icsa.json,JsonPublicationLoader,-1,,4000,2,generation_kittoolbox_kit.minimax-m2.7-229b_tmpNone_maxt-1_reasoningNone,generation,kittoolbox_kit.minimax-m2.7-229b_tmpNone_maxt-1_reasoningNone,KitToolbox,kit.minimax-m2.7-229b,,-1,,"['(R872670:First Research Object 2, evaluation, R872671:Evaluation)', '(R872671:Evaluation, properties, R872678:Property)', '(R872679:Property, Name, L1528970:Freedom from Risk)', '(R874246:Property, Name, L1532194:Freedom from Risk)', '(R872671:Evaluation, Evaluation method, R872672:Evaluation Method List)', '(R872672:Evaluation Method List, Entity, R872673:Evaluation Method Entity)', '(R872673:Evaluation Method Entity, Name, L1528964:Technical Experiment)', '(R874241:Evaluation, Evaluation method, R874242:Evaluation Method List)', '(R874242:Evaluation Method List, Entity, R874243:Evaluation Method Entity)', '(R874243:Evaluation Method Entity, Name, L1532191:Focus Group)']",How many different evaluation methods are used to evaluate the property Freedom from Risk?,There are two evaluation methods used to evaluate the Freedom from Risk property.,"['10.1109/ICSA.2018.00016', '10.1109/ICSA.2018.00016', '10.1109/ICSA51549.2021.00010', '10.1109/ICSA51549.2021.00010']",,"['(R872679:Property, Name, L1528970:Freedom from Risk)', '(R872673:Evaluation Method Entity, Name, L1528964:Technical Experiment)', '(R874246:Property, Name, L1532194:Freedom from Risk)', '(R874243:Evaluation Method Entity, Name, L1532191:Focus Group)']",clustering_strategy,R659055,Software Architecture and Design,6,How many evaluation methods are used in conjunction with the sub-property with the name [Content Data: sub-property name]?
86,800d5973d1783ef79636e6d3632d4b8a,68afa030-1acd-4a13-a5e5-c9732def2f05,"

The texts agree that only **one** distinct evaluation method is employed for assessing reliability.  

- [1] identifies the method as a **field experiment**.  
- [2] describes the method as a **technical experiment**.  
- [3] names the method **argumentation**.  
- [4] confirms that an evaluation is performed and that a (single) method is used, but does not specify its label.  

None of the sources indicate that more than one different evaluation method is applied. Therefore, the number of distinct evaluation methods used to evaluate reliability is **one**.

[1] Source: An Architecture for Decentralized, Collaborative, and Autonomous Robots, 10.1109/ICSA.2018.00017
[2] Source: A Comparison of MQTT Brokers for Distributed IoT Edge Computing, 10.1007/978-3-030-58923-3_23
[3] Source: A Platform Architecture for Multi-Tenant Blockchain-Based Systems, 10.1109/ICSA.2019.00019
[4] Source: An Architecture-Driven Adaptation Approach for Big Data Cyber Security Analytics, 10.1109/ICSA.2019.00013
",[],0.2,0.1,0.045,0.126,0.2,0.2,0.2,0.2,0.2,0.2,0.33,0.25,0.29,0.26,0.29,0.4,0.33,0.37,0.4,0.4,0.4,0.4,0.2,0.333,0.286,0.4,0.01,0.15,0.09,0.64,0.04,0.02,0.2,0.13,0.07,0.55,1.0,195.66220116615295,6.809999999999999e-05,3573,0,0.0,,0,0.0,,,0.0,0.0,,0.0,0.0,https://wandb.ai/kastel-sdq-meta-research/experiment_baseline/r/call/01a05f80-438d-7173-8d89-14b64d68ba70,retrieval_config,False,KitToolbox,kit.qwen3-embedding-8b,10,10,True,cosine,True,False,10,-1,8,False,False,1,False,-1,-1,False,,['R659055'],['Paper'],False,False,False,kg_retrieval,hublink,kittoolbox_kit.minimax-m2.7-229b_tmpNone_maxt-1_reasoningNone,KitToolbox,kit.minimax-m2.7-229b,,-1,,kittoolbox_kit.minimax-m2.7-229b_tmpNone_maxt-1_reasoningNone,KitToolbox,kit.minimax-m2.7-229b,,-1,,orkg_merged_ecsa_icsa.json_jsonpublicationloader_limit-1,['paper_class'],['research_level'],['first_research_object'],['second_research_object'],['validity'],['evidence'],False,False,R659055,https://sandbox.orkg.org,-1,orkg,merged_ecsa_icsa.json_jsonpublicationloader_limit-1,merged_ecsa_icsa.json,JsonPublicationLoader,-1,,4000,2,generation_kittoolbox_kit.minimax-m2.7-229b_tmpNone_maxt-1_reasoningNone,generation,kittoolbox_kit.minimax-m2.7-229b_tmpNone_maxt-1_reasoningNone,KitToolbox,kit.minimax-m2.7-229b,,-1,,"['(R2156164:First Research Object 2, evaluation, R2156177:Evaluation)', '(R2156177:Evaluation, properties, R2156187:Property)', '(R2156195:Property, Name, L2809563:Reliability)', '(R871758:Evaluation, properties, R871761:Property)', '(R871765:Property, Name, L1527091:Reliability)', '(R871758:Evaluation, Evaluation method, R871759:Evaluation Method List)', '(R871759:Evaluation Method List, Entity, R871760:Evaluation Method Entity)', '(R871760:Evaluation Method Entity, Name, L1527086:Argumentation)', '(R871555:Evaluation, Evaluation method, R871556:Evaluation Method List)', '(R871556:Evaluation Method List, Entity, R871557:Evaluation Method Entity)', '(R871557:Evaluation Method Entity, Name, L1526667:Field Experiment)', '(R873754:Evaluation, Evaluation method, R873755:Evaluation Method List)', '(R873755:Evaluation Method List, Entity, R873756:Evaluation Method Entity)', '(R873756:Evaluation Method Entity, Name, L1531160:Technical Experiment)']",How many different evaluation methods are applied to evaluate reliability?,There are five evaluation methods applied to evaluate the Reliability property.,"['10.1007/978-3-030-58923-3_23', '10.1007/978-3-030-58923-3_23', '10.1109/ICSA.2017.43', '10.1109/ICSA.2017.43', '10.1109/ICSA.2019.00013', '10.1109/ICSA.2019.00013', '10.1109/ICSA.2019.00019', '10.1109/ICSA.2019.00019', '10.1109/ICSA.2018.00017', '10.1109/ICSA.2018.00017']",,"['(R873759:Property, Name, L1531163:Reliability)', '(R873756:Evaluation Method Entity, Name, L1531160:Technical Experiment)', '(R871563:Property, Name, L1526673:Reliability)', '(R871128:Evaluation Method Entity, Name, L1525787:Case Study)', '(R870044:Property, Name, L1523526:Reliability)', '(R870041:Evaluation Method Entity, Name, L1523523:Technical Experiment)', '(R871765:Property, Name, L1527091:Reliability)', '(R871760:Evaluation Method Entity, Name, L1527086:Argumentation)', '(R871130:Property, Name, L1525789:Reliability)', '(R871557:Evaluation Method Entity, Name, L1526667:Field Experiment)']",clustering_strategy,R659055,Software Architecture and Design,6,How many evaluation methods are used in conjunction with the [evaluation sub property name] sub-property?
87,800d5973d1783ef79636e6d3632d4b8a,16d9877b-6db2-4ed0-9de6-4cd0aca7abf5,"

The available sources indicate that **one research object** – *First Research Object 2* – is investigated in the papers that evaluate the property **Freedom from Risk**【1】【2】. However, one source notes that the provided texts do not explicitly confirm the evaluation of this property, which introduces some uncertainty about the exact scope of the investigation【3】.

",[],0.5,0.25,0.125,0.062,0.25,0.25,0.2,0.5,0.29,0.38,0.27,0.5,0.35,0.43,0.2,0.5,0.29,0.38,0.27,0.5,0.35,0.43,0.2,0.267,0.2,0.267,0.03,0.38,0.25,0.78,0.17,0.11,0.35,0.33,0.22,0.67,1.0,297.9520604610443,0.0,123065,0,0.0,,0,0.0,,,0.0,0.0,,0.0,0.0,https://wandb.ai/kastel-sdq-meta-research/experiment_baseline/r/call/01a05f82-5665-7c43-b478-a119c072f749,retrieval_config,False,KitToolbox,kit.qwen3-embedding-8b,10,10,True,cosine,True,False,10,-1,8,False,False,1,False,-1,-1,False,,['R659055'],['Paper'],False,False,False,kg_retrieval,hublink,kittoolbox_kit.minimax-m2.7-229b_tmpNone_maxt-1_reasoningNone,KitToolbox,kit.minimax-m2.7-229b,,-1,,kittoolbox_kit.minimax-m2.7-229b_tmpNone_maxt-1_reasoningNone,KitToolbox,kit.minimax-m2.7-229b,,-1,,orkg_merged_ecsa_icsa.json_jsonpublicationloader_limit-1,['paper_class'],['research_level'],['first_research_object'],['second_research_object'],['validity'],['evidence'],False,False,R659055,https://sandbox.orkg.org,-1,orkg,merged_ecsa_icsa.json_jsonpublicationloader_limit-1,merged_ecsa_icsa.json,JsonPublicationLoader,-1,,4000,2,generation_kittoolbox_kit.minimax-m2.7-229b_tmpNone_maxt-1_reasoningNone,generation,kittoolbox_kit.minimax-m2.7-229b_tmpNone_maxt-1_reasoningNone,KitToolbox,kit.minimax-m2.7-229b,,-1,,"['(R872636:Data-Centric Communication and Containerization for Future Automotive Software Architectures, contribution, R872670:First Research Object 2)', '(R872670:First Research Object 2, evaluation, R872671:Evaluation)', '(R872671:Evaluation, properties, R872678:Property)', '(R872679:Property, Name, L1528970:Freedom from Risk)', '(R874205:System- and Software-level Architecting Harmonization Practices for Systems-of-Systems : An exploratory case study on a long-running large-scale scientific instrument, contribution, R874234:First Research Object 2)', '(R874234:First Research Object 2, evaluation, R874241:Evaluation)', '(R874241:Evaluation, properties, R874244:Property)', '(R874246:Property, Name, L1532194:Freedom from Risk)', '(R872702:Safety Analysis Method for Cooperative Driving Systems, contribution, R872723:First Research Object 2)', '(R872723:First Research Object 2, evaluation, R872724:Evaluation)']",How many research objects are investigated in papers where the property Freedom from Risk is evaluated?,The number of research objects investigated in papers where the property Freedom from Risk is evaluated is two.,"['10.1109/ICSA.2018.00016', '10.1109/ICSA.2018.00016', '10.1109/ICSA51549.2021.00010', '10.1109/ICSA51549.2021.00010']",,"['(R872679:Property, Name, L1528970:Freedom from Risk)', '(R872681:Research Object Entity, Name, L1528972:Architecture Description)', '(R874246:Property, Name, L1532194:Freedom from Risk)', '(R874249:Research Object Entity, Name, L1532197:Architecture Decision Making)']",clustering_strategy,R659055,Software Architecture and Design,6,How many research objects are used in conjunction with the [evaluation sub property name] sub-property?
88,800d5973d1783ef79636e6d3632d4b8a,38d59a50-f037-47e0-aead-506da738d2cd,"

The papers that evaluate **Compatibility** do so for a single research object – First Research Object 2. Therefore, the number of research objects evaluated for compatibility is **1** [1][2][3][4][5].

[1] Source: Accurate Analysis of Quality Properties of Software with Observation-Based Markov Chain Refinement, 10.1109/ICSA.2017.14
[2] Source: Continuous Architecture: Towards the Goldilocks Zone and Away from Vicious Circles, 10.1109/ICSA.2019.00022
[3] Source: Assessing Architecture Conformance to Coupling-Related Patterns and Practices in Microservices, 10.1007/978-3-030-58923-3_1
[4] Source: An Architecture for Decentralized, Collaborative, and Autonomous Robots, 10.1109/ICSA.2018.00017
[5] Source: Mitigating the Influence of Embedded Software Development Environments and Toolsets (ESDT) on Software Architecture, 10.1109/ICSA.2019.00020
",[],0.25,0.25,0.083,0.042,0.333,0.333,0.1,0.25,0.14,0.19,0.12,0.25,0.17,0.21,0.08,0.25,0.12,0.17,0.1,0.25,0.14,0.19,0.1,0.125,0.077,0.1,0.13,0.49,0.34,0.85,0.37,0.26,0.67,0.49,0.34,0.85,1.0,310.00223207473755,0.0,17747,0,0.0,,0,0.0,,,0.0,0.0,,0.0,0.0,https://wandb.ai/kastel-sdq-meta-research/experiment_baseline/r/call/01a05f83-4b4b-7718-b2a7-2fea5612b9fb,retrieval_config,False,KitToolbox,kit.qwen3-embedding-8b,10,10,True,cosine,True,False,10,-1,8,False,False,1,False,-1,-1,False,,['R659055'],['Paper'],False,False,False,kg_retrieval,hublink,kittoolbox_kit.minimax-m2.7-229b_tmpNone_maxt-1_reasoningNone,KitToolbox,kit.minimax-m2.7-229b,,-1,,kittoolbox_kit.minimax-m2.7-229b_tmpNone_maxt-1_reasoningNone,KitToolbox,kit.minimax-m2.7-229b,,-1,,orkg_merged_ecsa_icsa.json_jsonpublicationloader_limit-1,['paper_class'],['research_level'],['first_research_object'],['second_research_object'],['validity'],['evidence'],False,False,R659055,https://sandbox.orkg.org,-1,orkg,merged_ecsa_icsa.json_jsonpublicationloader_limit-1,merged_ecsa_icsa.json,JsonPublicationLoader,-1,,4000,2,generation_kittoolbox_kit.minimax-m2.7-229b_tmpNone_maxt-1_reasoningNone,generation,kittoolbox_kit.minimax-m2.7-229b_tmpNone_maxt-1_reasoningNone,KitToolbox,kit.minimax-m2.7-229b,,-1,,"['(R871554:First Research Object 2, evaluation, R871565:Evaluation)', '(R871565:Evaluation, properties, R871568:Property)', '(R871569:Property, Name, L1526678:Compatibility)', '(R868862:Mitigating the Influence of Embedded Software Development Environments and Toolsets (ESDT) on Software Architecture, contribution, R868878:First Research Object 2)', '(R868878:First Research Object 2, evaluation, R868879:Evaluation)', '(R868879:Evaluation, properties, R868882:Property)', '(R868883:Property, Name, L1521052:Compatibility)', '(R873775:Continuous Architecture: Towards the Goldilocks Zone and Away from Vicious Circles, contribution, R873796:First Research Object 2)', '(R873796:First Research Object 2, Object, R873802:Research Object List)', '(R868233:First Research Object 2, Object, R868239:Research Object List)', '(R873796:First Research Object 2, evaluation, R873797:Evaluation)', '(R869587:First Research Object 2, evaluation, R869588:Evaluation)', '(R868233:First Research Object 2, evaluation, R868234:Evaluation)']","Among those papers that evaluate compatibility, what is the number of research objects that are evaluated?","Among papers that evaluate compatibility, the number of research objects evaluated is two.","['10.1109/ICSA.2018.00017', '10.1109/ICSA.2018.00017', '10.1109/ICSA.2019.00020', '10.1109/ICSA.2019.00020']",,"['(R871562:Property, Name, L1526672:Compatibility)', '(R871571:Research Object Entity, Name, L1526680:Reference Architecture)', '(R871569:Property, Name, L1526678:Compatibility)', '(R868885:Research Object Entity, Name, L1521054:Architecture Design Method)']",clustering_strategy,R659055,Software Architecture and Design,6,How many research objects are used in conjunction with the [evaluation sub property name] sub-property?
89,800d5973d1783ef79636e6d3632d4b8a,0d8b410e-9d65-4281-acbc-bba767c1582b,"

Based on the partial answers provided, the papers that evaluate the property **Reliability** apply the following evaluation methods [1]:

1. **Tool Support**
2. **Architecture Analysis Method**

When ranked in descending alphabetical order, the methods are: **Tool Support**, **Architecture Analysis Method**.

[1] Source: Quality Evaluation of PaaS Cloud Application Design Using Generated Prototypes, 10.1109/ICSA.2017.43
",[],0.1,0.1,0.02,0.02,0.2,0.2,0.2,0.1,0.13,0.11,0.22,0.1,0.14,0.11,0.2,0.1,0.13,0.11,0.22,0.1,0.14,0.11,0.2,0.222,0.2,0.222,0.14,0.46,0.4,0.55,0.3,0.26,0.36,0.43,0.38,0.52,1.0,303.02132058143616,0.0,4740,0,0.0,,0,0.0,,,0.0,0.0,,0.0,0.0,https://wandb.ai/kastel-sdq-meta-research/experiment_baseline/r/call/01a05f83-9e23-73d6-bc0f-f6c3a70b8ee9,retrieval_config,False,KitToolbox,kit.qwen3-embedding-8b,10,10,True,cosine,True,False,10,-1,8,False,False,1,False,-1,-1,False,,['R659055'],['Paper'],False,False,False,kg_retrieval,hublink,kittoolbox_kit.minimax-m2.7-229b_tmpNone_maxt-1_reasoningNone,KitToolbox,kit.minimax-m2.7-229b,,-1,,kittoolbox_kit.minimax-m2.7-229b_tmpNone_maxt-1_reasoningNone,KitToolbox,kit.minimax-m2.7-229b,,-1,,orkg_merged_ecsa_icsa.json_jsonpublicationloader_limit-1,['paper_class'],['research_level'],['first_research_object'],['second_research_object'],['validity'],['evidence'],False,False,R659055,https://sandbox.orkg.org,-1,orkg,merged_ecsa_icsa.json_jsonpublicationloader_limit-1,merged_ecsa_icsa.json,JsonPublicationLoader,-1,,4000,2,generation_kittoolbox_kit.minimax-m2.7-229b_tmpNone_maxt-1_reasoningNone,generation,kittoolbox_kit.minimax-m2.7-229b_tmpNone_maxt-1_reasoningNone,KitToolbox,kit.minimax-m2.7-229b,,-1,,"['(R2156224:Property, Name, L2809597:Reliability)', '(R2156205:Research Object Entity, Name, L2809576:Architecture Analysis Method)', '(R2156332:Evidence 2, Uses Tool Support, R2156334:Tool Support)', '(R2156334:Tool Support, used, L2809692:True)', '(R871130:Property, Name, L1525789:Reliability)']","Among those papers that evaluate the property Reliability, what are the evaluation methods that have been applied? Rank the evaluation methods in descending alphabetical order.","Among those papers that evaluate the property Reliability, the evaluation methods that have been applied, ranked in descending alphabetical order, are: Technical Experiment, Field Experiment, Case Study, and Argumentation.","['10.1007/978-3-030-58923-3_23', '10.1007/978-3-030-58923-3_23', '10.1109/ICSA.2018.00017', '10.1109/ICSA.2018.00017', '10.1109/ICSA.2019.00013', '10.1109/ICSA.2019.00013', '10.1109/ICSA.2017.43', '10.1109/ICSA.2017.43', '10.1109/ICSA.2019.00019', '10.1109/ICSA.2019.00019']",,"['(R873759:Property, Name, L1531163:Reliability)', '(R873756:Evaluation Method Entity, Name, L1531160:Technical Experiment)', '(R871563:Property, Name, L1526673:Reliability)', '(R871557:Evaluation Method Entity, Name, L1526667:Field Experiment)', '(R870044:Property, Name, L1523526:Reliability)', '(R870041:Evaluation Method Entity, Name, L1523523:Technical Experiment)', '(R871130:Property, Name, L1525789:Reliability)', '(R871128:Evaluation Method Entity, Name, L1525787:Case Study)', '(R871765:Property, Name, L1527091:Reliability)', '(R871760:Evaluation Method Entity, Name, L1527086:Argumentation)']",clustering_strategy,R659055,Software Architecture and Design,6,What are the names of the evaluation methods that are used in conjunction with the evaluation sub-property [Content Data: sub-property name]? Rank the methods in descending alphabetical order.
90,800d5973d1783ef79636e6d3632d4b8a,1f34b6a1-1348-4347-99b0-038916c1e220,"

The papers that assess **freedom from risk** use the following evaluation methods (listed in descending alphabetical order):

1. **Tool Support** – [2], [5], [7]  
2. **Threats to Validity Guideline** – [7]  
3. **Sub‑property relationship analysis** – [4]  
4. **Quality of Method** – [3], [5], [6], [7]  
5. **Guideline** – [6]  
6. **Examination of properties** – [4]  
7. **Evaluation without guidelines** – [4]  
8. **Architecture Analysis Method** – [2], [7]

[2] Source: Enforcing Architectural Security Decisions, 10.1109/ICSA47634.2020.00012
[3] Source: A Machine Learning Approach to Service Discovery for Microservice Architectures, 10.1007/978-3-030-86044-8_5
[4] Source: System- and Software-level Architecting Harmonization Practices for Systems-of-Systems : An exploratory case study on a long-running large-scale scientific instrument, 10.1109/ICSA51549.2021.00010
[5] Source: Designing Robust Software Systems through Parametric Markov Chain Synthesis, 10.1109/ICSA.2017.16
[6] Source: An Architecture-Driven Adaptation Approach for Big Data Cyber Security Analytics, 10.1109/ICSA.2019.00013
[7] Source: Data-Driven Software Architecture for Analyzing Confidentiality, 10.1109/ICSA.2019.00009
",[],0.0,0.125,0.0,0.062,0.0,0.5,0.0,0.0,0.0,0.0,0.06,0.12,0.08,0.1,0.0,0.0,0.0,0.0,0.03,0.12,0.05,0.08,0.0,0.059,0.0,0.032,0.03,0.35,0.26,0.55,0.13,0.1,0.21,0.26,0.19,0.41,1.0,534.132993221283,0.0,121401,0,0.0,,0,0.0,,,0.0,0.0,,0.0,0.0,https://wandb.ai/kastel-sdq-meta-research/experiment_baseline/r/call/01a05f83-bfac-7b60-9ba9-58228d40f22b,retrieval_config,False,KitToolbox,kit.qwen3-embedding-8b,10,10,True,cosine,True,False,10,-1,8,False,False,1,False,-1,-1,False,,['R659055'],['Paper'],False,False,False,kg_retrieval,hublink,kittoolbox_kit.minimax-m2.7-229b_tmpNone_maxt-1_reasoningNone,KitToolbox,kit.minimax-m2.7-229b,,-1,,kittoolbox_kit.minimax-m2.7-229b_tmpNone_maxt-1_reasoningNone,KitToolbox,kit.minimax-m2.7-229b,,-1,,orkg_merged_ecsa_icsa.json_jsonpublicationloader_limit-1,['paper_class'],['research_level'],['first_research_object'],['second_research_object'],['validity'],['evidence'],False,False,R659055,https://sandbox.orkg.org,-1,orkg,merged_ecsa_icsa.json_jsonpublicationloader_limit-1,merged_ecsa_icsa.json,JsonPublicationLoader,-1,,4000,2,generation_kittoolbox_kit.minimax-m2.7-229b_tmpNone_maxt-1_reasoningNone,generation,kittoolbox_kit.minimax-m2.7-229b_tmpNone_maxt-1_reasoningNone,KitToolbox,kit.minimax-m2.7-229b,,-1,,"['(R874241:Evaluation, properties, R874244:Property)', '(R874244:Property, Sub-Property, R874246:Property)', '(R873686:Property, Name, L1531016:Quality of Method)', '(R868427:Evaluation, properties, R868432:Property)', '(R868432:Property, Name, L1520082:Quality of Method)', '(R2156257:Property, Name, L2809633:Quality of Method)', '(R2156197:Property, Name, L2809567:Quality of Method)', '(R2156177:Evaluation, Has Guideline, L2809559:False)', '(R874241:Evaluation, Has Guideline, L1532192:False)', '(R872910:Research Object Entity, Name, L1529444:Architecture Analysis Method)', '(R873689:Research Object Entity, Name, L1531017:Architecture Analysis Method)', '(R872911:Evidence 2, Uses Tool Support, R872913:Tool Support)', '(R872913:Tool Support, used, L1529450:True)', '(R873690:Evidence 2, Uses Tool Support, R873692:Tool Support)', '(R873692:Tool Support, used, L1531023:False)', '(R868436:Evidence 2, Uses Tool Support, R868438:Tool Support)', '(R868438:Tool Support, used, L1520089:True)', '(R873693:Validity 2, Referenced Threats to Validity Guideline, L1531030:False)', '(R874244:Property, Sub-Property, R874245:Property)']","Among those papers that evaluate freedom from risk in their investigation, what methods are used to realize the evaluation? Rank the methods in descending alphabetical order.","Among those papers that evaluate freedom from risk in their investigation, the methods used to realize the evaluation, ranked in descending alphabetical order, are: Focus Group and Technical Experiment.","['10.1109/ICSA.2018.00016', '10.1109/ICSA.2018.00016', '10.1109/ICSA51549.2021.00010', '10.1109/ICSA51549.2021.00010']",,"['(R872679:Property, Name, L1528970:Freedom from Risk)', '(R872673:Evaluation Method Entity, Name, L1528964:Technical Experiment)', '(R874246:Property, Name, L1532194:Freedom from Risk)', '(R874243:Evaluation Method Entity, Name, L1532191:Focus Group)']",clustering_strategy,R659055,Software Architecture and Design,6,Which evaluation methods are used in conjunction with the evaluation sub-property [evaluation sub property name] ranked in descending alphabetical order?
91,800d5973d1783ef79636e6d3632d4b8a,474a33a6-5165-47ac-8b9e-749c2f8b2fda,"

**Research objects evaluated (listed in descending alphabetical order)**  

- **First Research Object 2** [1][2][3][4][5]  
- **Architecture Optimization Method** [5]  
- **Architecture Analysis Method** [4]

[1] Source: An Architecture for Decentralized, Collaborative, and Autonomous Robots, 10.1109/ICSA.2018.00017
[2] Source: A Comparison of MQTT Brokers for Distributed IoT Edge Computing, 10.1007/978-3-030-58923-3_23
[3] Source: A Platform Architecture for Multi-Tenant Blockchain-Based Systems, 10.1109/ICSA.2019.00019
[4] Source: Quality Evaluation of PaaS Cloud Application Design Using Generated Prototypes, 10.1109/ICSA.2017.43
[5] Source: An Architecture-Driven Adaptation Approach for Big Data Cyber Security Analytics, 10.1109/ICSA.2019.00013
",[],0.2,0.05,0.067,0.067,0.333,0.333,0.2,0.2,0.2,0.2,0.24,0.2,0.22,0.21,0.15,0.3,0.2,0.25,0.19,0.3,0.24,0.27,0.2,0.235,0.15,0.194,0.07,0.46,0.52,0.42,0.3,0.33,0.27,0.46,0.52,0.42,1.0,451.79005670547485,0.0,20968,0,0.0,,0,0.0,,,0.0,0.0,,0.0,0.0,https://wandb.ai/kastel-sdq-meta-research/experiment_baseline/r/call/01a05f87-0549-715a-9650-f89781956daa,retrieval_config,False,KitToolbox,kit.qwen3-embedding-8b,10,10,True,cosine,True,False,10,-1,8,False,False,1,False,-1,-1,False,,['R659055'],['Paper'],False,False,False,kg_retrieval,hublink,kittoolbox_kit.minimax-m2.7-229b_tmpNone_maxt-1_reasoningNone,KitToolbox,kit.minimax-m2.7-229b,,-1,,kittoolbox_kit.minimax-m2.7-229b_tmpNone_maxt-1_reasoningNone,KitToolbox,kit.minimax-m2.7-229b,,-1,,orkg_merged_ecsa_icsa.json_jsonpublicationloader_limit-1,['paper_class'],['research_level'],['first_research_object'],['second_research_object'],['validity'],['evidence'],False,False,R659055,https://sandbox.orkg.org,-1,orkg,merged_ecsa_icsa.json_jsonpublicationloader_limit-1,merged_ecsa_icsa.json,JsonPublicationLoader,-1,,4000,2,generation_kittoolbox_kit.minimax-m2.7-229b_tmpNone_maxt-1_reasoningNone,generation,kittoolbox_kit.minimax-m2.7-229b_tmpNone_maxt-1_reasoningNone,KitToolbox,kit.minimax-m2.7-229b,,-1,,"['(R871757:First Research Object 2, evaluation, R871758:Evaluation)', '(R871758:Evaluation, properties, R871761:Property)', '(R871765:Property, Name, L1527091:Reliability)', '(R871554:First Research Object 2, evaluation, R871555:Evaluation)', '(R871555:Evaluation, properties, R871560:Property)', '(R871563:Property, Name, L1526673:Reliability)', '(R2156164:First Research Object 2, evaluation, R2156177:Evaluation)', '(R2156177:Evaluation, properties, R2156187:Property)', '(R2156195:Property, Name, L2809563:Reliability)', '(R873753:First Research Object 2, evaluation, R873754:Evaluation)', '(R873754:Evaluation, properties, R873757:Property)', '(R873759:Property, Name, L1531163:Reliability)', '(R2156196:First Research Object 2, evaluation, R2156209:Evaluation)', '(R2156209:Evaluation, properties, R2156220:Property)', '(R2156224:Property, Name, L2809597:Reliability)', '(R2156164:First Research Object 2, Object, R2156171:Research Object List)', '(R2156171:Research Object List, Entity, R2156175:Research Object Entity)', '(R2156175:Research Object Entity, Name, L2809553:Architecture Optimization Method)', '(R871555:Evaluation, properties, R871558:Property)', '(R2156205:Research Object Entity, Name, L2809576:Architecture Analysis Method)']","Among those papers that evaluate the property Reliability, what are the research objects that are evaluated? Rank the research objects in descending alphabetical order.","Among those papers that evaluate the property Reliability, the research objects that are evaluated, ranked in descending alphabetical order, are: Reference Architecture, Architecture Optimization Method, Architecture Analysis Method, and Architectural Aspects.","['10.1109/ICSA.2019.00013', '10.1109/ICSA.2019.00013', '10.1007/978-3-030-58923-3_23', '10.1007/978-3-030-58923-3_23', '10.1109/ICSA.2019.00019', '10.1109/ICSA.2019.00019', '10.1109/ICSA.2018.00017', '10.1109/ICSA.2018.00017', '10.1109/ICSA.2017.43', '10.1109/ICSA.2017.43']",,"['(R870044:Property, Name, L1523526:Reliability)', '(R870048:Research Object Entity, Name, L1523530:Architecture Optimization Method)', '(R873759:Property, Name, L1531163:Reliability)', '(R873764:Research Object Entity, Name, L1531168:Architectural Aspects)', '(R871765:Property, Name, L1527091:Reliability)', '(R871774:Research Object Entity, Name, L1527099:Reference Architecture)', '(R871563:Property, Name, L1526673:Reliability)', '(R871571:Research Object Entity, Name, L1526680:Reference Architecture)', '(R871130:Property, Name, L1525789:Reliability)', '(R871132:Research Object Entity, Name, L1525791:Architecture Analysis Method)']",clustering_strategy,R659055,Software Architecture and Design,6,Which research objects are used in conjunction with the [evaluation sub property name] sub-property ranked in descending alphabetical order?
92,800d5973d1783ef79636e6d3632d4b8a,c5a9135c-9007-4bf2-927e-85127fca519a,"

The compatibility‑evaluation investigations are applied to two distinct research objects:

- **Second Research Object 2** — the evaluation is reported on this object [7]  
- **First Research Object 2** — the evaluation of compatibility is reported on this object [1]

Sorted in descending alphabetical order, the objects are:

1. **Second Research Object 2**  
2. **First Research Object 2**

[1] Source: An Architecture for Decentralized, Collaborative, and Autonomous Robots, 10.1109/ICSA.2018.00017
[7] Source: Model-Based Analysis of Microservice Resiliency Patterns, 10.1109/ICSA47634.2020.00019
",[],0.25,0.25,0.083,0.042,0.333,0.333,0.17,0.25,0.2,0.23,0.22,0.25,0.24,0.24,0.17,0.25,0.2,0.23,0.22,0.25,0.24,0.24,0.167,0.222,0.167,0.222,0.05,0.29,0.2,0.5,0.13,0.09,0.24,0.26,0.18,0.45,1.0,908.9293236732483,0.0005044499999999999,9912,0,0.0,,0,0.0,,,0.0,0.0,,0.0,0.0,https://wandb.ai/kastel-sdq-meta-research/experiment_baseline/r/call/01a05f88-2a06-7a56-8403-fab316f7f4c8,retrieval_config,False,KitToolbox,kit.qwen3-embedding-8b,10,10,True,cosine,True,False,10,-1,8,False,False,1,False,-1,-1,False,,['R659055'],['Paper'],False,False,False,kg_retrieval,hublink,kittoolbox_kit.minimax-m2.7-229b_tmpNone_maxt-1_reasoningNone,KitToolbox,kit.minimax-m2.7-229b,,-1,,kittoolbox_kit.minimax-m2.7-229b_tmpNone_maxt-1_reasoningNone,KitToolbox,kit.minimax-m2.7-229b,,-1,,orkg_merged_ecsa_icsa.json_jsonpublicationloader_limit-1,['paper_class'],['research_level'],['first_research_object'],['second_research_object'],['validity'],['evidence'],False,False,R659055,https://sandbox.orkg.org,-1,orkg,merged_ecsa_icsa.json_jsonpublicationloader_limit-1,merged_ecsa_icsa.json,JsonPublicationLoader,-1,,4000,2,generation_kittoolbox_kit.minimax-m2.7-229b_tmpNone_maxt-1_reasoningNone,generation,kittoolbox_kit.minimax-m2.7-229b_tmpNone_maxt-1_reasoningNone,KitToolbox,kit.minimax-m2.7-229b,,-1,,"['(R871554:First Research Object 2, evaluation, R871565:Evaluation)', '(R871565:Evaluation, properties, R871568:Property)', '(R871569:Property, Name, L1526678:Compatibility)', '(R869888:Second Research Object 2, evaluation, R869889:Evaluation)', '(R871554:First Research Object 2, evaluation, R871555:Evaluation)', '(R871555:Evaluation, properties, R871558:Property)']","Among those publications that evaluate compatibility in their investigation, what are the research objects the evaluation is applied on? Rank the objects in descending alphabetical order.","The research objects investigated in conjunction with the compatibility property, ranked in descending alphabetical order, are Reference Architecture and Architecture Design Method.","['10.1109/ICSA.2018.00017', '10.1109/ICSA.2018.00017', '10.1109/ICSA.2019.00020', '10.1109/ICSA.2019.00020']",,"['(R871562:Property, Name, L1526672:Compatibility)', '(R871571:Research Object Entity, Name, L1526680:Reference Architecture)', '(R871569:Property, Name, L1526678:Compatibility)', '(R868885:Research Object Entity, Name, L1521054:Architecture Design Method)']",clustering_strategy,R659055,Software Architecture and Design,6,Which research objects are used in conjunction with the [evaluation sub property name] sub-property ranked in descending alphabetical order?
93,800d5973d1783ef79636e6d3632d4b8a,b54fb478-0c65-46ed-8c32-a495b1e5b6cc,No context has been found for the given question.,[],0.0,0.0,0.0,0.0,0.0,0.0,0.0,0.0,0.0,0.0,0.0,0.0,0.0,0.0,0.0,0.0,0.0,0.0,0.0,0.0,0.0,0.0,0.0,0.0,0.0,0.0,0.0,0.08,0.22,0.05,0.0,0.0,0.0,0.08,0.22,0.05,0.0,197.44766926765442,0.0,52233,0,0.0,,0,0.0,,,0.0,0.0,,0.0,0.0,https://wandb.ai/kastel-sdq-meta-research/experiment_baseline/r/call/01a05f88-630d-7c12-a35d-a74cc02079d8,retrieval_config,False,KitToolbox,kit.qwen3-embedding-8b,10,10,True,cosine,True,False,10,-1,8,False,False,1,False,-1,-1,False,,['R659055'],['Paper'],False,False,False,kg_retrieval,hublink,kittoolbox_kit.minimax-m2.7-229b_tmpNone_maxt-1_reasoningNone,KitToolbox,kit.minimax-m2.7-229b,,-1,,kittoolbox_kit.minimax-m2.7-229b_tmpNone_maxt-1_reasoningNone,KitToolbox,kit.minimax-m2.7-229b,,-1,,orkg_merged_ecsa_icsa.json_jsonpublicationloader_limit-1,['paper_class'],['research_level'],['first_research_object'],['second_research_object'],['validity'],['evidence'],False,False,R659055,https://sandbox.orkg.org,-1,orkg,merged_ecsa_icsa.json_jsonpublicationloader_limit-1,merged_ecsa_icsa.json,JsonPublicationLoader,-1,,4000,2,generation_kittoolbox_kit.minimax-m2.7-229b_tmpNone_maxt-1_reasoningNone,generation,kittoolbox_kit.minimax-m2.7-229b_tmpNone_maxt-1_reasoningNone,KitToolbox,kit.minimax-m2.7-229b,,-1,,,How frequently is the property Satisfaction evaluated compared to the property Context Coverage in papers that investigate the research object Architecture Evolution?,"The frequency with which the property Satisfaction is evaluated compared to the property Context Coverage in papers that investigate the research object Architecture Evolution is as follows: Satisfaction is evaluated three times, whereas Context Coverage is evaluated only once.","['10.1109/ICSA51549.2021.00014', '10.1109/ICSA51549.2021.00014', '10.1109/ICSA51549.2021.00014', '10.1109/ICSA.2018.00012', '10.1109/ICSA.2018.00012', '10.1109/ICSA.2019.00024', '10.1109/ICSA.2019.00024']",,"['(R874382:Research Object Entity, Name, L1532476:Architecture Evolution)', '(R874372:Property, Name, L1532467:Satisfaction)', '(R874380:Property, Name, L1532474:Context coverage)', '(R871023:Research Object Entity, Name, L1525570:Architecture Evolution)', '(R871021:Property, Name, L1525568:Satisfaction)', '(R873637:Research Object Entity, Name, L1530905:Architecture Evolution)', '(R873633:Property, Name, L1530901:Satisfaction)']",clustering_strategy,R659055,Software Architecture and Design,6,How frequently is the sub-property with the name [Content Data: sub-property name] used compared to the sub-property with the name [Content Data: sub-property name] in research that investigates the research object with the name [Content Data: research object name]?
94,800d5973d1783ef79636e6d3632d4b8a,709abd57-3572-4990-92f9-0d4e7557a999,"

Across the set of publications that investigate architecture patterns, **satisfaction is explicitly evaluated** in every source that reports an evaluation.  The texts show that satisfaction appears as a property (or sub‑property) in the evaluation sections of the following works:

- “Architecture‑Based Change Impact Analysis in Information Systems and Business Processes” – evaluates satisfaction [1]  
- “Monolith Migration Complexity Tuning Through the Application of Microservices Patterns” – evaluates satisfaction [2]  
- “Unlimited Rulebook: a Reference Architecture for Economy Mechanics in Digital Games” – evaluates satisfaction [3]  
- Technical Architectures for Automotive Systems – evaluates satisfaction (First Research Object 2) [4]  
- “Updating Service‑Based Software Systems in Air‑Gapped Environments” – evaluates satisfaction [5]  
- The platform’s evaluation framework (referenced in multiple sources) – includes satisfaction as a sub‑property [6]  
- “Continuous Adaptation Management in Collective Intelligence Systems” – evaluates satisfaction [7]  
- “REST vs GraphQL: A Controlled Experiment” – evaluates satisfaction (First Research Object 2) [8]  
- “A Survey on Big Data Analytics Solutions Deployment” – evaluates satisfaction (First Research Object 2) [9]  
- The paper whose evaluation section identifies a property called “Satisfaction” – evaluates satisfaction [10]

In contrast, **none of the provided texts mention “context‑coverage”** or any evaluation of that property. Consequently, the information available does not allow us to determine how often context‑coverage is evaluated, nor to compare the frequency of context‑coverage evaluations with that of satisfaction evaluations.  

**Bottom line:** Satisfaction is evaluated in all of the architecture‑pattern publications described, while context‑coverage is absent from the reported evaluations, making a direct frequency comparison impossible based on the given sources.

[1] Source: Architecture-Based Change Impact Analysis in Information Systems and Business Processes, 10.1109/ICSA.2017.17
[2] Source: Monolith Migration Complexity Tuning Through the Application of Microservices Patterns, 10.1007/978-3-030-58923-3_3
[3] Source: Unlimited Rulebook: a Reference Architecture for Economy Mechanics in Digital Games, 10.1109/ICSA47634.2020.00014
[4] Source: Technical Architectures for Automotive Systems, 10.1109/ICSA47634.2020.00013
[5] Source: Updating Service-Based Software Systems in Air-Gapped Environments, 10.1007/978-3-030-86044-8_10
[6] Source: A Platform for the Automated Provisioning of Architecture Information for Large-Scale Service-Oriented Software Systems, 10.1007/978-3-030-00761-4_14
[7] Source: Continuous Adaptation Management in Collective Intelligence Systems, 10.1007/978-3-030-29983-5_8
[8] Source: REST vs GraphQL: A Controlled Experiment, 10.1109/ICSA47634.2020.00016
[9] Source: A Survey on Big Data Analytics Solutions Deployment, 10.1007/978-3-030-29983-5_13
[10] Source: Preventing Erosion in Exception Handling Design Using Static-Architecture Conformance Checking, 10.1007/978-3-319-65831-5_5
",[],0.0,0.0,0.0,0.0,0.0,0.0,0.0,0.0,0.0,0.0,0.0,0.0,0.0,0.0,0.0,0.0,0.0,0.0,0.0,0.0,0.0,0.0,0.0,0.0,0.0,0.0,0.02,0.12,0.06,0.76,0.06,0.03,0.4,0.11,0.06,0.71,1.0,663.3955404758453,0.0,6368,0,0.0,,0,0.0,,,0.0,0.0,,0.0,0.0,https://wandb.ai/kastel-sdq-meta-research/experiment_baseline/r/call/01a05f8c-2b20-714b-a84c-e306a99747bb,retrieval_config,False,KitToolbox,kit.qwen3-embedding-8b,10,10,True,cosine,True,False,10,-1,8,False,False,1,False,-1,-1,False,,['R659055'],['Paper'],False,False,False,kg_retrieval,hublink,kittoolbox_kit.minimax-m2.7-229b_tmpNone_maxt-1_reasoningNone,KitToolbox,kit.minimax-m2.7-229b,,-1,,kittoolbox_kit.minimax-m2.7-229b_tmpNone_maxt-1_reasoningNone,KitToolbox,kit.minimax-m2.7-229b,,-1,,orkg_merged_ecsa_icsa.json_jsonpublicationloader_limit-1,['paper_class'],['research_level'],['first_research_object'],['second_research_object'],['validity'],['evidence'],False,False,R659055,https://sandbox.orkg.org,-1,orkg,merged_ecsa_icsa.json_jsonpublicationloader_limit-1,merged_ecsa_icsa.json,JsonPublicationLoader,-1,,4000,2,generation_kittoolbox_kit.minimax-m2.7-229b_tmpNone_maxt-1_reasoningNone,generation,kittoolbox_kit.minimax-m2.7-229b_tmpNone_maxt-1_reasoningNone,KitToolbox,kit.minimax-m2.7-229b,,-1,,"['(R2156287:First Research Object 2, evaluation, R2156301:Evaluation)', '(R2156301:Evaluation, properties, R2156313:Property)', '(R2156317:Property, Name, L2809669:Satisfaction)', '(R870583:First Research Object 2, evaluation, R870584:Evaluation)', '(R870584:Evaluation, properties, R870587:Property)', '(R870588:Property, Name, L1524670:Satisfaction)', '(R868524:Updating Service-Based Software Systems in Air-Gapped Environments, contribution, R868548:First Research Object 2)', '(R868548:First Research Object 2, evaluation, R868549:Evaluation)', '(R868549:Evaluation, properties, R868552:Property)', '(R868553:Property, Name, L1520342:Satisfaction)', '(R869671:First Research Object 2, evaluation, R869672:Evaluation)', '(R869672:Evaluation, properties, R869677:Property)', '(R869678:Property, Name, L1522759:Satisfaction)', '(R869079:First Research Object 2, evaluation, R869080:Evaluation)', '(R869080:Evaluation, properties, R869083:Property)', '(R869084:Property, Name, L1521478:Satisfaction)', '(R869635:Property, Name, L1522664:Satisfaction)', '(R872507:First Research Object 2, evaluation, R872508:Evaluation)', '(R872508:Evaluation, properties, R872513:Property)', '(R872514:Property, Name, L1528664:Satisfaction)', '(R870908:First Research Object 2, evaluation, R870909:Evaluation)', '(R870909:Evaluation, properties, R870912:Property)', '(R870914:Property, Name, L1525356:Satisfaction)', '(R873836:First Research Object 2, evaluation, R873837:Evaluation)', '(R873837:Evaluation, properties, R873840:Property)', '(R873841:Property, Name, L1531342:Satisfaction)', '(R873441:Evaluation, properties, R873444:Property)', '(R873446:Property, Name, L1530529:Satisfaction)', '(R873844:Research Object Entity, Name, L1531345:Architecture Design Method)', '(R869079:First Research Object 2, evaluation, R869087:Evaluation)', '(R869087:Evaluation, properties, R869090:Property)', '(R870909:Evaluation, properties, R870915:Property)']","Among publications that investigate architecture patterns, how often is the satisfaction evaluated in comparison to context coverage?","Among publications that investigate architecture patterns, the property Satisfaction is evaluated three times while the Context Coverage is only evaluated once.","['10.1109/ICSA.2019.00014', '10.1109/ICSA.2019.00014', '10.1109/ICSA.2017.20', '10.1109/ICSA.2017.20', '10.1109/ICSA.2017.20', '10.1007/978-3-030-00761-4_21', '10.1007/978-3-030-00761-4_21']",,"['(R870420:Research Object Entity, Name, L1524302:Architecture Pattern)', '(R870214:Property, Name, L1523904:Satisfaction)', '(R869040:Research Object Entity, Name, L1521385:Architecture Pattern)', '(R869038:Property, Name, L1521383:Context coverage)', '(R869037:Property, Name, L1521382:Satisfaction)', '(R870216:Research Object Entity, Name, L1523906:Architecture Pattern)', '(R870417:Property, Name, L1524299:Satisfaction)']",clustering_strategy,R659055,Software Architecture and Design,6,How often is the sub-property [Content Data: sub-property name] used in comparison to the sub-property [sub-property] with the research object [Content Data: research object name]?
95,800d5973d1783ef79636e6d3632d4b8a,1a96b5ca-c89f-40e0-ab79-66750d6e4f24,"

The source material shows that **Maintainability** and **Usability** are both examined in the evaluations of the identified research objects, but it does not provide any quantitative information about how often each property is assessed relative to the other.  In particular:

* **Maintainability** is mentioned as a property that is evaluated in several of the studies (e.g., [1], [3], [5], [6], [7]).  
* **Usability** is also listed as a property that is examined in a number of the same or other studies (e.g., [2], [4], [6], [7], [8]).  

However, none of the excerpts give a count, proportion, or any other metric indicating how many times each property is evaluated, nor do they provide a direct comparison of the frequency of evaluation for the two properties.  Moreover, while one source notes that **Maintainability** is evaluated using a **Case‑Study** method [1], the remaining sources do not confirm that the **Case‑Study** method is applied to either property, and several explicitly state that the method is not mentioned in the provided texts [2]–[8].

Consequently, based on the information supplied across the sources, it is **not possible to determine how frequently Maintainability is evaluated compared to Usability, nor to confirm that the “Case Study” evaluation method is used for either property**. The available evidence only indicates that both properties have been considered, without specifying their evaluation frequency or the specific method employed.

[1] Source: Abstraction Layered Architecture: Writing Maintainable Embedded Code, 10.1007/978-3-030-00761-4_9
[2] Source: A Comparison of MQTT Brokers for Distributed IoT Edge Computing, 10.1007/978-3-030-58923-3_23
[3] Source: An Architecture for Decentralized, Collaborative, and Autonomous Robots, 10.1109/ICSA.2018.00017
[4] Source: Constructing a Shared Infrastructure for Software Architecture Analysis and Maintenance, 10.1109/ICSA51549.2021.00022
[5] Source: Architectural Technical Debt: A Grounded Theory, 10.1007/978-3-030-58923-3_14
[6] Source: Towards a Reference Architecture for Cloud-Based Plant Genotyping and Phenotyping Analysis Frameworks, 10.1109/ICSA.2017.42
[7] Source: Reducing Development Overheads with a Generic and Model-Centric Architecture for Online Games, 10.1109/ICSA.2018.00011
[8] Source: Mapping Features to Source Code through Product Line Architecture: Traceability and Conformance, 10.1109/ICSA.2017.13
",[],0.167,0.25,0.167,0.1,1.0,1.0,0.1,0.17,0.12,0.15,0.12,0.17,0.14,0.15,0.09,0.33,0.14,0.21,0.12,0.33,0.17,0.24,0.1,0.118,0.087,0.118,0.01,0.21,0.12,0.85,0.1,0.06,0.41,0.17,0.1,0.67,0.0,542.1074798107147,0.0,40481,0,0.0,,0,0.0,,,0.0,0.0,,0.0,0.0,https://wandb.ai/kastel-sdq-meta-research/experiment_baseline/r/call/01a05f8e-07b2-756d-b30c-4037eb0e8c1e,retrieval_config,False,KitToolbox,kit.qwen3-embedding-8b,10,10,True,cosine,True,False,10,-1,8,False,False,1,False,-1,-1,False,,['R659055'],['Paper'],False,False,False,kg_retrieval,hublink,kittoolbox_kit.minimax-m2.7-229b_tmpNone_maxt-1_reasoningNone,KitToolbox,kit.minimax-m2.7-229b,,-1,,kittoolbox_kit.minimax-m2.7-229b_tmpNone_maxt-1_reasoningNone,KitToolbox,kit.minimax-m2.7-229b,,-1,,orkg_merged_ecsa_icsa.json_jsonpublicationloader_limit-1,['paper_class'],['research_level'],['first_research_object'],['second_research_object'],['validity'],['evidence'],False,False,R659055,https://sandbox.orkg.org,-1,orkg,merged_ecsa_icsa.json_jsonpublicationloader_limit-1,merged_ecsa_icsa.json,JsonPublicationLoader,-1,,4000,2,generation_kittoolbox_kit.minimax-m2.7-229b_tmpNone_maxt-1_reasoningNone,generation,kittoolbox_kit.minimax-m2.7-229b_tmpNone_maxt-1_reasoningNone,KitToolbox,kit.minimax-m2.7-229b,,-1,,"['(R871708:Property, Name, L1526978:Usability)', '(R872580:Second Research Object 2, evaluation, R872587:Evaluation)', '(R872587:Evaluation, properties, R872590:Property)', '(R872591:Property, Name, L1528793:Usability)', '(R873762:Property, Name, L1531166:Usability)', '(R874023:Property, Name, L1531719:Usability)', '(R873761:Property, Name, L1531165:Maintainability)', '(R871554:First Research Object 2, evaluation, R871555:Evaluation)', '(R871555:Evaluation, properties, R871560:Property)', '(R871560:Property, Sub-Property, R871564:Property)', '(R871564:Property, Name, L1526674:Maintainability)', '(R874024:Property, Name, L1531720:Maintainability)', '(R871702:Evaluation, Evaluation method, R871703:Evaluation Method List)', '(R871703:Evaluation Method List, Entity, R871704:Evaluation Method Entity)', '(R871704:Evaluation Method Entity, Name, L1526974:Case Study)', '(R872568:First Research Object 2, evaluation, R872569:Evaluation)', '(R872569:Evaluation, properties, R872572:Property)', '(R872575:Property, Name, L1528781:Maintainability)', '(R871560:Property, Sub-Property, R871561:Property)', '(R872580:Second Research Object 2, evaluation, R872581:Evaluation)', '(R872581:Evaluation, properties, R872584:Property)', '(R871554:First Research Object 2, evaluation, R871565:Evaluation)', '(R871565:Evaluation, properties, R871568:Property)']",How frequently is the property Maintainability evaluated in comparison to the property Usability by applying the evaluation method Case Study?,"The frequency with which the property Maintainability is evaluated in comparison to the property Usability by applying the evaluation method Case Study is that Maintainability is evaluated twice, while Usability is evaluated once.","['10.1007/978-3-030-00761-4_9', '10.1007/978-3-030-00761-4_9', '10.1007/978-3-030-00761-4_21', '10.1007/978-3-030-00761-4_21', '10.1109/ICSA51549.2021.00022', '10.1109/ICSA51549.2021.00022']",,"['(R874102:Evaluation Method Entity, Name, L1531893:Case Study)', '(R874105:Property, Name, L1531896:Maintainability)', '(R870410:Evaluation Method Entity, Name, L1524293:Case Study)', '(R870412:Property, Name, L1524295:Maintainability)', '(R871704:Evaluation Method Entity, Name, L1526974:Case Study)', '(R871708:Property, Name, L1526978:Usability)']",clustering_strategy,R659055,Software Architecture and Design,6,How often is the sub-property [Content Data: sub-property name] used in comparison to the sub-property [sub-property] with the evaulation method [Content Data: evaluation method name]?
96,800d5973d1783ef79636e6d3632d4b8a,195c7cc5-ccb6-4e29-a56b-e01cee314020,"

Across the controlled‑experiment evaluations described in the supplied excerpts, **usability appears more frequently than maintainability**:

* **Usability** is reported as an evaluated property in the following controlled‑experiment studies:
  * *DesignDiff: Continuously Modeling Software Design Difference from Code Revisions* – explicitly includes usability in a technical experiment [1].
  * “On the Understandability of Semantic Constraints for Behavioral Software Architecture Compliance” – a controlled‑experiment that evaluates usability [2].
  * “REST vs GraphQL: A Controlled Experiment” – explicitly evaluates usability [4].
  * A paper that evaluates **both** usability and maintainability **once each** in a controlled experiment [5].
  * A paper that evaluates **both** usability and maintainability **twice each** in a controlled experiment [7].

* **Maintainability** is reported as an evaluated property only in the two studies that assess **both** properties:
  * The paper that evaluates each property once [5].
  * The paper that evaluates each property twice [7].

Thus, within the set of publications that use a controlled experiment, usability is evaluated in **at least five instances** (one each from the three single‑property studies and three instances from the two multi‑property studies), whereas maintainability is evaluated in **only three instances** (the three occurrences from the two multi‑property studies). Consequently, **usability is evaluated more often than maintainability** in controlled‑experiment evaluations.

[1] Source: DesignDiff: Continuously Modeling Software Design Difference from Code Revisions, 10.1109/ICSA47634.2020.00025
[2] Source: On the Understandability of Semantic Constraints for Behavioral Software Architecture Compliance: A Controlled Experiment, 10.1109/ICSA.2017.10
[4] Source: REST vs GraphQL: A Controlled Experiment, 10.1109/ICSA47634.2020.00016
[5] Source: A Comparison of MQTT Brokers for Distributed IoT Edge Computing, 10.1007/978-3-030-58923-3_23
[7] Source: Reducing Development Overheads with a Generic and Model-Centric Architecture for Online Games, 10.1109/ICSA.2018.00011
",[],0.333,0.083,0.103,0.062,0.333,0.333,0.2,0.33,0.25,0.29,0.24,0.33,0.28,0.31,0.18,0.83,0.29,0.48,0.24,0.83,0.38,0.56,0.2,0.235,0.179,0.244,0.01,0.13,0.07,0.65,0.05,0.03,0.23,0.12,0.07,0.61,1.0,648.3427534103394,0.0,38002,0,0.0,,0,0.0,,,0.0,0.0,,0.0,0.0,https://wandb.ai/kastel-sdq-meta-research/experiment_baseline/r/call/01a05f9f-73c5-7abf-bdcf-58bb48c4f806,retrieval_config,False,KitToolbox,kit.qwen3-embedding-8b,10,10,True,cosine,True,False,10,-1,8,False,False,1,False,-1,-1,False,,['R659055'],['Paper'],False,False,False,kg_retrieval,hublink,kittoolbox_kit.minimax-m2.7-229b_tmpNone_maxt-1_reasoningNone,KitToolbox,kit.minimax-m2.7-229b,,-1,,kittoolbox_kit.minimax-m2.7-229b_tmpNone_maxt-1_reasoningNone,KitToolbox,kit.minimax-m2.7-229b,,-1,,orkg_merged_ecsa_icsa.json_jsonpublicationloader_limit-1,['paper_class'],['research_level'],['first_research_object'],['second_research_object'],['validity'],['evidence'],False,False,R659055,https://sandbox.orkg.org,-1,orkg,merged_ecsa_icsa.json_jsonpublicationloader_limit-1,merged_ecsa_icsa.json,JsonPublicationLoader,-1,,4000,2,generation_kittoolbox_kit.minimax-m2.7-229b_tmpNone_maxt-1_reasoningNone,generation,kittoolbox_kit.minimax-m2.7-229b_tmpNone_maxt-1_reasoningNone,KitToolbox,kit.minimax-m2.7-229b,,-1,,"['(R869462:First Research Object 2, evaluation, R869463:Evaluation)', '(R869463:Evaluation, properties, R869466:Property)', '(R869467:Property, Name, L1522304:Usability)', '(R874299:On the Understandability of Semantic Constraints for Behavioral Software Architecture Compliance: A Controlled Experiment, contribution, R874320:First Research Object 2)', '(R874320:First Research Object 2, evaluation, R874321:Evaluation)', '(R874321:Evaluation, properties, R874324:Property)', '(R874325:Property, Name, L1532370:Usability)', '(R873762:Property, Name, L1531166:Usability)', '(R874023:Property, Name, L1531719:Usability)', '(R870884:REST vs GraphQL: A Controlled Experiment, contribution, R870908:First Research Object 2)', '(R870908:First Research Object 2, evaluation, R870909:Evaluation)', '(R870909:Evaluation, properties, R870915:Property)', '(R870916:Property, Name, L1525358:Usability)', '(R870909:Evaluation, Evaluation method, R870910:Evaluation Method List)', '(R870910:Evaluation Method List, Entity, R870911:Evaluation Method Entity)', '(R870911:Evaluation Method Entity, Name, L1525353:Controlled Experiment)', '(R874321:Evaluation, Evaluation method, R874322:Evaluation Method List)', '(R874322:Evaluation Method List, Entity, R874323:Evaluation Method Entity)', '(R874323:Evaluation Method Entity, Name, L1532368:Controlled Experiment)', '(R874020:Evaluation Method Entity, Name, L1531716:Technical Experiment)', '(R873761:Property, Name, L1531165:Maintainability)', '(R874024:Property, Name, L1531720:Maintainability)', '(R869468:Evaluation, Evaluation method, R869469:Evaluation Method List)', '(R869469:Evaluation Method List, Entity, R869470:Evaluation Method Entity)', '(R869470:Evaluation Method Entity, Name, L1522306:Technical Experiment)', '(R873754:Evaluation, Evaluation method, R873755:Evaluation Method List)', '(R873755:Evaluation Method List, Entity, R873756:Evaluation Method Entity)', '(R873756:Evaluation Method Entity, Name, L1531160:Technical Experiment)']","Among publications that apply a controlled experiment in their evaluation, how often is usability evaluated in comparison to maintainability?","Among publications that apply a controlled experiment in their evaluation, the property Usability is evaluated three times while Maintainability has not been evaluated.","['10.1109/ICSA47634.2020.00016', '10.1109/ICSA47634.2020.00016', '10.1109/ICSA.2017.10', '10.1109/ICSA.2017.10', '10.1109/ICSA47634.2020.00025', '10.1109/ICSA47634.2020.00025']",,"['(R870911:Evaluation Method Entity, Name, L1525353:Controlled Experiment)', '(R870916:Property, Name, L1525358:Usability)', '(R874323:Evaluation Method Entity, Name, L1532368:Controlled Experiment)', '(R874325:Property, Name, L1532370:Usability)', '(R869465:Evaluation Method Entity, Name, L1522302:Controlled Experiment)', '(R869467:Property, Name, L1522304:Usability)']",clustering_strategy,R659055,Software Architecture and Design,6,How often is the sub-property [Content Data: sub-property name] used in comparison to the sub-property [sub-property] with the evaulation method [Content Data: evaluation method name]?
97,800d5973d1783ef79636e6d3632d4b8a,9e3c5460-0e14-4afc-884b-7d587a27d540,"

The evaluations of the Technical Debt research object that were performed **without following an evaluation guideline** assessed at least the following properties:

* **Maintainability** – reported for the study “The Evolution of Technical Debt in the Apache Ecosystem”【2】 and again in another source that notes the same property for the Technical Debt object【8】.  
* **Functional Suitability** – listed as the property that was evaluated in the Technical Debt paper (the “Has Guideline” flag is false)【3】.

No other specific properties are explicitly identified in the supplied texts; the available sources indicate that, aside from the two properties above, the evaluated attributes are not detailed【1】.

",[],0.333,0.25,0.208,0.166,1.0,1.0,0.2,0.33,0.25,0.29,0.27,0.33,0.3,0.32,0.1,0.5,0.17,0.28,0.14,0.5,0.22,0.33,0.2,0.267,0.103,0.143,0.02,0.31,0.19,0.83,0.11,0.07,0.3,0.17,0.11,0.46,1.0,494.27384662628174,0.004166699999999999,20186,0,0.0,,0,0.0,,,0.0,0.0,,0.0,0.0,https://wandb.ai/kastel-sdq-meta-research/experiment_baseline/r/call/01a05fa0-16d6-7d82-88c4-57e802725f3f,retrieval_config,False,KitToolbox,kit.qwen3-embedding-8b,10,10,True,cosine,True,False,10,-1,8,False,False,1,False,-1,-1,False,,['R659055'],['Paper'],False,False,False,kg_retrieval,hublink,kittoolbox_kit.minimax-m2.7-229b_tmpNone_maxt-1_reasoningNone,KitToolbox,kit.minimax-m2.7-229b,,-1,,kittoolbox_kit.minimax-m2.7-229b_tmpNone_maxt-1_reasoningNone,KitToolbox,kit.minimax-m2.7-229b,,-1,,orkg_merged_ecsa_icsa.json_jsonpublicationloader_limit-1,['paper_class'],['research_level'],['first_research_object'],['second_research_object'],['validity'],['evidence'],False,False,R659055,https://sandbox.orkg.org,-1,orkg,merged_ecsa_icsa.json_jsonpublicationloader_limit-1,merged_ecsa_icsa.json,JsonPublicationLoader,-1,,4000,2,generation_kittoolbox_kit.minimax-m2.7-229b_tmpNone_maxt-1_reasoningNone,generation,kittoolbox_kit.minimax-m2.7-229b_tmpNone_maxt-1_reasoningNone,KitToolbox,kit.minimax-m2.7-229b,,-1,,"['(R869132:Research Object Entity, Name, L1521578:Technical Debt)', '(R869888:Second Research Object 2, evaluation, R869889:Evaluation)', '(R869889:Evaluation, Has Guideline, L1523204:False)', '(R870336:Data Stream Operations as First-Class Entities in Component-Based Performance Models, contribution, R870368:Second Research Object 2)', '(R870368:Second Research Object 2, evaluation, R870369:Evaluation)', '(R870369:Evaluation, Has Guideline, L1524212:False)', '(R869125:First Research Object 2, evaluation, R869126:Evaluation)', '(R869126:Evaluation, Has Guideline, L1521575:False)', '(R873775:Continuous Architecture: Towards the Goldilocks Zone and Away from Vicious Circles, contribution, R873796:First Research Object 2)', '(R873796:First Research Object 2, evaluation, R873797:Evaluation)', '(R873797:Evaluation, Has Guideline, L1531252:False)', '(R870521:From Monolithic Architecture Style to Microservice one Based on a Semi-Automatic Approach, contribution, R870542:First Research Object 2)', '(R870542:First Research Object 2, evaluation, R870543:Evaluation)', '(R870543:Evaluation, Has Guideline, L1524579:False)', '(R871287:Evaluation, Has Guideline, L1526134:False)', '(R869889:Evaluation, properties, R869892:Property)', '(R869893:Property, Name, L1523205:Functional Suitability)', '(R870369:Evaluation, properties, R870372:Property)', '(R870373:Property, Name, L1524213:Accuracy)', '(R871287:Evaluation, properties, R871290:Property)', '(R871291:Property, Name, L1526135:Performance efficiency)', '(R870543:Evaluation, properties, R870546:Property)', '(R870546:Property, Name, L1524581:Quality of Method)', '(R873797:Evaluation, properties, R873800:Property)', '(R873800:Property, Name, L1531254:Quality of Method)', '(R872625:Evaluation, properties, R872628:Property)', '(R872630:Property, Name, L1528879:Maintainability)', '(R869126:Evaluation, properties, R869129:Property)', '(R869130:Property, Name, L1521576:Maintainability)']",What are the properties that are evaluated in papers that investigate the research object Technical Debt without adhering to an evaluation guideline?,The properties that are evaluated in papers that investigate the research object Technical Debt without adhering to an evaluation guideline are Accuracy and Maintainability.,"['10.1109/ICSA51549.2021.00017', '10.1109/ICSA51549.2021.00017', '10.1007/978-3-319-65831-5_4', '10.1007/978-3-319-65831-5_4', '10.1109/ICSA51549.2021.00017', '10.1007/978-3-319-65831-5_4']",,"['(R872808:Research Object Entity, Name, L1529238:Technical Debt)', '(R872802:Evaluation, Has Guideline, L1529235:False)', '(R869132:Research Object Entity, Name, L1521578:Technical Debt)', '(R869126:Evaluation, Has Guideline, L1521575:False)', '(R872806:Property, Name, L1529236:Accuracy)', '(R869130:Property, Name, L1521576:Maintainability)']",clustering_strategy,R659055,Software Architecture and Design,6,What are the names of the evaluation sub-properties that are assessed in research papers that investigate the research object with the name [Content Data: research object name] without adhering to evaluation guidelines?
98,800d5973d1783ef79636e6d3632d4b8a,1fd7e0a1-08a9-4ef8-8ab5-48440698ff9c,"

**Properties that were assessed without an explicit evaluation guideline**

| Property | Source(s) that report the evaluation |
|----------|--------------------------------------|
| **Satisfaction** | [1] – “The evaluation of the “Satisfaction” property … performed by a Technical Experiment.”  <br> [5] – “The evaluation examined the properties ‘Satisfaction’ … without following a guideline.”  <br> [8] – “The property ‘Satisfaction’ was evaluated. No information about a guideline being used …” |
| **Sub‑Property** (the property is literally named “Sub‑Property”) | [1] – “The evaluation of the “Sub‑Property” is carried out by the Motivating Example method.” |
| **Functional Suitability** | [2] – “The evaluation of Functional Suitability … was carried out without following a guideline.”  <br> [3] – “Evaluates … Functional Suitability … no guideline mentioned.”  <br> [5] – “The evaluation examined … Functional Suitability … without following a guideline.” |
| **Product Quality** | [2] – “The evaluation of Product Quality … was carried out without following a guideline.”  <br> [3] – “Evaluates … Product Quality … no guideline mentioned.”  <br> [4] – “Performance efficiency … Product quality … the evaluation method does not have an associated guideline (Has Guideline = False).” |
| **Performance efficiency** | [4] – “Performance efficiency … the evaluation method does not have an associated guideline.”  <br> [6] – “Performance efficiency … evaluated … without a guideline.”  <br> [9] – “Accuracy … Performance efficiency … no mention of a guideline …” |
| **Reliability** | [6] – “Reliability … evaluated … without a guideline.” |
| **Accuracy** | [6] – “Accuracy … evaluated … without a guideline.”  <br> [7] – “Accuracy … evaluated … no guideline.”  <br> [9] – “Accuracy … no mention of a guideline …” |
| **Quality of Method** | [7] – “Quality of Method … evaluated … no guideline.” |

**Summary**

Across the publications that investigate architectural assumptions, several distinct properties were evaluated despite the absence of a prescribed evaluation guideline. These properties are **Satisfaction**, **Sub‑Property**, **Functional Suitability**, **Product Quality**, **Performance efficiency**, **Reliability**, **Accuracy**, and **Quality of Method**. The corresponding source texts explicitly state that the “Has Guideline” flag is false or do not mention any guideline being followed for those assessments.

[1] Source: Data-Centric Communication and Containerization for Future Automotive Software Architectures, 10.1109/ICSA.2018.00016
[2] Source: Architecture-Centric Support for Integrating Security Tools in a Security Orchestration Platform, 10.1007/978-3-030-58923-3_11
[3] Source: Enabling Continuous Software Engineering for Embedded Systems Architectures with Virtual Prototypes, 10.1007/978-3-030-00761-4_8
[4] Source: Predicting the Performance of Privacy-Preserving Data Analytics Using Architecture Modelling and Simulation, 10.1109/ICSA.2018.00026
[5] Source: Improving the Consistency and Usefulness of Architecture Descriptions: Guidelines for Architects, 10.1109/ICSA.2019.00024
[6] Source: An Architecture-Driven Adaptation Approach for Big Data Cyber Security Analytics, 10.1109/ICSA.2019.00013
[7] Source: Automatic Extraction of Design Decisions from Issue Management Systems: A Machine Learning Based Approach, 10.1007/978-3-319-65831-5_10
[8] Source: Architectural Assumptions and Their Management in Industry – An Exploratory Study, 10.1007/978-3-319-65831-5_14
[9] Source: A Machine Learning Approach to Service Discovery for Microservice Architectures, 10.1007/978-3-030-86044-8_5
",[],0.25,0.062,0.098,0.112,0.5,0.5,0.2,0.25,0.22,0.24,0.28,0.31,0.29,0.3,0.14,0.62,0.22,0.36,0.16,0.62,0.25,0.39,0.2,0.278,0.135,0.159,0.01,0.09,0.05,0.78,0.05,0.03,0.47,0.07,0.03,0.56,1.0,652.7610721588135,0.0,12271,0,0.0,,0,0.0,,,0.0,0.0,,0.0,0.0,https://wandb.ai/kastel-sdq-meta-research/experiment_baseline/r/call/01a05fa0-3c1f-7bb9-96ca-f757d25e1870,retrieval_config,False,KitToolbox,kit.qwen3-embedding-8b,10,10,True,cosine,True,False,10,-1,8,False,False,1,False,-1,-1,False,,['R659055'],['Paper'],False,False,False,kg_retrieval,hublink,kittoolbox_kit.minimax-m2.7-229b_tmpNone_maxt-1_reasoningNone,KitToolbox,kit.minimax-m2.7-229b,,-1,,kittoolbox_kit.minimax-m2.7-229b_tmpNone_maxt-1_reasoningNone,KitToolbox,kit.minimax-m2.7-229b,,-1,,orkg_merged_ecsa_icsa.json_jsonpublicationloader_limit-1,['paper_class'],['research_level'],['first_research_object'],['second_research_object'],['validity'],['evidence'],False,False,R659055,https://sandbox.orkg.org,-1,orkg,merged_ecsa_icsa.json_jsonpublicationloader_limit-1,merged_ecsa_icsa.json,JsonPublicationLoader,-1,,4000,2,generation_kittoolbox_kit.minimax-m2.7-229b_tmpNone_maxt-1_reasoningNone,generation,kittoolbox_kit.minimax-m2.7-229b_tmpNone_maxt-1_reasoningNone,KitToolbox,kit.minimax-m2.7-229b,,-1,,"['(R873379:Predicting the Performance of Privacy-Preserving Data Analytics Using Architecture Modelling and Simulation, contribution, R873400:First Research Object 2)', '(R873407:Research Object Entity, Name, L1530444:Architectural Assumptions)', '(R871405:Evaluation, properties, R871408:Property)', '(R871409:Property, Name, L1526368:Functional Suitability)', '(R872685:Evaluation Method Entity, Name, L1528973:Motivating Example)', '(R2156195:Property, Name, L2809563:Reliability)', '(R873633:Property, Name, L1530901:Satisfaction)', '(R870257:Property, Name, L1523998:Accuracy)', '(R873400:First Research Object 2, evaluation, R873401:Evaluation)', '(R873401:Evaluation, properties, R873404:Property)', '(R873405:Property, Name, L1530442:Performance efficiency)', '(R2156245:Property, Name, L2809617:Performance efficiency)', '(R2156253:Property, Name, L2809623:Accuracy)', '(R2156256:Property, Name, L2809626:Performance efficiency)', '(R2156191:Property, Name, L2809561:Performance efficiency)', '(R870046:Property, Name, L1523528:Accuracy)', '(R873635:Property, Name, L1530903:Functional Suitability)', '(R872686:Property, Sub-Property, R872687:Property)', '(R872687:Property, Name, L1528975:Satisfaction)', '(R870043:Property, Name, L1523525:Performance efficiency)', '(R868767:Evaluation, properties, R868770:Property)', '(R868771:Property, Name, L1520809:Accuracy)', '(R868770:Property, Name, L1520810:Quality of Method)', '(R870255:Property, Name, L1523996:Performance efficiency)', '(R872673:Evaluation Method Entity, Name, L1528964:Technical Experiment)', '(R870623:Property, Name, L1524746:Product Quality)', '(R868651:Architectural Assumptions and Their Management in Industry – An Exploratory Study, contribution, R868676:First Research Object 2)', '(R868676:First Research Object 2, evaluation, R868677:Evaluation)', '(R870624:Property, Name, L1524745:Functional Suitability)', '(R871405:Evaluation, Has Guideline, L1526367:False)', '(R873401:Evaluation, Has Guideline, L1530441:False)', '(R868767:Evaluation, Has Guideline, L1520808:False)', '(R870039:Evaluation, Has Guideline, L1523524:False)', '(R868677:Evaluation, properties, R868684:Property)', '(R868685:Property, Name, L1520618:Satisfaction)', '(R871408:Property, Name, L1526369:Product Quality)', '(R873404:Property, Name, L1530443:Product Quality)']","Among publications that investigate architectural assumptions, which properties have been evaluated without following a guideline for their evaluation?","Among publications that investigate architectural assumptions, which properties have been evaluated without following a guideline for their evaluation?","['10.1109/ICSA.2019.00024', '10.1109/ICSA.2019.00024', '10.1109/ICSA.2019.00024', '10.1109/ICSA.2019.00024', '10.1109/ICSA.2019.00024', '10.1109/ICSA.2018.00026', '10.1109/ICSA.2018.00026', '10.1109/ICSA.2018.00026']",,"['(R873641:Research Object Entity, Name, L1530909:Architectural Assumptions)', '(R873401:Evaluation, Has Guideline, L1530441:False)', '(R873633:Property, Name, L1530901:Satisfaction)', '(R873635:Property, Name, L1530903:Functional Suitability)', '(R873632:Property, Name, L1530900:Effectiveness)', '(R873407:Research Object Entity, Name, L1530444:Architectural Assumptions)', '(R873639:Evaluation, Has Guideline, L1530907:False)', '(R873405:Property, Name, L1530442:Performance efficiency)']",clustering_strategy,R659055,Software Architecture and Design,6,Which evaluation sub-properties are used in the research object [Content Data: research object name] but do not use evaluation guidelines?
99,800d5973d1783ef79636e6d3632d4b8a,385d45f0-1a9b-4e2f-a511-a9bebb0f6925,"

The texts identify **First Research Object 2** (which includes the Architecture Optimization Method component) as being evaluated with the **Field Experiment** evaluation method [5][6][8]. Among these sources, two state that the evaluation was performed **without an evaluation guideline** (Has Guideline = False) [5][6], while a third source reports that the same object was evaluated **with an evaluation guideline** (Has Guideline = True) [8].  

No other research object is described in the provided texts as meeting both conditions: **Second Research Object 2** is recorded as being evaluated without a guideline, but the method used is **Technical Experiment**, not Field Experiment [7][9].  

Thus, **First Research Object 2** is the only candidate that, according to some sources, satisfies the criteria of being evaluated without an evaluation guideline while using the Field Experiment method, though the evidence about the presence of a guideline is conflicting.

[5] Source: An Architecture for Decentralized, Collaborative, and Autonomous Robots, 10.1109/ICSA.2018.00017
[6] Source: ACE: Easy Deployment of Field Optimization Experiments, 10.1007/978-3-030-29983-5_18
[7] Source: Data Stream Operations as First-Class Entities in Component-Based Performance Models, 10.1007/978-3-030-58923-3_10
[8] Source: Decision Models for Microservices: Design Areas, Stakeholders, Use Cases, and Requirements, 10.1007/978-3-319-65831-5_11
[9] Source: Data-Driven Software Architecture for Analyzing Confidentiality, 10.1109/ICSA.2019.00009
",[],0.167,0.417,0.042,0.282,0.25,1.0,0.1,0.17,0.12,0.15,0.29,0.33,0.31,0.32,0.24,0.83,0.37,0.56,0.38,0.83,0.53,0.68,0.1,0.286,0.238,0.385,0.02,0.23,0.13,0.76,0.12,0.07,0.42,0.19,0.11,0.64,1.0,339.31658911705017,0.0,167356,0,0.0,,0,0.0,,,0.0,0.0,,0.0,0.0,https://wandb.ai/kastel-sdq-meta-research/experiment_baseline/r/call/01a05fa2-3a8b-7aa0-9dbc-22f4f41bf638,retrieval_config,False,KitToolbox,kit.qwen3-embedding-8b,10,10,True,cosine,True,False,10,-1,8,False,False,1,False,-1,-1,False,,['R659055'],['Paper'],False,False,False,kg_retrieval,hublink,kittoolbox_kit.minimax-m2.7-229b_tmpNone_maxt-1_reasoningNone,KitToolbox,kit.minimax-m2.7-229b,,-1,,kittoolbox_kit.minimax-m2.7-229b_tmpNone_maxt-1_reasoningNone,KitToolbox,kit.minimax-m2.7-229b,,-1,,orkg_merged_ecsa_icsa.json_jsonpublicationloader_limit-1,['paper_class'],['research_level'],['first_research_object'],['second_research_object'],['validity'],['evidence'],False,False,R659055,https://sandbox.orkg.org,-1,orkg,merged_ecsa_icsa.json_jsonpublicationloader_limit-1,merged_ecsa_icsa.json,JsonPublicationLoader,-1,,4000,2,generation_kittoolbox_kit.minimax-m2.7-229b_tmpNone_maxt-1_reasoningNone,generation,kittoolbox_kit.minimax-m2.7-229b_tmpNone_maxt-1_reasoningNone,KitToolbox,kit.minimax-m2.7-229b,,-1,,"['(R869507:First Research Object 2, evaluation, R869508:Evaluation)', '(R869508:Evaluation, Evaluation method, R869509:Evaluation Method List)', '(R869509:Evaluation Method List, Entity, R869510:Evaluation Method Entity)', '(R869510:Evaluation Method Entity, Name, L1522395:Field Experiment)', '(R869415:First Research Object 2, evaluation, R869416:Evaluation)', '(R869418:Evaluation Method Entity, Name, L1522201:Field Experiment)', '(R871523:An Architecture for Decentralized, Collaborative, and Autonomous Robots, contribution, R871554:First Research Object 2)', '(R871554:First Research Object 2, evaluation, R871555:Evaluation)', '(R871555:Evaluation, Evaluation method, R871556:Evaluation Method List)', '(R871556:Evaluation Method List, Entity, R871557:Evaluation Method Entity)', '(R871557:Evaluation Method Entity, Name, L1526667:Field Experiment)', '(R870368:Second Research Object 2, evaluation, R870369:Evaluation)', '(R869507:First Research Object 2, Object, R869513:Research Object List)', '(R869513:Research Object List, Entity, R869514:Research Object Entity)', '(R869514:Research Object Entity, Name, L1522399:Architecture Optimization Method)', '(R869508:Evaluation, Has Guideline, L1522396:False)', '(R871554:First Research Object 2, evaluation, R871565:Evaluation)', '(R871565:Evaluation, Has Guideline, L1526677:False)', '(R870369:Evaluation, Has Guideline, L1524212:False)', '(R869416:Evaluation, Has Guideline, L1522202:True)', '(R871554:First Research Object 2, Object, R871570:Research Object List)']","What are the research objects that are evaluated without an evaluation guideline, using the evaluation method Field Experiment?",The research objects that have been evaluated with the evaluation method Field Experiment without using an evaluation guideline are Reference Architecture and Architecture Optimization Method.,"['10.1109/ICSA.2018.00017', '10.1109/ICSA.2018.00017', '10.1109/ICSA.2018.00017', '10.1007/978-3-030-29983-5_18', '10.1007/978-3-030-29983-5_18', '10.1007/978-3-030-29983-5_18']",,"['(R871557:Evaluation Method Entity, Name, L1526667:Field Experiment)', '(R871565:Evaluation, Has Guideline, L1526677:False)', '(R871571:Research Object Entity, Name, L1526680:Reference Architecture)', '(R869510:Evaluation Method Entity, Name, L1522395:Field Experiment)', '(R869508:Evaluation, Has Guideline, L1522396:False)', '(R869514:Research Object Entity, Name, L1522399:Architecture Optimization Method)']",clustering_strategy,R659055,Software Architecture and Design,6,Which research objects that have the evaluation method [Content Data: evaluation method name] do not use evaluation guidelines?
100,800d5973d1783ef79636e6d3632d4b8a,d98023c9-a612-455c-8189-c898a8244e9e,"

The only research object that the sources identify as being evaluated **without a guideline** is **First Research Object 2** [1][2].  However, none of the provided texts mention that the evaluation of this object employed grounded theory [1][2][3].  Consequently, while First Research Object 2 was evaluated without a guideline, it cannot be confirmed that it belongs to the subset of publications that apply grounded theory in their evaluation.

[1] Source: Guidelines for Architecting Android Apps: A Mixed-Method Empirical Study, 10.1109/ICSA.2019.00023
[2] Source: COCOS: A Scalable Architecture for Containerized Heterogeneous Systems, 10.1109/ICSA47634.2020.00018
[3] Source: CAPS: Architecture Description of Situational Aware Cyber Physical Systems, 10.1109/ICSA.2017.21
",[],0.0,0.0,0.0,0.0,0.0,0.0,0.0,0.0,0.0,0.0,0.0,0.0,0.0,0.0,0.0,0.0,0.0,0.0,0.0,0.0,0.0,0.0,0.0,0.0,0.0,0.0,0.02,0.26,0.17,0.55,0.11,0.07,0.24,0.22,0.14,0.45,0.0,232.26431703567505,0.0,16324,0,0.0,,0,0.0,,,0.0,0.0,,0.0,0.0,https://wandb.ai/kastel-sdq-meta-research/experiment_baseline/r/call/01a05fa7-a1e5-762d-a530-4d3df082ffe9,retrieval_config,False,KitToolbox,kit.qwen3-embedding-8b,10,10,True,cosine,True,False,10,-1,8,False,False,1,False,-1,-1,False,,['R659055'],['Paper'],False,False,False,kg_retrieval,hublink,kittoolbox_kit.minimax-m2.7-229b_tmpNone_maxt-1_reasoningNone,KitToolbox,kit.minimax-m2.7-229b,,-1,,kittoolbox_kit.minimax-m2.7-229b_tmpNone_maxt-1_reasoningNone,KitToolbox,kit.minimax-m2.7-229b,,-1,,orkg_merged_ecsa_icsa.json_jsonpublicationloader_limit-1,['paper_class'],['research_level'],['first_research_object'],['second_research_object'],['validity'],['evidence'],False,False,R659055,https://sandbox.orkg.org,-1,orkg,merged_ecsa_icsa.json_jsonpublicationloader_limit-1,merged_ecsa_icsa.json,JsonPublicationLoader,-1,,4000,2,generation_kittoolbox_kit.minimax-m2.7-229b_tmpNone_maxt-1_reasoningNone,generation,kittoolbox_kit.minimax-m2.7-229b_tmpNone_maxt-1_reasoningNone,KitToolbox,kit.minimax-m2.7-229b,,-1,,"['(R874174:Guidelines for Architecting Android Apps: A Mixed-Method Empirical Study, contribution, R874191:First Research Object 2)', '(R874191:First Research Object 2, evaluation, R874192:Evaluation)', '(R874502:First Research Object 2, evaluation, R874503:Evaluation)', '(R872116:COCOS: A Scalable Architecture for Containerized Heterogeneous Systems, contribution, R872137:First Research Object 2)', '(R872137:First Research Object 2, evaluation, R872138:Evaluation)', '(R872138:Evaluation, Has Guideline, L1527866:False)', '(R874503:Evaluation, Has Guideline, L1532749:False)', '(R874192:Evaluation, Evaluation method, L1532087:False)']","Among publications that apply grounded theory in their evaluation, what are the research objects evaluated without using a guideline for the evaluation?",Architecture Pattern is the only research object for which no evaluation guideline has been used when applying the evaluation method Grounded Theory. ,"['10.1007/978-3-030-29983-5_2', '10.1007/978-3-030-29983-5_2', '10.1109/ICSA.2017.20', '10.1109/ICSA.2017.20', '10.1007/978-3-030-29983-5_2', '10.1109/ICSA.2017.20']",,"['(R873005:Evaluation Method Entity, Name, L1529647:Grounded Theory)', '(R873003:Evaluation, Has Guideline, L1529648:False)', '(R869035:Evaluation Method Entity, Name, L1521380:Grounded Theory)', '(R869033:Evaluation, Has Guideline, L1521381:False)', '(R873010:Research Object Entity, Name, L1529652:Architecture Pattern)', '(R869040:Research Object Entity, Name, L1521385:Architecture Pattern)']",clustering_strategy,R659055,Software Architecture and Design,6,Which research objects that have the evaluation method [Content Data: evaluation method name] do not use evaluation guidelines?
101,800d5973d1783ef79636e6d3632d4b8a,1dd32084-dbc1-46d8-bc7a-74d6108c765f,No context has been found for the given question.,[],0.0,0.0,0.0,0.0,0.0,0.0,0.0,0.0,0.0,0.0,0.0,0.0,0.0,0.0,0.0,0.0,0.0,0.0,0.0,0.0,0.0,0.0,0.0,0.0,0.0,0.0,0.04,0.23,0.33,0.18,0.08,0.12,0.06,0.15,0.22,0.12,0.0,120.34974598884583,0.00460815,34802,0,0.0,,0,0.0,,,0.0,0.0,,0.0,0.0,https://wandb.ai/kastel-sdq-meta-research/experiment_baseline/r/call/01a05fa7-ccf2-7778-8c8a-4f1be2f34131,retrieval_config,False,KitToolbox,kit.qwen3-embedding-8b,10,10,True,cosine,True,False,10,-1,8,False,False,1,False,-1,-1,False,,['R659055'],['Paper'],False,False,False,kg_retrieval,hublink,kittoolbox_kit.minimax-m2.7-229b_tmpNone_maxt-1_reasoningNone,KitToolbox,kit.minimax-m2.7-229b,,-1,,kittoolbox_kit.minimax-m2.7-229b_tmpNone_maxt-1_reasoningNone,KitToolbox,kit.minimax-m2.7-229b,,-1,,orkg_merged_ecsa_icsa.json_jsonpublicationloader_limit-1,['paper_class'],['research_level'],['first_research_object'],['second_research_object'],['validity'],['evidence'],False,False,R659055,https://sandbox.orkg.org,-1,orkg,merged_ecsa_icsa.json_jsonpublicationloader_limit-1,merged_ecsa_icsa.json,JsonPublicationLoader,-1,,4000,2,generation_kittoolbox_kit.minimax-m2.7-229b_tmpNone_maxt-1_reasoningNone,generation,kittoolbox_kit.minimax-m2.7-229b_tmpNone_maxt-1_reasoningNone,KitToolbox,kit.minimax-m2.7-229b,,-1,,,What is the evaluation method that has been applied the most in papers that investigate the research object Technical Debt?,The evaluation method that has been applied most frequently in papers investigating Technical Debt is case study.,"['10.1007/978-3-319-65831-5_4', '10.1007/978-3-319-65831-5_4', '10.1109/ICSA51549.2021.00017', '10.1109/ICSA51549.2021.00017', '10.1007/978-3-030-58923-3_14', '10.1007/978-3-030-58923-3_14']",,"['(R869132:Research Object Entity, Name, L1521578:Technical Debt)', '(R869128:Evaluation Method Entity, Name, L1521574:Data Science)', '(R872808:Research Object Entity, Name, L1529238:Technical Debt)', '(R872804:Evaluation Method Entity, Name, L1529234:Data Science)', '(R872632:Research Object Entity, Name, L1528881:Technical Debt)', '(R872627:Evaluation Method Entity, Name, L1528876:Grounded Theory)']",clustering_strategy,R659055,Software Architecture and Design,6,What is the name of the evaluation method that has been used the most in papers that investigate the research object with the name [Content Data: research object name]?
102,800d5973d1783ef79636e6d3632d4b8a,00011b5b-8881-404f-bbc3-5cfec430c28f,"

The texts show that the research object **Technical Debt** is primarily examined in terms of its contribution to **Product Quality** [1][2]. In addition, one source notes that the property **“Quality of Method”** is also investigated for Technical Debt [3].

[1] Source: Architectural Technical Debt: A Grounded Theory, 10.1007/978-3-030-58923-3_14
[2] Source: The Evolution of Technical Debt in the Apache Ecosystem, 10.1007/978-3-319-65831-5_4
[3] Source: Architectural Decay as Predictor of Issue- and Change-Proneness, 10.1109/ICSA51549.2021.00017
",[],0.0,0.0,0.0,0.0,0.0,0.0,0.0,0.0,0.0,0.0,0.0,0.0,0.0,0.0,0.0,0.0,0.0,0.0,0.0,0.0,0.0,0.0,0.0,0.0,0.0,0.0,0.04,0.44,0.3,0.8,0.23,0.15,0.43,0.29,0.2,0.53,0.0,163.89757323265076,0.0,22278,0,0.0,,0,0.0,,,0.0,0.0,,0.0,0.0,https://wandb.ai/kastel-sdq-meta-research/experiment_baseline/r/call/01a05fa9-a340-709d-9df2-f1b6f22a2846,retrieval_config,False,KitToolbox,kit.qwen3-embedding-8b,10,10,True,cosine,True,False,10,-1,8,False,False,1,False,-1,-1,False,,['R659055'],['Paper'],False,False,False,kg_retrieval,hublink,kittoolbox_kit.minimax-m2.7-229b_tmpNone_maxt-1_reasoningNone,KitToolbox,kit.minimax-m2.7-229b,,-1,,kittoolbox_kit.minimax-m2.7-229b_tmpNone_maxt-1_reasoningNone,KitToolbox,kit.minimax-m2.7-229b,,-1,,orkg_merged_ecsa_icsa.json_jsonpublicationloader_limit-1,['paper_class'],['research_level'],['first_research_object'],['second_research_object'],['validity'],['evidence'],False,False,R659055,https://sandbox.orkg.org,-1,orkg,merged_ecsa_icsa.json_jsonpublicationloader_limit-1,merged_ecsa_icsa.json,JsonPublicationLoader,-1,,4000,2,generation_kittoolbox_kit.minimax-m2.7-229b_tmpNone_maxt-1_reasoningNone,generation,kittoolbox_kit.minimax-m2.7-229b_tmpNone_maxt-1_reasoningNone,KitToolbox,kit.minimax-m2.7-229b,,-1,,"['(R872624:First Research Object 2, evaluation, R872625:Evaluation)', '(R872625:Evaluation, properties, R872628:Property)', '(R872628:Property, Name, L1528880:Product Quality)', '(R872802:Evaluation, properties, R872805:Property)', '(R872805:Property, Name, L1529237:Quality of Method)', '(R869125:First Research Object 2, evaluation, R869126:Evaluation)', '(R869126:Evaluation, properties, R869129:Property)', '(R869129:Property, Name, L1521577:Product Quality)']",What are the properties that are most often investigated for the research object Technical Debt?,The property that is investigated most often for the research object Technical Debt is Maintainability.,"['10.1109/ICSA51549.2021.00017', '10.1109/ICSA51549.2021.00017', '10.1007/978-3-030-58923-3_14', '10.1007/978-3-030-58923-3_14', '10.1007/978-3-030-58923-3_14', '10.1007/978-3-319-65831-5_4', '10.1007/978-3-319-65831-5_4']",,"['(R872808:Research Object Entity, Name, L1529238:Technical Debt)', '(R872806:Property, Name, L1529236:Accuracy)', '(R872632:Research Object Entity, Name, L1528881:Technical Debt)', '(R869130:Property, Name, L1521576:Maintainability)', '(R872629:Property, Name, L1528878:Functional Suitability)', '(R869132:Research Object Entity, Name, L1521578:Technical Debt)', '(R872630:Property, Name, L1528879:Maintainability)']",clustering_strategy,R659055,Software Architecture and Design,6,Which is the most used sub-property that is used with the research object [Content Data: research object name]?
103,800d5973d1783ef79636e6d3632d4b8a,c7642d08-74a9-4bff-8f66-19c5caa46f6d,"

The property that is evaluated most often in the publications‑on‑architectural‑assumptions is **Product Quality**.  

- Product Quality is explicitly reported as being evaluated in four of the studies【3,4,5,8】.  
- By contrast, “Quality in Use” is mentioned in three studies【1,2,9】, “Quality of Method” in two【6,7】, and “Tool Support” (addressed both for its availability and its usage) in one study but examined twice【10】.  

Thus, across the set of publications that investigate architectural assumptions, **Product Quality** is the property that appears most frequently in the evaluations.

",[],0.25,0.062,0.25,0.2,1.0,1.0,0.2,0.25,0.22,0.24,0.25,0.25,0.25,0.25,0.07,0.25,0.11,0.16,0.1,0.25,0.14,0.19,0.2,0.25,0.069,0.095,0.03,0.22,0.13,0.75,0.09,0.05,0.33,0.18,0.11,0.62,1.0,267.94318437576294,0.0,44835,0,0.0,,0,0.0,,,0.0,0.0,,0.0,0.0,https://wandb.ai/kastel-sdq-meta-research/experiment_baseline/r/call/01a05fa9-ad18-79ac-ab77-d4953ff23944,retrieval_config,False,KitToolbox,kit.qwen3-embedding-8b,10,10,True,cosine,True,False,10,-1,8,False,False,1,False,-1,-1,False,,['R659055'],['Paper'],False,False,False,kg_retrieval,hublink,kittoolbox_kit.minimax-m2.7-229b_tmpNone_maxt-1_reasoningNone,KitToolbox,kit.minimax-m2.7-229b,,-1,,kittoolbox_kit.minimax-m2.7-229b_tmpNone_maxt-1_reasoningNone,KitToolbox,kit.minimax-m2.7-229b,,-1,,orkg_merged_ecsa_icsa.json_jsonpublicationloader_limit-1,['paper_class'],['research_level'],['first_research_object'],['second_research_object'],['validity'],['evidence'],False,False,R659055,https://sandbox.orkg.org,-1,orkg,merged_ecsa_icsa.json_jsonpublicationloader_limit-1,merged_ecsa_icsa.json,JsonPublicationLoader,-1,,4000,2,generation_kittoolbox_kit.minimax-m2.7-229b_tmpNone_maxt-1_reasoningNone,generation,kittoolbox_kit.minimax-m2.7-229b_tmpNone_maxt-1_reasoningNone,KitToolbox,kit.minimax-m2.7-229b,,-1,,"['(R873641:Research Object Entity, Name, L1530909:Architectural Assumptions)', '(R873407:Research Object Entity, Name, L1530444:Architectural Assumptions)', '(R873814:A Survey on Big Data Analytics Solutions Deployment, contribution, R873836:First Research Object 2)', '(R873844:Research Object Entity, Name, L1531345:Architecture Design Method)', '(R868315:Evidence 2, Provides Replication Package, L1519818:False)', '(R868315:Evidence 2, Uses Tool Support, R868317:Tool Support)', '(R868317:Tool Support, available, L1519822:True)', '(R868317:Tool Support, used, L1519823:False)', '(R869205:First Research Object 2, evaluation, R869206:Evaluation)', '(R873836:First Research Object 2, evaluation, R873837:Evaluation)', '(R868234:Evaluation, properties, R868237:Property)', '(R868237:Property, Name, L1519648:Quality of Method)', '(R873401:Evaluation, properties, R873404:Property)', '(R873404:Property, Name, L1530443:Product Quality)', '(R869889:Evaluation, properties, R869892:Property)', '(R869892:Property, Name, L1523206:Product Quality)', '(R868677:Evaluation, properties, R868684:Property)', '(R868684:Property, Name, L1520619:Quality in Use)', '(R873837:Evaluation, properties, R873840:Property)', '(R873840:Property, Name, L1531344:Quality in Use)', '(R870543:Evaluation, properties, R870546:Property)', '(R870546:Property, Name, L1524581:Quality of Method)', '(R869206:Evaluation, properties, R869211:Property)', '(R869211:Property, Name, L1521749:Quality in Use)', '(R870584:Evaluation, properties, R870589:Property)', '(R870589:Property, Name, L1524673:Product Quality)', '(R873627:First Research Object 2, evaluation, R873628:Evaluation)', '(R873628:Evaluation, properties, R873634:Property)', '(R873634:Property, Name, L1530904:Product Quality)']","Among publications that investigate architectural assumptions, what properties have been evaluated the most often?",The most commonly used property that is evaluated for the research object Architectural Assumptions is Satisfaction.,"['10.1109/ICSA.2018.00026', '10.1109/ICSA.2018.00026', '10.1109/ICSA.2019.00024', '10.1109/ICSA.2019.00024', '10.1109/ICSA.2019.00024', '10.1109/ICSA.2019.00024', '10.1007/978-3-319-65831-5_14', '10.1007/978-3-319-65831-5_14']",,"['(R873407:Research Object Entity, Name, L1530444:Architectural Assumptions)', '(R873405:Property, Name, L1530442:Performance efficiency)', '(R873641:Research Object Entity, Name, L1530909:Architectural Assumptions)', '(R873633:Property, Name, L1530901:Satisfaction)', '(R873632:Property, Name, L1530900:Effectiveness)', '(R873635:Property, Name, L1530903:Functional Suitability)', '(R868687:Research Object Entity, Name, L1520620:Architectural Assumptions)', '(R868685:Property, Name, L1520618:Satisfaction)']",clustering_strategy,R659055,Software Architecture and Design,6,Which is the most used sub-property that is used with the research object [Content Data: research object name]?
104,800d5973d1783ef79636e6d3632d4b8a,fca46ea1-13e0-4d34-a94e-7631105830bb,"

The 2021 publications that address the research object **Architecture Evolution** are described in the source material as follows:

* The paper *Enabling Consistency between Software Artefacts for Software Adaption and Evolution* (2021) reports an **evaluation** whose property is set to **“Quality of Method”** – this property occurs twice in the excerpts [1].  
* The paper *Continuous API Evolution in Heterogenous Enterprise Software Systems* (2021) also investigates Architecture Evolution but records an evaluation whose property is **“Quality in Use”** [4]; it does not specify the particular type of evaluation method (e.g., case study, experiment, survey).  
* Another 2021 contribution (*Semi‑automatic Feedback for Improving Architecture Conformance to Microservice Patterns and Practices*) references an evaluation but again does not disclose the specific evaluation method [3].

Because only one evaluation **property** (“Quality of Method”) is identified for the 2021 Architecture‑Evolution papers, and it appears more frequently than the single “Quality in Use” property, **“Quality of Method”** is the evaluation‑related attribute that has been applied most often in the 2021 literature on this research object.

However, it should be noted that the source texts do **not** explicitly name the underlying evaluation method (such as case study, experiment, or survey). Thus, while “Quality of Method” is the most common *evaluation property* mentioned, the concrete methodological approach used in the papers remains unspecified in the provided information.

[1] Source: Enabling Consistency between Software Artefacts for Software Adaption and Evolution, 10.1109/ICSA51549.2021.00009
[3] Source: Semi-automatic Feedback for Improving Architecture Conformance to Microservice Patterns and Practices, 10.1109/ICSA51549.2021.00012
[4] Source: Continuous API Evolution in Heterogenous Enterprise Software Systems, 10.1109/ICSA51549.2021.00014
",['2021'],0.571,0.286,0.414,0.6,1.0,1.0,0.4,0.57,0.47,0.53,0.67,0.57,0.62,0.59,0.17,0.57,0.26,0.38,0.31,0.57,0.4,0.49,0.4,0.667,0.167,0.308,0.02,0.2,0.11,0.92,0.1,0.05,0.48,0.11,0.06,0.54,0.0,435.20684814453125,0.0,5966,0,0.0,,0,0.0,,,0.0,0.0,,0.0,0.0,https://wandb.ai/kastel-sdq-meta-research/experiment_baseline/r/call/01a05faa-69d2-7e72-94cc-ae1bd3fb8af1,retrieval_config,False,KitToolbox,kit.qwen3-embedding-8b,10,10,True,cosine,True,False,10,-1,8,False,False,1,False,-1,-1,False,,['R659055'],['Paper'],False,False,False,kg_retrieval,hublink,kittoolbox_kit.minimax-m2.7-229b_tmpNone_maxt-1_reasoningNone,KitToolbox,kit.minimax-m2.7-229b,,-1,,kittoolbox_kit.minimax-m2.7-229b_tmpNone_maxt-1_reasoningNone,KitToolbox,kit.minimax-m2.7-229b,,-1,,orkg_merged_ecsa_icsa.json_jsonpublicationloader_limit-1,['paper_class'],['research_level'],['first_research_object'],['second_research_object'],['validity'],['evidence'],False,False,R659055,https://sandbox.orkg.org,-1,orkg,merged_ecsa_icsa.json_jsonpublicationloader_limit-1,merged_ecsa_icsa.json,JsonPublicationLoader,-1,,4000,2,generation_kittoolbox_kit.minimax-m2.7-229b_tmpNone_maxt-1_reasoningNone,generation,kittoolbox_kit.minimax-m2.7-229b_tmpNone_maxt-1_reasoningNone,KitToolbox,kit.minimax-m2.7-229b,,-1,,"['(R868698:Enabling Consistency between Software Artefacts for Software Adaption and Evolution, publication year, L1520654:2021)', '(R874338:Continuous API Evolution in Heterogenous Enterprise Software Systems, publication year, L1532404:2021)', '(R868698:Enabling Consistency between Software Artefacts for Software Adaption and Evolution, contribution, R868723:First Research Object 2)', '(R868723:First Research Object 2, Object, R868733:Research Object List)', '(R868733:Research Object List, Entity, R868734:Research Object Entity)', '(R868734:Research Object Entity, Name, L1520720:Architecture Evolution)', '(R874338:Continuous API Evolution in Heterogenous Enterprise Software Systems, contribution, R874367:First Research Object 2)', '(R874367:First Research Object 2, Object, R874381:Research Object List)', '(R874381:Research Object List, Entity, R874382:Research Object Entity)', '(R874382:Research Object Entity, Name, L1532476:Architecture Evolution)', '(R868723:First Research Object 2, evaluation, R868724:Evaluation)', '(R868724:Evaluation, properties, R868727:Property)', '(R868727:Property, Name, L1520715:Quality of Method)', '(R874367:First Research Object 2, evaluation, R874374:Evaluation)', '(R874374:Evaluation, Has Guideline, L1532471:False)', '(R868724:Evaluation, properties, R868731:Property)', '(R868731:Property, Name, L1520719:Product Quality)', '(R874374:Evaluation, properties, R874379:Property)', '(R874379:Property, Name, L1532475:Quality in Use)', '(R874338:Continuous API Evolution in Heterogenous Enterprise Software Systems, contribution, R874383:Evidence 2)', '(R874383:Evidence 2, Uses Tool Support, R874385:Tool Support)', '(R874385:Tool Support, used, L1532482:True)', '(R874338:Continuous API Evolution in Heterogenous Enterprise Software Systems, contribution, R874386:Validity 2)', '(R874386:Validity 2, Referenced Threats to Validity Guideline, L1532489:False)']","In the publication year 2021, what is the evaluation method that has been applied the most in papers that investigate the research object Architecture Evolution?",The evaluation method that has been applied the most in papers that investigate the research object Architecture Evolution in the publication year 2021 is Technical Experiment.,"['10.1109/ICSA51549.2021.00014', '10.1109/ICSA51549.2021.00014', '10.1109/ICSA51549.2021.00014', '10.1109/ICSA51549.2021.00014', '10.1109/ICSA51549.2021.00009', '10.1109/ICSA51549.2021.00009', '10.1109/ICSA51549.2021.00009']",,"['(R874382:Research Object Entity, Name, L1532476:Architecture Evolution)', '(R874338:Continuous API Evolution in Heterogenous Enterprise Software Systems, publication year, L1532404:2021)', '(R874370:Evaluation Method Entity, Name, L1532465:Questionnaire)', '(R874376:Evaluation Method Entity, Name, L1532470:Technical Experiment)', '(R868734:Research Object Entity, Name, L1520720:Architecture Evolution)', '(R868698:Enabling Consistency between Software Artefacts for Software Adaption and Evolution, publication year, L1520654:2021)', '(R868726:Evaluation Method Entity, Name, L1520712:Technical Experiment)']",clustering_strategy,R659055,Software Architecture and Design,6,"In the year [Metadata: year], what is the name of the most used evaluation method that is applied in papers that investigate the research object with the name [Content Data: research object name]?"
105,800d5973d1783ef79636e6d3632d4b8a,25e23886-0754-4387-8b4e-2a56a5d5f19a,"

Technical Debt is identified as the research object in one study – the paper titled **“Architectural Decay as Predictor of Issue‑ and Change‑Proneness.”** This single investigation constitutes the only occurrence of Technical Debt mentioned in the provided material. However, because the publication year of that paper is not supplied, it is not possible to determine how often Technical Debt is investigated per publication year based on the information given【1】.

",[],0.167,0.25,0.042,0.242,0.25,1.0,0.25,0.17,0.2,0.18,0.6,0.25,0.35,0.28,0.25,0.17,0.2,0.18,0.6,0.25,0.35,0.28,0.25,0.6,0.25,0.6,0.1,0.36,0.26,0.6,0.16,0.12,0.28,0.2,0.14,0.33,0.0,285.1697692871094,0.0,50838,0,0.0,,0,0.0,,,0.0,0.0,,0.0,0.0,https://wandb.ai/kastel-sdq-meta-research/experiment_baseline/r/call/01a05fab-5d02-77b8-8e16-e82faf8ff700,retrieval_config,False,KitToolbox,kit.qwen3-embedding-8b,10,10,True,cosine,True,False,10,-1,8,False,False,1,False,-1,-1,False,,['R659055'],['Paper'],False,False,False,kg_retrieval,hublink,kittoolbox_kit.minimax-m2.7-229b_tmpNone_maxt-1_reasoningNone,KitToolbox,kit.minimax-m2.7-229b,,-1,,kittoolbox_kit.minimax-m2.7-229b_tmpNone_maxt-1_reasoningNone,KitToolbox,kit.minimax-m2.7-229b,,-1,,orkg_merged_ecsa_icsa.json_jsonpublicationloader_limit-1,['paper_class'],['research_level'],['first_research_object'],['second_research_object'],['validity'],['evidence'],False,False,R659055,https://sandbox.orkg.org,-1,orkg,merged_ecsa_icsa.json_jsonpublicationloader_limit-1,merged_ecsa_icsa.json,JsonPublicationLoader,-1,,4000,2,generation_kittoolbox_kit.minimax-m2.7-229b_tmpNone_maxt-1_reasoningNone,generation,kittoolbox_kit.minimax-m2.7-229b_tmpNone_maxt-1_reasoningNone,KitToolbox,kit.minimax-m2.7-229b,,-1,,"['(R872780:Architectural Decay as Predictor of Issue- and Change-Proneness, contribution, R872801:First Research Object 2)', '(R872801:First Research Object 2, Object, R872807:Research Object List)', '(R872807:Research Object List, Entity, R872808:Research Object Entity)', '(R872808:Research Object Entity, Name, L1529238:Technical Debt)']",How frequently is the research object Technical Debt investigated per publication year?,"The frequency with which the research object Technical Debt is investigated per publication year is as follows: it was investigated once in 2017, once in 2020, and once in 2021.","['10.1007/978-3-030-58923-3_14', '10.1007/978-3-030-58923-3_14', '10.1007/978-3-319-65831-5_4', '10.1007/978-3-319-65831-5_4', '10.1109/ICSA51549.2021.00017', '10.1109/ICSA51549.2021.00017']",,"['(R872808:Research Object Entity, Name, L1529238:Technical Debt)', '(R872607:Architectural Technical Debt: A Grounded Theory, publication year, L1528844:2020)', '(R869132:Research Object Entity, Name, L1521578:Technical Debt)', '(R869104:The Evolution of Technical Debt in the Apache Ecosystem, publication year, L1521523:2017)', '(R872632:Research Object Entity, Name, L1528881:Technical Debt)', '(R872780:Architectural Decay as Predictor of Issue- and Change-Proneness, publication year, L1529184:2021)']",clustering_strategy,R659055,Software Architecture and Design,5,How frequently per year is the research object with the name [Content Data: research object name] investigated?
106,800d5973d1783ef79636e6d3632d4b8a,ea8f3778-bb1a-4a82-9a13-1ba205970f97,"

The sources each locate **one** publication that investigates architectural assumptions, but they do not provide any publication‑year information for those works. Consequently, the available texts do not allow a breakdown of how publications on architectural assumptions are distributed across years — only the existence of a relevant paper can be confirmed, without year data [1][2].

[1] Source: Improving the Consistency and Usefulness of Architecture Descriptions: Guidelines for Architects, 10.1109/ICSA.2019.00024
[2] Source: Using Informal Knowledge for Improving Software Quality Trade-Off Decisions, 10.1007/978-3-030-00761-4_18
",[],0.0,0.0,0.0,0.0,0.0,0.0,0.0,0.0,0.0,0.0,0.0,0.0,0.0,0.0,0.0,0.0,0.0,0.0,0.0,0.0,0.0,0.0,0.0,0.0,0.0,0.0,0.01,0.35,0.29,0.44,0.04,0.04,0.06,0.26,0.21,0.33,0.0,300.6612334251404,0.0,48912,0,0.0,,0,0.0,,,0.0,0.0,,0.0,0.0,https://wandb.ai/kastel-sdq-meta-research/experiment_baseline/r/call/01a05fac-43bb-72bd-8309-92162d90770d,retrieval_config,False,KitToolbox,kit.qwen3-embedding-8b,10,10,True,cosine,True,False,10,-1,8,False,False,1,False,-1,-1,False,,['R659055'],['Paper'],False,False,False,kg_retrieval,hublink,kittoolbox_kit.minimax-m2.7-229b_tmpNone_maxt-1_reasoningNone,KitToolbox,kit.minimax-m2.7-229b,,-1,,kittoolbox_kit.minimax-m2.7-229b_tmpNone_maxt-1_reasoningNone,KitToolbox,kit.minimax-m2.7-229b,,-1,,orkg_merged_ecsa_icsa.json_jsonpublicationloader_limit-1,['paper_class'],['research_level'],['first_research_object'],['second_research_object'],['validity'],['evidence'],False,False,R659055,https://sandbox.orkg.org,-1,orkg,merged_ecsa_icsa.json_jsonpublicationloader_limit-1,merged_ecsa_icsa.json,JsonPublicationLoader,-1,,4000,2,generation_kittoolbox_kit.minimax-m2.7-229b_tmpNone_maxt-1_reasoningNone,generation,kittoolbox_kit.minimax-m2.7-229b_tmpNone_maxt-1_reasoningNone,KitToolbox,kit.minimax-m2.7-229b,,-1,,"['(R873482:Research Object Entity, Name, L1530596:Architecture Evolution)']","Among publications that investigate architectural assumptions, how are they distributed per year?","The research object Architectural Assumptions was investigated in three publications across the years: 2017, 2018, and 2019. The distribution of the research object Architectural Assumptions applied per year is one per year over the three years.","['10.1109/ICSA.2019.00024', '10.1109/ICSA.2019.00024', '10.1109/ICSA.2018.00026', '10.1109/ICSA.2018.00026', '10.1007/978-3-319-65831-5_14', '10.1007/978-3-319-65831-5_14']",,"['(R873641:Research Object Entity, Name, L1530909:Architectural Assumptions)', '(R873599:Improving the Consistency and Usefulness of Architecture Descriptions: Guidelines for Architects, publication year, L1530833:2019)', '(R873407:Research Object Entity, Name, L1530444:Architectural Assumptions)', '(R873379:Predicting the Performance of Privacy-Preserving Data Analytics Using Architecture Modelling and Simulation, publication year, L1530392:2018)', '(R868687:Research Object Entity, Name, L1520620:Architectural Assumptions)', '(R868651:Architectural Assumptions and Their Management in Industry – An Exploratory Study, publication year, L1520562:2017)']",clustering_strategy,R659055,Software Architecture and Design,5,What is the proportion of the research object [Content Data: research object name] that is applied per year?
107,800d5973d1783ef79636e6d3632d4b8a,66f35b8f-b2a8-4455-8a84-b10360f7de30,No context has been found for the given question.,[],0.0,0.0,0.0,0.0,0.0,0.0,0.0,0.0,0.0,0.0,0.0,0.0,0.0,0.0,0.0,0.0,0.0,0.0,0.0,0.0,0.0,0.0,0.0,0.0,0.0,0.0,0.02,0.08,0.11,0.06,0.0,0.0,0.0,0.08,0.11,0.06,0.0,190.40059685707092,0.00011519999999999998,6759,0,0.0,,0,0.0,,,0.0,0.0,,0.0,0.0,https://wandb.ai/kastel-sdq-meta-research/experiment_baseline/r/call/01a05fae-01aa-7abd-9cd9-5fca85f520c4,retrieval_config,False,KitToolbox,kit.qwen3-embedding-8b,10,10,True,cosine,True,False,10,-1,8,False,False,1,False,-1,-1,False,,['R659055'],['Paper'],False,False,False,kg_retrieval,hublink,kittoolbox_kit.minimax-m2.7-229b_tmpNone_maxt-1_reasoningNone,KitToolbox,kit.minimax-m2.7-229b,,-1,,kittoolbox_kit.minimax-m2.7-229b_tmpNone_maxt-1_reasoningNone,KitToolbox,kit.minimax-m2.7-229b,,-1,,orkg_merged_ecsa_icsa.json_jsonpublicationloader_limit-1,['paper_class'],['research_level'],['first_research_object'],['second_research_object'],['validity'],['evidence'],False,False,R659055,https://sandbox.orkg.org,-1,orkg,merged_ecsa_icsa.json_jsonpublicationloader_limit-1,merged_ecsa_icsa.json,JsonPublicationLoader,-1,,4000,2,generation_kittoolbox_kit.minimax-m2.7-229b_tmpNone_maxt-1_reasoningNone,generation,kittoolbox_kit.minimax-m2.7-229b_tmpNone_maxt-1_reasoningNone,KitToolbox,kit.minimax-m2.7-229b,,-1,,,How often is the evaluation method Benchmark applied per publication year?,"The evaluation method Benchmark was used twice in 2020, once in 2017, and once in 2019.","['10.1007/978-3-030-58923-3_2', '10.1007/978-3-030-58923-3_2', '10.1109/ICSA47634.2020.00009', '10.1109/ICSA47634.2020.00009', '10.1109/ICSA.2017.27', '10.1109/ICSA.2017.27', '10.1007/978-3-030-29983-5_5', '10.1007/978-3-030-29983-5_5']",,"['(R871169:Evaluation Method Entity, Name, L1525874:Benchmark)', '(R871143:Formal Software Architectural Migration Towards Emerging Architectural Styles, publication year, L1525821:2020)', '(R874284:Evaluation Method Entity, Name, L1532280:Benchmark)', '(R874260:Employment of Optimal Approximations on Apache Hadoop Checkpoint Technique for Performance Improvements, publication year, L1532232:2020)', '(R871616:Evaluation Method Entity, Name, L1526778:Benchmark)', '(R871582:Experiments in Curation: Towards Machine-Assisted Construction of Software Architecture Knowledge Bases, publication year, L1526719:2017)', '(R874546:Evaluation Method Entity, Name, L1532835:Benchmark)', '(R874518:Evaluating the Effectiveness of Multi-level Greedy Modularity Clustering for Software Architecture Recovery, publication year, L1532779:2019)']",clustering_strategy,R659055,Software Architecture and Design,6,What is the proportion of the evaluation method [Content Data: evaluation method name] that is applied per year?
108,800d5973d1783ef79636e6d3632d4b8a,f86e6a44-1e26-457c-8c53-2be336c61e7f,No context has been found for the given question.,[],0.0,0.0,0.0,0.0,0.0,0.0,0.0,0.0,0.0,0.0,0.0,0.0,0.0,0.0,0.0,0.0,0.0,0.0,0.0,0.0,0.0,0.0,0.0,0.0,0.0,0.0,0.01,0.13,0.22,0.09,0.0,0.0,0.0,0.06,0.11,0.05,0.0,111.21860957145691,0.0,10641,0,0.0,,0,0.0,,,0.0,0.0,,0.0,0.0,https://wandb.ai/kastel-sdq-meta-research/experiment_baseline/r/call/01a05faf-ea97-7461-bd8e-fd926cc86355,retrieval_config,False,KitToolbox,kit.qwen3-embedding-8b,10,10,True,cosine,True,False,10,-1,8,False,False,1,False,-1,-1,False,,['R659055'],['Paper'],False,False,False,kg_retrieval,hublink,kittoolbox_kit.minimax-m2.7-229b_tmpNone_maxt-1_reasoningNone,KitToolbox,kit.minimax-m2.7-229b,,-1,,kittoolbox_kit.minimax-m2.7-229b_tmpNone_maxt-1_reasoningNone,KitToolbox,kit.minimax-m2.7-229b,,-1,,orkg_merged_ecsa_icsa.json_jsonpublicationloader_limit-1,['paper_class'],['research_level'],['first_research_object'],['second_research_object'],['validity'],['evidence'],False,False,R659055,https://sandbox.orkg.org,-1,orkg,merged_ecsa_icsa.json_jsonpublicationloader_limit-1,merged_ecsa_icsa.json,JsonPublicationLoader,-1,,4000,2,generation_kittoolbox_kit.minimax-m2.7-229b_tmpNone_maxt-1_reasoningNone,generation,kittoolbox_kit.minimax-m2.7-229b_tmpNone_maxt-1_reasoningNone,KitToolbox,kit.minimax-m2.7-229b,,-1,,,How often per year are field experiments used for evaluation?,"The frequency per year that field experiments are used for evaluation is once in 2019, once in 2018, and once in 2017.","['10.1007/978-3-030-29983-5_18', '10.1007/978-3-030-29983-5_18', '10.1007/978-3-319-65831-5_11', '10.1007/978-3-319-65831-5_11', '10.1109/ICSA.2018.00017', '10.1109/ICSA.2018.00017']",,"['(R869510:Evaluation Method Entity, Name, L1522395:Field Experiment)', '(R869486:ACE: Easy Deployment of Field Optimization Experiments, publication year, L1522347:2019)', '(R869418:Evaluation Method Entity, Name, L1522201:Field Experiment)', '(R869392:Decision Models for Microservices: Design Areas, Stakeholders, Use Cases, and Requirements, publication year, L1522148:2017)', '(R871557:Evaluation Method Entity, Name, L1526667:Field Experiment)', '(R871523:An Architecture for Decentralized, Collaborative, and Autonomous Robots, publication year, L1526604:2018)']",clustering_strategy,R659055,Software Architecture and Design,6,What is the proportion of the evaluation method [Content Data: evaluation method name] that is applied per year?
109,800d5973d1783ef79636e6d3632d4b8a,997f2c00-4d34-4801-81f6-aa3b52186e51,"

The paper **“Enabling Continuous Software Engineering for Embedded Systems Architectures with Virtual Prototypes”** evaluates the **Architecture Design Method** research object in terms of **Product Quality** [1][2][5][6][8].

[1] Source: QoS-Based Formation of Software Architectures in the Internet of Things, 10.1007/978-3-030-29983-5_12
[2] Source: A Goal-Driven Approach for Deploying Self-Adaptive IoT Systems, 10.1109/ICSA47634.2020.00022
[5] Source: Enabling Continuous Software Engineering for Embedded Systems Architectures with Virtual Prototypes, 10.1007/978-3-030-00761-4_8
[6] Source: Synthesis and Quantitative Verification of Tradeoff Spaces for Families of Software Systems, 10.1007/978-3-319-65831-5_1
[8] Source: Aligning Architecture with Business Goals in the Automotive Domain, 10.1109/ICSA51549.2021.00020
",['Enabling Continuous Software Engineering for Embedded Systems Architectures with Virtual Prototypes'],0.0,0.0,0.0,0.0,0.0,0.0,0.0,0.0,0.0,0.0,0.0,0.0,0.0,0.0,0.0,0.0,0.0,0.0,0.0,0.0,0.0,0.0,0.0,0.0,0.0,0.0,0.19,0.7,0.67,0.74,0.55,0.52,0.58,0.46,0.43,0.48,1.0,315.7609806060791,0.0,134165,0,0.0,,0,0.0,,,0.0,0.0,,0.0,0.0,https://wandb.ai/kastel-sdq-meta-research/experiment_baseline/r/call/01a05fb1-0d2f-7c3c-818c-9a436b45aa58,retrieval_config,False,KitToolbox,kit.qwen3-embedding-8b,10,10,True,cosine,True,False,10,-1,8,False,False,1,False,-1,-1,False,,['R659055'],['Paper'],False,False,False,kg_retrieval,hublink,kittoolbox_kit.minimax-m2.7-229b_tmpNone_maxt-1_reasoningNone,KitToolbox,kit.minimax-m2.7-229b,,-1,,kittoolbox_kit.minimax-m2.7-229b_tmpNone_maxt-1_reasoningNone,KitToolbox,kit.minimax-m2.7-229b,,-1,,orkg_merged_ecsa_icsa.json_jsonpublicationloader_limit-1,['paper_class'],['research_level'],['first_research_object'],['second_research_object'],['validity'],['evidence'],False,False,R659055,https://sandbox.orkg.org,-1,orkg,merged_ecsa_icsa.json_jsonpublicationloader_limit-1,merged_ecsa_icsa.json,JsonPublicationLoader,-1,,4000,2,generation_kittoolbox_kit.minimax-m2.7-229b_tmpNone_maxt-1_reasoningNone,generation,kittoolbox_kit.minimax-m2.7-229b_tmpNone_maxt-1_reasoningNone,KitToolbox,kit.minimax-m2.7-229b,,-1,,"['(R869547:First Research Object 2, evaluation, R869548:Evaluation)', '(R869548:Evaluation, properties, R869551:Property)', '(R869551:Property, Name, L1522484:Product Quality)', '(R873249:First Research Object 2, evaluation, R873250:Evaluation)', '(R873250:Evaluation, properties, R873253:Property)', '(R873253:Property, Name, L1530121:Product Quality)', '(R870603:Enabling Continuous Software Engineering for Embedded Systems Architectures with Virtual Prototypes, contribution, R2156194:First Research Object 2)', '(R2156194:First Research Object 2, evaluation, R2156206:Evaluation)', '(R2156206:Evaluation, properties, R2156217:Property)', '(R2156217:Property, Name, L2809588:Product Quality)', '(R868385:First Research Object 2, evaluation, R868386:Evaluation)', '(R868386:Evaluation, properties, R868389:Property)', '(R868389:Property, Name, L1519990:Product Quality)', '(R874464:First Research Object 2, evaluation, R874465:Evaluation)', '(R874465:Evaluation, properties, R874468:Property)', '(R874468:Property, Name, L1532670:Product Quality)', '(R2156194:First Research Object 2, Object, R2156201:Research Object List)', '(R2156201:Research Object List, Entity, R2156203:Research Object Entity)', '(R2156203:Research Object Entity, Name, L2809570:Architecture Design Method)', '(R869547:First Research Object 2, Object, R869554:Research Object List)', '(R869554:Research Object List, Entity, R869555:Research Object Entity)', '(R869555:Research Object Entity, Name, L1522485:Architecture Design Method)', '(R868385:First Research Object 2, Object, R868391:Research Object List)', '(R868391:Research Object List, Entity, R868392:Research Object Entity)', '(R868392:Research Object Entity, Name, L1519991:Architecture Design Method)', '(R874464:First Research Object 2, Object, R874471:Research Object List)', '(R874471:Research Object List, Entity, R874472:Research Object Entity)', '(R874472:Research Object Entity, Name, L1532671:Architecture Design Method)', '(R873249:First Research Object 2, Object, R873255:Research Object List)', '(R873255:Research Object List, Entity, R873256:Research Object Entity)', '(R873256:Research Object Entity, Name, L1530122:Architecture Design Method)']",What is the property that is evaluated for the research object Architecture Design Method in the paper with the title 'Enabling Continuous Software Engineering for Embedded Systems Architectures with Virtual Prototypes'?,The property investigated on the research object Architecture Design Method in the paper 'Enabling Continuous Software Engineering for Embedded Systems Architectures with Virtual Prototypes' is Functional Suitability.,['10.1007/978-3-030-00761-4_8'],,"['(R870624:Property, Name, L1524745:Functional Suitability)']",publication_subgraph_strategy,R659055,Software Architecture and Design,6,What is the name of the sub-property that is evaluated for the research object with the name [Content Data: research object name] in the paper with the title '[Metadata: paper title]'?
110,800d5973d1783ef79636e6d3632d4b8a,0747eb71-bded-4b8d-8e36-ad0417e51a7a,"

The architecture‑decision‑making investigation was evaluated with respect to the property **“Quality in Use”** [2][4][8][9].  Additional sources note that other properties were also considered – e.g., **Functional Suitability** [1], **Quality of Method** [3][6] and **Architecture Decision Making** as the core property [5] – but the dominant property assessed in the study is “Quality in Use.”

[1] Source: Empirical Insights into the Evolving Role of Architects in Decision-Making in an Agile Context, 10.1007/978-3-030-00761-4_17
[2] Source: How Software Architects Focus Their Attention, 10.1007/978-3-030-86044-8_21
[3] Source: Continuous Architecture: Towards the Goldilocks Zone and Away from Vicious Circles, 10.1109/ICSA.2019.00022
[4] Source: System- and Software-level Architecting Harmonization Practices for Systems-of-Systems : An exploratory case study on a long-running large-scale scientific instrument, 10.1109/ICSA51549.2021.00010
[5] Source: Architectural Design Decisions for Systems Supporting Model-Based Analysis of Runtime Events: A Qualitative Multi-method Study, 10.1109/ICSA.2018.00021
[6] Source: A Framework for Tunable Anomaly Detection, 10.1109/ICSA.2019.00029
[8] Source: Decision Models for Microservices: Design Areas, Stakeholders, Use Cases, and Requirements, 10.1007/978-3-319-65831-5_11
[9] Source: A Decision Model for Choosing Patterns in Blockchain-Based Applications, 10.1109/ICSA51549.2021.00013
",['Empirical Insights into the Evolving Role of Architects in Decision-Making in an Agile Context'],0.5,0.0,0.1,0.05,0.2,0.2,0.1,0.5,0.17,0.28,0.12,0.5,0.2,0.31,0.05,0.5,0.09,0.17,0.06,0.5,0.11,0.21,0.1,0.125,0.048,0.065,0.03,0.41,0.32,0.58,0.13,0.1,0.19,0.22,0.17,0.3,1.0,334.78710556030273,0.0,3693,0,0.0,,0,0.0,,,0.0,0.0,,0.0,0.0,https://wandb.ai/kastel-sdq-meta-research/experiment_baseline/r/call/01a05fb1-0d2f-736e-9137-6129184f7cd5,retrieval_config,False,KitToolbox,kit.qwen3-embedding-8b,10,10,True,cosine,True,False,10,-1,8,False,False,1,False,-1,-1,False,,['R659055'],['Paper'],False,False,False,kg_retrieval,hublink,kittoolbox_kit.minimax-m2.7-229b_tmpNone_maxt-1_reasoningNone,KitToolbox,kit.minimax-m2.7-229b,,-1,,kittoolbox_kit.minimax-m2.7-229b_tmpNone_maxt-1_reasoningNone,KitToolbox,kit.minimax-m2.7-229b,,-1,,orkg_merged_ecsa_icsa.json_jsonpublicationloader_limit-1,['paper_class'],['research_level'],['first_research_object'],['second_research_object'],['validity'],['evidence'],False,False,R659055,https://sandbox.orkg.org,-1,orkg,merged_ecsa_icsa.json_jsonpublicationloader_limit-1,merged_ecsa_icsa.json,JsonPublicationLoader,-1,,4000,2,generation_kittoolbox_kit.minimax-m2.7-229b_tmpNone_maxt-1_reasoningNone,generation,kittoolbox_kit.minimax-m2.7-229b_tmpNone_maxt-1_reasoningNone,KitToolbox,kit.minimax-m2.7-229b,,-1,,"['(R873105:Research Object Entity, Name, L1529835:Architecture Decision Making)', '(R868279:Research Object Entity, Name, L1519736:Architecture Decision Making)', '(R873322:First Research Object 2, evaluation, R873323:Evaluation)', '(R873323:Evaluation, properties, R873326:Property)', '(R873327:Property, Name, L1530274:Functional Suitability)', '(R868507:Evaluation, properties, R868510:Property)', '(R868510:Property, Name, L1520252:Quality in Use)', '(R873796:First Research Object 2, evaluation, R873797:Evaluation)', '(R873797:Evaluation, properties, R873800:Property)', '(R873800:Property, Name, L1531254:Quality of Method)', '(R868272:First Research Object 2, evaluation, R868273:Evaluation)', '(R868273:Evaluation, properties, R868276:Property)', '(R868276:Property, Name, L1519735:Quality of Method)', '(R869415:First Research Object 2, evaluation, R869416:Evaluation)', '(R874234:First Research Object 2, evaluation, R874241:Evaluation)', '(R874241:Evaluation, properties, R874244:Property)', '(R874244:Property, Name, L1532196:Quality in Use)', '(R869335:Evaluation, properties, R869338:Property)', '(R869338:Property, Name, L1522033:Quality in Use)', '(R869416:Evaluation, properties, R869419:Property)', '(R869419:Property, Name, L1522206:Quality in Use)']",What property is evaluated in the architecture decision making investigation of the paper 'Empirical Insights into the Evolving Role of Architects in Decision-Making in an Agile Context'?,The property that is evaluated on the research object Architecture Decision Making in the publication 'Empirical Insights into the Evolving Role of Architects in Decision-Making in an Agile Context' is Functional Suitability.,"['10.1007/978-3-030-00761-4_17', '10.1007/978-3-030-00761-4_17']",,"['(R873327:Property, Name, L1530274:Functional Suitability)', '(R873329:Research Object Entity, Name, L1530276:Architecture Decision Making)']",publication_subgraph_strategy,R873301,Empirical Insights into the Evolving Role of Architects in Decision-Making in an Agile Context,5,What is the evaluation sub-property used on the research object [Content Data: research object name] in the publication '[Metadata: paper title]'?
111,800d5973d1783ef79636e6d3632d4b8a,16af36ed-fb1f-4147-908d-737e9e33aee1,"

The Architecture Analysis Method is evaluated by examining the **“Quality of Method”** property. The available texts indicate that the evaluation does **not** have an associated guideline (i.e., *Evaluation Has Guideline = False*) and that no concrete evaluation technique (such as a case study, experiment, or survey) is explicitly described. This is reflected in the source material, which notes the focus on the “Quality of Method” property and the absence of a specified evaluation guideline [1][4][5][6].

[1] Source: Automatic Extraction of Design Decisions from Issue Management Systems: A Machine Learning Based Approach, 10.1007/978-3-319-65831-5_10
[4] Source: ArCode: Facilitating the Use of Application Frameworks to Implement Tactics and Patterns, 10.1109/ICSA51549.2021.00021
[5] Source: Data Stream Operations as First-Class Entities in Component-Based Performance Models, 10.1007/978-3-030-58923-3_10
[6] Source: Enforcing Architectural Security Decisions, 10.1109/ICSA47634.2020.00012
",['Accurate Analysis of Quality Properties of Software with Observation-Based Markov Chain Refinement'],0.0,0.0,0.0,0.0,0.0,0.0,0.0,0.0,0.0,0.0,0.0,0.0,0.0,0.0,0.0,0.0,0.0,0.0,0.0,0.0,0.0,0.0,0.0,0.0,0.0,0.0,0.02,0.33,0.23,0.56,0.11,0.08,0.19,0.2,0.14,0.34,0.0,324.1719629764557,0.0,3456,0,0.0,,0,0.0,,,0.0,0.0,,0.0,0.0,https://wandb.ai/kastel-sdq-meta-research/experiment_baseline/r/call/01a05fb1-8bc1-7eb1-b479-d560d794a8a1,retrieval_config,False,KitToolbox,kit.qwen3-embedding-8b,10,10,True,cosine,True,False,10,-1,8,False,False,1,False,-1,-1,False,,['R659055'],['Paper'],False,False,False,kg_retrieval,hublink,kittoolbox_kit.minimax-m2.7-229b_tmpNone_maxt-1_reasoningNone,KitToolbox,kit.minimax-m2.7-229b,,-1,,kittoolbox_kit.minimax-m2.7-229b_tmpNone_maxt-1_reasoningNone,KitToolbox,kit.minimax-m2.7-229b,,-1,,orkg_merged_ecsa_icsa.json_jsonpublicationloader_limit-1,['paper_class'],['research_level'],['first_research_object'],['second_research_object'],['validity'],['evidence'],False,False,R659055,https://sandbox.orkg.org,-1,orkg,merged_ecsa_icsa.json_jsonpublicationloader_limit-1,merged_ecsa_icsa.json,JsonPublicationLoader,-1,,4000,2,generation_kittoolbox_kit.minimax-m2.7-229b_tmpNone_maxt-1_reasoningNone,generation,kittoolbox_kit.minimax-m2.7-229b_tmpNone_maxt-1_reasoningNone,KitToolbox,kit.minimax-m2.7-229b,,-1,,"['(R872910:Research Object Entity, Name, L1529444:Architecture Analysis Method)', '(R871472:Research Object Entity, Name, L1526478:Architecture Analysis Method)', '(R870375:Research Object Entity, Name, L1524215:Architecture Analysis Method)', '(R871463:Second Research Object 2, evaluation, R871464:Evaluation)', '(R871464:Evaluation, properties, R871467:Property)', '(R871467:Property, Name, L1526475:Quality of Method)', '(R872901:First Research Object 2, evaluation, R872902:Evaluation)', '(R872902:Evaluation, properties, R872907:Property)', '(R872907:Property, Name, L1529443:Quality of Method)', '(R870368:Second Research Object 2, evaluation, R870369:Evaluation)', '(R870369:Evaluation, properties, R870372:Property)', '(R870372:Property, Name, L1524214:Quality of Method)', '(R868766:First Research Object 2, evaluation, R868767:Evaluation)', '(R868767:Evaluation, properties, R868770:Property)', '(R868770:Property, Name, L1520810:Quality of Method)', '(R868767:Evaluation, Has Guideline, L1520808:False)', '(R871464:Evaluation, Has Guideline, L1526473:False)', '(R870369:Evaluation, Has Guideline, L1524212:False)', '(R872902:Evaluation, Has Guideline, L1529439:False)', '(R871464:Evaluation, properties, R871469:Property)', '(R871469:Property, Name, L1526477:Product Quality)']",What is the evaluation method applied to evaluate the research object Architecture Analysis Method in the paper with the title 'Accurate Analysis of Quality Properties of Software with Observation-Based Markov Chain Refinement'?,The evaluation method applied to evaluate the research object Architecture Analysis Method in the paper 'Accurate Analysis of Quality Properties of Software with Observation-Based Markov Chain Refinement' is a Case Study.,['10.1109/ICSA.2017.14'],,"['(R868236:Evaluation Method Entity, Name, L1519645:Case Study)']",publication_subgraph_strategy,R868212,Accurate Analysis of Quality Properties of Software with Observation-Based Markov Chain Refinement,5,What is the evaluation method used on the research object [Content Data: research object name] in the publication '[Metadata: paper title]'?
112,800d5973d1783ef79636e6d3632d4b8a,a37729e8-51ae-4396-934f-dacfdd428a13,"

The reference architecture is assessed by applying the **Architecture Analysis Method**. This method is used to examine the FLRA’s properties, focusing on aspects such as **Product Quality** and **Quality of Method**, and the evaluation is noted to lack explicit guidelines [1][2].

[1] Source: FLRA: A Reference Architecture for Federated Learning Systems, 10.1007/978-3-030-86044-8_6
[2] Source: Enforcing Architectural Security Decisions, 10.1109/ICSA47634.2020.00012
",['FLRA: A Reference Architecture for Federated Learning Systems'],0.0,0.0,0.0,0.0,0.0,0.0,0.0,0.0,0.0,0.0,0.0,0.0,0.0,0.0,0.0,0.0,0.0,0.0,0.0,0.0,0.0,0.0,0.0,0.0,0.0,0.0,0.02,0.37,0.28,0.55,0.06,0.05,0.1,0.22,0.16,0.32,1.0,293.50595211982727,0.0,1908,0,0.0,,0,0.0,,,0.0,0.0,,0.0,0.0,https://wandb.ai/kastel-sdq-meta-research/experiment_baseline/r/call/01a05fb1-a6da-7242-9ac0-d91f74e2611c,retrieval_config,False,KitToolbox,kit.qwen3-embedding-8b,10,10,True,cosine,True,False,10,-1,8,False,False,1,False,-1,-1,False,,['R659055'],['Paper'],False,False,False,kg_retrieval,hublink,kittoolbox_kit.minimax-m2.7-229b_tmpNone_maxt-1_reasoningNone,KitToolbox,kit.minimax-m2.7-229b,,-1,,kittoolbox_kit.minimax-m2.7-229b_tmpNone_maxt-1_reasoningNone,KitToolbox,kit.minimax-m2.7-229b,,-1,,orkg_merged_ecsa_icsa.json_jsonpublicationloader_limit-1,['paper_class'],['research_level'],['first_research_object'],['second_research_object'],['validity'],['evidence'],False,False,R659055,https://sandbox.orkg.org,-1,orkg,merged_ecsa_icsa.json_jsonpublicationloader_limit-1,merged_ecsa_icsa.json,JsonPublicationLoader,-1,,4000,2,generation_kittoolbox_kit.minimax-m2.7-229b_tmpNone_maxt-1_reasoningNone,generation,kittoolbox_kit.minimax-m2.7-229b_tmpNone_maxt-1_reasoningNone,KitToolbox,kit.minimax-m2.7-229b,,-1,,"['(R870003:First Research Object 2, evaluation, R870004:Evaluation)', '(R870004:Evaluation, Has Guideline, L1523456:False)', '(R870004:Evaluation, properties, R870007:Property)', '(R870007:Property, Name, L1523458:Product Quality)', '(R872910:Research Object Entity, Name, L1529444:Architecture Analysis Method)']",Which method is applied to evaluate the reference architecture in the paper 'FLRA: A Reference Architecture for Federated Learning Systems'?,The method applied to evaluate the reference architecture in the paper 'FLRA: A Reference Architecture for Federated Learning Systems' is Data Science.,['10.1007/978-3-030-86044-8_6'],,"['(R870006:Evaluation Method Entity, Name, L1523455:Data Science)']",publication_subgraph_strategy,R659055,Software Architecture and Design,6,What is the evaluation method used on the research object [Content Data: research object name] in the publication '[Metadata: paper title]'?
113,800d5973d1783ef79636e6d3632d4b8a,6916bcb2-160f-4d54-82c7-7a5c12ca7ad0,"

Based on the provided partial answers, the evaluation methods that Uwe Zdun applied in papers investigating the research object Architecture Decision Making include:

1. **Grounded Theory** - identified as the evaluation method in the paper ""Supporting Architectural Decision Making on Data Management in Microservice Architectures"" [1]

2. **Data-Science** - used as the evaluation method in a study co-authored by Uwe Zdun that investigates Architecture Decision Making [2]

3. **Technical Experiment** - applied as one of the evaluation methods in a paper examining the research object [3]

4. **Benchmark** - used as another evaluation method in the same paper as the Technical Experiment [3]

5. **Focus Group** - utilized for evaluating the research object Architecture Decision Making [4]

6. **Interview** - the evaluation method used in the work ""A Decision Model for Choosing Patterns in Blockchain-Based Applications"" [5]

7. **Evidence 2 (Evidence-based evaluation)** - the primary evaluation approach in the paper ""Guiding Architectural Decision Making on Service Mesh Based Microservice Architectures,"" characterized by unused tool support and new/unused input data [6]

8. **Validity 2 assessment** - a supplementary evaluation component in the same paper, addressing threats to validity such as repeatability considerations [6]

These evaluation methods span qualitative approaches (Grounded Theory, Focus Group, Interview), quantitative and empirical methods (Technical Experiment, Benchmark, Data-Science), and evidence-based evaluation frameworks (Evidence 2, Validity 2 assessment), demonstrating a diverse methodological approach across Uwe Zdun's research on Architecture Decision Making.

[1] Source: Supporting Architectural Decision Making on Data Management in Microservice Architectures, 10.1007/978-3-030-29983-5_2
[2] Source: Architectural Design Decisions for Systems Supporting Model-Based Analysis of Runtime Events: A Qualitative Multi-method Study, 10.1109/ICSA.2018.00021
[3] Source: Experiments in Curation: Towards Machine-Assisted Construction of Software Architecture Knowledge Bases, 10.1109/ICSA.2017.27
[4] Source: Understanding Architecture Decisions in Context, 10.1007/978-3-030-00761-4_19
[5] Source: A Decision Model for Choosing Patterns in Blockchain-Based Applications, 10.1109/ICSA51549.2021.00013
[6] Source: Guiding Architectural Decision Making on Service Mesh Based Microservice Architectures, 10.1007/978-3-030-29983-5_1
",['Uwe Zdun'],0.333,0.083,0.139,0.14,0.5,0.5,0.2,0.33,0.25,0.29,0.29,0.33,0.31,0.32,0.11,0.83,0.2,0.37,0.19,0.83,0.31,0.5,0.2,0.286,0.114,0.192,0.03,0.19,0.1,0.96,0.13,0.07,0.71,0.16,0.09,0.84,1.0,356.3634932041168,0.0,132782,0,0.0,,0,0.0,,,0.0,0.0,,0.0,0.0,https://wandb.ai/kastel-sdq-meta-research/experiment_baseline/r/call/01a05fb6-01c5-7723-ae09-6a4772c7e220,retrieval_config,False,KitToolbox,kit.qwen3-embedding-8b,10,10,True,cosine,True,False,10,-1,8,False,False,1,False,-1,-1,False,,['R659055'],['Paper'],False,False,False,kg_retrieval,hublink,kittoolbox_kit.minimax-m2.7-229b_tmpNone_maxt-1_reasoningNone,KitToolbox,kit.minimax-m2.7-229b,,-1,,kittoolbox_kit.minimax-m2.7-229b_tmpNone_maxt-1_reasoningNone,KitToolbox,kit.minimax-m2.7-229b,,-1,,orkg_merged_ecsa_icsa.json_jsonpublicationloader_limit-1,['paper_class'],['research_level'],['first_research_object'],['second_research_object'],['validity'],['evidence'],False,False,R659055,https://sandbox.orkg.org,-1,orkg,merged_ecsa_icsa.json_jsonpublicationloader_limit-1,merged_ecsa_icsa.json,JsonPublicationLoader,-1,,4000,2,generation_kittoolbox_kit.minimax-m2.7-229b_tmpNone_maxt-1_reasoningNone,generation,kittoolbox_kit.minimax-m2.7-229b_tmpNone_maxt-1_reasoningNone,KitToolbox,kit.minimax-m2.7-229b,,-1,,"['(R873077:Architectural Design Decisions for Systems Supporting Model-Based Analysis of Runtime Events: A Qualitative Multi-method Study, contribution, R873098:First Research Object 2)', '(R873105:Research Object Entity, Name, L1529835:Architecture Decision Making)', '(R873340:Guiding Architectural Decision Making on Service Mesh Based Microservice Architectures, contribution, R873361:First Research Object 2)', '(R873361:First Research Object 2, Object, R873367:Research Object List)', '(R873367:Research Object List, Entity, R873368:Research Object Entity)', '(R873368:Research Object Entity, Name, L1530360:Architecture Decision Making)', '(R869312:A Decision Model for Choosing Patterns in Blockchain-Based Applications, contribution, R869334:First Research Object 2)', '(R869334:First Research Object 2, Object, R869341:Research Object List)', '(R869341:Research Object List, Entity, R869342:Research Object Entity)', '(R869342:Research Object Entity, Name, L1522034:Architecture Decision Making)', '(R872980:Supporting Architectural Decision Making on Data Management in Microservice Architectures, authors, R872981:authors list)', '(R872981:authors list, has list element, L1529591:Uwe Zdun)', '(R873077:Architectural Design Decisions for Systems Supporting Model-Based Analysis of Runtime Events: A Qualitative Multi-method Study, authors, R873078:authors list)', '(R873078:authors list, has list element, L1529783:Uwe Zdun)', '(R873340:Guiding Architectural Decision Making on Service Mesh Based Microservice Architectures, authors, R873341:authors list)', '(R873341:authors list, has list element, L1530307:Uwe Zdun)', '(R868631:First Research Object 2, evaluation, R868632:Evaluation)', '(R868632:Evaluation, Evaluation method, R868633:Evaluation Method List)', '(R868633:Evaluation Method List, Entity, R868634:Evaluation Method Entity)', '(R868634:Evaluation Method Entity, Name, L1520518:Focus Group)', '(R871611:Evaluation Method Entity, Name, L1526774:Technical Experiment)', '(R873340:Guiding Architectural Decision Making on Service Mesh Based Microservice Architectures, contribution, R873369:Evidence 2)', '(R873369:Evidence 2, Uses Tool Support, R873371:Tool Support)', '(R873371:Tool Support, used, L1530366:False)', '(R873369:Evidence 2, Uses Input Data, R873370:Input Data)', '(R873370:Input Data, used, L1530363:False)', '(R873369:Evidence 2, Provides Replication Package, L1530361:False)', '(R872980:Supporting Architectural Decision Making on Data Management in Microservice Architectures, contribution, R873002:First Research Object 2)', '(R873002:First Research Object 2, evaluation, R873003:Evaluation)', '(R873098:First Research Object 2, evaluation, R873099:Evaluation)', '(R873340:Guiding Architectural Decision Making on Service Mesh Based Microservice Architectures, contribution, R873372:Validity 2)', '(R873372:Validity 2, Threats To Validity, R873373:Threat to Validity)', '(R873373:Threat to Validity, repeatability, L1530369:False)', '(R869334:First Research Object 2, evaluation, R869335:Evaluation)', '(R869335:Evaluation, Evaluation method, R869336:Evaluation Method List)', '(R869336:Evaluation Method List, Entity, R869337:Evaluation Method Entity)', '(R869337:Evaluation Method Entity, Name, L1522029:Interview)', '(R873099:Evaluation, Evaluation method, R873100:Evaluation Method List)', '(R873100:Evaluation Method List, Entity, R873101:Evaluation Method Entity)', '(R873101:Evaluation Method Entity, Name, L1529831:Data Science)', '(R873003:Evaluation, Evaluation method, R873004:Evaluation Method List)', '(R873004:Evaluation Method List, Entity, R873005:Evaluation Method Entity)', '(R873005:Evaluation Method Entity, Name, L1529647:Grounded Theory)', '(R871616:Evaluation Method Entity, Name, L1526778:Benchmark)']",What are the evaluation methods that the author Uwe Zdun applied in papers that investigate the research object Architecture Decision Making?,The evaluation methods that the author Uwe Zdun applied in papers that investigate the research object Architecture Decision Making are Data Science and Grounded Theory.,"['10.1109/ICSA.2018.00021', '10.1109/ICSA.2018.00021', '10.1109/ICSA.2018.00021', '10.1007/978-3-030-29983-5_1', '10.1007/978-3-030-29983-5_1', '10.1007/978-3-030-29983-5_1']",,"['(R873078:authors list, has list element, L1529783:Uwe Zdun)', '(R873105:Research Object Entity, Name, L1529835:Architecture Decision Making)', '(R873101:Evaluation Method Entity, Name, L1529831:Data Science)', '(R873341:authors list, has list element, L1530307:Uwe Zdun)', '(R873368:Research Object Entity, Name, L1530360:Architecture Decision Making)', '(R873364:Evaluation Method Entity, Name, L1530356:Grounded Theory)']",clustering_strategy,R659055,Software Architecture and Design,6,What are the names of the evaluation methods that the author Uwe Zdun applied in papers that investigate the research object with the name [Content Data: research object name]?
114,800d5973d1783ef79636e6d3632d4b8a,244e7283-5c10-47ba-baf6-8532b4983390,"

In the papers that list **Duc Le** as an author, the evaluation of accuracy on the investigated objects was performed by **identifying and measuring the “Accuracy” property** (often together with related properties such as “Product Quality” and “Quality of Method”).  This constitutes a **property‑based assessment** rather than a specific experimental or benchmarking technique.  

- In *“An Empirical Study of Architectural Decay in Open‑Source Software”* (authored by Duc Le), the evaluation examined a research object and recorded the property **Product Quality**; the same study also assessed the property **Accuracy** on the investigated objects【2】.  
- In *“Architectural Decay as Predictor of Issue‑ and Change‑Proneness”* (also authored by Duc Le), the evaluation explicitly measured **Accuracy** as a property of the investigated objects【5】.  

Thus, the only evaluation method applied to gauge accuracy in Duc Le’s publications is a **property‑based evaluation** that records “Accuracy” (and occasionally complementary quality‑related properties) without further detail on concrete techniques such as experiments, case studies, or benchmarks.

",['Duc Le'],0.167,0.083,0.056,0.033,0.333,0.333,0.1,0.17,0.12,0.15,0.12,0.17,0.14,0.16,0.09,0.33,0.14,0.21,0.11,0.33,0.17,0.24,0.1,0.125,0.087,0.111,0.03,0.2,0.12,0.73,0.1,0.06,0.36,0.15,0.09,0.54,1.0,485.5867671966553,0.0015599999999999998,14008,0,0.0,,0,0.0,,,0.0,0.0,,0.0,0.0,https://wandb.ai/kastel-sdq-meta-research/experiment_baseline/r/call/01a05fb6-4bce-79ff-8c6f-22b0cf8c1096,retrieval_config,False,KitToolbox,kit.qwen3-embedding-8b,10,10,True,cosine,True,False,10,-1,8,False,False,1,False,-1,-1,False,,['R659055'],['Paper'],False,False,False,kg_retrieval,hublink,kittoolbox_kit.minimax-m2.7-229b_tmpNone_maxt-1_reasoningNone,KitToolbox,kit.minimax-m2.7-229b,,-1,,kittoolbox_kit.minimax-m2.7-229b_tmpNone_maxt-1_reasoningNone,KitToolbox,kit.minimax-m2.7-229b,,-1,,orkg_merged_ecsa_icsa.json_jsonpublicationloader_limit-1,['paper_class'],['research_level'],['first_research_object'],['second_research_object'],['validity'],['evidence'],False,False,R659055,https://sandbox.orkg.org,-1,orkg,merged_ecsa_icsa.json_jsonpublicationloader_limit-1,merged_ecsa_icsa.json,JsonPublicationLoader,-1,,4000,2,generation_kittoolbox_kit.minimax-m2.7-229b_tmpNone_maxt-1_reasoningNone,generation,kittoolbox_kit.minimax-m2.7-229b_tmpNone_maxt-1_reasoningNone,KitToolbox,kit.minimax-m2.7-229b,,-1,,"['(R872801:First Research Object 2, evaluation, R872802:Evaluation)', '(R872802:Evaluation, properties, R872805:Property)', '(R872806:Property, Name, L1529236:Accuracy)', '(R871166:First Research Object 2, evaluation, R871167:Evaluation)', '(R871167:Evaluation, properties, R871170:Property)', '(R871171:Property, Name, L1525876:Accuracy)', '(R873171:Butterfly Space: An Architectural Approach for Investigating Performance Issues, contribution, R873203:First Research Object 2)', '(R873203:First Research Object 2, evaluation, R873204:Evaluation)', '(R873204:Evaluation, properties, R873207:Property)', '(R873208:Property, Name, L1530037:Accuracy)', '(R873919:First Research Object 2, evaluation, R873920:Evaluation)', '(R873920:Evaluation, properties, R873923:Property)', '(R873924:Property, Name, L1531523:Accuracy)', '(R873796:First Research Object 2, evaluation, R873797:Evaluation)', '(R873797:Evaluation, properties, R873800:Property)', '(R873801:Property, Name, L1531253:Accuracy)', '(R872094:First Research Object 2, evaluation, R872095:Evaluation)', '(R872099:Property, Name, L1527778:Accuracy)', '(R873923:Property, Name, L1531524:Quality of Method)', '(R871167:Evaluation, properties, R871172:Property)', '(R870123:First Research Object 2, evaluation, R870124:Evaluation)', '(R870124:Evaluation, properties, R870127:Property)', '(R870127:Property, Name, L1523706:Product Quality)']",What evaluation methods have been applied to evaluate accuracy on the investigated objects in papers published by Duc Le?,The evaluation methods that have been applied to evaluate accuracy on the investigated objects in papers published by Duc Le are Technical Experiment and Data Science.,"['10.1109/ICSA.2018.00019', '10.1109/ICSA.2018.00019', '10.1109/ICSA.2018.00019', '10.1109/ICSA51549.2021.00017', '10.1109/ICSA51549.2021.00017', '10.1109/ICSA51549.2021.00017']",,"['(R872070:authors list, has list element, L1527717:Duc Le)', '(R872099:Property, Name, L1527778:Accuracy)', '(R872097:Evaluation Method Entity, Name, L1527776:Technical Experiment)', '(R872781:authors list, has list element, L1529180:Duc Le)', '(R872806:Property, Name, L1529236:Accuracy)', '(R872804:Evaluation Method Entity, Name, L1529234:Data Science)']",clustering_strategy,R659055,Software Architecture and Design,6,What evaluation methods have been published by the author [Metadata: author name] with the sub-property [Content Data: sub-property name]?
115,800d5973d1783ef79636e6d3632d4b8a,92bfcae2-d819-4a89-9956-d880552e8b1a,"

The texts show that the usability of the investigated objects was treated as a property (named “Usability”) within the evaluation frameworks used in the Lu Xiao papers. Only one concrete evaluation method is explicitly identified: a **Controlled Experiment** was applied to assess the usability of the objects [6]. All other sources note that the “Usability” property was examined, but they do not specify any particular method (e.g., usability testing, surveys, heuristic evaluation) that was used to evaluate it [1][2][3][4][5].

[1] Source: DesignDiff: Continuously Modeling Software Design Difference from Code Revisions, 10.1109/ICSA47634.2020.00025
[2] Source: Mapping Features to Source Code through Product Line Architecture: Traceability and Conformance, 10.1109/ICSA.2017.13
[3] Source: A Comparison of MQTT Brokers for Distributed IoT Edge Computing, 10.1007/978-3-030-58923-3_23
[4] Source: Continuous Integration Impediments in Large-Scale Industry Projects, 10.1109/ICSA.2017.11
[5] Source: Constructing a Shared Infrastructure for Software Architecture Analysis and Maintenance, 10.1109/ICSA51549.2021.00022
[6] Source: On the Understandability of Semantic Constraints for Behavioral Software Architecture Compliance: A Controlled Experiment, 10.1109/ICSA.2017.10
",['Lu Xiao'],0.667,0.417,0.275,0.232,0.5,0.5,0.4,0.67,0.5,0.59,0.53,0.67,0.59,0.63,0.31,0.67,0.42,0.54,0.4,0.67,0.5,0.59,0.4,0.533,0.308,0.4,0.02,0.31,0.2,0.68,0.11,0.07,0.25,0.2,0.13,0.44,0.0,464.4072217941284,0.0005011499999999999,21795,0,0.0,,0,0.0,,,0.0,0.0,,0.0,0.0,https://wandb.ai/kastel-sdq-meta-research/experiment_baseline/r/call/01a05fb6-78e0-7a71-ba9a-d41cb5121c7b,retrieval_config,False,KitToolbox,kit.qwen3-embedding-8b,10,10,True,cosine,True,False,10,-1,8,False,False,1,False,-1,-1,False,,['R659055'],['Paper'],False,False,False,kg_retrieval,hublink,kittoolbox_kit.minimax-m2.7-229b_tmpNone_maxt-1_reasoningNone,KitToolbox,kit.minimax-m2.7-229b,,-1,,kittoolbox_kit.minimax-m2.7-229b_tmpNone_maxt-1_reasoningNone,KitToolbox,kit.minimax-m2.7-229b,,-1,,orkg_merged_ecsa_icsa.json_jsonpublicationloader_limit-1,['paper_class'],['research_level'],['first_research_object'],['second_research_object'],['validity'],['evidence'],False,False,R659055,https://sandbox.orkg.org,-1,orkg,merged_ecsa_icsa.json_jsonpublicationloader_limit-1,merged_ecsa_icsa.json,JsonPublicationLoader,-1,,4000,2,generation_kittoolbox_kit.minimax-m2.7-229b_tmpNone_maxt-1_reasoningNone,generation,kittoolbox_kit.minimax-m2.7-229b_tmpNone_maxt-1_reasoningNone,KitToolbox,kit.minimax-m2.7-229b,,-1,,"['(R871701:First Research Object 2, evaluation, R871702:Evaluation)', '(R871708:Property, Name, L1526978:Usability)', '(R869435:DesignDiff: Continuously Modeling Software Design Difference from Code Revisions, contribution, R869462:First Research Object 2)', '(R869462:First Research Object 2, evaluation, R869463:Evaluation)', '(R869463:Evaluation, properties, R869466:Property)', '(R869467:Property, Name, L1522304:Usability)', '(R869435:DesignDiff: Continuously Modeling Software Design Difference from Code Revisions, authors, R869436:authors list)', '(R869436:authors list, has list element, L1522239:Lu Xiao)', '(R871675:authors list, has list element, L1526905:Lu Xiao)', '(R869462:First Research Object 2, evaluation, R869468:Evaluation)', '(R869468:Evaluation, properties, R869471:Property)', '(R871712:Evaluation, Evaluation method, L1526981:False)', '(R874323:Evaluation Method Entity, Name, L1532368:Controlled Experiment)']",Which methods have been applied to evaluate the usability of objects investigated in papers published by Lu Xiao?,The methods that have been applied to evaluate the usability of objects investigated in papers published by Lu Xiao are Controlled Experiment and Case Study.,"['10.1109/ICSA47634.2020.00025', '10.1109/ICSA47634.2020.00025', '10.1109/ICSA47634.2020.00025', '10.1109/ICSA51549.2021.00022', '10.1109/ICSA51549.2021.00022', '10.1109/ICSA51549.2021.00022']",,"['(R869436:authors list, has list element, L1522239:Lu Xiao)', '(R869467:Property, Name, L1522304:Usability)', '(R869465:Evaluation Method Entity, Name, L1522302:Controlled Experiment)', '(R871675:authors list, has list element, L1526905:Lu Xiao)', '(R871708:Property, Name, L1526978:Usability)', '(R871704:Evaluation Method Entity, Name, L1526974:Case Study)']",clustering_strategy,R659055,Software Architecture and Design,6,What evaluation methods have been published by the author [Metadata: author name] with the sub-property [Content Data: sub-property name]?
116,800d5973d1783ef79636e6d3632d4b8a,bbb345b2-5834-498e-8d3b-7c4bb40cc79e,"

The author **Stephan Seifermann** evaluated the research object **Architecture Analysis Method** with a **Technical Experiment** (the evaluation method recorded in the “Evaluation Method List” for his work) [4].  

In the broader set of studies that examine the same research object, additional evaluation approaches have been reported, but they are not explicitly attributed to Seifermann:

| Evaluation method | Source(s) that mention it (in the context of Architecture Analysis Method) |
|-------------------|-----------------------------------------------------------------------------|
| **Case Study**    | [1] & [2] (listed in the evaluation‑method list for the research object) |
| **Technical Experiment** | [3] & [5] & [8] (also recorded as evaluation methods, but without a direct link to Seifermann) |
| **Controlled Experiment** | [7] (mentioned as an evaluation method, no author attribution) |
| **No formal evaluation (false)** | [6] (indicates that no formal evaluation method was applied; functional suitability was examined) |
| **Motivating Example (as an “Evaluation Method Entity”)** | [9] (the evaluation process is illustrated by a motivating example) |

The evaluations of the Architecture Analysis Method also addressed several properties, including **Quality of Method**, **Accuracy**, **Functional Suitability**, and **Performance efficiency** [3]‑[5] [9] [6].

**In summary**, the only evaluation method explicitly credited to Stephan Seifermann for the Architecture Analysis Method is the **Technical Experiment** [4]; other sources describe alternative methods (Case Study, Controlled Experiment, etc.) that have been used in studies of the same research object, but they are not directly linked to Seifermann.

[1] Source: Data Stream Operations as First-Class Entities in Component-Based Performance Models, 10.1007/978-3-030-58923-3_10
[2] Source: Automatic Extraction of Design Decisions from Issue Management Systems: A Machine Learning Based Approach, 10.1007/978-3-319-65831-5_10
[3] Source: Component-Based Refinement and Verification of Information-Flow Security Policies for Cyber-Physical Microservice Architectures, 10.1109/ICSA.2019.00015
[4] Source: Data-Driven Software Architecture for Analyzing Confidentiality, 10.1109/ICSA.2019.00009
[5] Source: Optimized Dependency Weights in Source Code Clustering, 10.1007/978-3-030-86044-8_16
[6] Source: Semi-automatic Feedback for Improving Architecture Conformance to Microservice Patterns and Practices, 10.1109/ICSA51549.2021.00012
[7] Source: Two Architectural Threat Analysis Techniques Compared, 10.1007/978-3-030-00761-4_23
[8] Source: Model-Based Analysis of Microservice Resiliency Patterns, 10.1109/ICSA47634.2020.00019
[9] Source: Model-based Performance Analysis for Architecting Cyber-Physical Dynamic Spaces, 10.1109/ICSA51549.2021.00018
",['Stephan Seifermann'],0.0,0.083,0.0,0.0,0.0,0.0,0.0,0.0,0.0,0.0,0.0,0.0,0.0,0.0,0.07,0.83,0.13,0.27,0.12,0.83,0.21,0.38,0.0,0.0,0.072,0.12,0.01,0.19,0.11,1.0,0.11,0.06,0.59,0.14,0.08,0.74,1.0,442.46137142181396,0.0,88542,0,0.0,,0,0.0,,,0.0,0.0,,0.0,0.0,https://wandb.ai/kastel-sdq-meta-research/experiment_baseline/r/call/01a05fb6-afa3-79cf-9554-88e6665b5d04,retrieval_config,False,KitToolbox,kit.qwen3-embedding-8b,10,10,True,cosine,True,False,10,-1,8,False,False,1,False,-1,-1,False,,['R659055'],['Paper'],False,False,False,kg_retrieval,hublink,kittoolbox_kit.minimax-m2.7-229b_tmpNone_maxt-1_reasoningNone,KitToolbox,kit.minimax-m2.7-229b,,-1,,kittoolbox_kit.minimax-m2.7-229b_tmpNone_maxt-1_reasoningNone,KitToolbox,kit.minimax-m2.7-229b,,-1,,orkg_merged_ecsa_icsa.json_jsonpublicationloader_limit-1,['paper_class'],['research_level'],['first_research_object'],['second_research_object'],['validity'],['evidence'],False,False,R659055,https://sandbox.orkg.org,-1,orkg,merged_ecsa_icsa.json_jsonpublicationloader_limit-1,merged_ecsa_icsa.json,JsonPublicationLoader,-1,,4000,2,generation_kittoolbox_kit.minimax-m2.7-229b_tmpNone_maxt-1_reasoningNone,generation,kittoolbox_kit.minimax-m2.7-229b_tmpNone_maxt-1_reasoningNone,KitToolbox,kit.minimax-m2.7-229b,,-1,,"['(R868745:Automatic Extraction of Design Decisions from Issue Management Systems: A Machine Learning Based Approach, contribution, R868766:First Research Object 2)', '(R868766:First Research Object 2, evaluation, R868767:Evaluation)', '(R868767:Evaluation, Evaluation method, R868768:Evaluation Method List)', '(R868768:Evaluation Method List, Entity, R868769:Evaluation Method Entity)', '(R868769:Evaluation Method Entity, Name, L1520807:Case Study)', '(R868346:First Research Object 2, evaluation, R868347:Evaluation)', '(R868347:Evaluation, Evaluation method, R868348:Evaluation Method List)', '(R868348:Evaluation Method List, Entity, R868349:Evaluation Method Entity)', '(R868349:Evaluation Method Entity, Name, L1519899:Technical Experiment)', '(R869374:First Research Object 2, evaluation, R869375:Evaluation)', '(R869375:Evaluation, Evaluation method, R869376:Evaluation Method List)', '(R869376:Evaluation Method List, Entity, R869377:Evaluation Method Entity)', '(R869377:Evaluation Method Entity, Name, L1522113:Controlled Experiment)', '(R869298:Evaluation, Evaluation method, L1521934:False)', '(R869888:Second Research Object 2, evaluation, R869889:Evaluation)', '(R869889:Evaluation, Evaluation method, R869890:Evaluation Method List)', '(R869890:Evaluation Method List, Entity, R869891:Evaluation Method Entity)', '(R869891:Evaluation Method Entity, Name, L1523203:Technical Experiment)', '(R868992:First Research Object 2, evaluation, R868993:Evaluation)', '(R868993:Evaluation, Evaluation method, R868994:Evaluation Method List)', '(R868994:Evaluation Method List, Entity, R868995:Evaluation Method Entity)', '(R868995:Evaluation Method Entity, Name, L1521289:Technical Experiment)', '(R874156:Evaluation, Evaluation method, R874157:Evaluation Method List)', '(R874157:Evaluation Method List, Entity, R874158:Evaluation Method Entity)', '(R874158:Evaluation Method Entity, Name, L1531993:Motivating Example)', '(R874154:Research Object Entity, Name, L1531992:Architecture Analysis Method)', '(R870337:authors list, has list element, L1524164:Stephan Seifermann)', '(R873653:Data-Driven Software Architecture for Analyzing Confidentiality, authors, R873654:authors list)', '(R873654:authors list, has list element, L1530947:Stephan Seifermann)', '(R873653:Data-Driven Software Architecture for Analyzing Confidentiality, contribution, R873682:Second Research Object 2)', '(R873682:Second Research Object 2, Object, R873688:Research Object List)', '(R873688:Research Object List, Entity, R873689:Research Object Entity)', '(R873689:Research Object Entity, Name, L1531017:Architecture Analysis Method)', '(R868766:First Research Object 2, Object, R868772:Research Object List)', '(R868772:Research Object List, Entity, R868773:Research Object Entity)', '(R868773:Research Object Entity, Name, L1520811:Architecture Analysis Method)', '(R869296:Research Object Entity, Name, L1521933:Architecture Analysis Method)', '(R868992:First Research Object 2, Object, R868998:Research Object List)', '(R868998:Research Object List, Entity, R868999:Research Object Entity)', '(R868999:Research Object Entity, Name, L1521293:Architecture Analysis Method)', '(R870336:Data Stream Operations as First-Class Entities in Component-Based Performance Models, contribution, R870368:Second Research Object 2)', '(R870368:Second Research Object 2, evaluation, R870369:Evaluation)', '(R870369:Evaluation, Evaluation method, R870370:Evaluation Method List)', '(R870370:Evaluation Method List, Entity, R870371:Evaluation Method Entity)', '(R870371:Evaluation Method Entity, Name, L1524211:Case Study)', '(R869374:First Research Object 2, Object, R869380:Research Object List)', '(R869380:Research Object List, Entity, R869381:Research Object Entity)', '(R869381:Research Object Entity, Name, L1522117:Architecture Analysis Method)', '(R869888:Second Research Object 2, Object, R869894:Research Object List)', '(R869894:Research Object List, Entity, R869895:Research Object Entity)', '(R869895:Research Object Entity, Name, L1523207:Architecture Analysis Method)', '(R868346:First Research Object 2, Object, R868352:Research Object List)', '(R868352:Research Object List, Entity, R868353:Research Object Entity)', '(R868353:Research Object Entity, Name, L1519903:Architecture Analysis Method)', '(R870368:Second Research Object 2, Object, R870374:Research Object List)', '(R870374:Research Object List, Entity, R870375:Research Object Entity)', '(R870375:Research Object Entity, Name, L1524215:Architecture Analysis Method)', '(R873682:Second Research Object 2, evaluation, R873683:Evaluation)', '(R869289:First Research Object 2, evaluation, R869290:Evaluation)', '(R874156:Evaluation, properties, R874159:Property)', '(R874159:Property, Sub-Property, R874160:Property)', '(R874160:Property, Name, L1531995:Performance efficiency)', '(R873683:Evaluation, Evaluation method, R873684:Evaluation Method List)', '(R873684:Evaluation Method List, Entity, R873685:Evaluation Method Entity)', '(R873685:Evaluation Method Entity, Name, L1531013:Technical Experiment)', '(R874147:First Research Object 2, evaluation, R874148:Evaluation)', '(R874148:Evaluation, properties, R874151:Property)', '(R874151:Property, Sub-Property, R874152:Property)', '(R874152:Property, Name, L1531990:Functional Suitability)']",What are the evaluation methods that have been applied by the author Stephan Seifermann with the research object Architecture Analysis Method?,The evaluation methods applied by the author Stephan Seifermann to evaluate the research object Architecture Analysis Method are Technical Experiment and Case Study.,"['10.1109/ICSA.2019.00009', '10.1109/ICSA.2019.00009', '10.1109/ICSA.2019.00009', '10.1007/978-3-030-58923-3_10', '10.1007/978-3-030-58923-3_10', '10.1007/978-3-030-58923-3_10']",,"['(R873654:authors list, has list element, L1530947:Stephan Seifermann)', '(R873689:Research Object Entity, Name, L1531017:Architecture Analysis Method)', '(R873685:Evaluation Method Entity, Name, L1531013:Technical Experiment)', '(R870337:authors list, has list element, L1524164:Stephan Seifermann)', '(R870375:Research Object Entity, Name, L1524215:Architecture Analysis Method)', '(R870363:Evaluation Method Entity, Name, L1524206:Case Study)']",clustering_strategy,R659055,Software Architecture and Design,6,What evaluation methods have been published by the author [Metadata: author name] with the research object [Content Data: research object name]?
117,800d5973d1783ef79636e6d3632d4b8a,92d35ad7-dbb7-4c3c-aa0f-654cec77bc70,"

The source does not provide a specific number of different evaluation methods used by David Monschein in the papers that evaluate the property **Efficiency**; the information is not specified in the available material【1】.

",['David Monschein'],0.0,0.0,0.0,0.0,0.0,0.0,0.0,0.0,0.0,0.0,0.0,0.0,0.0,0.0,0.0,0.0,0.0,0.0,0.0,0.0,0.0,0.0,0.0,0.0,0.0,0.0,0.21,0.62,0.5,0.81,0.38,0.3,0.5,0.58,0.47,0.76,0.0,137.21021032333374,0.0023309999999999997,10400,0,0.0,,0,0.0,,,0.0,0.0,,0.0,0.0,https://wandb.ai/kastel-sdq-meta-research/experiment_baseline/r/call/01a05fbb-bf6d-751f-8517-13b9878284b2,retrieval_config,False,KitToolbox,kit.qwen3-embedding-8b,10,10,True,cosine,True,False,10,-1,8,False,False,1,False,-1,-1,False,,['R659055'],['Paper'],False,False,False,kg_retrieval,hublink,kittoolbox_kit.minimax-m2.7-229b_tmpNone_maxt-1_reasoningNone,KitToolbox,kit.minimax-m2.7-229b,,-1,,kittoolbox_kit.minimax-m2.7-229b_tmpNone_maxt-1_reasoningNone,KitToolbox,kit.minimax-m2.7-229b,,-1,,orkg_merged_ecsa_icsa.json_jsonpublicationloader_limit-1,['paper_class'],['research_level'],['first_research_object'],['second_research_object'],['validity'],['evidence'],False,False,R659055,https://sandbox.orkg.org,-1,orkg,merged_ecsa_icsa.json_jsonpublicationloader_limit-1,merged_ecsa_icsa.json,JsonPublicationLoader,-1,,4000,2,generation_kittoolbox_kit.minimax-m2.7-229b_tmpNone_maxt-1_reasoningNone,generation,kittoolbox_kit.minimax-m2.7-229b_tmpNone_maxt-1_reasoningNone,KitToolbox,kit.minimax-m2.7-229b,,-1,,,How many different evaluation methods did the author David Monschein apply in papers that evaluate the property Efficiency?,The number of different evaluation methods that the author David Monschein applied in papers that evaluate the property Efficiency is two.,"['10.1109/ICSA51549.2021.00009', '10.1109/ICSA51549.2021.00009', '10.1109/ICSA51549.2021.00009', '10.1109/ICSA47634.2020.00011', '10.1109/ICSA47634.2020.00011', '10.1109/ICSA47634.2020.00011']",,"['(R868699:authors list, has list element, L1520650:David Monschein)', '(R868730:Property, Name, L1520716:Efficiency)', '(R868726:Evaluation Method Entity, Name, L1520712:Technical Experiment)', '(R870060:authors list, has list element, L1523561:David Monschein)', '(R870089:Property, Name, L1523619:Efficiency)', '(R870085:Evaluation Method Entity, Name, L1523615:Case Study)']",clustering_strategy,R659055,Software Architecture and Design,6,How many different evaluation methods did the author [Metadata: author name] use in papers that evaluate the sub-property with the name [Content Data: sub-property name]?
118,800d5973d1783ef79636e6d3632d4b8a,4968e5f5-f046-4268-b2be-993a24f49634,"

The available sources indicate that Georg Buchgeher’s work includes an evaluation of properties such as “Quality in Use,” but they do not provide details on the specific evaluation technique used. Only **one** evaluation method (the Quality‑in‑Use assessment) is mentioned in the texts; no other distinct methods are identified【1】【2】.

",['Georg Buchgeher'],0.0,0.0,0.0,0.0,0.0,0.0,0.0,0.0,0.0,0.0,0.0,0.0,0.0,0.0,0.0,0.0,0.0,0.0,0.0,0.0,0.0,0.0,0.0,0.0,0.0,0.0,0.01,0.21,0.13,0.47,0.06,0.04,0.14,0.12,0.08,0.27,1.0,346.13180708885193,0.0,34027,0,0.0,,0,0.0,,,0.0,0.0,,0.0,0.0,https://wandb.ai/kastel-sdq-meta-research/experiment_baseline/r/call/01a05fbd-e85d-7ae5-b325-150592f4f6fb,retrieval_config,False,KitToolbox,kit.qwen3-embedding-8b,10,10,True,cosine,True,False,10,-1,8,False,False,1,False,-1,-1,False,,['R659055'],['Paper'],False,False,False,kg_retrieval,hublink,kittoolbox_kit.minimax-m2.7-229b_tmpNone_maxt-1_reasoningNone,KitToolbox,kit.minimax-m2.7-229b,,-1,,kittoolbox_kit.minimax-m2.7-229b_tmpNone_maxt-1_reasoningNone,KitToolbox,kit.minimax-m2.7-229b,,-1,,orkg_merged_ecsa_icsa.json_jsonpublicationloader_limit-1,['paper_class'],['research_level'],['first_research_object'],['second_research_object'],['validity'],['evidence'],False,False,R659055,https://sandbox.orkg.org,-1,orkg,merged_ecsa_icsa.json_jsonpublicationloader_limit-1,merged_ecsa_icsa.json,JsonPublicationLoader,-1,,4000,2,generation_kittoolbox_kit.minimax-m2.7-229b_tmpNone_maxt-1_reasoningNone,generation,kittoolbox_kit.minimax-m2.7-229b_tmpNone_maxt-1_reasoningNone,KitToolbox,kit.minimax-m2.7-229b,,-1,,"['(R869671:First Research Object 2, evaluation, R869672:Evaluation)', '(R869672:Evaluation, properties, R869677:Property)', '(R869677:Property, Name, L1522760:Quality in Use)']",How many different evaluation methods have been applied by the author Georg Buchgeher to evaluate the property satisfaction?,Two evaluation methods have been applied by the author Georg Buchgeher to the property Satisfaction.,"['10.1007/978-3-030-00761-4_14', '10.1007/978-3-030-00761-4_14', '10.1007/978-3-030-00761-4_14', '10.1007/978-3-319-65831-5_11', '10.1007/978-3-319-65831-5_11', '10.1007/978-3-319-65831-5_11']",,"['(R869649:authors list, has list element, L1522699:Georg Buchgeher)', '(R869678:Property, Name, L1522759:Satisfaction)', '(R869674:Evaluation Method Entity, Name, L1522755:Case Study)', '(R869393:authors list, has list element, L1522147:Georg Buchgeher)', '(R869420:Property, Name, L1522203:Satisfaction)', '(R869418:Evaluation Method Entity, Name, L1522201:Field Experiment)']",clustering_strategy,R659055,Software Architecture and Design,6,How many evaluation methods have been published by the author [Metadata: author name] with the sub-property [Content Data: sub-property name]?
119,800d5973d1783ef79636e6d3632d4b8a,7605e03e-b2e5-401f-b4c5-f630c08c6393,"

The sources describe Stefan Kugele’s evaluation of architecture patterns in slightly different terms.  

* Source [2] states that only one distinct evaluation method – the **“Motivating Example”** – was applied.  
* Source [1] refers to an evaluation that examined the property **“Quality in Use,”** indicating at least one method beyond the Motivating Example.  
* Source [3] adds further evaluation facets, including an assessment described as **“Quality of Method,”** evidence obtained through **Tool Support**, and a **Validity 2** analysis of threats to validity, which can be regarded as additional evaluation methods.  

Thus, while the most explicit statement in the texts points to a single method (the Motivating Example), the combined information from [1] and [3] suggests that several evaluation aspects – at least the Quality in Use, Quality of Method, tool‑based evidence, and validity analysis – may have been employed, making the total number of distinct evaluation methods ambiguous.

[1] Source: On Service-Orientation for Automotive Software, 10.1109/ICSA.2017.20
[2] Source: Data-Centric Communication and Containerization for Future Automotive Software Architectures, 10.1109/ICSA.2018.00016
[3] Source: Architectural Patterns for Cross-Domain Personalised Automotive Functions, 10.1109/ICSA47634.2020.00026
",['Stefan Kugele'],0.143,0.0,0.071,0.05,0.5,0.5,0.11,0.14,0.12,0.14,0.12,0.14,0.13,0.14,0.11,0.14,0.12,0.14,0.12,0.14,0.13,0.14,0.111,0.125,0.111,0.125,0.01,0.21,0.12,0.81,0.06,0.04,0.25,0.12,0.07,0.48,0.0,952.866224527359,0.0,85991,0,0.0,,0,0.0,,,0.0,0.0,,0.0,0.0,https://wandb.ai/kastel-sdq-meta-research/experiment_baseline/r/call/01a05fbe-0d81-70e3-b75f-88691903adbb,retrieval_config,False,KitToolbox,kit.qwen3-embedding-8b,10,10,True,cosine,True,False,10,-1,8,False,False,1,False,-1,-1,False,,['R659055'],['Paper'],False,False,False,kg_retrieval,hublink,kittoolbox_kit.minimax-m2.7-229b_tmpNone_maxt-1_reasoningNone,KitToolbox,kit.minimax-m2.7-229b,,-1,,kittoolbox_kit.minimax-m2.7-229b_tmpNone_maxt-1_reasoningNone,KitToolbox,kit.minimax-m2.7-229b,,-1,,orkg_merged_ecsa_icsa.json_jsonpublicationloader_limit-1,['paper_class'],['research_level'],['first_research_object'],['second_research_object'],['validity'],['evidence'],False,False,R659055,https://sandbox.orkg.org,-1,orkg,merged_ecsa_icsa.json_jsonpublicationloader_limit-1,merged_ecsa_icsa.json,JsonPublicationLoader,-1,,4000,2,generation_kittoolbox_kit.minimax-m2.7-229b_tmpNone_maxt-1_reasoningNone,generation,kittoolbox_kit.minimax-m2.7-229b_tmpNone_maxt-1_reasoningNone,KitToolbox,kit.minimax-m2.7-229b,,-1,,"['(R872637:authors list, has list element, L1528892:Stefan Kugele)', '(R870793:authors list, has list element, L1525112:Stefan Kugele)', '(R870827:Property, Name, L1525176:Quality of Method)', '(R872685:Evaluation Method Entity, Name, L1528973:Motivating Example)', '(R869032:First Research Object 2, evaluation, R869033:Evaluation)', '(R869033:Evaluation, properties, R869036:Property)', '(R869036:Property, Name, L1521384:Quality in Use)', '(R870831:Evidence 2, Uses Tool Support, R870833:Tool Support)', '(R870834:Validity 2, Referenced Threats to Validity Guideline, L1525190:False)']",How many different evaluation methods have been applied by the author Stefan Kugele to evaluate architecture patterns?,The number of different evaluation methods that have been applied by the author Stefan Kugele to evaluate architecture patterns is three.,"['10.1109/ICSA.2017.20', '10.1109/ICSA.2017.20', '10.1109/ICSA.2017.20', '10.1109/ICSA47634.2020.00026', '10.1109/ICSA47634.2020.00026', '10.1109/ICSA47634.2020.00026', '10.1109/ICSA47634.2020.00026']",,"['(R869011:authors list, has list element, L1521323:Stefan Kugele)', '(R869040:Research Object Entity, Name, L1521385:Architecture Pattern)', '(R869035:Evaluation Method Entity, Name, L1521380:Grounded Theory)', '(R870793:authors list, has list element, L1525112:Stefan Kugele)', '(R870830:Research Object Entity, Name, L1525177:Architecture Pattern)', '(R870821:Evaluation Method Entity, Name, L1525169:Argumentation)', '(R870826:Evaluation Method Entity, Name, L1525173:Technical Experiment)']",clustering_strategy,R659055,Software Architecture and Design,6,How many evaluation methods have been published by the author [Metadata: author name] with the research object [Content Data: research object name]?
120,800d5973d1783ef79636e6d3632d4b8a,f994d2a6-dd73-426a-8680-b0d8e8c4412a,"

The texts that mention **Ingo Weber** as the author of a paper that investigates the research object **Architecture Decision Making** report three distinct evaluation methods:

| Evaluation method | Paper (author Ingo Weber) |
|-------------------|----------------------------|
| **Interview** | “A Decision Model for Choosing Patterns in Blockchain‑Based Applications” – see source [2] |
| **Field‑experiment** | “Decision Models for Microservices: Design Areas, Stakeholders, Use Cases, and Requirements” – see source [4] |
| **Argumentation** | Another paper by Ingo Weber on Architecture Decision Making – see source [5] |

Thus, across the papers authored by **Ingo Weber** that examine **Architecture Decision Making**, **three** evaluation methods have been applied. No other evaluation methods are mentioned in the provided texts for these specific papers.

[2] Source: A Decision Model for Choosing Patterns in Blockchain-Based Applications, 10.1109/ICSA51549.2021.00013
[4] Source: Decision Models for Microservices: Design Areas, Stakeholders, Use Cases, and Requirements, 10.1007/978-3-319-65831-5_11
[5] Source: A Taxonomy of Blockchain-Based Systems for Architecture Design, 10.1109/ICSA.2017.33
",['Ingo Weber'],0.333,0.333,0.067,0.138,0.2,0.25,0.2,0.33,0.25,0.29,0.33,0.33,0.33,0.33,0.21,1.0,0.35,0.58,0.39,1.0,0.56,0.76,0.2,0.333,0.214,0.387,0.04,0.31,0.19,0.95,0.24,0.14,0.75,0.19,0.11,0.57,1.0,953.2670941352844,0.0032360999999999996,26057,0,0.0,,0,0.0,,,0.0,0.0,,0.0,0.0,https://wandb.ai/kastel-sdq-meta-research/experiment_baseline/r/call/01a05fbe-478d-72d1-aae9-c0f61dd7d7da,retrieval_config,False,KitToolbox,kit.qwen3-embedding-8b,10,10,True,cosine,True,False,10,-1,8,False,False,1,False,-1,-1,False,,['R659055'],['Paper'],False,False,False,kg_retrieval,hublink,kittoolbox_kit.minimax-m2.7-229b_tmpNone_maxt-1_reasoningNone,KitToolbox,kit.minimax-m2.7-229b,,-1,,kittoolbox_kit.minimax-m2.7-229b_tmpNone_maxt-1_reasoningNone,KitToolbox,kit.minimax-m2.7-229b,,-1,,orkg_merged_ecsa_icsa.json_jsonpublicationloader_limit-1,['paper_class'],['research_level'],['first_research_object'],['second_research_object'],['validity'],['evidence'],False,False,R659055,https://sandbox.orkg.org,-1,orkg,merged_ecsa_icsa.json_jsonpublicationloader_limit-1,merged_ecsa_icsa.json,JsonPublicationLoader,-1,,4000,2,generation_kittoolbox_kit.minimax-m2.7-229b_tmpNone_maxt-1_reasoningNone,generation,kittoolbox_kit.minimax-m2.7-229b_tmpNone_maxt-1_reasoningNone,KitToolbox,kit.minimax-m2.7-229b,,-1,,"['(R873701:A Taxonomy of Blockchain-Based Systems for Architecture Design, contribution, R873717:First Research Object 2)', '(R873717:First Research Object 2, evaluation, R873718:Evaluation)', '(R873718:Evaluation, Evaluation method, R873719:Evaluation Method List)', '(R873719:Evaluation Method List, Entity, R873720:Evaluation Method Entity)', '(R873720:Evaluation Method Entity, Name, L1531089:Argumentation)', '(R869312:A Decision Model for Choosing Patterns in Blockchain-Based Applications, contribution, R869334:First Research Object 2)', '(R869334:First Research Object 2, evaluation, R869335:Evaluation)', '(R869335:Evaluation, Evaluation method, R869336:Evaluation Method List)', '(R869336:Evaluation Method List, Entity, R869337:Evaluation Method Entity)', '(R869337:Evaluation Method Entity, Name, L1522029:Interview)', '(R869392:Decision Models for Microservices: Design Areas, Stakeholders, Use Cases, and Requirements, contribution, R869415:First Research Object 2)', '(R869415:First Research Object 2, evaluation, R869416:Evaluation)', '(R869416:Evaluation, Evaluation method, R869417:Evaluation Method List)', '(R869417:Evaluation Method List, Entity, R869418:Evaluation Method Entity)', '(R869418:Evaluation Method Entity, Name, L1522201:Field Experiment)', '(R869415:First Research Object 2, Object, R869423:Research Object List)', '(R869423:Research Object List, Entity, R869424:Research Object Entity)', '(R869424:Research Object Entity, Name, L1522207:Architecture Decision Making)', '(R869334:First Research Object 2, Object, R869341:Research Object List)', '(R869341:Research Object List, Entity, R869342:Research Object Entity)', '(R869342:Research Object Entity, Name, L1522034:Architecture Decision Making)', '(R873701:A Taxonomy of Blockchain-Based Systems for Architecture Design, authors, R873702:authors list)', '(R873702:authors list, has list element, L1531053:Ingo Weber)', '(R873717:First Research Object 2, Object, R873723:Research Object List)', '(R873723:Research Object List, Entity, R873724:Research Object Entity)', '(R873724:Research Object Entity, Name, L1531093:Architecture Decision Making)', '(R869312:A Decision Model for Choosing Patterns in Blockchain-Based Applications, authors, R869313:authors list)', '(R869313:authors list, has list element, L1521976:Ingo Weber)']",How many evaluation methods have been applied by the author Ingo Weber in papers that investigate the research object Architecture Decision Making?,Two evaluation methods have been applied by the author Ingo Weber in papers that investigate the research object Architecture Decision Making.,"['10.1109/ICSA51549.2021.00013', '10.1109/ICSA51549.2021.00013', '10.1109/ICSA51549.2021.00013', '10.1109/ICSA.2017.33', '10.1109/ICSA.2017.33', '10.1109/ICSA.2017.33']",,"['(R869313:authors list, has list element, L1521976:Ingo Weber)', '(R869342:Research Object Entity, Name, L1522034:Architecture Decision Making)', '(R869337:Evaluation Method Entity, Name, L1522029:Interview)', '(R873702:authors list, has list element, L1531053:Ingo Weber)', '(R873724:Research Object Entity, Name, L1531093:Architecture Decision Making)', '(R873720:Evaluation Method Entity, Name, L1531089:Argumentation)']",clustering_strategy,R659055,Software Architecture and Design,6,How many evaluation methods have been published by the author [Metadata: author name] with the research object [Content Data: research object name]?
121,800d5973d1783ef79636e6d3632d4b8a,b27c050c-ce7d-40b2-9eb4-8f3c3611e168,"

**Evaluation methods applied to architecture‑decision making (descending alphabetical order)**  

1. **validation research** [5]  
2. **Technical Experiment** [4]  
3. **Secondary research** [7]  
4. **Product Quality evaluation** [5]  
5. **Interview** [2]  
6. **Evaluation research** [6]  
7. **Case Study** [3], [6]  
8. **Argumentation** [1]

[1] Source: A Taxonomy of Blockchain-Based Systems for Architecture Design, 10.1109/ICSA.2017.33
[2] Source: A Decision Model for Choosing Patterns in Blockchain-Based Applications, 10.1109/ICSA51549.2021.00013
[3] Source: A Framework for Tunable Anomaly Detection, 10.1109/ICSA.2019.00029
[4] Source: Improving the Search for Architecture Knowledge in Online Developer Communities, 10.1109/ICSA.2018.00028
[5] Source: Experiments in Curation: Towards Machine-Assisted Construction of Software Architecture Knowledge Bases, 10.1109/ICSA.2017.27
[6] Source: State of the Practice in Application Programming Interfaces (APIs): A Case Study, 10.1007/978-3-030-86044-8_14
[7] Source: Empirical Insights into the Evolving Role of Architects in Decision-Making in an Agile Context, 10.1007/978-3-030-00761-4_17
",['Xiwei Xu'],0.333,0.25,0.075,0.045,0.25,0.25,0.2,0.33,0.25,0.29,0.2,0.33,0.25,0.29,0.2,0.33,0.25,0.29,0.2,0.33,0.25,0.29,0.2,0.2,0.2,0.2,0.02,0.35,0.29,0.44,0.15,0.12,0.19,0.32,0.26,0.41,1.0,1164.9056429862976,0.0007856999999999999,4956,0,0.0,,0,0.0,,,0.0,0.0,,0.0,0.0,https://wandb.ai/kastel-sdq-meta-research/experiment_baseline/r/call/01a05fbe-478f-737e-b4ba-263153d0a9ed,retrieval_config,False,KitToolbox,kit.qwen3-embedding-8b,10,10,True,cosine,True,False,10,-1,8,False,False,1,False,-1,-1,False,,['R659055'],['Paper'],False,False,False,kg_retrieval,hublink,kittoolbox_kit.minimax-m2.7-229b_tmpNone_maxt-1_reasoningNone,KitToolbox,kit.minimax-m2.7-229b,,-1,,kittoolbox_kit.minimax-m2.7-229b_tmpNone_maxt-1_reasoningNone,KitToolbox,kit.minimax-m2.7-229b,,-1,,orkg_merged_ecsa_icsa.json_jsonpublicationloader_limit-1,['paper_class'],['research_level'],['first_research_object'],['second_research_object'],['validity'],['evidence'],False,False,R659055,https://sandbox.orkg.org,-1,orkg,merged_ecsa_icsa.json_jsonpublicationloader_limit-1,merged_ecsa_icsa.json,JsonPublicationLoader,-1,,4000,2,generation_kittoolbox_kit.minimax-m2.7-229b_tmpNone_maxt-1_reasoningNone,generation,kittoolbox_kit.minimax-m2.7-229b_tmpNone_maxt-1_reasoningNone,KitToolbox,kit.minimax-m2.7-229b,,-1,,"['(R873486:State of the Practice in Application Programming Interfaces (APIs): A Case Study, contribution, R873511:First Research Object 2)', '(R873509:Paper Class 2, evaluation research, L1530662:True)', '(R873321:Research Level 2, secondary research, L1530270:False)', '(R873720:Evaluation Method Entity, Name, L1531089:Argumentation)', '(R871606:Paper Class 2, validation research, L1526766:True)', '(R871608:First Research Object 2, evaluation, R871614:Evaluation)', '(R871617:Property, Name, L1526781:Product Quality)', '(R874427:Evaluation Method Entity, Name, L1532576:Technical Experiment)', '(R868275:Evaluation Method Entity, Name, L1519732:Case Study)', '(R869337:Evaluation Method Entity, Name, L1522029:Interview)']",What methods have been applied to evaluate architecture decision making in the papers published by Xiwei Xu? Rank them in descending alphabetical order.,"The methods that have been applied to evaluate architecture decision making in the papers published by Xiwei Xu, ranked in descending alphabetical order, are Interview and Argumentation.","['10.1109/ICSA51549.2021.00013', '10.1109/ICSA51549.2021.00013', '10.1109/ICSA51549.2021.00013', '10.1109/ICSA.2017.33', '10.1109/ICSA.2017.33', '10.1109/ICSA.2017.33']",,"['(R869313:authors list, has list element, L1521973:Xiwei Xu)', '(R869342:Research Object Entity, Name, L1522034:Architecture Decision Making)', '(R869337:Evaluation Method Entity, Name, L1522029:Interview)', '(R873702:authors list, has list element, L1531052:Xiwei Xu)', '(R873724:Research Object Entity, Name, L1531093:Architecture Decision Making)', '(R873720:Evaluation Method Entity, Name, L1531089:Argumentation)']",clustering_strategy,R659055,Software Architecture and Design,6,What evaluation methods have been published by the author [Metadata: author name] with the research object [Content Data: research object name] ranked in descending alphabetical order?
122,800d5973d1783ef79636e6d3632d4b8a,4baa20c1-efb5-4061-b443-c00f05c4c08d,"

Based on the partial answers provided, the evaluation methods applied by Anne Koziolek in papers investigating the ""Architecture Evolution"" research object include:

1. **Quality of Method**
2. **Quality in Use**
3. **Product Quality**

Ranked in descending alphabetical order:

1. **Quality of Method**
2. **Quality in Use**
3. **Product Quality**

",['Anne Koziolek'],0.111,0.056,0.056,0.2,0.5,1.0,0.11,0.11,0.11,0.11,0.15,0.11,0.13,0.12,0.11,0.11,0.11,0.11,0.15,0.11,0.13,0.12,0.111,0.154,0.111,0.154,0.13,0.53,0.41,0.74,0.41,0.31,0.58,0.47,0.37,0.67,1.0,826.9622051715851,0.0,63866,0,0.0,,0,0.0,,,0.0,0.0,,0.0,0.0,https://wandb.ai/kastel-sdq-meta-research/experiment_baseline/r/call/01a05fc3-5a6b-739b-9c72-690785c90002,retrieval_config,False,KitToolbox,kit.qwen3-embedding-8b,10,10,True,cosine,True,False,10,-1,8,False,False,1,False,-1,-1,False,,['R659055'],['Paper'],False,False,False,kg_retrieval,hublink,kittoolbox_kit.minimax-m2.7-229b_tmpNone_maxt-1_reasoningNone,KitToolbox,kit.minimax-m2.7-229b,,-1,,kittoolbox_kit.minimax-m2.7-229b_tmpNone_maxt-1_reasoningNone,KitToolbox,kit.minimax-m2.7-229b,,-1,,orkg_merged_ecsa_icsa.json_jsonpublicationloader_limit-1,['paper_class'],['research_level'],['first_research_object'],['second_research_object'],['validity'],['evidence'],False,False,R659055,https://sandbox.orkg.org,-1,orkg,merged_ecsa_icsa.json_jsonpublicationloader_limit-1,merged_ecsa_icsa.json,JsonPublicationLoader,-1,,4000,2,generation_kittoolbox_kit.minimax-m2.7-229b_tmpNone_maxt-1_reasoningNone,generation,kittoolbox_kit.minimax-m2.7-229b_tmpNone_maxt-1_reasoningNone,KitToolbox,kit.minimax-m2.7-229b,,-1,,"['(R870059:Incremental Calibration of Architectural Performance Models with Parametric Dependencies, authors, R870060:authors list)', '(R870060:authors list, has list element, L1523563:Anne Koziolek)', '(R870059:Incremental Calibration of Architectural Performance Models with Parametric Dependencies, contribution, R2156282:First Research Object 2)', '(R2156290:Research Object Entity, Name, L2809656:Architecture Evolution)', '(R868727:Property, Name, L1520715:Quality of Method)', '(R2156282:First Research Object 2, evaluation, R2156293:Evaluation)', '(R2156293:Evaluation, properties, R2156304:Property)', '(R2156304:Property, Name, L2809660:Quality of Method)', '(R868731:Property, Name, L1520719:Product Quality)']",What are the evaluation methods that the author Anne Koziolek applied in papers that investigate the research object Architecture Evolution? Rank the evaluation methods in descending alphabetical order.,"The evaluation methods applied by Anne Koziolek in papers that investigate the research object Architecture Evolution, ranked in descending alphabetical order, are: Technical Experiment and Case Study.","['10.1007/978-3-030-00761-4_18', '10.1007/978-3-030-00761-4_18', '10.1007/978-3-030-00761-4_18', '10.1109/ICSA51549.2021.00009', '10.1109/ICSA51549.2021.00009', '10.1109/ICSA51549.2021.00009', '10.1109/ICSA47634.2020.00011', '10.1109/ICSA47634.2020.00011', '10.1109/ICSA47634.2020.00011']",,"['(R873460:authors list, has list element, L1530562:Anne Koziolek)', '(R870091:Research Object Entity, Name, L1523621:Architecture Evolution)', '(R870085:Evaluation Method Entity, Name, L1523615:Case Study)', '(R868699:authors list, has list element, L1520653:Anne Koziolek)', '(R868734:Research Object Entity, Name, L1520720:Architecture Evolution)', '(R868726:Evaluation Method Entity, Name, L1520712:Technical Experiment)', '(R870060:authors list, has list element, L1523563:Anne Koziolek)', '(R873482:Research Object Entity, Name, L1530596:Architecture Evolution)', '(R873478:Evaluation Method Entity, Name, L1530592:Case Study)']",clustering_strategy,R659055,Software Architecture and Design,6,What are the names of the evaluation methods that the author [Metadata: author name] applied in papers that investigate the research object with the name [Content Data: research object name]? Rank the names of the methods in descending alphabetical order.
123,800d5973d1783ef79636e6d3632d4b8a,4b35bdf2-e3fe-4368-811d-3550d93ba344,"

The properties that have been evaluated with a technical experiment in Mohamed Soliman’s publications are:

- **Quality of Method** [3], [7]  
- **Product Quality** [2], [8]  
- **Functional Suitability** [1], [4], [8]  
- **Accuracy** [7]  

When ranked in descending alphabetical order, the list is:

1. **Quality of Method**  
2. **Product Quality**  
3. **Functional Suitability**  
4. **Accuracy**

[1] Source: Determination and Enforcement of Least-Privilege Architecture in Android, 10.1109/ICSA.2017.18
[2] Source: Integrating Statistical Response Time Models in Architectural Performance Models, 10.1109/ICSA.2019.00016
[3] Source: Improving the Search for Architecture Knowledge in Online Developer Communities, 10.1109/ICSA.2018.00028
[4] Source: Continuous Experimentation for Automotive Software on the Example of a Heavy Commercial Vehicle in Daily Operation, 10.1007/978-3-030-58923-3_5
[7] Source: Architectural Patterns for Cross-Domain Personalised Automotive Functions, 10.1109/ICSA47634.2020.00026
[8] Source: DesignDiff: Continuously Modeling Software Design Difference from Code Revisions, 10.1109/ICSA47634.2020.00025
",['Mohamed Soliman'],0.167,0.0,0.019,0.035,0.111,0.125,0.1,0.17,0.12,0.15,0.12,0.17,0.14,0.15,0.04,0.17,0.06,0.1,0.04,0.17,0.07,0.11,0.1,0.118,0.037,0.043,0.13,0.56,0.42,0.85,0.42,0.31,0.64,0.53,0.4,0.81,1.0,613.182294845581,0.0,36769,0,0.0,,0,0.0,,,0.0,0.0,,0.0,0.0,https://wandb.ai/kastel-sdq-meta-research/experiment_baseline/r/call/01a05fcc-e8e1-7d97-8c6d-dfeb164650dc,retrieval_config,False,KitToolbox,kit.qwen3-embedding-8b,10,10,True,cosine,True,False,10,-1,8,False,False,1,False,-1,-1,False,,['R659055'],['Paper'],False,False,False,kg_retrieval,hublink,kittoolbox_kit.minimax-m2.7-229b_tmpNone_maxt-1_reasoningNone,KitToolbox,kit.minimax-m2.7-229b,,-1,,kittoolbox_kit.minimax-m2.7-229b_tmpNone_maxt-1_reasoningNone,KitToolbox,kit.minimax-m2.7-229b,,-1,,orkg_merged_ecsa_icsa.json_jsonpublicationloader_limit-1,['paper_class'],['research_level'],['first_research_object'],['second_research_object'],['validity'],['evidence'],False,False,R659055,https://sandbox.orkg.org,-1,orkg,merged_ecsa_icsa.json_jsonpublicationloader_limit-1,merged_ecsa_icsa.json,JsonPublicationLoader,-1,,4000,2,generation_kittoolbox_kit.minimax-m2.7-229b_tmpNone_maxt-1_reasoningNone,generation,kittoolbox_kit.minimax-m2.7-229b_tmpNone_maxt-1_reasoningNone,KitToolbox,kit.minimax-m2.7-229b,,-1,,"['(R873053:Evaluation Method Entity, Name, L1529741:Technical Experiment)', '(R870826:Evaluation Method Entity, Name, L1525173:Technical Experiment)', '(R869470:Evaluation Method Entity, Name, L1522306:Technical Experiment)', '(R871289:Evaluation Method Entity, Name, L1526133:Technical Experiment)', '(R871288:Evaluation Method List, Entity, R871289:Evaluation Method Entity)', '(R872218:Evaluation Method Entity, Name, L1528030:Technical Experiment)', '(R874425:Evaluation, Evaluation method, R874426:Evaluation Method List)', '(R874426:Evaluation Method List, Entity, R874427:Evaluation Method Entity)', '(R874427:Evaluation Method Entity, Name, L1532576:Technical Experiment)', '(R870824:Evaluation, properties, R870827:Property)', '(R870827:Property, Name, L1525176:Quality of Method)', '(R869473:Property, Name, L1522309:Functional Suitability)', '(R869468:Evaluation, properties, R869471:Property)', '(R871287:Evaluation, properties, R871290:Property)', '(R871292:Property, Name, L1526136:Functional Suitability)', '(R873051:Evaluation, properties, R873054:Property)', '(R873055:Property, Name, L1529743:Functional Suitability)', '(R874425:Evaluation, properties, R874428:Property)', '(R874428:Property, Name, L1532579:Quality of Method)', '(R869471:Property, Name, L1522310:Product Quality)', '(R873059:Evaluation, properties, R873062:Property)', '(R873063:Property, Name, L1529748:Functional Suitability)', '(R872216:Evaluation, properties, R872219:Property)', '(R872219:Property, Name, L1528033:Product Quality)', '(R870828:Property, Name, L1525175:Accuracy)', '(R869466:Property, Name, L1522305:Product Quality)', '(R869462:First Research Object 2, evaluation, R869463:Evaluation)']",What properties have been evaluated with a technical experiment in papers published by Mohamed Soliman? Rank them in descending alphabetical order.,"The properties that have been evaluated with a technical experiment in papers published by Mohamed Soliman are Accuracy and Functional Suitability, ranked in descending alphabetical order.","['10.1007/978-3-030-86044-8_8', '10.1007/978-3-030-86044-8_8', '10.1007/978-3-030-86044-8_8', '10.1109/ICSA.2018.00028', '10.1109/ICSA.2018.00028', '10.1109/ICSA.2018.00028']",,"['(R869226:authors list, has list element, L1521780:Mohamed Soliman)', '(R869249:Evaluation Method Entity, Name, L1521832:Technical Experiment)', '(R869251:Property, Name, L1521834:Functional Suitability)', '(R874394:authors list, has list element, L1532510:Mohamed Soliman)', '(R874427:Evaluation Method Entity, Name, L1532576:Technical Experiment)', '(R874429:Property, Name, L1532578:Accuracy)']",clustering_strategy,R659055,Software Architecture and Design,6,What evaluation sub-properties have been published by the author [Metadata: author name] with the evaluation method [Content Data: evaluation method name] ranked in descending alphabetical order?
124,800d5973d1783ef79636e6d3632d4b8a,9121d47b-2eb2-4506-9569-faf4f1d0d1a9,"

The evaluation property investigated by Andreas Burger using the **Technical Experiment** method is **Product Quality**. When listed in descending alphabetical order, the result is:

- Product Quality【3】

",['Andreas Burger'],0.0,0.143,0.0,0.0,0.0,0.0,0.0,0.0,0.0,0.0,0.0,0.0,0.0,0.0,0.12,0.86,0.21,0.38,0.16,0.86,0.28,0.47,0.0,0.0,0.12,0.164,0.04,0.46,0.44,0.48,0.24,0.23,0.25,0.38,0.37,0.4,0.0,431.1170163154602,0.0,96153,0,0.0,,0,0.0,,,0.0,0.0,,0.0,0.0,https://wandb.ai/kastel-sdq-meta-research/experiment_baseline/r/call/01a05fcd-320f-7575-810f-1c4ff7dc8662,retrieval_config,False,KitToolbox,kit.qwen3-embedding-8b,10,10,True,cosine,True,False,10,-1,8,False,False,1,False,-1,-1,False,,['R659055'],['Paper'],False,False,False,kg_retrieval,hublink,kittoolbox_kit.minimax-m2.7-229b_tmpNone_maxt-1_reasoningNone,KitToolbox,kit.minimax-m2.7-229b,,-1,,kittoolbox_kit.minimax-m2.7-229b_tmpNone_maxt-1_reasoningNone,KitToolbox,kit.minimax-m2.7-229b,,-1,,orkg_merged_ecsa_icsa.json_jsonpublicationloader_limit-1,['paper_class'],['research_level'],['first_research_object'],['second_research_object'],['validity'],['evidence'],False,False,R659055,https://sandbox.orkg.org,-1,orkg,merged_ecsa_icsa.json_jsonpublicationloader_limit-1,merged_ecsa_icsa.json,JsonPublicationLoader,-1,,4000,2,generation_kittoolbox_kit.minimax-m2.7-229b_tmpNone_maxt-1_reasoningNone,generation,kittoolbox_kit.minimax-m2.7-229b_tmpNone_maxt-1_reasoningNone,KitToolbox,kit.minimax-m2.7-229b,,-1,,"['(R871609:Evaluation, Evaluation method, R871610:Evaluation Method List)', '(R871610:Evaluation Method List, Entity, R871611:Evaluation Method Entity)', '(R871611:Evaluation Method Entity, Name, L1526774:Technical Experiment)', '(R870818:First Research Object 2, evaluation, R870824:Evaluation)', '(R870824:Evaluation, Evaluation method, R870825:Evaluation Method List)', '(R870825:Evaluation Method List, Entity, R870826:Evaluation Method Entity)', '(R870826:Evaluation Method Entity, Name, L1525173:Technical Experiment)', '(R870656:Evaluation Method Entity, Name, L1524812:Technical Experiment)', '(R872005:First Research Object 2, evaluation, R872006:Evaluation)', '(R872006:Evaluation, Evaluation method, R872007:Evaluation Method List)', '(R872007:Evaluation Method List, Entity, R872008:Evaluation Method Entity)', '(R872008:Evaluation Method Entity, Name, L1527589:Technical Experiment)', '(R872862:Evaluation Method Entity, Name, L1529342:Technical Experiment)', '(R871289:Evaluation Method Entity, Name, L1526133:Technical Experiment)', '(R869972:Evaluation Method Entity, Name, L1523390:Technical Experiment)', '(R872155:Self-Commissioning Industrial IoT-Systems in Process Automation: A Reference Architecture, contribution, R872176:First Research Object 2)', '(R872176:First Research Object 2, evaluation, R872177:Evaluation)', '(R872177:Evaluation, Evaluation method, R872178:Evaluation Method List)', '(R872178:Evaluation Method List, Entity, R872179:Evaluation Method Entity)', '(R872179:Evaluation Method Entity, Name, L1527946:Technical Experiment)', '(R872155:Self-Commissioning Industrial IoT-Systems in Process Automation: A Reference Architecture, authors, R872156:authors list)', '(R872156:authors list, has list element, L1527897:Andreas Burger)', '(R871983:Dynamic Updates of Virtual PLCs Deployed as Kubernetes Microservices, authors, R871984:authors list)', '(R871984:authors list, has list element, L1527535:Andreas Burger)', '(R871292:Property, Name, L1526136:Functional Suitability)', '(R870824:Evaluation, properties, R870827:Property)', '(R870827:Property, Name, L1525176:Quality of Method)', '(R872142:Property, Name, L1527867:Performance efficiency)', '(R870654:Evaluation, properties, R870657:Property)', '(R870657:Property, Name, L1524815:Quality in Use)', '(R872865:Property, Name, L1529345:Functional Suitability)', '(R870818:First Research Object 2, evaluation, R870819:Evaluation)', '(R870819:Evaluation, Evaluation method, R870820:Evaluation Method List)', '(R870820:Evaluation Method List, Entity, R870821:Evaluation Method Entity)', '(R870819:Evaluation, properties, R870822:Property)', '(R870823:Property, Name, L1525171:Functional Suitability)', '(R872006:Evaluation, properties, R872009:Property)', '(R872010:Property, Name, L1527591:Effectiveness)', '(R869970:Evaluation, properties, R869973:Property)', '(R869974:Property, Name, L1523392:Performance efficiency)', '(R874018:Evaluation, properties, R874021:Property)', '(R874021:Property, Name, L1531722:Product Quality)', '(R872864:Property, Name, L1529344:Performance efficiency)', '(R872177:Evaluation, properties, R872180:Property)', '(R872180:Property, Name, L1527949:Product Quality)', '(R871614:Evaluation, properties, R871617:Property)', '(R871617:Property, Name, L1526781:Product Quality)', '(R870828:Property, Name, L1525175:Accuracy)', '(R871291:Property, Name, L1526135:Performance efficiency)', '(R872011:Property, Name, L1527592:Efficiency)']",What are the evaluation properties that have been investigated by the author Andreas Burger by applying the evaluation method Technical Experiment ranked in descending alphabetical order?,"The evaluation properties investigated by the author Andreas Burger that have been evaluated with the evaluation method Technical Experiment are performance efficiency, efficiency, and effectiveness.","['10.1109/ICSA.2018.00029', '10.1109/ICSA.2018.00029', '10.1007/978-3-030-86044-8_1', '10.1007/978-3-030-86044-8_1', '10.1109/ICSA.2018.00029', '10.1007/978-3-030-86044-8_1', '10.1007/978-3-030-86044-8_1']",,"['(R872156:authors list, has list element, L1527897:Andreas Burger)', '(R872179:Evaluation Method Entity, Name, L1527946:Technical Experiment)', '(R871984:authors list, has list element, L1527535:Andreas Burger)', '(R872008:Evaluation Method Entity, Name, L1527589:Technical Experiment)', '(R872181:Property, Name, L1527948:Performance efficiency)', '(R872011:Property, Name, L1527592:Efficiency)', '(R872010:Property, Name, L1527591:Effectiveness)']",clustering_strategy,R659055,Software Architecture and Design,6,What evaluation sub-properties have been published by the author [Metadata: author name] with the evaluation method [Content Data: evaluation method name] ranked in descending alphabetical order?
125,800d5973d1783ef79636e6d3632d4b8a,361e4d2b-3e80-4fe3-85ff-35a81b857637,"

The source material shows that the research object **Architecture Extraction** appears in at least one paper published in **2018**. In particular, the papers “Towards Micro Service Architecture Recovery: An Empirical Study” [1] and “A Platform for the Automated Provisioning of Architecture Information for Large‑Scale Service‑Oriented Software Systems” [2] list Architecture Extraction among their research objects.  

Regarding **2020**, the texts provide conflicting cues. One source explicitly notes that Architecture Extraction is documented as a research object in a 2020 publication (it appears in the research‑object list and is mentioned in at least two descriptions) [3]. However, other sources either do not reference any 2020 paper that investigates Architecture Extraction [4][5][6] or state that the only 2020 paper they discuss does not mention the research object [7].  

Because the available evidence is limited and partially contradictory, **the frequency with which Architecture Extraction is investigated in 2018 versus 2020 cannot be reliably determined from the provided texts**.

[1] Source: Towards Micro Service Architecture Recovery: An Empirical Study, 10.1109/ICSA.2018.00014
[2] Source: A Platform for the Automated Provisioning of Architecture Information for Large-Scale Service-Oriented Software Systems, 10.1007/978-3-030-00761-4_14
[3] Source: From Monolithic Architecture Style to Microservice one Based on a Semi-Automatic Approach, 10.1109/ICSA47634.2020.00023
[4] Source: Evaluating the Effectiveness of Multi-level Greedy Modularity Clustering for Software Architecture Recovery, 10.1007/978-3-030-29983-5_5
[5] Source: Constructing a Shared Infrastructure for Software Architecture Analysis and Maintenance, 10.1109/ICSA51549.2021.00022
[6] Source: Determination and Enforcement of Least-Privilege Architecture in Android, 10.1109/ICSA.2017.18
[7] Source: Quantitative Verification-Aided Machine Learning: A Tandem Approach for Architecting Self-Adaptive IoT Systems, 10.1109/ICSA47634.2020.00010
","['2018', '2020']",0.833,0.667,0.581,0.436,1.0,1.0,0.5,0.83,0.62,0.74,0.67,0.83,0.74,0.79,0.46,1.0,0.63,0.81,0.67,1.0,0.8,0.91,0.5,0.667,0.462,0.667,0.03,0.19,0.11,0.89,0.12,0.07,0.61,0.16,0.09,0.74,0.0,11894.627095222473,0.0,21862,0,0.0,,0,0.0,,,0.0,0.0,,0.0,0.0,https://wandb.ai/kastel-sdq-meta-research/experiment_baseline/r/call/01a05fd0-3586-7472-be98-f5811385cb78,retrieval_config,False,KitToolbox,kit.qwen3-embedding-8b,10,10,True,cosine,True,False,10,-1,8,False,False,1,False,-1,-1,False,,['R659055'],['Paper'],False,False,False,kg_retrieval,hublink,kittoolbox_kit.minimax-m2.7-229b_tmpNone_maxt-1_reasoningNone,KitToolbox,kit.minimax-m2.7-229b,,-1,,kittoolbox_kit.minimax-m2.7-229b_tmpNone_maxt-1_reasoningNone,KitToolbox,kit.minimax-m2.7-229b,,-1,,orkg_merged_ecsa_icsa.json_jsonpublicationloader_limit-1,['paper_class'],['research_level'],['first_research_object'],['second_research_object'],['validity'],['evidence'],False,False,R659055,https://sandbox.orkg.org,-1,orkg,merged_ecsa_icsa.json_jsonpublicationloader_limit-1,merged_ecsa_icsa.json,JsonPublicationLoader,-1,,4000,2,generation_kittoolbox_kit.minimax-m2.7-229b_tmpNone_maxt-1_reasoningNone,generation,kittoolbox_kit.minimax-m2.7-229b_tmpNone_maxt-1_reasoningNone,KitToolbox,kit.minimax-m2.7-229b,,-1,,"['(R869680:Research Object Entity, Name, L1522761:Architecture Extraction)', '(R870521:From Monolithic Architecture Style to Microservice one Based on a Semi-Automatic Approach, publication year, L1524530:2020)', '(R870630:Quantitative Verification-Aided Machine Learning: A Tandem Approach for Architecting Self-Adaptive IoT Systems, publication year, L1524759:2020)', '(R870521:From Monolithic Architecture Style to Microservice one Based on a Semi-Automatic Approach, contribution, R870542:First Research Object 2)', '(R870542:First Research Object 2, Object, R870548:Research Object List)', '(R870548:Research Object List, Entity, R870549:Research Object Entity)', '(R870549:Research Object Entity, Name, L1524582:Architecture Extraction)', '(R873855:Towards Micro Service Architecture Recovery: An Empirical Study, publication year, L1531379:2018)', '(R869648:A Platform for the Automated Provisioning of Architecture Information for Large-Scale Service-Oriented Software Systems, publication year, L1522702:2018)', '(R873855:Towards Micro Service Architecture Recovery: An Empirical Study, contribution, R873878:First Research Object 2)', '(R873878:First Research Object 2, Object, R873886:Research Object List)', '(R873886:Research Object List, Entity, R873887:Research Object Entity)', '(R873887:Research Object Entity, Name, L1531437:Architecture Extraction)']",How often is the research object Architecture Extraction investigated in papers published in the publication year 2018 in comparison to the publication year 2020?,"The research object Architecture Extraction is investigated in two papers published in 2018, compared to one paper in 2020.","['10.1109/ICSA.2018.00014', '10.1109/ICSA.2018.00014', '10.1109/ICSA47634.2020.00023', '10.1109/ICSA47634.2020.00023', '10.1007/978-3-030-00761-4_14', '10.1007/978-3-030-00761-4_14']",,"['(R873887:Research Object Entity, Name, L1531437:Architecture Extraction)', '(R873855:Towards Micro Service Architecture Recovery: An Empirical Study, publication year, L1531379:2018)', '(R870549:Research Object Entity, Name, L1524582:Architecture Extraction)', '(R870521:From Monolithic Architecture Style to Microservice one Based on a Semi-Automatic Approach, publication year, L1524530:2020)', '(R869680:Research Object Entity, Name, L1522761:Architecture Extraction)', '(R869648:A Platform for the Automated Provisioning of Architecture Information for Large-Scale Service-Oriented Software Systems, publication year, L1522702:2018)']",clustering_strategy,R659055,Software Architecture and Design,5,How many research objects with the name [Content Data: research object name] have been investigated in papers published in the publication year [year 1] in comparison to the publication year [year 2]?
126,800d5973d1783ef79636e6d3632d4b8a,3c251bef-217a-4f5c-9ea7-584cf535dfdc,"

The sources do not provide any information about how many times architecture patterns were investigated in 2018 or in 2020, nor do they offer a comparative count for the two years [1][2].

[1] Source: Empowering SysML-Based Software Architecture Description with Formal Verification: From SysADL to CSP, 10.1007/978-3-030-58923-3_7
[2] Source: From Monolithic Architecture Style to Microservice one Based on a Semi-Automatic Approach, 10.1109/ICSA47634.2020.00023
","['2018', '2020']",0.0,0.0,0.0,0.0,0.0,0.0,0.0,0.0,0.0,0.0,0.0,0.0,0.0,0.0,0.0,0.0,0.0,0.0,0.0,0.0,0.0,0.0,0.0,0.0,0.0,0.0,0.11,0.35,0.33,0.38,0.23,0.22,0.25,0.32,0.3,0.34,0.0,431.2314929962158,0.0,25431,0,0.0,,0,0.0,,,0.0,0.0,,0.0,0.0,https://wandb.ai/kastel-sdq-meta-research/experiment_baseline/r/call/01a05fd0-7240-7337-bd03-8e2fd243e021,retrieval_config,False,KitToolbox,kit.qwen3-embedding-8b,10,10,True,cosine,True,False,10,-1,8,False,False,1,False,-1,-1,False,,['R659055'],['Paper'],False,False,False,kg_retrieval,hublink,kittoolbox_kit.minimax-m2.7-229b_tmpNone_maxt-1_reasoningNone,KitToolbox,kit.minimax-m2.7-229b,,-1,,kittoolbox_kit.minimax-m2.7-229b_tmpNone_maxt-1_reasoningNone,KitToolbox,kit.minimax-m2.7-229b,,-1,,orkg_merged_ecsa_icsa.json_jsonpublicationloader_limit-1,['paper_class'],['research_level'],['first_research_object'],['second_research_object'],['validity'],['evidence'],False,False,R659055,https://sandbox.orkg.org,-1,orkg,merged_ecsa_icsa.json_jsonpublicationloader_limit-1,merged_ecsa_icsa.json,JsonPublicationLoader,-1,,4000,2,generation_kittoolbox_kit.minimax-m2.7-229b_tmpNone_maxt-1_reasoningNone,generation,kittoolbox_kit.minimax-m2.7-229b_tmpNone_maxt-1_reasoningNone,KitToolbox,kit.minimax-m2.7-229b,,-1,,"['(R870521:From Monolithic Architecture Style to Microservice one Based on a Semi-Automatic Approach, publication year, L1524530:2020)']",How many times have architecture patterns been investigated in 2018 in comparison to 2020?,The number of times architecture patterns have been investigated in 2018 in comparison to 2020 is the same; architecture patterns were investigated twice in 2018 and twice in 2020.,"['10.1109/ICSA47634.2020.00019', '10.1109/ICSA47634.2020.00019', '10.1109/ICSA47634.2020.00026', '10.1109/ICSA47634.2020.00026', '10.1109/ICSA.2018.00011', '10.1109/ICSA.2018.00011', '10.1007/978-3-030-00761-4_21', '10.1007/978-3-030-00761-4_21']",,"['(R869887:Research Object Entity, Name, L1523202:Architecture Pattern)', '(R869851:Model-Based Analysis of Microservice Resiliency Patterns, publication year, L1523137:2020)', '(R870830:Research Object Entity, Name, L1525177:Architecture Pattern)', '(R870792:Architectural Patterns for Cross-Domain Personalised Automotive Functions, publication year, L1525115:2020)', '(R874027:Research Object Entity, Name, L1531723:Architecture Pattern)', '(R873993:Reducing Development Overheads with a Generic and Model-Centric Architecture for Online Games, publication year, L1531662:2018)', '(R870420:Research Object Entity, Name, L1524302:Architecture Pattern)', '(R870380:Identifying and Prioritizing Architectural Debt Through Architectural Smells: A Case Study in a Large Software Company, publication year, L1524234:2018)']",clustering_strategy,R659055,Software Architecture and Design,5,How many research objects with the name [Content Data: research object name] have been published in [Metadata: year] in comparison to [Metadata: year]?
127,800d5973d1783ef79636e6d3632d4b8a,eafdb4ba-3efe-495d-a4e4-efe1b9ae8a83,"

Based on the provided sources, the Questionnaire evaluation method is used in one paper published in 2020 and in two papers published in 2021. Specifically:

- **2020**: Only ""Determining Microservice Boundaries: A Case Study Using Static and Dynamic Software Analysis"" uses the Questionnaire evaluation method [2]. The other two papers from 2020 mentioned—""From Monolithic Architecture Style to Microservice one Based on a Semi‑Automatic Approach"" [5] and ""Enforcing Architectural Security Decisions"" [6]—do not use this method.
- **2021**: Two papers use the Questionnaire evaluation method: ""How Software Architects Focus Their Attention"" [1] and ""Continuous API Evolution in Heterogenous Enterprise Software Systems"" [4]. The third paper from 2021, ""A Machine Learning Approach to Service Discovery for Microservice Architectures"" [3], does not mention using Questionnaire.

Therefore, the Questionnaire evaluation method was applied in 1 out of 3 papers from 2020 and in 2 out of 3 papers from 2021, indicating a higher frequency in 2021. However, these findings are based on a limited sample and may not reflect broader trends.

[1] Source: How Software Architects Focus Their Attention, 10.1007/978-3-030-86044-8_21
[2] Source: Determining Microservice Boundaries: A Case Study Using Static and Dynamic Software Analysis, 10.1007/978-3-030-58923-3_21
[3] Source: A Machine Learning Approach to Service Discovery for Microservice Architectures, 10.1007/978-3-030-86044-8_5
[4] Source: Continuous API Evolution in Heterogenous Enterprise Software Systems, 10.1109/ICSA51549.2021.00014
[5] Source: From Monolithic Architecture Style to Microservice one Based on a Semi-Automatic Approach, 10.1109/ICSA47634.2020.00023
[6] Source: Enforcing Architectural Security Decisions, 10.1109/ICSA47634.2020.00012
","['2020', '2021']",0.667,0.583,0.212,0.282,0.167,1.0,0.4,0.67,0.5,0.59,0.57,0.67,0.62,0.65,0.31,0.83,0.45,0.62,0.5,0.83,0.62,0.74,0.4,0.571,0.312,0.5,0.01,0.2,0.12,0.69,0.05,0.03,0.18,0.17,0.1,0.59,1.0,1023.0212252140045,0.0,68029,0,0.0,,0,0.0,,,0.0,0.0,,0.0,0.0,https://wandb.ai/kastel-sdq-meta-research/experiment_baseline/r/call/01a05fd3-f631-7eb7-9339-c39938305db4,retrieval_config,False,KitToolbox,kit.qwen3-embedding-8b,10,10,True,cosine,True,False,10,-1,8,False,False,1,False,-1,-1,False,,['R659055'],['Paper'],False,False,False,kg_retrieval,hublink,kittoolbox_kit.minimax-m2.7-229b_tmpNone_maxt-1_reasoningNone,KitToolbox,kit.minimax-m2.7-229b,,-1,,kittoolbox_kit.minimax-m2.7-229b_tmpNone_maxt-1_reasoningNone,KitToolbox,kit.minimax-m2.7-229b,,-1,,orkg_merged_ecsa_icsa.json_jsonpublicationloader_limit-1,['paper_class'],['research_level'],['first_research_object'],['second_research_object'],['validity'],['evidence'],False,False,R659055,https://sandbox.orkg.org,-1,orkg,merged_ecsa_icsa.json_jsonpublicationloader_limit-1,merged_ecsa_icsa.json,JsonPublicationLoader,-1,,4000,2,generation_kittoolbox_kit.minimax-m2.7-229b_tmpNone_maxt-1_reasoningNone,generation,kittoolbox_kit.minimax-m2.7-229b_tmpNone_maxt-1_reasoningNone,KitToolbox,kit.minimax-m2.7-229b,,-1,,"['(R870431:Determining Microservice Boundaries: A Case Study Using Static and Dynamic Software Analysis, contribution, R2156283:First Research Object 2)', '(R2156283:First Research Object 2, evaluation, R2156323:Evaluation)', '(R2156323:Evaluation, Evaluation method, R2156325:Evaluation Method List)', '(R2156325:Evaluation Method List, Entity, R2156327:Evaluation Method Entity)', '(R2156327:Evaluation Method Entity, Name, L2809683:Questionnaire)', '(R868509:Evaluation Method Entity, Name, L1520249:Questionnaire)', '(R868485:How Software Architects Focus Their Attention, publication year, L1520199:2021)', '(R874338:Continuous API Evolution in Heterogenous Enterprise Software Systems, publication year, L1532404:2021)', '(R870431:Determining Microservice Boundaries: A Case Study Using Static and Dynamic Software Analysis, publication year, L1524342:2020)', '(R874338:Continuous API Evolution in Heterogenous Enterprise Software Systems, contribution, R874367:First Research Object 2)', '(R874367:First Research Object 2, evaluation, R874368:Evaluation)', '(R874368:Evaluation, Evaluation method, R874369:Evaluation Method List)', '(R874369:Evaluation Method List, Entity, R874370:Evaluation Method Entity)', '(R874370:Evaluation Method Entity, Name, L1532465:Questionnaire)', '(R874367:First Research Object 2, evaluation, R874374:Evaluation)', '(R874374:Evaluation, properties, R874379:Property)']",How often is the evaluation method Questionnaire applied in papers published in the publication year 2020 in comparison to the publication year 2021?,"The evaluation method Questionnaire is applied once in papers published in the publication year 2020, in comparison to being applied twice in papers published in the publication year 2021.","['10.1109/ICSA51549.2021.00014', '10.1109/ICSA51549.2021.00014', '10.1007/978-3-030-86044-8_21', '10.1007/978-3-030-86044-8_21', '10.1007/978-3-030-58923-3_21', '10.1007/978-3-030-58923-3_21']",,"['(R874370:Evaluation Method Entity, Name, L1532465:Questionnaire)', '(R874338:Continuous API Evolution in Heterogenous Enterprise Software Systems, publication year, L1532404:2021)', '(R868509:Evaluation Method Entity, Name, L1520249:Questionnaire)', '(R868485:How Software Architects Focus Their Attention, publication year, L1520199:2021)', '(R870466:Evaluation Method Entity, Name, L1524404:Questionnaire)', '(R870431:Determining Microservice Boundaries: A Case Study Using Static and Dynamic Software Analysis, publication year, L1524342:2020)']",clustering_strategy,R659055,Software Architecture and Design,6,How many evaluation methods with the name [Content Data: evaluation method name] have been published in [Metadata: year] in comparison to [Metadata: year]?
128,800d5973d1783ef79636e6d3632d4b8a,c38533ba-7e3f-4307-be53-2862558ba6c3,No context has been found for the given question.,"['2020', '2021']",0.0,0.0,0.0,0.0,0.0,0.0,0.0,0.0,0.0,0.0,0.0,0.0,0.0,0.0,0.0,0.0,0.0,0.0,0.0,0.0,0.0,0.0,0.0,0.0,0.0,0.0,0.0,0.14,0.33,0.09,0.0,0.0,0.0,0.09,0.22,0.06,0.0,878.1454021930695,0.0030865499999999995,47934,0,0.0,,0,0.0,,,0.0,0.0,,0.0,0.0,https://wandb.ai/kastel-sdq-meta-research/experiment_baseline/r/call/01a05fd6-746d-7971-95b4-83abe3288109,retrieval_config,False,KitToolbox,kit.qwen3-embedding-8b,10,10,True,cosine,True,False,10,-1,8,False,False,1,False,-1,-1,False,,['R659055'],['Paper'],False,False,False,kg_retrieval,hublink,kittoolbox_kit.minimax-m2.7-229b_tmpNone_maxt-1_reasoningNone,KitToolbox,kit.minimax-m2.7-229b,,-1,,kittoolbox_kit.minimax-m2.7-229b_tmpNone_maxt-1_reasoningNone,KitToolbox,kit.minimax-m2.7-229b,,-1,,orkg_merged_ecsa_icsa.json_jsonpublicationloader_limit-1,['paper_class'],['research_level'],['first_research_object'],['second_research_object'],['validity'],['evidence'],False,False,R659055,https://sandbox.orkg.org,-1,orkg,merged_ecsa_icsa.json_jsonpublicationloader_limit-1,merged_ecsa_icsa.json,JsonPublicationLoader,-1,,4000,2,generation_kittoolbox_kit.minimax-m2.7-229b_tmpNone_maxt-1_reasoningNone,generation,kittoolbox_kit.minimax-m2.7-229b_tmpNone_maxt-1_reasoningNone,KitToolbox,kit.minimax-m2.7-229b,,-1,,,How many times have interviews been applied for evaluation in 2020 in comparison to 2021?,"The number of times interviews have been applied for evaluation in 2020 in comparison to 2021 is as follows: in 2020, interviews were not applied, while in 2021, interviews were applied in three papers.","['10.1109/ICSA51549.2021.00013', '10.1109/ICSA51549.2021.00013', '10.1109/ICSA51549.2021.00010', '10.1109/ICSA51549.2021.00010', '10.1109/ICSA51549.2021.00020', '10.1109/ICSA51549.2021.00020', '10.1007/978-3-030-86044-8_14', '10.1007/978-3-030-86044-8_14']",,"['(R869337:Evaluation Method Entity, Name, L1522029:Interview)', '(R869312:A Decision Model for Choosing Patterns in Blockchain-Based Applications, publication year, L1521979:2021)', '(R874237:Evaluation Method Entity, Name, L1532186:Interview)', '(R874205:System- and Software-level Architecting Harmonization Practices for Systems-of-Systems : An exploratory case study on a long-running large-scale scientific instrument, publication year, L1532127:2021)', '(R873514:Evaluation Method Entity, Name, L1530665:Interview)', '(R873233:Aligning Architecture with Business Goals in the Automotive Domain, publication year, L1530089:2021)', '(R873252:Evaluation Method Entity, Name, L1530118:Interview)', '(R873486:State of the Practice in Application Programming Interfaces (APIs): A Case Study, publication year, L1530611:2021)']",clustering_strategy,R659055,Software Architecture and Design,6,How many evaluation methods with the name [Content Data: evaluation method name] have been published in [Metadata: year] in comparison to [Metadata: year]?
129,800d5973d1783ef79636e6d3632d4b8a,2025048a-6b67-4553-bb99-8330bad2bd56,"

The research objects that appear in Uwe Zdun’s publications **without any reported evaluation method** are:

| Paper (by Uwe Zdun) | Research object lacking an evaluation method | Source |
|----------------------|-----------------------------------------------|--------|
| “Identifying Domain‑Based Cyclic Dependencies in Microservice APIs Using Source Code Detectors” | **Second Research Object 2** – the work is described but no evaluation method is attributed to it. | 【2】【3】 |
| “Guiding Architectural Decision Making on Service Mesh Based Microservice Architectures” | **Evidence 2** – the contribution is presented with tool support and input data, yet no evaluation method is mentioned. | 【4】【5】【6】 |

*Note:* Sources [1] and [7] discuss only “First Research Object 2” and state that it was evaluated (e.g., via Grounded Theory or a controlled experiment). They do not identify any object without an evaluation method, whereas the other sources explicitly point to the two objects listed above.

[1] Source: Assessing Architecture Conformance to Coupling-Related Patterns and Practices in Microservices, 10.1007/978-3-030-58923-3_1
[7] Source: Supporting Architectural Decision Making on Data Management in Microservice Architectures, 10.1007/978-3-030-29983-5_2
",['Uwe Zdun'],0.0,0.0,0.0,0.0,0.0,0.0,0.0,0.0,0.0,0.0,0.0,0.0,0.0,0.0,0.0,0.0,0.0,0.0,0.0,0.0,0.0,0.0,0.0,0.0,0.0,0.0,0.02,0.23,0.14,0.66,0.09,0.05,0.25,0.18,0.11,0.52,1.0,11555.421915054321,0.0,71760,0,0.0,,0,0.0,,,0.0,0.0,,0.0,0.0,https://wandb.ai/kastel-sdq-meta-research/experiment_baseline/r/call/01a05fd7-2c50-7ac8-a7b8-2b93593a5300,retrieval_config,False,KitToolbox,kit.qwen3-embedding-8b,10,10,True,cosine,True,False,10,-1,8,False,False,1,False,-1,-1,False,,['R659055'],['Paper'],False,False,False,kg_retrieval,hublink,kittoolbox_kit.minimax-m2.7-229b_tmpNone_maxt-1_reasoningNone,KitToolbox,kit.minimax-m2.7-229b,,-1,,kittoolbox_kit.minimax-m2.7-229b_tmpNone_maxt-1_reasoningNone,KitToolbox,kit.minimax-m2.7-229b,,-1,,orkg_merged_ecsa_icsa.json_jsonpublicationloader_limit-1,['paper_class'],['research_level'],['first_research_object'],['second_research_object'],['validity'],['evidence'],False,False,R659055,https://sandbox.orkg.org,-1,orkg,merged_ecsa_icsa.json_jsonpublicationloader_limit-1,merged_ecsa_icsa.json,JsonPublicationLoader,-1,,4000,2,generation_kittoolbox_kit.minimax-m2.7-229b_tmpNone_maxt-1_reasoningNone,generation,kittoolbox_kit.minimax-m2.7-229b_tmpNone_maxt-1_reasoningNone,KitToolbox,kit.minimax-m2.7-229b,,-1,,"['(R869567:authors list, has list element, L1522515:Uwe Zdun)', '(R872980:Supporting Architectural Decision Making on Data Management in Microservice Architectures, authors, R872981:authors list)', '(R872981:authors list, has list element, L1529591:Uwe Zdun)', '(R872980:Supporting Architectural Decision Making on Data Management in Microservice Architectures, contribution, R873002:First Research Object 2)', '(R873002:First Research Object 2, evaluation, R873003:Evaluation)', '(R869566:Assessing Architecture Conformance to Coupling-Related Patterns and Practices in Microservices, contribution, R869587:First Research Object 2)', '(R869587:First Research Object 2, evaluation, R869588:Evaluation)', '(R873003:Evaluation, Evaluation method, R873004:Evaluation Method List)', '(R873004:Evaluation Method List, Entity, R873005:Evaluation Method Entity)', '(R873005:Evaluation Method Entity, Name, L1529647:Grounded Theory)', '(R869588:Evaluation, Evaluation method, R869589:Evaluation Method List)', '(R869590:Evaluation Method Entity, Name, L1522568:Grounded Theory)']",What are the research objects that have been investigated in papers by the author Uwe Zdun to which no evaluation method has been applied?,The research objects that have been investigated in papers by the author Uwe Zdun to which no evaluation method has been applied are Architecture Optimization Method and Architectural Aspects.,"['10.1109/ICSA51549.2021.00012', '10.1109/ICSA51549.2021.00012', '10.1109/ICSA51549.2021.00012', '10.1007/978-3-030-86044-8_15', '10.1007/978-3-030-86044-8_15', '10.1007/978-3-030-86044-8_15']",,"['(R869265:authors list, has list element, L1521866:Uwe Zdun)', '(R869298:Evaluation, Evaluation method, L1521934:False)', '(R869300:Research Object Entity, Name, L1521937:Architecture Optimization Method)', '(R871897:authors list, has list element, L1527351:Uwe Zdun)', '(R871930:Evaluation, Evaluation method, L1527415:False)', '(R871932:Research Object Entity, Name, L1527418:Architectural Aspects)']",clustering_strategy,R659055,Software Architecture and Design,5,"What are the names of the research objects, that have been investigated in papers by the author [Metadata: author name], where no evaluation method has been applied to?"
130,800d5973d1783ef79636e6d3632d4b8a,f08d5a22-a10b-41f8-b6da-8e5451777861,"

**Evaluation methods reported as being used by Muhammad Babar without an accompanying evaluation guideline**

| Evaluation method (as described in the source material) | Guideline status (as reported) | Source(s) |
|--------------------------------------------------------|-------------------------------|-----------|
| **Case Study**                                        | No guideline (Has Guideline = False) | [1] |
| **Argumentation**                                      | No guideline (Has Guideline = False) | [2] |
| **Technical Experiment**                               | No guideline (Has Guideline = False) | [3] |
| **Evaluation of First Research Object 2**              | No guideline (Has Guideline = False) | [4] [5] [7] |
| **Validity 2 assessment** (threats‑to‑validity)        | No guideline (reference flag = False) | [5] [7] |
| **Functional Suitability evaluation**                  | No guideline (no mention of a guideline) | [5] |
| **Product‑Quality evaluation**                         | No guideline (no mention of a guideline) | [5] |
| **Evaluation‑research classification (Paper Class 2)** | No guideline associated with the classification | [7] |

These items are explicitly identified in the provided partial answers as evaluation activities that were performed **without** an evaluation guideline (e.g., the “Has Guideline” attribute is recorded as *false* or the reference flag is *false*).

**Conflicting information**

- Partial answers [6] and [8] state that the only explicitly identified evaluation method is **Interview**, which is described as having a guideline, and they report that no evaluation methods were applied without a guideline.  
- Partial answer [8] further asserts that all described evaluation activities “include guidelines,” contradicting the other sources that list methods without guidelines.

Thus, the source material contains contradictory statements regarding whether Muhammad Babar used any evaluation methods without an accompanying evaluation guideline. The table above summarises the methods that are **explicitly reported** in the partial answers as being used without a guideline.

[1] Source: A Blockchain-Based Micro Economy Platform for Distributed Infrastructure Initiatives, 10.1109/ICSA.2018.00010
[2] Source: Towards a Reference Architecture for Cloud-Based Plant Genotyping and Phenotyping Analysis Frameworks, 10.1109/ICSA.2017.42
[3] Source: ArCode: Facilitating the Use of Application Frameworks to Implement Tactics and Patterns, 10.1109/ICSA51549.2021.00021
[4] Source: An Architecture-Driven Adaptation Approach for Big Data Cyber Security Analytics, 10.1109/ICSA.2019.00013
[5] Source: Architecture-Centric Support for Integrating Security Tools in a Security Orchestration Platform, 10.1007/978-3-030-58923-3_11
[6] Source: State of the Practice in Application Programming Interfaces (APIs): A Case Study, 10.1007/978-3-030-86044-8_14
[7] Source: Anatomy, Concept, and Design Space of Blockchain Networks, 10.1109/ICSA47634.2020.00020
[8] Source: How Developers Discuss Architecture Smells? An Exploratory Study on Stack Overflow, 10.1109/ICSA.2019.00018
",['Muhammad Babar'],0.444,0.0,0.378,0.394,1.0,1.0,0.4,0.44,0.42,0.43,0.47,0.44,0.46,0.45,0.16,0.56,0.24,0.37,0.24,0.61,0.34,0.47,0.4,0.471,0.156,0.239,0.01,0.17,0.09,0.88,0.06,0.03,0.32,0.1,0.05,0.5,0.0,10839.626087665558,0.0,14203,0,0.0,,0,0.0,,,0.0,0.0,,0.0,0.0,https://wandb.ai/kastel-sdq-meta-research/experiment_baseline/r/call/01a05fe3-e262-7820-bb15-9b344bdfbb01,retrieval_config,False,KitToolbox,kit.qwen3-embedding-8b,10,10,True,cosine,True,False,10,-1,8,False,False,1,False,-1,-1,False,,['R659055'],['Paper'],False,False,False,kg_retrieval,hublink,kittoolbox_kit.minimax-m2.7-229b_tmpNone_maxt-1_reasoningNone,KitToolbox,kit.minimax-m2.7-229b,,-1,,kittoolbox_kit.minimax-m2.7-229b_tmpNone_maxt-1_reasoningNone,KitToolbox,kit.minimax-m2.7-229b,,-1,,orkg_merged_ecsa_icsa.json_jsonpublicationloader_limit-1,['paper_class'],['research_level'],['first_research_object'],['second_research_object'],['validity'],['evidence'],False,False,R659055,https://sandbox.orkg.org,-1,orkg,merged_ecsa_icsa.json_jsonpublicationloader_limit-1,merged_ecsa_icsa.json,JsonPublicationLoader,-1,,4000,2,generation_kittoolbox_kit.minimax-m2.7-229b_tmpNone_maxt-1_reasoningNone,generation,kittoolbox_kit.minimax-m2.7-229b_tmpNone_maxt-1_reasoningNone,KitToolbox,kit.minimax-m2.7-229b,,-1,,"['(R870015:authors list, has list element, L1523469:Muhammad Babar)', '(R869183:authors list, has list element, L1521691:Muhammad Babar)', '(R871384:authors list, has list element, L1526315:Muhammad Babar)', '(R872587:Evaluation, Has Guideline, L1528792:False)', '(R874707:First Research Object 2, evaluation, R874708:Evaluation)', '(R874708:Evaluation, Has Guideline, L1533182:False)', '(R871464:Evaluation, Has Guideline, L1526473:False)', '(R869182:Anatomy, Concept, and Design Space of Blockchain Networks, contribution, R869205:First Research Object 2)', '(R869205:First Research Object 2, evaluation, R869206:Evaluation)', '(R869206:Evaluation, Has Guideline, L1521745:False)', '(R871404:First Research Object 2, evaluation, R871405:Evaluation)', '(R871405:Evaluation, Has Guideline, L1526367:False)', '(R2156164:First Research Object 2, evaluation, R2156177:Evaluation)', '(R2156177:Evaluation, Has Guideline, L2809559:False)', '(R871383:Architecture-Centric Support for Integrating Security Tools in a Security Orchestration Platform, contribution, R871415:Validity 2)', '(R871415:Validity 2, Referenced Threats to Validity Guideline, L1526384:False)', '(R869182:Anatomy, Concept, and Design Space of Blockchain Networks, contribution, R869218:Validity 2)', '(R869218:Validity 2, Referenced Threats to Validity Guideline, L1521763:False)', '(R871405:Evaluation, properties, R871408:Property)', '(R871409:Property, Name, L1526368:Functional Suitability)', '(R871466:Evaluation Method Entity, Name, L1526472:Technical Experiment)', '(R871457:Evaluation Method Entity, Name, L1526466:Technical Experiment)', '(R872587:Evaluation, Evaluation method, R872588:Evaluation Method List)', '(R872588:Evaluation Method List, Entity, R872589:Evaluation Method Entity)', '(R872589:Evaluation Method Entity, Name, L1528791:Argumentation)', '(R870038:First Research Object 2, evaluation, R870039:Evaluation)', '(R869182:Anatomy, Concept, and Design Space of Blockchain Networks, contribution, R869203:Paper Class 2)', '(R869203:Paper Class 2, evaluation research, L1521741:True)', '(R874708:Evaluation, Evaluation method, R874709:Evaluation Method List)', '(R874709:Evaluation Method List, Entity, R874710:Evaluation Method Entity)', '(R874710:Evaluation Method Entity, Name, L1533181:Case Study)', '(R871408:Property, Name, L1526369:Product Quality)']",What evaluation methods have been used by the author Muhammad Babar and were not applied with an evaluation guideline?,The evaluation methods that have been used by the author Muhammad Babar and were not applied with an evaluation guideline are Technical Experiment and Case Study.,"['10.1109/ICSA.2019.00013', '10.1109/ICSA.2019.00013', '10.1109/ICSA.2019.00013', '10.1109/ICSA47634.2020.00020', '10.1109/ICSA47634.2020.00020', '10.1109/ICSA47634.2020.00020', '10.1007/978-3-030-58923-3_11', '10.1007/978-3-030-58923-3_11', '10.1007/978-3-030-58923-3_11']",,"['(R870015:authors list, has list element, L1523469:Muhammad Babar)', '(R870039:Evaluation, Has Guideline, L1523524:False)', '(R870041:Evaluation Method Entity, Name, L1523523:Technical Experiment)', '(R869183:authors list, has list element, L1521691:Muhammad Babar)', '(R869206:Evaluation, Has Guideline, L1521745:False)', '(R869208:Evaluation Method Entity, Name, L1521744:Case Study)', '(R871384:authors list, has list element, L1526315:Muhammad Babar)', '(R871405:Evaluation, Has Guideline, L1526367:False)', '(R871407:Evaluation Method Entity, Name, L1526366:Case Study)']",clustering_strategy,R659055,Software Architecture and Design,6,What evaluation methods that have been published by the author [Metadata: author name] have no evaluation guidelines?
131,800d5973d1783ef79636e6d3632d4b8a,64fa2927-d8ea-48b1-b16d-c1736a6eb076,"

The supplied texts name only one evaluation method that is explicitly identified – **Technical Experiment** – and they do not indicate that a guideline was used in connection with this method.  

- In the paper *Improving the Search for Architecture Knowledge in Online Developer Communities* the evaluation is described as a Technical Experiment【2】.  
- In *Reducing Development Overheads with a Generic and Model‑Centric Architecture for Online Games* the same method, Technical Experiment, is listed【3】.  

Both of these references state that the evaluation was performed, but they contain **no mention of a guideline**, which suggests that the evaluation was carried out **without a guideline**.  

For the only paper that is explicitly attributed to Johannes Grohmann – *Incremental Calibration of Architectural Performance Models with Parametric Dependencies* – the texts note that the contribution was assessed with respect to the property “Quality in Use,” but they **do not specify the evaluation method** nor do they mention any guideline【4】.  

Consequently, based on the provided partial answers:

- **Technical Experiment** is the only evaluation method that is clearly identified, and it appears to have been applied **without a guideline**.  
- For Johannes Grohmann’s own paper, the evaluation method is not stated, so no method can be identified as having been applied without a guideline.  

**References**  
- Technical Experiment (no guideline mentioned)【2】【3】  
- Evaluation property “Quality in Use” (method not stated)【4】

",['Johannes Grohmann'],0.0,0.083,0.0,0.017,0.0,0.167,0.0,0.0,0.0,0.0,0.1,0.08,0.09,0.09,0.0,0.0,0.0,0.0,0.1,0.08,0.09,0.09,0.0,0.1,0.0,0.1,0.01,0.12,0.07,0.71,0.07,0.04,0.45,0.11,0.06,0.62,0.0,10815.306297063828,0.0,63547,0,0.0,,0,0.0,,,0.0,0.0,,0.0,0.0,https://wandb.ai/kastel-sdq-meta-research/experiment_baseline/r/call/01a05fe3-e4b9-746a-b5bc-3a9bfb716c42,retrieval_config,False,KitToolbox,kit.qwen3-embedding-8b,10,10,True,cosine,True,False,10,-1,8,False,False,1,False,-1,-1,False,,['R659055'],['Paper'],False,False,False,kg_retrieval,hublink,kittoolbox_kit.minimax-m2.7-229b_tmpNone_maxt-1_reasoningNone,KitToolbox,kit.minimax-m2.7-229b,,-1,,kittoolbox_kit.minimax-m2.7-229b_tmpNone_maxt-1_reasoningNone,KitToolbox,kit.minimax-m2.7-229b,,-1,,orkg_merged_ecsa_icsa.json_jsonpublicationloader_limit-1,['paper_class'],['research_level'],['first_research_object'],['second_research_object'],['validity'],['evidence'],False,False,R659055,https://sandbox.orkg.org,-1,orkg,merged_ecsa_icsa.json_jsonpublicationloader_limit-1,merged_ecsa_icsa.json,JsonPublicationLoader,-1,,4000,2,generation_kittoolbox_kit.minimax-m2.7-229b_tmpNone_maxt-1_reasoningNone,generation,kittoolbox_kit.minimax-m2.7-229b_tmpNone_maxt-1_reasoningNone,KitToolbox,kit.minimax-m2.7-229b,,-1,,"['(R873993:Reducing Development Overheads with a Generic and Model-Centric Architecture for Online Games, contribution, R874017:First Research Object 2)', '(R874017:First Research Object 2, evaluation, R874018:Evaluation)', '(R874018:Evaluation, Evaluation method, R874019:Evaluation Method List)', '(R874019:Evaluation Method List, Entity, R874020:Evaluation Method Entity)', '(R874020:Evaluation Method Entity, Name, L1531716:Technical Experiment)', '(R872215:First Research Object 2, evaluation, R872216:Evaluation)', '(R872216:Evaluation, properties, R872219:Property)', '(R872219:Property, Name, L1528033:Product Quality)']",What are the evaluation methods that were applied without a guideline in papers published by Johannes Grohmann?,The evaluation methods that were applied without a guideline in papers published by Johannes Grohmann are Technical Experiment and Case Study.,"['10.1109/ICSA.2019.00016', '10.1109/ICSA.2019.00016', '10.1109/ICSA.2019.00016', '10.1109/ICSA47634.2020.00011', '10.1109/ICSA47634.2020.00011', '10.1109/ICSA47634.2020.00011']",,"['(R872195:authors list, has list element, L1527978:Johannes Grohmann)', '(R872216:Evaluation, Has Guideline, L1528031:False)', '(R872218:Evaluation Method Entity, Name, L1528030:Technical Experiment)', '(R870060:authors list, has list element, L1523562:Johannes Grohmann)', '(R870083:Evaluation, Has Guideline, L1523616:False)', '(R870085:Evaluation Method Entity, Name, L1523615:Case Study)']",clustering_strategy,R659055,Software Architecture and Design,6,What evaluation methods that have been published by the author [Metadata: author name] have no evaluation guidelines?
132,800d5973d1783ef79636e6d3632d4b8a,783f1a51-be51-4c07-8098-073401b81bd4,"

**Research objects in Davide Arcelli’s publications that were investigated without using input data**

| Research object | Where it appears (publication) | Input‑data status (as stated in the sources) |
|-----------------|--------------------------------|-----------------------------------------------|
| **First Research Object 2** | • *Exploiting Architecture/Runtime Model‑Driven Traceability for Performance Improvement* – no indication that input data were used【2】.<br>• *Empirical Insights into the Evolving Role of Architects in Decision‑Making in an Agile Context* – explicitly reports that no input data were employed【5】. | According to sources [2] and [5] this object was investigated without input data. |
| **Second Research Object** | *Empirical Insights into the Evolving Role of Architects in Decision‑Making in an Agile Context* – the study does not use input data【5】. | No input data were used for this object【5】. |
| **Evidence 2** (treated as a research‑object in the source text) | Presented in the context of the investigation of First Research Object 2. One source notes that the contribution “does not use input data (input data recorded as *not available*)”【1】. Another source states that Evidence 2 “uses input data (though the data are unavailable)”【4】. | Conflicting information – one account says no input data were used【1】, while another says input data were used【4】. |

**Summary**

- The research objects that are **clearly reported as having no input‑data usage** are **First Research Object 2**【2】【5】 and **Second Research Object**【5】.  
- **Evidence 2** appears in the literature linked to Davide Arcelli’s work, but the sources disagree about whether it relies on input data【1】【4】.  

Thus, the most unambiguous examples of research objects investigated without input data in Davide Arcelli’s publications are **First Research Object 2** and **Second Research Object**.

[2] Source: Exploiting Architecture/Runtime Model-Driven Traceability for Performance Improvement, 10.1109/ICSA.2019.00017
[5] Source: Empirical Insights into the Evolving Role of Architects in Decision-Making in an Agile Context, 10.1007/978-3-030-00761-4_17
",['Davide Arcelli'],0.143,0.071,0.143,0.1,1.0,1.0,0.1,0.14,0.12,0.13,0.13,0.14,0.14,0.14,0.09,0.14,0.11,0.13,0.18,0.21,0.19,0.21,0.1,0.133,0.091,0.176,0.01,0.11,0.06,0.63,0.05,0.03,0.27,0.09,0.05,0.48,1.0,405.2886872291565,0.0,93720,0,0.0,,0,0.0,,,0.0,0.0,,0.0,0.0,https://wandb.ai/kastel-sdq-meta-research/experiment_baseline/r/call/01a06085-e853-75af-b86e-c74a9fb998a4,retrieval_config,False,KitToolbox,kit.qwen3-embedding-8b,10,10,True,cosine,True,False,10,-1,8,False,False,1,False,-1,-1,False,,['R659055'],['Paper'],False,False,False,kg_retrieval,hublink,kittoolbox_kit.minimax-m2.7-229b_tmpNone_maxt-1_reasoningNone,KitToolbox,kit.minimax-m2.7-229b,,-1,,kittoolbox_kit.minimax-m2.7-229b_tmpNone_maxt-1_reasoningNone,KitToolbox,kit.minimax-m2.7-229b,,-1,,orkg_merged_ecsa_icsa.json_jsonpublicationloader_limit-1,['paper_class'],['research_level'],['first_research_object'],['second_research_object'],['validity'],['evidence'],False,False,R659055,https://sandbox.orkg.org,-1,orkg,merged_ecsa_icsa.json_jsonpublicationloader_limit-1,merged_ecsa_icsa.json,JsonPublicationLoader,-1,,4000,2,generation_kittoolbox_kit.minimax-m2.7-229b_tmpNone_maxt-1_reasoningNone,generation,kittoolbox_kit.minimax-m2.7-229b_tmpNone_maxt-1_reasoningNone,KitToolbox,kit.minimax-m2.7-229b,,-1,,"['(R871815:authors list, has list element, L1527181:Davide Arcelli)', '(R873331:Input Data, available, L1530278:False)', '(R873301:Empirical Insights into the Evolving Role of Architects in Decision-Making in an Agile Context, contribution, R873322:First Research Object 2)', '(R873322:First Research Object 2, evaluation, R873323:Evaluation)', '(R873323:Evaluation, properties, R873326:Property)', '(R873327:Property, Name, L1530274:Functional Suitability)', '(R873323:Evaluation, Evaluation method, R873324:Evaluation Method List)', '(R873324:Evaluation Method List, Entity, R873325:Evaluation Method Entity)', '(R873325:Evaluation Method Entity, Name, L1530272:Interview)', '(R871814:Exploiting Architecture/Runtime Model-Driven Traceability for Performance Improvement, contribution, R871837:First Research Object 2)', '(R871848:Input Data, available, L1527242:False)']",What are the research objects that are investigated in publications from Davide Arcelli that have not used input data?,"The research objects published by Davide Arcelli that have not used input data are the Architecture Optimization Method, the Architecture Analysis Method, and the Architecture Design Method.","['10.1109/ICSA.2018.00020', '10.1109/ICSA.2018.00020', '10.1109/ICSA.2019.00017', '10.1109/ICSA.2019.00017', '10.1109/ICSA.2018.00020', '10.1109/ICSA.2019.00017', '10.1109/ICSA.2019.00017']",,"['(R871306:authors list, has list element, L1526166:Davide Arcelli)', '(R871337:Input Data, None, L1526229:True)', '(R871815:authors list, has list element, L1527181:Davide Arcelli)', '(R871848:Input Data, None, L1527244:True)', '(R871335:Research Object Entity, Name, L1526225:Architecture Optimization Method)', '(R871844:Research Object Entity, Name, L1527239:Architecture Analysis Method)', '(R871846:Research Object Entity, Name, L1527240:Architecture Design Method)']",clustering_strategy,R659055,Software Architecture and Design,5,"What research objects, that have been published by the author [Metadata: author name] have their input data set to none?"
133,800d5973d1783ef79636e6d3632d4b8a,ce07faf7-c907-424b-8c06-a01beaa2c95e,"

The information gathered from the provided fragments shows that, when the focus is on **architecture‑analysis‑method contributions**, the property that is most frequently identified as being evaluated is **“Quality of Method.”**  

- Sources [2] and [4] state explicitly that “the property that is evaluated for the architecture‑analysis‑method contribution is ‘Quality of Method.’”  
- Source [3] also records “Quality of Method” as the property that was examined.  
- Source [8] confirms that “Quality of Method” is the only property explicitly identified as being evaluated in the context of the Architecture Analysis Method, noting that other properties (e.g., Accuracy) appear but are not highlighted as the primary evaluation target.

While other properties such as **Functional Suitability**, **Performance efficiency**, and **Effectiveness** are mentioned in the material, they are either tied with or less directly linked to the architecture‑analysis‑method context. The documents also do not name Romina Eramo or provide comparative frequency across multiple papers, but within the supplied texts, “Quality of Method” is the property most commonly reported for architecture‑analysis‑method evaluations.  

**Answer:** The property most often evaluated in architecture‑analysis‑method papers is **Quality of Method** [2][3][4][8].

[2] Source: Accurate Analysis of Quality Properties of Software with Observation-Based Markov Chain Refinement, 10.1109/ICSA.2017.14
[3] Source: Enforcing Architectural Security Decisions, 10.1109/ICSA47634.2020.00012
[4] Source: Data-Driven Software Architecture for Analyzing Confidentiality, 10.1109/ICSA.2019.00009
[8] Source: Automatic Extraction of Design Decisions from Issue Management Systems: A Machine Learning Based Approach, 10.1007/978-3-319-65831-5_10
",['Romina Eramo'],0.0,0.0,0.0,0.0,0.0,0.0,0.0,0.0,0.0,0.0,0.0,0.0,0.0,0.0,0.0,0.0,0.0,0.0,0.0,0.0,0.0,0.0,0.0,0.0,0.0,0.0,0.02,0.18,0.1,0.79,0.09,0.05,0.43,0.14,0.08,0.62,1.0,312.1847198009491,0.0,13619,0,0.0,,0,0.0,,,0.0,0.0,,0.0,0.0,https://wandb.ai/kastel-sdq-meta-research/experiment_baseline/r/call/01a06087-9f68-7a56-9ae1-5eb4fab149c8,retrieval_config,False,KitToolbox,kit.qwen3-embedding-8b,10,10,True,cosine,True,False,10,-1,8,False,False,1,False,-1,-1,False,,['R659055'],['Paper'],False,False,False,kg_retrieval,hublink,kittoolbox_kit.minimax-m2.7-229b_tmpNone_maxt-1_reasoningNone,KitToolbox,kit.minimax-m2.7-229b,,-1,,kittoolbox_kit.minimax-m2.7-229b_tmpNone_maxt-1_reasoningNone,KitToolbox,kit.minimax-m2.7-229b,,-1,,orkg_merged_ecsa_icsa.json_jsonpublicationloader_limit-1,['paper_class'],['research_level'],['first_research_object'],['second_research_object'],['validity'],['evidence'],False,False,R659055,https://sandbox.orkg.org,-1,orkg,merged_ecsa_icsa.json_jsonpublicationloader_limit-1,merged_ecsa_icsa.json,JsonPublicationLoader,-1,,4000,2,generation_kittoolbox_kit.minimax-m2.7-229b_tmpNone_maxt-1_reasoningNone,generation,kittoolbox_kit.minimax-m2.7-229b_tmpNone_maxt-1_reasoningNone,KitToolbox,kit.minimax-m2.7-229b,,-1,,"['(R872910:Research Object Entity, Name, L1529444:Architecture Analysis Method)', '(R868773:Research Object Entity, Name, L1520811:Architecture Analysis Method)', '(R868766:First Research Object 2, evaluation, R868767:Evaluation)', '(R868767:Evaluation, properties, R868770:Property)', '(R868770:Property, Name, L1520810:Quality of Method)', '(R868233:First Research Object 2, evaluation, R868234:Evaluation)', '(R868234:Evaluation, properties, R868237:Property)', '(R868237:Property, Name, L1519648:Quality of Method)', '(R872901:First Research Object 2, evaluation, R872902:Evaluation)', '(R872902:Evaluation, properties, R872907:Property)', '(R872907:Property, Name, L1529443:Quality of Method)', '(R873686:Property, Name, L1531016:Quality of Method)']",What is the property that is evaluated the most often in papers that investigate architecture analysis methods published by Romina Eramo?,The property that is evaluated the most often for the research object Architecture Analysis Method published by the author Romina Eramo is Functional Suitability.,"['10.1109/ICSA.2018.00022', '10.1109/ICSA.2018.00022', '10.1109/ICSA.2018.00022', '10.1109/ICSA.2019.00017', '10.1109/ICSA.2019.00017', '10.1109/ICSA.2019.00017']",,"['(R872742:authors list, has list element, L1529100:Romina Eramo)', '(R872769:Research Object Entity, Name, L1529153:Architecture Analysis Method)', '(R872767:Property, Name, L1529151:Functional Suitability)', '(R871815:authors list, has list element, L1527184:Romina Eramo)', '(R871844:Research Object Entity, Name, L1527239:Architecture Analysis Method)', '(R871842:Property, Name, L1527237:Effectiveness)']",clustering_strategy,R659055,Software Architecture and Design,6,Which is the sub-property that appears the most for the research object [Content Data: research object name] published by the author [Metadata: author name]?
134,800d5973d1783ef79636e6d3632d4b8a,56365c6d-0fc1-47fb-9d5b-15c56f380b8b,"

**Evaluation methods reported for papers that are (i) classified as “proposal of solution” (Paper Class 2) and (ii) investigate the research object “Architecture Extraction.”**  

| Evaluation method | Frequency (in the supplied sources) | Representative source(s) |
|-------------------|--------------------------------------|---------------------------|
| **Case‑study** (including industrial case‑study) | 2 (one generic case‑study, one industrial case‑study) | 【1】 (generic case‑study); 【4】 (industrial case‑study) |
| **Validation research** | 1 (focus on construct and internal validity) | 【3】 (validation research) |

- The **case‑study** approach is the most common evaluation strategy for the targeted combination of paper class and research object. It appears both as a traditional case‑study and as an “industrial case‑study” in the contexts examined.  
- **Validation research** is the only other distinct evaluation method explicitly reported for such papers; it is described in terms of addressing threats to validity and examining the property “Quality in Use”【3】.  

No other dedicated evaluation techniques (e.g., experiments, surveys, benchmarks) are mentioned for papers that meet both the “proposal of solution” class and the “Architecture Extraction” research object in the provided excerpts. Consequently, the predominant evaluation method used in those papers is the **case‑study**, with **validation research** also being applied in at least one instance.

",[],0.444,0.111,0.162,0.228,0.25,0.25,0.4,0.44,0.42,0.43,0.47,0.44,0.46,0.45,0.14,0.44,0.21,0.31,0.2,0.5,0.28,0.38,0.4,0.471,0.138,0.196,0.01,0.22,0.12,0.92,0.1,0.06,0.44,0.15,0.09,0.65,1.0,352.6890368461609,0.0,41643,0,0.0,,0,0.0,,,0.0,0.0,,0.0,0.0,https://wandb.ai/kastel-sdq-meta-research/experiment_baseline/r/call/01a06089-293e-7532-9402-e251f4470bd2,retrieval_config,False,KitToolbox,kit.qwen3-embedding-8b,10,10,True,cosine,True,False,10,-1,8,False,False,1,False,-1,-1,False,,['R659055'],['Paper'],False,False,False,kg_retrieval,hublink,kittoolbox_kit.minimax-m2.7-229b_tmpNone_maxt-1_reasoningNone,KitToolbox,kit.minimax-m2.7-229b,,-1,,kittoolbox_kit.minimax-m2.7-229b_tmpNone_maxt-1_reasoningNone,KitToolbox,kit.minimax-m2.7-229b,,-1,,orkg_merged_ecsa_icsa.json_jsonpublicationloader_limit-1,['paper_class'],['research_level'],['first_research_object'],['second_research_object'],['validity'],['evidence'],False,False,R659055,https://sandbox.orkg.org,-1,orkg,merged_ecsa_icsa.json_jsonpublicationloader_limit-1,merged_ecsa_icsa.json,JsonPublicationLoader,-1,,4000,2,generation_kittoolbox_kit.minimax-m2.7-229b_tmpNone_maxt-1_reasoningNone,generation,kittoolbox_kit.minimax-m2.7-229b_tmpNone_maxt-1_reasoningNone,KitToolbox,kit.minimax-m2.7-229b,,-1,,"['(R872350:A Quantitative Approach for the Assessment of Microservice Architecture Deployment Alternatives by Automated Performance Testing, contribution, R872369:Paper Class 2)', '(R872369:Paper Class 2, proposal of solution, L1528379:True)', '(R871284:Paper Class 2, proposal of solution, L1526127:False)', '(R869669:Paper Class 2, proposal of solution, L1522749:True)', '(R872428:Tool Support for the Migration to Microservice Architecture: An Industrial Case Study, contribution, R872455:Paper Class 2)', '(R872455:Paper Class 2, proposal of solution, L1528559:True)', '(R869680:Research Object Entity, Name, L1522761:Architecture Extraction)', '(R872428:Tool Support for the Migration to Microservice Architecture: An Industrial Case Study, contribution, R872457:First Research Object 2)', '(R872464:Research Object Entity, Name, L1528569:Architecture Extraction)', '(R2156185:Paper Class 2, proposal of solution, L2809547:False)', '(R870549:Research Object Entity, Name, L1524582:Architecture Extraction)', '(R871294:Research Object Entity, Name, L1526138:Architecture Extraction)', '(R871286:First Research Object 2, evaluation, R871287:Evaluation)', '(R871289:Evaluation Method Entity, Name, L1526133:Technical Experiment)', '(R871712:Evaluation, Evaluation method, L1526981:False)', '(R870542:First Research Object 2, evaluation, R870543:Evaluation)', '(R870543:Evaluation, properties, R870546:Property)', '(R870546:Property, Name, L1524581:Quality of Method)', '(R874541:Paper Class 2, validation research, L1532827:True)', '(R2156185:Paper Class 2, opinion paper, L2809542:False)', '(R869671:First Research Object 2, evaluation, R869672:Evaluation)', '(R869676:Property, Name, L1522757:Performance efficiency)', '(R872350:A Quantitative Approach for the Assessment of Microservice Architecture Deployment Alternatives by Automated Performance Testing, contribution, R872371:First Research Object 2)', '(R872371:First Research Object 2, evaluation, R872372:Evaluation)', '(R872372:Evaluation, Evaluation method, R872373:Evaluation Method List)', '(R872373:Evaluation Method List, Entity, R872374:Evaluation Method Entity)', '(R872374:Evaluation Method Entity, Name, L1528385:Case Study)', '(R870543:Evaluation, Has Guideline, L1524579:False)', '(R874549:Property, Name, L1532840:Quality in Use)']",What are the evaluation methods that have been applied the most in papers with the paper class proposal of solution and the investigated research object Architecture Extraction?,The evaluation method that has been applied the most to the research object Architecture Extraction and in papers classified as proposals of solutions is Case Study.,"['10.1007/978-3-030-29983-5_17', '10.1007/978-3-030-29983-5_17', '10.1007/978-3-030-29983-5_17', '10.1007/978-3-030-00761-4_14', '10.1007/978-3-030-00761-4_14', '10.1007/978-3-030-00761-4_14', '10.1007/978-3-030-29983-5_5', '10.1007/978-3-030-29983-5_5', '10.1007/978-3-030-29983-5_5']",,"['(R872455:Paper Class 2, proposal of solution, L1528559:True)', '(R872464:Research Object Entity, Name, L1528569:Architecture Extraction)', '(R872468:Evaluation Method Entity, Name, L1528570:Case Study)', '(R869669:Paper Class 2, proposal of solution, L1522749:True)', '(R869680:Research Object Entity, Name, L1522761:Architecture Extraction)', '(R869674:Evaluation Method Entity, Name, L1522755:Case Study)', '(R874541:Paper Class 2, proposal of solution, L1532829:True)', '(R874554:Research Object Entity, Name, L1532843:Architecture Extraction)', '(R874546:Evaluation Method Entity, Name, L1532835:Benchmark)']",clustering_strategy,R659055,Software Architecture and Design,6,What evaluation method has been used the most in the paper class [Metadata: paper class name] with the research object [Content Data: research object name]?
135,800d5973d1783ef79636e6d3632d4b8a,2b9b4085-f916-4608-86e7-5604954ea102,"

The only evaluation method that is explicitly reported for a 2020 paper evaluating architecture evolution is a **case study** [1]. However, the available evidence from other sources indicates that the evaluation method is not always stated, making it impossible to determine with certainty which evaluation method has been applied the most across all papers published in 2020 [2].

[1] Source: Butterfly Space: An Architectural Approach for Investigating Performance Issues, 10.1109/ICSA47634.2020.00027
[2] Source: Monolith Migration Complexity Tuning Through the Application of Microservices Patterns, 10.1007/978-3-030-58923-3_3
",['2020'],0.0,0.0,0.0,0.0,0.0,0.0,0.0,0.0,0.0,0.0,0.0,0.0,0.0,0.0,0.0,0.0,0.0,0.0,0.0,0.0,0.0,0.0,0.0,0.0,0.0,0.0,0.04,0.41,0.28,0.76,0.18,0.12,0.35,0.23,0.16,0.43,1.0,199.70518231391907,0.0,2946,0,0.0,,0,0.0,,,0.0,0.0,,0.0,0.0,https://wandb.ai/kastel-sdq-meta-research/experiment_baseline/r/call/01a06089-8895-77d4-ba8d-43d5ec29d8b2,retrieval_config,False,KitToolbox,kit.qwen3-embedding-8b,10,10,True,cosine,True,False,10,-1,8,False,False,1,False,-1,-1,False,,['R659055'],['Paper'],False,False,False,kg_retrieval,hublink,kittoolbox_kit.minimax-m2.7-229b_tmpNone_maxt-1_reasoningNone,KitToolbox,kit.minimax-m2.7-229b,,-1,,kittoolbox_kit.minimax-m2.7-229b_tmpNone_maxt-1_reasoningNone,KitToolbox,kit.minimax-m2.7-229b,,-1,,orkg_merged_ecsa_icsa.json_jsonpublicationloader_limit-1,['paper_class'],['research_level'],['first_research_object'],['second_research_object'],['validity'],['evidence'],False,False,R659055,https://sandbox.orkg.org,-1,orkg,merged_ecsa_icsa.json_jsonpublicationloader_limit-1,merged_ecsa_icsa.json,JsonPublicationLoader,-1,,4000,2,generation_kittoolbox_kit.minimax-m2.7-229b_tmpNone_maxt-1_reasoningNone,generation,kittoolbox_kit.minimax-m2.7-229b_tmpNone_maxt-1_reasoningNone,KitToolbox,kit.minimax-m2.7-229b,,-1,,"['(R873206:Evaluation Method Entity, Name, L1530035:Case Study)']",Which is the evaluation method that has been applied the most to evaluate architecture evolution in papers published in 2020?,The evaluation method that was applied the most to the research object Architecture Evolution in the year 2020 was Case Study.,"['10.1007/978-3-030-58923-3_18', '10.1007/978-3-030-58923-3_18', '10.1007/978-3-030-58923-3_18', '10.1109/ICSA47634.2020.00011', '10.1109/ICSA47634.2020.00011', '10.1109/ICSA47634.2020.00011']",,"['(R869762:Research Object Entity, Name, L1522941:Architecture Evolution)', '(R869730:Architectural Concerns for Digital Twin of the Organization, publication year, L1522884:2020)', '(R869756:Evaluation Method Entity, Name, L1522935:Case Study)', '(R870091:Research Object Entity, Name, L1523621:Architecture Evolution)', '(R870059:Incremental Calibration of Architectural Performance Models with Parametric Dependencies, publication year, L1523564:2020)', '(R870085:Evaluation Method Entity, Name, L1523615:Case Study)']",clustering_strategy,R659055,Software Architecture and Design,6,Which is the most used evaluation method that is used with the research object [Content Data: research object name] in the year [Metadata: year]?
136,800d5973d1783ef79636e6d3632d4b8a,2e757068-c06f-4798-8cd3-f6c5e5e8027f,No context has been found for the given question.,"['2019', '2020', '2021']",0.0,0.0,0.0,0.0,0.0,0.0,0.0,0.0,0.0,0.0,0.0,0.0,0.0,0.0,0.0,0.0,0.0,0.0,0.0,0.0,0.0,0.0,0.0,0.0,0.0,0.0,0.0,0.09,0.22,0.06,0.0,0.0,0.0,0.09,0.22,0.06,0.0,478.28618836402893,0.0,79667,0,0.0,,0,0.0,,,0.0,0.0,,0.0,0.0,https://wandb.ai/kastel-sdq-meta-research/experiment_baseline/r/call/01a0608c-583e-7769-945b-84a422c4d4e9,retrieval_config,False,KitToolbox,kit.qwen3-embedding-8b,10,10,True,cosine,True,False,10,-1,8,False,False,1,False,-1,-1,False,,['R659055'],['Paper'],False,False,False,kg_retrieval,hublink,kittoolbox_kit.minimax-m2.7-229b_tmpNone_maxt-1_reasoningNone,KitToolbox,kit.minimax-m2.7-229b,,-1,,kittoolbox_kit.minimax-m2.7-229b_tmpNone_maxt-1_reasoningNone,KitToolbox,kit.minimax-m2.7-229b,,-1,,orkg_merged_ecsa_icsa.json_jsonpublicationloader_limit-1,['paper_class'],['research_level'],['first_research_object'],['second_research_object'],['validity'],['evidence'],False,False,R659055,https://sandbox.orkg.org,-1,orkg,merged_ecsa_icsa.json_jsonpublicationloader_limit-1,merged_ecsa_icsa.json,JsonPublicationLoader,-1,,4000,2,generation_kittoolbox_kit.minimax-m2.7-229b_tmpNone_maxt-1_reasoningNone,generation,kittoolbox_kit.minimax-m2.7-229b_tmpNone_maxt-1_reasoningNone,KitToolbox,kit.minimax-m2.7-229b,,-1,,,"From the publication years 2019 to 2021, how frequently per publication year have the research objects of papers been evaluated using the evaluation method Data Science?","The frequency per publication year from 2019 to 2021 at which the research objects of papers have been evaluated using the evaluation method Data Science is: one in 2019, one in 2020, and one in 2021.","['10.1109/ICSA51549.2021.00017', '10.1109/ICSA51549.2021.00017', '10.1109/ICSA51549.2021.00017', '10.1109/ICSA.2019.00012', '10.1109/ICSA.2019.00012', '10.1109/ICSA.2019.00012', '10.1007/978-3-030-86044-8_6', '10.1007/978-3-030-86044-8_6', '10.1007/978-3-030-86044-8_6']",,"['(R872804:Evaluation Method Entity, Name, L1529234:Data Science)', '(R872780:Architectural Decay as Predictor of Issue- and Change-Proneness, publication year, L1529184:2021)', '(R872808:Research Object Entity, Name, L1529238:Technical Debt)', '(R870777:Evaluation Method Entity, Name, L1525079:Data Science)', '(R870753:Architectural Security Weaknesses in Industrial Control Systems (ICS) an Empirical Study Based on Disclosed Software Vulnerabilities, publication year, L1525030:2019)', '(R870781:Research Object Entity, Name, L1525083:Architectural Aspects)', '(R870006:Evaluation Method Entity, Name, L1523455:Data Science)', '(R869987:FLRA: A Reference Architecture for Federated Learning Systems, publication year, L1523426:2021)', '(R870010:Research Object Entity, Name, L1523459:Reference Architecture)']",clustering_strategy,R659055,Software Architecture and Design,6,"From [year 1] to [year 2], how frequently per year have the research objects of papers been evaluated with the evaluation method with the name [Content Data: evaluation method name]?"
137,800d5973d1783ef79636e6d3632d4b8a,2f44c85e-9744-4716-aa28-90716e166b1f,"

The sources agree that **First Research Object 2** is the only research object that is explicitly reported as being evaluated with **Grounded Theory**, and it appears in work published in **2019** (e.g., “Supporting Architectural Decision Making on Data Management in Microservice Architectures” and “Guiding Architectural Decision Making on Service Mesh Based Microservice Architectures”) [1][2][3]. No research objects evaluated with Grounded Theory are mentioned for the years **2020** or **2021** [1][2][3].

**Distribution (2019‑2021):**  
- **2019:** 1 research object (First Research Object 2)  
- **2020:** 0 research objects  
- **2021:** 0 research objects

[1] Source: Supporting Architectural Decision Making on Data Management in Microservice Architectures, 10.1007/978-3-030-29983-5_2
[2] Source: How Developers Discuss Architecture Smells? An Exploratory Study on Stack Overflow, 10.1109/ICSA.2019.00018
[3] Source: Guiding Architectural Decision Making on Service Mesh Based Microservice Architectures, 10.1007/978-3-030-29983-5_1
","['2019', '2021']",0.333,0.278,0.086,0.376,0.25,1.0,0.3,0.33,0.32,0.33,0.54,0.39,0.45,0.41,0.35,0.67,0.46,0.57,0.57,0.67,0.62,0.65,0.3,0.538,0.353,0.571,0.01,0.36,0.23,0.79,0.1,0.06,0.22,0.23,0.15,0.5,1.0,247.94072484970093,0.0,31560,0,0.0,,0,0.0,,,0.0,0.0,,0.0,0.0,https://wandb.ai/kastel-sdq-meta-research/experiment_baseline/r/call/01a0608c-90e2-7555-93ee-1883aed442bd,retrieval_config,False,KitToolbox,kit.qwen3-embedding-8b,10,10,True,cosine,True,False,10,-1,8,False,False,1,False,-1,-1,False,,['R659055'],['Paper'],False,False,False,kg_retrieval,hublink,kittoolbox_kit.minimax-m2.7-229b_tmpNone_maxt-1_reasoningNone,KitToolbox,kit.minimax-m2.7-229b,,-1,,kittoolbox_kit.minimax-m2.7-229b_tmpNone_maxt-1_reasoningNone,KitToolbox,kit.minimax-m2.7-229b,,-1,,orkg_merged_ecsa_icsa.json_jsonpublicationloader_limit-1,['paper_class'],['research_level'],['first_research_object'],['second_research_object'],['validity'],['evidence'],False,False,R659055,https://sandbox.orkg.org,-1,orkg,merged_ecsa_icsa.json_jsonpublicationloader_limit-1,merged_ecsa_icsa.json,JsonPublicationLoader,-1,,4000,2,generation_kittoolbox_kit.minimax-m2.7-229b_tmpNone_maxt-1_reasoningNone,generation,kittoolbox_kit.minimax-m2.7-229b_tmpNone_maxt-1_reasoningNone,KitToolbox,kit.minimax-m2.7-229b,,-1,,"['(R873340:Guiding Architectural Decision Making on Service Mesh Based Microservice Architectures, contribution, R873361:First Research Object 2)', '(R873361:First Research Object 2, evaluation, R873362:Evaluation)', '(R873362:Evaluation, Evaluation method, R873363:Evaluation Method List)', '(R873364:Evaluation Method Entity, Name, L1530356:Grounded Theory)', '(R872980:Supporting Architectural Decision Making on Data Management in Microservice Architectures, contribution, R873002:First Research Object 2)', '(R873002:First Research Object 2, evaluation, R873003:Evaluation)', '(R873003:Evaluation, Evaluation method, R873004:Evaluation Method List)', '(R873004:Evaluation Method List, Entity, R873005:Evaluation Method Entity)', '(R873005:Evaluation Method Entity, Name, L1529647:Grounded Theory)', '(R872980:Supporting Architectural Decision Making on Data Management in Microservice Architectures, publication year, L1529596:2019)', '(R873340:Guiding Architectural Decision Making on Service Mesh Based Microservice Architectures, publication year, L1530308:2019)', '(R868290:How Developers Discuss Architecture Smells? An Exploratory Study on Stack Overflow, publication year, L1519766:2019)', '(R868290:How Developers Discuss Architecture Smells? An Exploratory Study on Stack Overflow, contribution, R868309:First Research Object 2)', '(R868309:First Research Object 2, evaluation, R868310:Evaluation)', '(R868310:Evaluation, Evaluation method, R868311:Evaluation Method List)', '(R868311:Evaluation Method List, Entity, R868312:Evaluation Method Entity)', '(R868312:Evaluation Method Entity, Name, L1519814:Grounded Theory)']",How are the research objects that are evaluated with grounded theory distributed between 2019 and 2021?,"The distribution of research objects that are evaluated with grounded theory between 2019 and 2021 is as follows: three in 2019, none in 2020, and none in 2021.","['10.1007/978-3-030-29983-5_2', '10.1007/978-3-030-29983-5_2', '10.1007/978-3-030-29983-5_2', '10.1007/978-3-030-29983-5_1', '10.1007/978-3-030-29983-5_1', '10.1007/978-3-030-29983-5_1', '10.1109/ICSA.2019.00018', '10.1109/ICSA.2019.00018', '10.1109/ICSA.2019.00018']",,"['(R873005:Evaluation Method Entity, Name, L1529647:Grounded Theory)', '(R872980:Supporting Architectural Decision Making on Data Management in Microservice Architectures, publication year, L1529596:2019)', '(R873010:Research Object Entity, Name, L1529652:Architecture Pattern)', '(R873364:Evaluation Method Entity, Name, L1530356:Grounded Theory)', '(R873340:Guiding Architectural Decision Making on Service Mesh Based Microservice Architectures, publication year, L1530308:2019)', '(R873368:Research Object Entity, Name, L1530360:Architecture Decision Making)', '(R868312:Evaluation Method Entity, Name, L1519814:Grounded Theory)', '(R868290:How Developers Discuss Architecture Smells? An Exploratory Study on Stack Overflow, publication year, L1519766:2019)', '(R868314:Research Object Entity, Name, L1519817:Architecture Pattern)']",clustering_strategy,R659055,Software Architecture and Design,6,What is the proportion of the research objects that are used in conjunction with the evaluation method [Content Data: evaluation method name] between [Metadata: year] and [Metadata: year]?
138,800d5973d1783ef79636e6d3632d4b8a,58317488-7918-4978-92bc-233751841d59,"

The only research object that is documented as being evaluated with the **Argumentation** evaluation method within the 2019‑2021 window is **First Research Object 2**, and it appears in a paper published in **2020** [1].  

No other sources report a research object evaluated with Argumentation for the years **2019** [2][3][4][5] or **2021** [3][4][5]; consequently, those years show a count of zero for this evaluation method.

**Distribution of research objects evaluated with Argumentation (2019‑2021)**  

- **2019:** 0 research objects  
- **2020:** 1 research object (First Research Object 2)  
- **2021:** 0 research objects  

Thus, the distribution is **one object in 2020 and none in the other two years**.

[1] Source: Architectural Patterns for Cross-Domain Personalised Automotive Functions, 10.1109/ICSA47634.2020.00026
[2] Source: Determining Microservice Boundaries: A Case Study Using Static and Dynamic Software Analysis, 10.1007/978-3-030-58923-3_21
[3] Source: Semi-automatic Feedback for Improving Architecture Conformance to Microservice Patterns and Practices, 10.1109/ICSA51549.2021.00012
[4] Source: Architectural Decay as Predictor of Issue- and Change-Proneness, 10.1109/ICSA51549.2021.00017
[5] Source: Assessing Architecture Conformance to Coupling-Related Patterns and Practices in Microservices, 10.1007/978-3-030-58923-3_1
","['2019', '2020', '2021']",0.0,0.0,0.0,0.0,0.0,0.0,0.0,0.0,0.0,0.0,0.0,0.0,0.0,0.0,0.0,0.0,0.0,0.0,0.0,0.0,0.0,0.0,0.0,0.0,0.0,0.0,0.02,0.41,0.27,0.86,0.18,0.12,0.38,0.29,0.19,0.6,1.0,570.9148700237274,0.0,62309,0,0.0,,0,0.0,,,0.0,0.0,,0.0,0.0,https://wandb.ai/kastel-sdq-meta-research/experiment_baseline/r/call/01a0608c-b4ef-77fe-a2cc-8ee8c52c9138,retrieval_config,False,KitToolbox,kit.qwen3-embedding-8b,10,10,True,cosine,True,False,10,-1,8,False,False,1,False,-1,-1,False,,['R659055'],['Paper'],False,False,False,kg_retrieval,hublink,kittoolbox_kit.minimax-m2.7-229b_tmpNone_maxt-1_reasoningNone,KitToolbox,kit.minimax-m2.7-229b,,-1,,kittoolbox_kit.minimax-m2.7-229b_tmpNone_maxt-1_reasoningNone,KitToolbox,kit.minimax-m2.7-229b,,-1,,orkg_merged_ecsa_icsa.json_jsonpublicationloader_limit-1,['paper_class'],['research_level'],['first_research_object'],['second_research_object'],['validity'],['evidence'],False,False,R659055,https://sandbox.orkg.org,-1,orkg,merged_ecsa_icsa.json_jsonpublicationloader_limit-1,merged_ecsa_icsa.json,JsonPublicationLoader,-1,,4000,2,generation_kittoolbox_kit.minimax-m2.7-229b_tmpNone_maxt-1_reasoningNone,generation,kittoolbox_kit.minimax-m2.7-229b_tmpNone_maxt-1_reasoningNone,KitToolbox,kit.minimax-m2.7-229b,,-1,,"['(R872780:Architectural Decay as Predictor of Issue- and Change-Proneness, publication year, L1529184:2021)', '(R870792:Architectural Patterns for Cross-Domain Personalised Automotive Functions, publication year, L1525115:2020)', '(R869566:Assessing Architecture Conformance to Coupling-Related Patterns and Practices in Microservices, publication year, L1522519:2020)', '(R872780:Architectural Decay as Predictor of Issue- and Change-Proneness, contribution, R872801:First Research Object 2)', '(R872801:First Research Object 2, evaluation, R872802:Evaluation)', '(R872802:Evaluation, properties, R872805:Property)', '(R872805:Property, Name, L1529237:Quality of Method)', '(R869566:Assessing Architecture Conformance to Coupling-Related Patterns and Practices in Microservices, contribution, R869587:First Research Object 2)', '(R869587:First Research Object 2, evaluation, R869588:Evaluation)', '(R869588:Evaluation, properties, R869591:Property)', '(R870792:Architectural Patterns for Cross-Domain Personalised Automotive Functions, contribution, R870818:First Research Object 2)', '(R870818:First Research Object 2, evaluation, R870824:Evaluation)', '(R870819:Evaluation, Evaluation method, R870820:Evaluation Method List)', '(R870820:Evaluation Method List, Entity, R870821:Evaluation Method Entity)', '(R870821:Evaluation Method Entity, Name, L1525169:Argumentation)', '(R869588:Evaluation, Has Guideline, L1522569:True)']",What is the distribution of the research objects that are evaluated with the evaluation method Argumentation between the publication years 2019 and 2021?,"The distribution of the research objects that are evaluated with the evaluation method Argumentation between the publication years 2019 and 2021 is as follows: two objects in 2019, none in 2020, and none in 2021.","['10.1007/978-3-030-29983-5_10', '10.1007/978-3-030-29983-5_10', '10.1109/ICSA.2019.00019', '10.1109/ICSA.2019.00019', '10.1007/978-3-030-29983-5_10', '10.1109/ICSA.2019.00019']",,"['(R871760:Evaluation Method Entity, Name, L1527086:Argumentation)', '(R871346:Assessing Adaptability of Software Architectures for Cyber Physical Production Systems, publication year, L1526260:2019)', '(R871375:Evaluation Method Entity, Name, L1526299:Argumentation)', '(R871726:A Platform Architecture for Multi-Tenant Blockchain-Based Systems, publication year, L1527024:2019)', '(R871774:Research Object Entity, Name, L1527099:Reference Architecture)', '(R871379:Research Object Entity, Name, L1526303:Reference Architecture)']",clustering_strategy,R659055,Software Architecture and Design,6,What is the distribution of the research objects that are used in conjunction with the evaluation method [Content Data: evaluation method name] between [Metadata: year] and [Metadata: year]?
139,800d5973d1783ef79636e6d3632d4b8a,a11b4521-7e9b-4897-a881-4876cc385c11,"

Among the publications that evaluate **Compatibility** that are mentioned in the supplied texts, the distribution of their reported evaluation methods for the 2017‑2019 window is as follows:

| Year | Publications that evaluate Compatibility | Reported evaluation method |
|------|------------------------------------------|----------------------------|
| 2017 | **None** reported in the texts | – |
| 2018 | **One** – “An Architecture for Decentralized, Collaborative, and Autonomous Robots” (R871523) | **Field experiment**【2】 |
| 2019 | **One** – “Mitigating the Influence of Embedded Software Development Environments and Toolsets (ESDT) on Software Architecture” (R868862) | **Method not specified** (the text notes the study includes a Compatibility evaluation but does not provide a particular method)【3】 |

Thus, within the 2017‑2019 period, the only explicitly reported evaluation method applied to a Compatibility property is a **field experiment** in the 2018 publication. The 2019 publication also evaluates Compatibility, but the specific method used is not stated in the provided texts. No Compatibility evaluations are recorded for 2017.

","['2017', '2018', '2019']",0.429,0.357,0.11,0.304,0.25,1.0,0.3,0.43,0.35,0.39,0.43,0.43,0.43,0.43,0.31,0.57,0.4,0.49,0.44,0.57,0.5,0.54,0.3,0.429,0.308,0.444,0.01,0.28,0.17,0.77,0.05,0.03,0.13,0.2,0.12,0.55,1.0,517.7377245426178,0.0,10125,0,0.0,,0,0.0,,,0.0,0.0,,0.0,0.0,https://wandb.ai/kastel-sdq-meta-research/experiment_baseline/r/call/01a0608e-af70-7241-8055-622795e041ff,retrieval_config,False,KitToolbox,kit.qwen3-embedding-8b,10,10,True,cosine,True,False,10,-1,8,False,False,1,False,-1,-1,False,,['R659055'],['Paper'],False,False,False,kg_retrieval,hublink,kittoolbox_kit.minimax-m2.7-229b_tmpNone_maxt-1_reasoningNone,KitToolbox,kit.minimax-m2.7-229b,,-1,,kittoolbox_kit.minimax-m2.7-229b_tmpNone_maxt-1_reasoningNone,KitToolbox,kit.minimax-m2.7-229b,,-1,,orkg_merged_ecsa_icsa.json_jsonpublicationloader_limit-1,['paper_class'],['research_level'],['first_research_object'],['second_research_object'],['validity'],['evidence'],False,False,R659055,https://sandbox.orkg.org,-1,orkg,merged_ecsa_icsa.json_jsonpublicationloader_limit-1,merged_ecsa_icsa.json,JsonPublicationLoader,-1,,4000,2,generation_kittoolbox_kit.minimax-m2.7-229b_tmpNone_maxt-1_reasoningNone,generation,kittoolbox_kit.minimax-m2.7-229b_tmpNone_maxt-1_reasoningNone,KitToolbox,kit.minimax-m2.7-229b,,-1,,"['(R871523:An Architecture for Decentralized, Collaborative, and Autonomous Robots, contribution, R871554:First Research Object 2)', '(R871554:First Research Object 2, evaluation, R871565:Evaluation)', '(R871565:Evaluation, properties, R871568:Property)', '(R871569:Property, Name, L1526678:Compatibility)', '(R868862:Mitigating the Influence of Embedded Software Development Environments and Toolsets (ESDT) on Software Architecture, contribution, R868878:First Research Object 2)', '(R868878:First Research Object 2, evaluation, R868879:Evaluation)', '(R868879:Evaluation, properties, R868882:Property)', '(R868883:Property, Name, L1521052:Compatibility)', '(R871523:An Architecture for Decentralized, Collaborative, and Autonomous Robots, publication year, L1526604:2018)', '(R868862:Mitigating the Influence of Embedded Software Development Environments and Toolsets (ESDT) on Software Architecture, publication year, L1521021:2019)', '(R871555:Evaluation, Evaluation method, R871556:Evaluation Method List)', '(R871556:Evaluation Method List, Entity, R871557:Evaluation Method Entity)', '(R871557:Evaluation Method Entity, Name, L1526667:Field Experiment)']","Among those publications that evaluate compatibility, how are the evaluation methods that have been applied distributed between 2017 and 2019?",The evaluation methods that have been applied to evaluate compatibility between 2017 and 2019 are distributed as follows: one method was applied in 2018 and one method was applied in 2019.,"['10.1109/ICSA.2019.00020', '10.1109/ICSA.2019.00020', '10.1109/ICSA.2019.00020', '10.1109/ICSA.2018.00017', '10.1109/ICSA.2018.00017', '10.1109/ICSA.2018.00017', '10.1109/ICSA.2018.00017']",,"['(R871562:Property, Name, L1526672:Compatibility)', '(R868862:Mitigating the Influence of Embedded Software Development Environments and Toolsets (ESDT) on Software Architecture, publication year, L1521021:2019)', '(R868881:Evaluation Method Entity, Name, L1521050:Technical Experiment)', '(R871569:Property, Name, L1526678:Compatibility)', '(R871523:An Architecture for Decentralized, Collaborative, and Autonomous Robots, publication year, L1526604:2018)', '(R871567:Evaluation Method Entity, Name, L1526676:Interview)', '(R871557:Evaluation Method Entity, Name, L1526667:Field Experiment)']",clustering_strategy,R659055,Software Architecture and Design,6,What is the proportion of the evaluation methods that are used in conjunction with the sub-property [sub property name] between [Metadata: year] and [Metadata: year]?
140,800d5973d1783ef79636e6d3632d4b8a,14f1dbb3-809b-43dc-8f62-e7d6a1173f68,"

The paper that both investigates the research object **Architecture Decision Making** and is identified as a **philosophical paper** is titled [7]:

**“System‑ and Software‑level Architecting Harmonization Practices for Systems‑of‑Systems: An exploratory case study on a long‑running large‑scale scientific instrument.”**  

All other provided sources list papers that examine Architecture Decision Making but explicitly classify them as **Paper Class 2** and **not philosophical papers** (e.g., [2], [3], [4], [5], [6], [8], [9], [10]). Consequently, the title above is the only one that satisfies both conditions according to the given partial answers.

[2] Source: Improving the Search for Architecture Knowledge in Online Developer Communities, 10.1109/ICSA.2018.00028
[3] Source: Guiding Architectural Decision Making on Service Mesh Based Microservice Architectures, 10.1007/978-3-030-29983-5_1
[4] Source: A Framework for Tunable Anomaly Detection, 10.1109/ICSA.2019.00029
[5] Source: State of the Practice in Application Programming Interfaces (APIs): A Case Study, 10.1007/978-3-030-86044-8_14
[6] Source: A Decision Model for Choosing Patterns in Blockchain-Based Applications, 10.1109/ICSA51549.2021.00013
[7] Source: System- and Software-level Architecting Harmonization Practices for Systems-of-Systems : An exploratory case study on a long-running large-scale scientific instrument, 10.1109/ICSA51549.2021.00010
[8] Source: Recovering Architectural Design Decisions, 10.1109/ICSA.2018.00019
[9] Source: Empirical Insights into the Evolving Role of Architects in Decision-Making in an Agile Context, 10.1007/978-3-030-00761-4_17
[10] Source: Experiments in Curation: Towards Machine-Assisted Construction of Software Architecture Knowledge Bases, 10.1109/ICSA.2017.27
",[],0.0,0.0,0.0,0.0,0.0,0.0,0.0,0.0,0.0,0.0,0.0,0.0,0.0,0.0,0.0,0.0,0.0,0.0,0.0,0.0,0.0,0.0,0.0,0.0,0.0,0.0,0.03,0.39,0.27,0.68,0.21,0.15,0.38,0.27,0.19,0.47,1.0,449.5442740917206,0.0,27800,0,0.0,,0,0.0,,,0.0,0.0,,0.0,0.0,https://wandb.ai/kastel-sdq-meta-research/experiment_baseline/r/call/01a06090-82e7-74e0-94af-a3a7bce584a7,retrieval_config,False,KitToolbox,kit.qwen3-embedding-8b,10,10,True,cosine,True,False,10,-1,8,False,False,1,False,-1,-1,False,,['R659055'],['Paper'],False,False,False,kg_retrieval,hublink,kittoolbox_kit.minimax-m2.7-229b_tmpNone_maxt-1_reasoningNone,KitToolbox,kit.minimax-m2.7-229b,,-1,,kittoolbox_kit.minimax-m2.7-229b_tmpNone_maxt-1_reasoningNone,KitToolbox,kit.minimax-m2.7-229b,,-1,,orkg_merged_ecsa_icsa.json_jsonpublicationloader_limit-1,['paper_class'],['research_level'],['first_research_object'],['second_research_object'],['validity'],['evidence'],False,False,R659055,https://sandbox.orkg.org,-1,orkg,merged_ecsa_icsa.json_jsonpublicationloader_limit-1,merged_ecsa_icsa.json,JsonPublicationLoader,-1,,4000,2,generation_kittoolbox_kit.minimax-m2.7-229b_tmpNone_maxt-1_reasoningNone,generation,kittoolbox_kit.minimax-m2.7-229b_tmpNone_maxt-1_reasoningNone,KitToolbox,kit.minimax-m2.7-229b,,-1,,"['(R873301:Empirical Insights into the Evolving Role of Architects in Decision-Making in an Agile Context, contribution, R873322:First Research Object 2)', '(R873322:First Research Object 2, Object, R873328:Research Object List)', '(R873328:Research Object List, Entity, R873329:Research Object Entity)', '(R873329:Research Object Entity, Name, L1530276:Architecture Decision Making)', '(R868251:A Framework for Tunable Anomaly Detection, contribution, R868272:First Research Object 2)', '(R868272:First Research Object 2, Object, R868278:Research Object List)', '(R868278:Research Object List, Entity, R868279:Research Object Entity)', '(R868279:Research Object Entity, Name, L1519736:Architecture Decision Making)', '(R871582:Experiments in Curation: Towards Machine-Assisted Construction of Software Architecture Knowledge Bases, contribution, R871608:First Research Object 2)', '(R871620:Research Object Entity, Name, L1526782:Architecture Decision Making)', '(R873486:State of the Practice in Application Programming Interfaces (APIs): A Case Study, contribution, R873511:First Research Object 2)', '(R873511:First Research Object 2, Object, R873521:Research Object List)', '(R873521:Research Object List, Entity, R873522:Research Object Entity)', '(R873522:Research Object Entity, Name, L1530672:Architecture Decision Making)', '(R874205:System- and Software-level Architecting Harmonization Practices for Systems-of-Systems : An exploratory case study on a long-running large-scale scientific instrument, contribution, R874234:First Research Object 2)', '(R874234:First Research Object 2, Object, R874248:Research Object List)', '(R874248:Research Object List, Entity, R874249:Research Object Entity)', '(R874249:Research Object Entity, Name, L1532197:Architecture Decision Making)', '(R869312:A Decision Model for Choosing Patterns in Blockchain-Based Applications, contribution, R869334:First Research Object 2)', '(R869334:First Research Object 2, Object, R869341:Research Object List)', '(R869341:Research Object List, Entity, R869342:Research Object Entity)', '(R869342:Research Object Entity, Name, L1522034:Architecture Decision Making)', '(R873340:Guiding Architectural Decision Making on Service Mesh Based Microservice Architectures, contribution, R873361:First Research Object 2)', '(R873361:First Research Object 2, Object, R873367:Research Object List)', '(R873367:Research Object List, Entity, R873368:Research Object Entity)', '(R873368:Research Object Entity, Name, L1530360:Architecture Decision Making)', '(R874393:Improving the Search for Architecture Knowledge in Online Developer Communities, contribution, R874419:First Research Object 2)', '(R874419:First Research Object 2, Object, R874430:Research Object List)', '(R874430:Research Object List, Entity, R874431:Research Object Entity)', '(R874431:Research Object Entity, Name, L1532580:Architecture Decision Making)', '(R872069:Recovering Architectural Design Decisions, contribution, R872094:First Research Object 2)', '(R872094:First Research Object 2, Object, R872104:Research Object List)', '(R872104:Research Object List, Entity, R872105:Research Object Entity)', '(R872105:Research Object Entity, Name, L1527784:Architecture Decision Making)', '(R874393:Improving the Search for Architecture Knowledge in Online Developer Communities, contribution, R874417:Paper Class 2)', '(R873340:Guiding Architectural Decision Making on Service Mesh Based Microservice Architectures, contribution, R873359:Paper Class 2)', '(R873359:Paper Class 2, philosophical paper, L1530352:False)', '(R869312:A Decision Model for Choosing Patterns in Blockchain-Based Applications, contribution, R869332:Paper Class 2)', '(R869332:Paper Class 2, philosophical paper, L1522025:False)', '(R874205:System- and Software-level Architecting Harmonization Practices for Systems-of-Systems : An exploratory case study on a long-running large-scale scientific instrument, contribution, R874232:Paper Class 2)', '(R874232:Paper Class 2, philosophical paper, L1532182:False)', '(R868251:A Framework for Tunable Anomaly Detection, contribution, R868270:Paper Class 2)', '(R868270:Paper Class 2, philosophical paper, L1519728:False)', '(R872069:Recovering Architectural Design Decisions, contribution, R872092:Paper Class 2)', '(R872092:Paper Class 2, philosophical paper, L1527772:False)', '(R874417:Paper Class 2, philosophical paper, L1532568:False)', '(R873486:State of the Practice in Application Programming Interfaces (APIs): A Case Study, contribution, R873509:Paper Class 2)', '(R873509:Paper Class 2, philosophical paper, L1530661:False)', '(R873301:Empirical Insights into the Evolving Role of Architects in Decision-Making in an Agile Context, contribution, R873320:Paper Class 2)', '(R873320:Paper Class 2, philosophical paper, L1530268:False)', '(R871582:Experiments in Curation: Towards Machine-Assisted Construction of Software Architecture Knowledge Bases, contribution, R871606:Paper Class 2)', '(R871606:Paper Class 2, philosophical paper, L1526770:False)']",What is the title of the paper that investigates the research object Architecture Decision Making and has the paper class philosophical paper?,The title of the paper that investigates the research object Architecture Decision Making and has the paper class philosophical paper is 'Architectural Design Decisions for Systems Supporting Model-Based Analysis of Runtime Events: A Qualitative Multi-method Study.'',['10.1109/ICSA.2018.00021'],,"['(R873096:Paper Class 2, philosophical paper, L1529827:True)']",publication_subgraph_strategy,R873077,Architectural Design Decisions for Systems Supporting Model-Based Analysis of Runtime Events: A Qualitative Multi-method Study,2,What is the title of the paper that investigates the research object with the name [Content Data: research object name] and has the paper class [Metadata: paper class name]?
141,800d5973d1783ef79636e6d3632d4b8a,aca4e265-6743-420f-a626-c6c2cab7d94e,"

The paper **“The Evolution of Technical Debt in the Apache Ecosystem”** (published in 2017) investigates the research object **Technical Debt** [1].

[1] Source: The Evolution of Technical Debt in the Apache Ecosystem, 10.1007/978-3-319-65831-5_4
",['2017'],1.0,1.0,0.325,0.804,0.25,1.0,0.4,1.0,0.57,0.77,0.67,1.0,0.8,0.91,0.4,1.0,0.57,0.77,0.67,1.0,0.8,0.91,0.4,0.667,0.4,0.667,0.23,0.83,0.9,0.76,0.5,0.55,0.46,0.61,0.67,0.56,1.0,169.18722534179688,0.0,23327,0,0.0,,0,0.0,,,0.0,0.0,,0.0,0.0,https://wandb.ai/kastel-sdq-meta-research/experiment_baseline/r/call/01a06093-af75-7d49-bd44-b78fcbd5e004,retrieval_config,False,KitToolbox,kit.qwen3-embedding-8b,10,10,True,cosine,True,False,10,-1,8,False,False,1,False,-1,-1,False,,['R659055'],['Paper'],False,False,False,kg_retrieval,hublink,kittoolbox_kit.minimax-m2.7-229b_tmpNone_maxt-1_reasoningNone,KitToolbox,kit.minimax-m2.7-229b,,-1,,kittoolbox_kit.minimax-m2.7-229b_tmpNone_maxt-1_reasoningNone,KitToolbox,kit.minimax-m2.7-229b,,-1,,orkg_merged_ecsa_icsa.json_jsonpublicationloader_limit-1,['paper_class'],['research_level'],['first_research_object'],['second_research_object'],['validity'],['evidence'],False,False,R659055,https://sandbox.orkg.org,-1,orkg,merged_ecsa_icsa.json_jsonpublicationloader_limit-1,merged_ecsa_icsa.json,JsonPublicationLoader,-1,,4000,2,generation_kittoolbox_kit.minimax-m2.7-229b_tmpNone_maxt-1_reasoningNone,generation,kittoolbox_kit.minimax-m2.7-229b_tmpNone_maxt-1_reasoningNone,KitToolbox,kit.minimax-m2.7-229b,,-1,,"['(R869104:The Evolution of Technical Debt in the Apache Ecosystem, contribution, R869125:First Research Object 2)', '(R869125:First Research Object 2, Object, R869131:Research Object List)', '(R869131:Research Object List, Entity, R869132:Research Object Entity)', '(R869132:Research Object Entity, Name, L1521578:Technical Debt)', '(R869104:The Evolution of Technical Debt in the Apache Ecosystem, publication year, L1521523:2017)']",Which papers investigate the research object Technical Debt in the publication year 2017?,The paper with the title 'The Evolution of Technical Debt in the Apache Ecosystem' investigated Technical Debt as a research object in the year 2017.,"['10.1007/978-3-319-65831-5_4', '10.1007/978-3-319-65831-5_4']",,"['(R869132:Research Object Entity, Name, L1521578:Technical Debt)', '(R869104:The Evolution of Technical Debt in the Apache Ecosystem, publication year, L1521523:2017)']",clustering_strategy,R659055,Software Architecture and Design,5,Which papers investigate [Content Data: research object name] as a research object in the publication year [Metadata: year]?
142,800d5973d1783ef79636e6d3632d4b8a,59b4d582-cf50-46bd-bf70-08e506b80a06,"

**Papers from 2019 that are mentioned in the provided partial answers**

| Source | Title (Year) | Main focus (as described) | Explicitly investigates “architectural assumptions”? |
|--------|--------------|---------------------------|---------------------------------------------------|
| [1] | *Assessing Adaptability of Software Architectures for Cyber‑Physical Production Systems* (2019) | Evaluates the adaptability of software architectures for cyber‑physical production systems | No |
| [2] | *An Architecture‑Driven Adaptation Approach for Big Data Cyber Security Analytics* (2019) | Proposes an architecture‑driven adaptation method for big‑data security analytics | No |
| [3] | *Guiding Architectural Decision Making on Service‑Mesh‑Based Microservice Architectures* (2019) | Provides guidance for architectural decision‑making in service‑mesh microservice setups | No |
| [4] | *Evaluating the Effectiveness of Multi‑level Greedy Modularity Clustering for Software Architecture Recovery* (2019) | Assesses a clustering technique for recovering software architectures | No |
| [5] | *QoS‑Based Formation of Software Architectures in the Internet of Things* (2019) | Explores quality‑of‑service driven formation of IoT software architectures | No |
| [6] | *From a Monolith to a Microservices Architecture: An Approach Based on Transactional Contexts* (2019) | Presents a migration strategy from monolithic to microservice architectures | No |
| [7] | *Architectural Security Weaknesses in Industrial Control Systems (ICS) – An Empirical Study Based on Disclosed Software Vulnerabilities* (2019) | Empirical analysis of security weaknesses in industrial‑control‑system architectures | No |

**Answer to the question**

None of the papers listed in the partial answers are explicitly described as *investigating architectural assumptions* in 2019. Each source focuses on a distinct aspect of software architecture (e.g., adaptability, decision‑making, security, migration, quality‑of‑service, architecture recovery) but does not state that the work examines “architectural assumptions.” Therefore, based on the information provided, there is no paper among the cited sources that directly investigates architectural assumptions in the year 2019.

[1] Source: Assessing Adaptability of Software Architectures for Cyber Physical Production Systems, 10.1007/978-3-030-29983-5_10
[2] Source: An Architecture-Driven Adaptation Approach for Big Data Cyber Security Analytics, 10.1109/ICSA.2019.00013
[3] Source: Guiding Architectural Decision Making on Service Mesh Based Microservice Architectures, 10.1007/978-3-030-29983-5_1
[4] Source: Evaluating the Effectiveness of Multi-level Greedy Modularity Clustering for Software Architecture Recovery, 10.1007/978-3-030-29983-5_5
[5] Source: QoS-Based Formation of Software Architectures in the Internet of Things, 10.1007/978-3-030-29983-5_12
[6] Source: From a Monolith to a Microservices Architecture: An Approach Based on Transactional Contexts, 10.1007/978-3-030-29983-5_3
[7] Source: Architectural Security Weaknesses in Industrial Control Systems (ICS) an Empirical Study Based on Disclosed Software Vulnerabilities, 10.1109/ICSA.2019.00012
",['2019'],0.0,0.0,0.0,0.0,0.0,0.0,0.0,0.0,0.0,0.0,0.0,0.0,0.0,0.0,0.0,0.0,0.0,0.0,0.0,0.0,0.0,0.0,0.0,0.0,0.0,0.0,0.01,0.1,0.05,0.62,0.04,0.02,0.26,0.09,0.05,0.54,1.0,166.65358638763428,0.0,25010,0,0.0,,0,0.0,,,0.0,0.0,,0.0,0.0,https://wandb.ai/kastel-sdq-meta-research/experiment_baseline/r/call/01a06095-970d-7da8-84f8-56d2b303bec8,retrieval_config,False,KitToolbox,kit.qwen3-embedding-8b,10,10,True,cosine,True,False,10,-1,8,False,False,1,False,-1,-1,False,,['R659055'],['Paper'],False,False,False,kg_retrieval,hublink,kittoolbox_kit.minimax-m2.7-229b_tmpNone_maxt-1_reasoningNone,KitToolbox,kit.minimax-m2.7-229b,,-1,,kittoolbox_kit.minimax-m2.7-229b_tmpNone_maxt-1_reasoningNone,KitToolbox,kit.minimax-m2.7-229b,,-1,,orkg_merged_ecsa_icsa.json_jsonpublicationloader_limit-1,['paper_class'],['research_level'],['first_research_object'],['second_research_object'],['validity'],['evidence'],False,False,R659055,https://sandbox.orkg.org,-1,orkg,merged_ecsa_icsa.json_jsonpublicationloader_limit-1,merged_ecsa_icsa.json,JsonPublicationLoader,-1,,4000,2,generation_kittoolbox_kit.minimax-m2.7-229b_tmpNone_maxt-1_reasoningNone,generation,kittoolbox_kit.minimax-m2.7-229b_tmpNone_maxt-1_reasoningNone,KitToolbox,kit.minimax-m2.7-229b,,-1,,"['(R871346:Assessing Adaptability of Software Architectures for Cyber Physical Production Systems, publication year, L1526260:2019)', '(R870014:An Architecture-Driven Adaptation Approach for Big Data Cyber Security Analytics, publication year, L1523470:2019)', '(R873340:Guiding Architectural Decision Making on Service Mesh Based Microservice Architectures, publication year, L1530308:2019)', '(R870753:Architectural Security Weaknesses in Industrial Control Systems (ICS) an Empirical Study Based on Disclosed Software Vulnerabilities, publication year, L1525030:2019)', '(R870753:Architectural Security Weaknesses in Industrial Control Systems (ICS) an Empirical Study Based on Disclosed Software Vulnerabilities, research field, R659055:Software Architecture and Design)', '(R870753:Architectural Security Weaknesses in Industrial Control Systems (ICS) an Empirical Study Based on Disclosed Software Vulnerabilities, venue, R820814:International Conference on Software Architecture (ICSA))']",Which papers investigate architectural assumptions in 2019?,The paper 'Improving the Consistency and Usefulness of Architecture Descriptions: Guidelines for Architects' investigated Architectural Assumptions as a research object in the year 2019.,"['10.1109/ICSA.2019.00024', '10.1109/ICSA.2019.00024']",,"['(R873641:Research Object Entity, Name, L1530909:Architectural Assumptions)', '(R873599:Improving the Consistency and Usefulness of Architecture Descriptions: Guidelines for Architects, publication year, L1530833:2019)']",clustering_strategy,R659055,Software Architecture and Design,5,Which papers used [Content Data: research object name] as a research object in the year [Metadata: year]?
143,800d5973d1783ef79636e6d3632d4b8a,20e5a40b-fe6b-409a-b87c-446972739d6f,"

The papers that applied the **evaluation method Argumentation** and were published in 2020 are:

- **“Unlimited Rulebook: a Reference Architecture for Economy Mechanics in Digital Games”** – the work’s First Research Object 2 was evaluated using an Evaluation Method List that includes the “Argumentation” method【1】.  
- **“Architectural Patterns for Cross‑Domain Personalised Automotive Functions”** – contributed to First Research Object 2, whose evaluation employed the Evaluation Method Entity named “Argumentation”【2】.  
- **“Continuous Experimentation for Automotive Software on the Example of a Heavy Commercial Vehicle in Daily Operation”** – this paper used the Argumentation evaluation method【3】.  

These three publications meet the criteria of being dated 2020 and employing Argumentation as an evaluation method.

",['2020'],0.667,0.333,0.583,0.546,1.0,1.0,0.4,0.67,0.5,0.59,0.62,0.67,0.64,0.66,0.33,1.0,0.5,0.71,0.57,1.0,0.73,0.87,0.4,0.615,0.333,0.571,0.22,0.61,0.45,0.98,0.52,0.38,0.84,0.49,0.35,0.78,1.0,214.36649465560913,0.0,41977,0,0.0,,0,0.0,,,0.0,0.0,,0.0,0.0,https://wandb.ai/kastel-sdq-meta-research/experiment_baseline/r/call/01a06096-640a-73bd-b579-ce00aceb9865,retrieval_config,False,KitToolbox,kit.qwen3-embedding-8b,10,10,True,cosine,True,False,10,-1,8,False,False,1,False,-1,-1,False,,['R659055'],['Paper'],False,False,False,kg_retrieval,hublink,kittoolbox_kit.minimax-m2.7-229b_tmpNone_maxt-1_reasoningNone,KitToolbox,kit.minimax-m2.7-229b,,-1,,kittoolbox_kit.minimax-m2.7-229b_tmpNone_maxt-1_reasoningNone,KitToolbox,kit.minimax-m2.7-229b,,-1,,orkg_merged_ecsa_icsa.json_jsonpublicationloader_limit-1,['paper_class'],['research_level'],['first_research_object'],['second_research_object'],['validity'],['evidence'],False,False,R659055,https://sandbox.orkg.org,-1,orkg,merged_ecsa_icsa.json_jsonpublicationloader_limit-1,merged_ecsa_icsa.json,JsonPublicationLoader,-1,,4000,2,generation_kittoolbox_kit.minimax-m2.7-229b_tmpNone_maxt-1_reasoningNone,generation,kittoolbox_kit.minimax-m2.7-229b_tmpNone_maxt-1_reasoningNone,KitToolbox,kit.minimax-m2.7-229b,,-1,,"['(R869051:Unlimited Rulebook: a Reference Architecture for Economy Mechanics in Digital Games, publication year, L1521417:2020)', '(R870792:Architectural Patterns for Cross-Domain Personalised Automotive Functions, publication year, L1525115:2020)', '(R873021:Continuous Experimentation for Automotive Software on the Example of a Heavy Commercial Vehicle in Daily Operation, publication year, L1529684:2020)', '(R870792:Architectural Patterns for Cross-Domain Personalised Automotive Functions, contribution, R870818:First Research Object 2)', '(R870818:First Research Object 2, evaluation, R870819:Evaluation)', '(R870819:Evaluation, Evaluation method, R870820:Evaluation Method List)', '(R870820:Evaluation Method List, Entity, R870821:Evaluation Method Entity)', '(R870821:Evaluation Method Entity, Name, L1525169:Argumentation)', '(R873021:Continuous Experimentation for Automotive Software on the Example of a Heavy Commercial Vehicle in Daily Operation, contribution, R873058:Second Research Object 2)', '(R873058:Second Research Object 2, evaluation, R873059:Evaluation)', '(R873059:Evaluation, Evaluation method, R873060:Evaluation Method List)', '(R873060:Evaluation Method List, Entity, R873061:Evaluation Method Entity)', '(R873061:Evaluation Method Entity, Name, L1529746:Argumentation)', '(R869051:Unlimited Rulebook: a Reference Architecture for Economy Mechanics in Digital Games, contribution, R869079:First Research Object 2)', '(R869079:First Research Object 2, evaluation, R869087:Evaluation)', '(R869087:Evaluation, Evaluation method, R869088:Evaluation Method List)', '(R869088:Evaluation Method List, Entity, R869089:Evaluation Method Entity)', '(R869089:Evaluation Method Entity, Name, L1521482:Argumentation)']",Which papers applied the evaluation method Argumentation in the publication year 2020?,"The papers that applied the evaluation method Argumentation in the publication year 2020 are: 'Unlimited Rulebook: a Reference Architecture for Economy Mechanics in Digital Games', 'Continuous Experimentation for Automotive Software on the Example of a Heavy Commercial Vehicle in Daily Operation', and 'Architectural Patterns for Cross-Domain Personalised Automotive Functions'.","['10.1109/ICSA47634.2020.00014', '10.1109/ICSA47634.2020.00014', '10.1007/978-3-030-58923-3_5', '10.1007/978-3-030-58923-3_5', '10.1109/ICSA47634.2020.00026', '10.1109/ICSA47634.2020.00026']",,"['(R869089:Evaluation Method Entity, Name, L1521482:Argumentation)', '(R869051:Unlimited Rulebook: a Reference Architecture for Economy Mechanics in Digital Games, publication year, L1521417:2020)', '(R873061:Evaluation Method Entity, Name, L1529746:Argumentation)', '(R873021:Continuous Experimentation for Automotive Software on the Example of a Heavy Commercial Vehicle in Daily Operation, publication year, L1529684:2020)', '(R870821:Evaluation Method Entity, Name, L1525169:Argumentation)', '(R870792:Architectural Patterns for Cross-Domain Personalised Automotive Functions, publication year, L1525115:2020)']",clustering_strategy,R659055,Software Architecture and Design,6,Which papers used the evaluation method [Content Data: evaluation method name] in the year [Metadata: year]?
144,800d5973d1783ef79636e6d3632d4b8a,3655dda4-9389-4db1-9699-c402d546436d,"

The sources that mention papers published in 2017 do not indicate that any of those works used interviews as part of their evaluation.  

- **“Architectural Assumptions and Their Management in Industry – An Exploratory Study”** (2017) is described as involving an evaluation that includes a guideline and the Quality‑in‑Use property, but the texts do not state that the evaluation employed interviews [1].  
- **“Continuous Analysis of Collaborative Design”** (2017) is noted as a 2017 publication, yet the provided information contains no mention of interviews being used for its evaluation [2].  
- **“A Taxonomy of Blockchain‑Based Systems for Architecture Design”** (2017) is also listed as a 2017 paper, but the texts do not report the use of interviews in its evaluation [3].  

Consequently, based on the information available, none of the 2017 papers identified in the sources applied interviews for evaluation.

[1] Source: Architectural Assumptions and Their Management in Industry – An Exploratory Study, 10.1007/978-3-319-65831-5_14
[2] Source: Continuous Analysis of Collaborative Design, 10.1109/ICSA.2017.45
[3] Source: A Taxonomy of Blockchain-Based Systems for Architecture Design, 10.1109/ICSA.2017.33
",['2017'],0.0,0.0,0.0,0.0,0.0,0.0,0.0,0.0,0.0,0.0,0.0,0.0,0.0,0.0,0.0,0.0,0.0,0.0,0.0,0.0,0.0,0.0,0.0,0.0,0.0,0.0,0.06,0.27,0.17,0.72,0.14,0.09,0.39,0.2,0.12,0.53,1.0,248.45887517929077,0.0,27404,0,0.0,,0,0.0,,,0.0,0.0,,0.0,0.0,https://wandb.ai/kastel-sdq-meta-research/experiment_baseline/r/call/01a06096-c3e2-7919-a981-60af2d59b154,retrieval_config,False,KitToolbox,kit.qwen3-embedding-8b,10,10,True,cosine,True,False,10,-1,8,False,False,1,False,-1,-1,False,,['R659055'],['Paper'],False,False,False,kg_retrieval,hublink,kittoolbox_kit.minimax-m2.7-229b_tmpNone_maxt-1_reasoningNone,KitToolbox,kit.minimax-m2.7-229b,,-1,,kittoolbox_kit.minimax-m2.7-229b_tmpNone_maxt-1_reasoningNone,KitToolbox,kit.minimax-m2.7-229b,,-1,,orkg_merged_ecsa_icsa.json_jsonpublicationloader_limit-1,['paper_class'],['research_level'],['first_research_object'],['second_research_object'],['validity'],['evidence'],False,False,R659055,https://sandbox.orkg.org,-1,orkg,merged_ecsa_icsa.json_jsonpublicationloader_limit-1,merged_ecsa_icsa.json,JsonPublicationLoader,-1,,4000,2,generation_kittoolbox_kit.minimax-m2.7-229b_tmpNone_maxt-1_reasoningNone,generation,kittoolbox_kit.minimax-m2.7-229b_tmpNone_maxt-1_reasoningNone,KitToolbox,kit.minimax-m2.7-229b,,-1,,"['(R872850:First Research Object 2, evaluation, R872860:Evaluation)', '(R872819:Continuous Analysis of Collaborative Design, publication year, L1529271:2017)']","In 2017, which papers applied interviews for evaluation?",The papers that applied the evaluation method Interview in the year 2017 are 'Architectural Assumptions and Their Management in Industry – An Exploratory Study' and 'Continuous Integration Impediments in Large-Scale Industry Projects'.,"['10.1007/978-3-319-65831-5_14', '10.1007/978-3-319-65831-5_14', '10.1109/ICSA.2017.11', '10.1109/ICSA.2017.11']",,"['(R868681:Evaluation Method Entity, Name, L1520615:Interview)', '(R868651:Architectural Assumptions and Their Management in Industry – An Exploratory Study, publication year, L1520562:2017)', '(R868593:Evaluation Method Entity, Name, L1520429:Interview)', '(R868569:Continuous Integration Impediments in Large-Scale Industry Projects, publication year, L1520380:2017)']",clustering_strategy,R659055,Software Architecture and Design,6,Which papers used the evaluation method [Content Data: evaluation method name] in the year [Metadata: year]?
145,800d5973d1783ef79636e6d3632d4b8a,13fc2ea0-097a-4b2f-861a-758a7177065c,No context has been found for the given question.,['2018'],0.0,0.0,0.0,0.0,0.0,0.0,0.0,0.0,0.0,0.0,0.0,0.0,0.0,0.0,0.0,0.0,0.0,0.0,0.0,0.0,0.0,0.0,0.0,0.0,0.0,0.0,0.02,0.07,0.11,0.06,0.0,0.0,0.0,0.07,0.11,0.06,0.0,280.6018569469452,0.0,29426,0,0.0,,0,0.0,,,0.0,0.0,,0.0,0.0,https://wandb.ai/kastel-sdq-meta-research/experiment_baseline/r/call/01a06097-884e-7d8c-9a52-a1769f78297f,retrieval_config,False,KitToolbox,kit.qwen3-embedding-8b,10,10,True,cosine,True,False,10,-1,8,False,False,1,False,-1,-1,False,,['R659055'],['Paper'],False,False,False,kg_retrieval,hublink,kittoolbox_kit.minimax-m2.7-229b_tmpNone_maxt-1_reasoningNone,KitToolbox,kit.minimax-m2.7-229b,,-1,,kittoolbox_kit.minimax-m2.7-229b_tmpNone_maxt-1_reasoningNone,KitToolbox,kit.minimax-m2.7-229b,,-1,,orkg_merged_ecsa_icsa.json_jsonpublicationloader_limit-1,['paper_class'],['research_level'],['first_research_object'],['second_research_object'],['validity'],['evidence'],False,False,R659055,https://sandbox.orkg.org,-1,orkg,merged_ecsa_icsa.json_jsonpublicationloader_limit-1,merged_ecsa_icsa.json,JsonPublicationLoader,-1,,4000,2,generation_kittoolbox_kit.minimax-m2.7-229b_tmpNone_maxt-1_reasoningNone,generation,kittoolbox_kit.minimax-m2.7-229b_tmpNone_maxt-1_reasoningNone,KitToolbox,kit.minimax-m2.7-229b,,-1,,,How many papers applied the evaluation method Controlled Experiment in the publication year 2018?,The number of papers that applied the evaluation method Controlled Experiment in the publication year 2018 is two.,"['10.1109/ICSA.2018.00028', '10.1109/ICSA.2018.00028', '10.1007/978-3-030-00761-4_23', '10.1007/978-3-030-00761-4_23']",,"['(R874422:Evaluation Method Entity, Name, L1532572:Controlled Experiment)', '(R874393:Improving the Search for Architecture Knowledge in Online Developer Communities, publication year, L1532515:2018)', '(R869377:Evaluation Method Entity, Name, L1522113:Controlled Experiment)', '(R869353:Two Architectural Threat Analysis Techniques Compared, publication year, L1522065:2018)']",clustering_strategy,R659055,Software Architecture and Design,6,How many papers applied the evaluation method with the name [Content Data: evaluation method name] in the publication year [Metadata: year]?
146,800d5973d1783ef79636e6d3632d4b8a,0f89c912-fced-46b6-89f5-f3a54145f683,"

One study explicitly reported being evaluated with Grounded Theory in 2020: the work titled **“Assessing Architecture Conformance to Coupling‑Related Patterns and Practices in Microservices.”** This paper’s evaluation (First Research Object 2) is identified as using Grounded Theory and is dated 2020 [1].

A second contribution, **“Supporting Architectural Decision Making on Data Management in Microservice Architectures,”** is also described as having been evaluated with Grounded Theory, but the source does not indicate the year of that evaluation [2].

Therefore, the available sources confirm **at least one** paper that was evaluated with Grounded Theory in 2020. The total number could be higher if the second study also took place in 2020, but that cannot be verified from the provided partial answers.

[1] Source: Assessing Architecture Conformance to Coupling-Related Patterns and Practices in Microservices, 10.1007/978-3-030-58923-3_1
[2] Source: Supporting Architectural Decision Making on Data Management in Microservice Architectures, 10.1007/978-3-030-29983-5_2
",['2020'],0.5,0.5,0.133,0.346,0.2,1.0,0.22,0.5,0.31,0.4,0.33,0.5,0.4,0.45,0.22,0.5,0.31,0.4,0.33,0.5,0.4,0.45,0.222,0.333,0.222,0.333,0.01,0.18,0.1,0.86,0.09,0.05,0.46,0.15,0.08,0.71,0.0,253.76187086105347,0.0,20861,0,0.0,,0,0.0,,,0.0,0.0,,0.0,0.0,https://wandb.ai/kastel-sdq-meta-research/experiment_baseline/r/call/01a06098-5e29-73bf-b322-c1f392515373,retrieval_config,False,KitToolbox,kit.qwen3-embedding-8b,10,10,True,cosine,True,False,10,-1,8,False,False,1,False,-1,-1,False,,['R659055'],['Paper'],False,False,False,kg_retrieval,hublink,kittoolbox_kit.minimax-m2.7-229b_tmpNone_maxt-1_reasoningNone,KitToolbox,kit.minimax-m2.7-229b,,-1,,kittoolbox_kit.minimax-m2.7-229b_tmpNone_maxt-1_reasoningNone,KitToolbox,kit.minimax-m2.7-229b,,-1,,orkg_merged_ecsa_icsa.json_jsonpublicationloader_limit-1,['paper_class'],['research_level'],['first_research_object'],['second_research_object'],['validity'],['evidence'],False,False,R659055,https://sandbox.orkg.org,-1,orkg,merged_ecsa_icsa.json_jsonpublicationloader_limit-1,merged_ecsa_icsa.json,JsonPublicationLoader,-1,,4000,2,generation_kittoolbox_kit.minimax-m2.7-229b_tmpNone_maxt-1_reasoningNone,generation,kittoolbox_kit.minimax-m2.7-229b_tmpNone_maxt-1_reasoningNone,KitToolbox,kit.minimax-m2.7-229b,,-1,,"['(R869566:Assessing Architecture Conformance to Coupling-Related Patterns and Practices in Microservices, contribution, R869587:First Research Object 2)', '(R869587:First Research Object 2, evaluation, R869588:Evaluation)', '(R869588:Evaluation, Evaluation method, R869589:Evaluation Method List)', '(R869589:Evaluation Method List, Entity, R869590:Evaluation Method Entity)', '(R869590:Evaluation Method Entity, Name, L1522568:Grounded Theory)', '(R869566:Assessing Architecture Conformance to Coupling-Related Patterns and Practices in Microservices, publication year, L1522519:2020)', '(R872980:Supporting Architectural Decision Making on Data Management in Microservice Architectures, contribution, R873002:First Research Object 2)', '(R873002:First Research Object 2, evaluation, R873003:Evaluation)', '(R873005:Evaluation Method Entity, Name, L1529647:Grounded Theory)']",How many papers were evaluated with grounded theory in 2020?,The number of papers that were evaluated with grounded theory in 2020 is two.,"['10.1007/978-3-030-58923-3_14', '10.1007/978-3-030-58923-3_14', '10.1007/978-3-030-58923-3_1', '10.1007/978-3-030-58923-3_1']",,"['(R869590:Evaluation Method Entity, Name, L1522568:Grounded Theory)', '(R872607:Architectural Technical Debt: A Grounded Theory, publication year, L1528844:2020)', '(R872627:Evaluation Method Entity, Name, L1528876:Grounded Theory)', '(R869566:Assessing Architecture Conformance to Coupling-Related Patterns and Practices in Microservices, publication year, L1522519:2020)']",clustering_strategy,R659055,Software Architecture and Design,6,How many papers used [Content Data: evaluation method name] as a evaluation method in the year [Metadata: year]?
147,800d5973d1783ef79636e6d3632d4b8a,45980771-43fe-4c67-8e6a-36b7a3df9772,"

The source material provides conflicting evidence:

* **[1]** and **[2]** each identify **one** paper published in 2019 that investigates the research object **Architecture Extraction** – “Tool Support for the Migration to Microservice Architecture: An Industrial Case Study” (according to [1]) and “Evaluating the Effectiveness of Multi‑level Greedy Modularity Clustering for Software Architecture Recovery” (according to [2]).

* **[3]**, **[4]**, and **[5]** either state that no paper in the supplied texts investigates **Architecture Extraction** in 2019 [3] or note that the only 2019 papers mentioned address different research objects (e.g., “Architecture Design Method” or “Architectural Security Weaknesses”) and therefore cannot confirm a 2019 study on **Architecture Extraction** [4][5].

Because the sources disagree—two point to a single 2019 paper on **Architecture Extraction**, while the others either deny its existence or lack sufficient information—the exact number of papers cannot be definitively determined from the provided texts.

[1] Source: Tool Support for the Migration to Microservice Architecture: An Industrial Case Study, 10.1007/978-3-030-29983-5_17
[2] Source: Evaluating the Effectiveness of Multi-level Greedy Modularity Clustering for Software Architecture Recovery, 10.1007/978-3-030-29983-5_5
[3] Source: A Platform for the Automated Provisioning of Architecture Information for Large-Scale Service-Oriented Software Systems, 10.1007/978-3-030-00761-4_14
[4] Source: A Survey on Big Data Analytics Solutions Deployment, 10.1007/978-3-030-29983-5_13
[5] Source: Architectural Security Weaknesses in Industrial Control Systems (ICS) an Empirical Study Based on Disclosed Software Vulnerabilities, 10.1109/ICSA.2019.00012
",['2019'],0.75,0.625,0.607,0.591,1.0,1.0,0.3,0.75,0.43,0.58,0.54,0.88,0.67,0.78,0.33,1.0,0.5,0.71,0.5,1.0,0.67,0.83,0.3,0.538,0.333,0.5,0.01,0.14,0.08,0.85,0.05,0.03,0.33,0.1,0.06,0.62,0.0,224.38253450393677,0.0,39104,0,0.0,,0,0.0,,,0.0,0.0,,0.0,0.0,https://wandb.ai/kastel-sdq-meta-research/experiment_baseline/r/call/01a06099-de95-7b7c-8b8e-58610deca11d,retrieval_config,False,KitToolbox,kit.qwen3-embedding-8b,10,10,True,cosine,True,False,10,-1,8,False,False,1,False,-1,-1,False,,['R659055'],['Paper'],False,False,False,kg_retrieval,hublink,kittoolbox_kit.minimax-m2.7-229b_tmpNone_maxt-1_reasoningNone,KitToolbox,kit.minimax-m2.7-229b,,-1,,kittoolbox_kit.minimax-m2.7-229b_tmpNone_maxt-1_reasoningNone,KitToolbox,kit.minimax-m2.7-229b,,-1,,orkg_merged_ecsa_icsa.json_jsonpublicationloader_limit-1,['paper_class'],['research_level'],['first_research_object'],['second_research_object'],['validity'],['evidence'],False,False,R659055,https://sandbox.orkg.org,-1,orkg,merged_ecsa_icsa.json_jsonpublicationloader_limit-1,merged_ecsa_icsa.json,JsonPublicationLoader,-1,,4000,2,generation_kittoolbox_kit.minimax-m2.7-229b_tmpNone_maxt-1_reasoningNone,generation,kittoolbox_kit.minimax-m2.7-229b_tmpNone_maxt-1_reasoningNone,KitToolbox,kit.minimax-m2.7-229b,,-1,,"['(R872428:Tool Support for the Migration to Microservice Architecture: An Industrial Case Study, publication year, L1528508:2019)', '(R874518:Evaluating the Effectiveness of Multi-level Greedy Modularity Clustering for Software Architecture Recovery, publication year, L1532779:2019)', '(R869680:Research Object Entity, Name, L1522761:Architecture Extraction)', '(R872428:Tool Support for the Migration to Microservice Architecture: An Industrial Case Study, contribution, R872457:First Research Object 2)', '(R872457:First Research Object 2, Object, R872463:Research Object List)', '(R872463:Research Object List, Entity, R872464:Research Object Entity)', '(R872464:Research Object Entity, Name, L1528569:Architecture Extraction)', '(R874518:Evaluating the Effectiveness of Multi-level Greedy Modularity Clustering for Software Architecture Recovery, contribution, R874543:First Research Object 2)', '(R874543:First Research Object 2, Object, R874553:Research Object List)', '(R874553:Research Object List, Entity, R874554:Research Object Entity)', '(R874554:Research Object Entity, Name, L1532843:Architecture Extraction)', '(R869648:A Platform for the Automated Provisioning of Architecture Information for Large-Scale Service-Oriented Software Systems, publication year, L1522702:2018)']",How many papers investigated the research object Architecture Extraction in the publication year 2019?,Two papers investigate Architecture Extraction as a research object in the year 2019.,"['10.1007/978-3-030-29983-5_17', '10.1007/978-3-030-29983-5_17', '10.1007/978-3-030-29983-5_5', '10.1007/978-3-030-29983-5_5']",,"['(R872464:Research Object Entity, Name, L1528569:Architecture Extraction)', '(R872428:Tool Support for the Migration to Microservice Architecture: An Industrial Case Study, publication year, L1528508:2019)', '(R874554:Research Object Entity, Name, L1532843:Architecture Extraction)', '(R874518:Evaluating the Effectiveness of Multi-level Greedy Modularity Clustering for Software Architecture Recovery, publication year, L1532779:2019)']",clustering_strategy,R659055,Software Architecture and Design,5,How many papers used [Content Data: research object name] as a research object in the year [Metadata: year]?
148,800d5973d1783ef79636e6d3632d4b8a,019f3671-5dd5-4d43-9a4d-a753cc79649d,"

The source texts indicate that **at most one** paper could be counted as investigating architecture evolution in 2020, but the evidence is ambiguous.

- **[1]** points to a 2020 paper (“Architectural Concerns for Digital Twin of the Organization”) that is linked to an **Architecture Evolution** research‑object entity, which the source interprets as an investigation of architecture evolution.  
- **[2]** mentions a different paper that explicitly studies architecture evolution, but it does not provide a publication year, so its relevance to 2020 cannot be confirmed.  
- **[3]** also references a 2020 paper (“Incremental Calibration of Architectural Performance Models with Parametric Dependencies”) that is tied to the **Architecture Evolution** context, yet the texts stop short of stating that the paper *investigates* architecture evolution.  
- **[4]** notes a 2020 paper (“Model‑Based Analysis of Microservice Resiliency Patterns”) but does not link it to architecture‑evolution research.  
- **[5]** and **[6]** discuss papers that investigate architecture evolution, but both are dated 2021, not 2020.

Consequently, while one 2020 paper is associated with the **Architecture Evolution** research object, the texts do not unequivocally confirm that it investigates architecture evolution. Therefore, **the number of papers that investigate architecture evolution in 2020 cannot be definitively determined from the provided information**—the data suggests at most one possible candidate [1][3].

[1] Source: Architectural Concerns for Digital Twin of the Organization, 10.1007/978-3-030-58923-3_18
[2] Source: Migrating Towards Microservice Architectures: An Industrial Survey, 10.1109/ICSA.2018.00012
[3] Source: Incremental Calibration of Architectural Performance Models with Parametric Dependencies, 10.1109/ICSA47634.2020.00011
[4] Source: Model-Based Analysis of Microservice Resiliency Patterns, 10.1109/ICSA47634.2020.00019
[5] Source: Enabling Consistency between Software Artefacts for Software Adaption and Evolution, 10.1109/ICSA51549.2021.00009
[6] Source: Continuous API Evolution in Heterogenous Enterprise Software Systems, 10.1109/ICSA51549.2021.00014
",['2020'],0.5,0.25,0.5,0.25,1.0,1.0,0.1,0.5,0.17,0.28,0.12,0.5,0.2,0.31,0.15,1.0,0.27,0.48,0.19,1.0,0.32,0.54,0.1,0.125,0.154,0.19,0.01,0.06,0.03,0.86,0.05,0.02,0.83,0.06,0.03,0.86,0.0,246.96572709083557,0.0,19591,0,0.0,,0,0.0,,,0.0,0.0,,0.0,0.0,https://wandb.ai/kastel-sdq-meta-research/experiment_baseline/r/call/01a0609a-cb77-73fd-ab97-3b32cdd718cc,retrieval_config,False,KitToolbox,kit.qwen3-embedding-8b,10,10,True,cosine,True,False,10,-1,8,False,False,1,False,-1,-1,False,,['R659055'],['Paper'],False,False,False,kg_retrieval,hublink,kittoolbox_kit.minimax-m2.7-229b_tmpNone_maxt-1_reasoningNone,KitToolbox,kit.minimax-m2.7-229b,,-1,,kittoolbox_kit.minimax-m2.7-229b_tmpNone_maxt-1_reasoningNone,KitToolbox,kit.minimax-m2.7-229b,,-1,,orkg_merged_ecsa_icsa.json_jsonpublicationloader_limit-1,['paper_class'],['research_level'],['first_research_object'],['second_research_object'],['validity'],['evidence'],False,False,R659055,https://sandbox.orkg.org,-1,orkg,merged_ecsa_icsa.json_jsonpublicationloader_limit-1,merged_ecsa_icsa.json,JsonPublicationLoader,-1,,4000,2,generation_kittoolbox_kit.minimax-m2.7-229b_tmpNone_maxt-1_reasoningNone,generation,kittoolbox_kit.minimax-m2.7-229b_tmpNone_maxt-1_reasoningNone,KitToolbox,kit.minimax-m2.7-229b,,-1,,"['(R869730:Architectural Concerns for Digital Twin of the Organization, publication year, L1522884:2020)', '(R870059:Incremental Calibration of Architectural Performance Models with Parametric Dependencies, publication year, L1523564:2020)', '(R870059:Incremental Calibration of Architectural Performance Models with Parametric Dependencies, contribution, R2156282:First Research Object 2)', '(R2156282:First Research Object 2, Object, R2156285:Research Object List)', '(R2156285:Research Object List, Entity, R2156290:Research Object Entity)', '(R2156290:Research Object Entity, Name, L2809656:Architecture Evolution)', '(R868734:Research Object Entity, Name, L1520720:Architecture Evolution)', '(R2156184:Research Object Entity, Name, L2809562:Architecture Evolution)', '(R874338:Continuous API Evolution in Heterogenous Enterprise Software Systems, contribution, R874367:First Research Object 2)', '(R874382:Research Object Entity, Name, L1532476:Architecture Evolution)', '(R869762:Research Object Entity, Name, L1522941:Architecture Evolution)', '(R868698:Enabling Consistency between Software Artefacts for Software Adaption and Evolution, publication year, L1520654:2021)', '(R874338:Continuous API Evolution in Heterogenous Enterprise Software Systems, publication year, L1532404:2021)']",How many papers investigate architecture evolution in 2020?,Two papers investigate architecture evolution in 2020.,"['10.1007/978-3-030-58923-3_18', '10.1007/978-3-030-58923-3_18']",,"['(R869762:Research Object Entity, Name, L1522941:Architecture Evolution)', '(R869730:Architectural Concerns for Digital Twin of the Organization, publication year, L1522884:2020)']",clustering_strategy,R659055,Software Architecture and Design,5,How many papers used [Content Data: research object name] as a research object in the year [Metadata: year]?
149,800d5973d1783ef79636e6d3632d4b8a,18b9f0d0-ddcf-4b4d-8193-0452d1de1368,"

The only papers that list **Ingo Weber** as an author **and** use the evaluation method **Argumentation** are:

1. **“A Taxonomy of Blockchain‑Based Systems for Architecture Design.”** – Authored by Ingo Weber (among others) and evaluated using Argumentation [2].  
2. **“A Platform Architecture for Multi‑Tenant Blockchain‑Based Systems.”** – Authored by Ingo Weber and evaluated using Argumentation [3].

The source material does not provide a publication year for either of these works, so they cannot be ordered by descending year.

[2] Source: A Taxonomy of Blockchain-Based Systems for Architecture Design, 10.1109/ICSA.2017.33
[3] Source: A Platform Architecture for Multi-Tenant Blockchain-Based Systems, 10.1109/ICSA.2019.00019
",['Ingo Weber'],0.5,0.5,0.222,0.733,0.5,1.0,0.3,0.5,0.37,0.44,0.67,0.67,0.67,0.67,0.29,0.67,0.4,0.53,0.62,0.83,0.71,0.78,0.3,0.667,0.286,0.625,0.09,0.62,0.49,0.83,0.47,0.37,0.63,0.41,0.33,0.55,0.0,506.8143539428711,0.0,42189,0,0.0,,0,0.0,,,0.0,0.0,,0.0,0.0,https://wandb.ai/kastel-sdq-meta-research/experiment_baseline/r/call/01a0609b-dc36-7b04-aabc-ab38c9faeb52,retrieval_config,False,KitToolbox,kit.qwen3-embedding-8b,10,10,True,cosine,True,False,10,-1,8,False,False,1,False,-1,-1,False,,['R659055'],['Paper'],False,False,False,kg_retrieval,hublink,kittoolbox_kit.minimax-m2.7-229b_tmpNone_maxt-1_reasoningNone,KitToolbox,kit.minimax-m2.7-229b,,-1,,kittoolbox_kit.minimax-m2.7-229b_tmpNone_maxt-1_reasoningNone,KitToolbox,kit.minimax-m2.7-229b,,-1,,orkg_merged_ecsa_icsa.json_jsonpublicationloader_limit-1,['paper_class'],['research_level'],['first_research_object'],['second_research_object'],['validity'],['evidence'],False,False,R659055,https://sandbox.orkg.org,-1,orkg,merged_ecsa_icsa.json_jsonpublicationloader_limit-1,merged_ecsa_icsa.json,JsonPublicationLoader,-1,,4000,2,generation_kittoolbox_kit.minimax-m2.7-229b_tmpNone_maxt-1_reasoningNone,generation,kittoolbox_kit.minimax-m2.7-229b_tmpNone_maxt-1_reasoningNone,KitToolbox,kit.minimax-m2.7-229b,,-1,,"['(R873701:A Taxonomy of Blockchain-Based Systems for Architecture Design, authors, R873702:authors list)', '(R873702:authors list, has list element, L1531053:Ingo Weber)', '(R871726:A Platform Architecture for Multi-Tenant Blockchain-Based Systems, authors, R871727:authors list)', '(R871727:authors list, has list element, L1527018:Ingo Weber)', '(R871726:A Platform Architecture for Multi-Tenant Blockchain-Based Systems, contribution, R871757:First Research Object 2)', '(R871757:First Research Object 2, evaluation, R871758:Evaluation)', '(R871758:Evaluation, Evaluation method, R871759:Evaluation Method List)', '(R871759:Evaluation Method List, Entity, R871760:Evaluation Method Entity)', '(R871760:Evaluation Method Entity, Name, L1527086:Argumentation)', '(R873701:A Taxonomy of Blockchain-Based Systems for Architecture Design, contribution, R873717:First Research Object 2)', '(R873717:First Research Object 2, evaluation, R873718:Evaluation)', '(R873718:Evaluation, Evaluation method, R873719:Evaluation Method List)', '(R873719:Evaluation Method List, Entity, R873720:Evaluation Method Entity)', '(R873720:Evaluation Method Entity, Name, L1531089:Argumentation)']",Which papers have Ingo Weber as an author and apply the evaluation method Argumentation? Rank the papers in descending order of their publication year.,"The papers that have Ingo Weber as an author and that apply the evaluation method Argumentation, ranked in descending order of their publication year, are: 1. A Platform Architecture for Multi-Tenant Blockchain-Based Systems (2019), 2. A Taxonomy of Blockchain-Based Systems for Architecture Design (2017).","['10.1109/ICSA.2019.00019', '10.1109/ICSA.2019.00019', '10.1109/ICSA.2019.00019', '10.1109/ICSA.2017.33', '10.1109/ICSA.2017.33', '10.1109/ICSA.2017.33']",,"['(R871727:authors list, has list element, L1527018:Ingo Weber)', '(R871760:Evaluation Method Entity, Name, L1527086:Argumentation)', '(R871726:A Platform Architecture for Multi-Tenant Blockchain-Based Systems, publication year, L1527024:2019)', '(R873702:authors list, has list element, L1531053:Ingo Weber)', '(R873720:Evaluation Method Entity, Name, L1531089:Argumentation)', '(R873701:A Taxonomy of Blockchain-Based Systems for Architecture Design, publication year, L1531060:2017)']",clustering_strategy,R659055,Software Architecture and Design,6,Which papers have [Metadata: author name] as an author and apply the evaluation method with the name [Content Data: evaluation method name]? Rank them in descending order of their publication year.
150,800d5973d1783ef79636e6d3632d4b8a,e75424e6-51f2-4794-9a7f-1175bda62e3a,"

Based on the information provided in the source [1], only one publication authored (or co‑authored) by Patrizia Scandurra is identified:

- **A Runtime Safety Enforcement Approach by Monitoring and Adaptation** – this work includes an evaluation of its contributions (e.g., evaluation of First Research Object 2 and of product‑quality properties). However, the text does **not** explicitly state that the evaluation employs a “motivating example,” nor does it provide a publication year for the work. Consequently, it cannot be confirmed that this publication meets the “uses a motivating example for evaluation” criterion, and a ranking by publication year cannot be performed.

**Result:** No publications by Patrizia Scandurra that explicitly use a motivating example for evaluation can be identified from the given source, and therefore no descending‑year ranking can be produced.

[1] Source: A Runtime Safety Enforcement Approach by Monitoring and Adaptation, 10.1007/978-3-030-86044-8_2
",['Patrizia Scandurra'],0.167,0.167,0.083,0.05,0.5,0.5,0.5,0.17,0.25,0.19,0.5,0.17,0.25,0.19,0.5,0.17,0.25,0.19,0.5,0.17,0.25,0.19,0.5,0.5,0.5,0.5,0.11,0.35,0.24,0.7,0.21,0.14,0.42,0.21,0.14,0.41,1.0,383.86254930496216,0.0,83072,0,0.0,,0,0.0,,,0.0,0.0,,0.0,0.0,https://wandb.ai/kastel-sdq-meta-research/experiment_baseline/r/call/01a0609c-7710-7a82-8da1-22a283fc5354,retrieval_config,False,KitToolbox,kit.qwen3-embedding-8b,10,10,True,cosine,True,False,10,-1,8,False,False,1,False,-1,-1,False,,['R659055'],['Paper'],False,False,False,kg_retrieval,hublink,kittoolbox_kit.minimax-m2.7-229b_tmpNone_maxt-1_reasoningNone,KitToolbox,kit.minimax-m2.7-229b,,-1,,kittoolbox_kit.minimax-m2.7-229b_tmpNone_maxt-1_reasoningNone,KitToolbox,kit.minimax-m2.7-229b,,-1,,orkg_merged_ecsa_icsa.json_jsonpublicationloader_limit-1,['paper_class'],['research_level'],['first_research_object'],['second_research_object'],['validity'],['evidence'],False,False,R659055,https://sandbox.orkg.org,-1,orkg,merged_ecsa_icsa.json_jsonpublicationloader_limit-1,merged_ecsa_icsa.json,JsonPublicationLoader,-1,,4000,2,generation_kittoolbox_kit.minimax-m2.7-229b_tmpNone_maxt-1_reasoningNone,generation,kittoolbox_kit.minimax-m2.7-229b_tmpNone_maxt-1_reasoningNone,KitToolbox,kit.minimax-m2.7-229b,,-1,,"['(R874586:First Research Object 2, evaluation, R874587:Evaluation)', '(R874566:authors list, has list element, L1532877:Patrizia Scandurra)']",What are the publications by Patrizia Scandurra that use a motivating example for evaluation? Rank them in descending order of their publication year.,"The publications by Patrizia Scandurra that use a motivating example for evaluation, ranked in descending order of their publication year, are: 1. A Runtime Safety Enforcement Approach by Monitoring and Adaptation (2021), 2. A DSL for MAPE Patterns Representation in Self-adapting Systems (2018).","['10.1007/978-3-030-86044-8_2', '10.1007/978-3-030-86044-8_2', '10.1007/978-3-030-86044-8_2', '10.1007/978-3-030-00761-4_1', '10.1007/978-3-030-00761-4_1', '10.1007/978-3-030-00761-4_1']",,"['(R874566:authors list, has list element, L1532877:Patrizia Scandurra)', '(R874589:Evaluation Method Entity, Name, L1532925:Motivating Example)', '(R874565:A Runtime Safety Enforcement Approach by Monitoring and Adaptation, publication year, L1532878:2021)', '(R871035:authors list, has list element, L1525605:Patrizia Scandurra)', '(R871053:Evaluation Method Entity, Name, L1525635:Motivating Example)', '(R871034:A DSL for MAPE Patterns Representation in Self-adapting Systems, publication year, L1525606:2018)']",clustering_strategy,R659055,Software Architecture and Design,6,"Which publications, ranked in descending order of their publication year, have [Metadata: author name] as an author have and have evaluation method [evaluation_method_name]?"
151,800d5973d1783ef79636e6d3632d4b8a,f6bd29ea-8729-46f7-b292-0b2d303ea582,"

**Papers that are identified in the sources as having both the “personal experience paper” class and the “Technical Experiment” evaluation method**

| Paper (as named in the source) | Paper class | Evaluation method | Source |
|--------------------------------|------------|-------------------|--------|
| **ArCode: Facilitating the Use of Application Frameworks to Implement Tactics and Patterns** | Personal experience paper (Paper Class 2) | Technical Experiment | [1] |
| **An Architecture‑Driven Adaptation Approach for Big Data Cyber Security Analytics** | Personal experience paper (Paper Class 2) | Technical Experiment | [8] |

**Conflicting reports from other sources**

- Several sources state that the only papers they describe are **not** personal‑experience papers (their “personal‑experience paper” attribute is False) even though they employ a Technical Experiment evaluation method [2][3][4][5][6][7][9][10]. Consequently, those sources indicate that **no paper** satisfies both conditions.

**Publication‑year information**

- None of the sources provide a publication year for any of the identified papers. Therefore, a descending‑order ranking by publication year cannot be performed.

**Summary**

The partial answers provide two distinct papers that are claimed to meet the specified criteria [1][8] and a larger set of sources that report the absence of any paper satisfying both conditions [2][3][4][5][6][7][9][10]. Because publication‑year data are missing, the papers cannot be ordered by year.

[1] Source: ArCode: Facilitating the Use of Application Frameworks to Implement Tactics and Patterns, 10.1109/ICSA51549.2021.00021
[2] Source: Decentralized Architecture for Energy-Aware Service Assembly, 10.1007/978-3-030-58923-3_4
[3] Source: Synthesis and Quantitative Verification of Tradeoff Spaces for Families of Software Systems, 10.1007/978-3-319-65831-5_1
[4] Source: A Machine Learning Approach to Service Discovery for Microservice Architectures, 10.1007/978-3-030-86044-8_5
[5] Source: DesignDiff: Continuously Modeling Software Design Difference from Code Revisions, 10.1109/ICSA47634.2020.00025
[6] Source: Continuous Experimentation for Automotive Software on the Example of a Heavy Commercial Vehicle in Daily Operation, 10.1007/978-3-030-58923-3_5
[7] Source: Modeling of Parametric Dependencies for Performance Prediction of Component-Based Software Systems at Run-Time, 10.1109/ICSA.2018.00023
[8] Source: An Architecture-Driven Adaptation Approach for Big Data Cyber Security Analytics, 10.1109/ICSA.2019.00013
[9] Source: Recovering Architectural Design Decisions, 10.1109/ICSA.2018.00019
[10] Source: Data-Driven Software Architecture for Analyzing Confidentiality, 10.1109/ICSA.2019.00009
",[],0.0,0.0,0.0,0.0,0.0,0.0,0.0,0.0,0.0,0.0,0.0,0.0,0.0,0.0,0.0,0.0,0.0,0.0,0.0,0.0,0.0,0.0,0.0,0.0,0.0,0.0,0.01,0.27,0.17,0.65,0.08,0.05,0.21,0.16,0.1,0.39,0.0,646.7189874649048,0.0037507499999999993,21528,0,0.0,,0,0.0,,,0.0,0.0,,0.0,0.0,https://wandb.ai/kastel-sdq-meta-research/experiment_baseline/r/call/01a0609d-7e38-7261-8e09-c0c3b88b7afe,retrieval_config,False,KitToolbox,kit.qwen3-embedding-8b,10,10,True,cosine,True,False,10,-1,8,False,False,1,False,-1,-1,False,,['R659055'],['Paper'],False,False,False,kg_retrieval,hublink,kittoolbox_kit.minimax-m2.7-229b_tmpNone_maxt-1_reasoningNone,KitToolbox,kit.minimax-m2.7-229b,,-1,,kittoolbox_kit.minimax-m2.7-229b_tmpNone_maxt-1_reasoningNone,KitToolbox,kit.minimax-m2.7-229b,,-1,,orkg_merged_ecsa_icsa.json_jsonpublicationloader_limit-1,['paper_class'],['research_level'],['first_research_object'],['second_research_object'],['validity'],['evidence'],False,False,R659055,https://sandbox.orkg.org,-1,orkg,merged_ecsa_icsa.json_jsonpublicationloader_limit-1,merged_ecsa_icsa.json,JsonPublicationLoader,-1,,4000,2,generation_kittoolbox_kit.minimax-m2.7-229b_tmpNone_maxt-1_reasoningNone,generation,kittoolbox_kit.minimax-m2.7-229b_tmpNone_maxt-1_reasoningNone,KitToolbox,kit.minimax-m2.7-229b,,-1,,"['(R869927:Paper Class 2, personal experience paper, L1523292:False)', '(R869460:Paper Class 2, personal experience paper, L1522295:False)', '(R873021:Continuous Experimentation for Automotive Software on the Example of a Heavy Commercial Vehicle in Daily Operation, contribution, R873048:Paper Class 2)', '(R873048:Paper Class 2, personal experience paper, L1529734:False)', '(R872069:Recovering Architectural Design Decisions, contribution, R872092:Paper Class 2)', '(R872092:Paper Class 2, personal experience paper, L1527769:False)', '(R870014:An Architecture-Driven Adaptation Approach for Big Data Cyber Security Analytics, contribution, R2156135:Paper Class 2)', '(R2156135:Paper Class 2, personal experience paper, L2809456:False)', '(R870227:A Machine Learning Approach to Service Discovery for Microservice Architectures, contribution, R2156151:Paper Class 2)', '(R2156151:Paper Class 2, personal experience paper, L2809502:False)', '(R871422:ArCode: Facilitating the Use of Application Frameworks to Implement Tactics and Patterns, contribution, R871452:Paper Class 2)', '(R871452:Paper Class 2, personal experience paper, L1526459:False)', '(R872095:Evaluation, Evaluation method, R872096:Evaluation Method List)', '(R872096:Evaluation Method List, Entity, R872097:Evaluation Method Entity)', '(R872097:Evaluation Method Entity, Name, L1527776:Technical Experiment)', '(R872069:Recovering Architectural Design Decisions, contribution, R872094:First Research Object 2)', '(R872094:First Research Object 2, evaluation, R872095:Evaluation)', '(R869932:Evaluation Method Entity, Name, L1523299:Technical Experiment)', '(R873021:Continuous Experimentation for Automotive Software on the Example of a Heavy Commercial Vehicle in Daily Operation, contribution, R873050:First Research Object 2)', '(R873050:First Research Object 2, evaluation, R873051:Evaluation)', '(R873051:Evaluation, Evaluation method, R873052:Evaluation Method List)', '(R873052:Evaluation Method List, Entity, R873053:Evaluation Method Entity)', '(R873053:Evaluation Method Entity, Name, L1529741:Technical Experiment)', '(R869470:Evaluation Method Entity, Name, L1522306:Technical Experiment)', '(R871422:ArCode: Facilitating the Use of Application Frameworks to Implement Tactics and Patterns, contribution, R871463:Second Research Object 2)', '(R871463:Second Research Object 2, evaluation, R871464:Evaluation)', '(R871464:Evaluation, Evaluation method, R871465:Evaluation Method List)', '(R871465:Evaluation Method List, Entity, R871466:Evaluation Method Entity)', '(R871466:Evaluation Method Entity, Name, L1526472:Technical Experiment)', '(R870227:A Machine Learning Approach to Service Discovery for Microservice Architectures, contribution, R2156233:First Research Object 2)', '(R2156233:First Research Object 2, evaluation, R2156247:Evaluation)', '(R2156247:Evaluation, Evaluation method, R2156251:Evaluation Method List)', '(R2156251:Evaluation Method List, Entity, R2156254:Evaluation Method Entity)', '(R2156254:Evaluation Method Entity, Name, L2809620:Technical Experiment)', '(R2156164:First Research Object 2, evaluation, R2156177:Evaluation)', '(R2156177:Evaluation, Evaluation method, R2156181:Evaluation Method List)', '(R2156181:Evaluation Method List, Entity, R2156183:Evaluation Method Entity)', '(R2156183:Evaluation Method Entity, Name, L2809557:Technical Experiment)']",Which papers have personal experience paper as their paper class and applied the evaluation method Technical Experiment? Rank the papers in descending order of their publication year.,"The papers that have personal experience paper as their paper class and applied the evaluation method Technical Experiment, ranked in descending order of their publication year, are: 1. Data-Centric Communication and Containerization for Future Automotive Software Architectures (2018), 2. Towards a Reference Architecture for Cloud-Based Plant Genotyping and Phenotyping Analysis Frameworks (2017).","['10.1109/ICSA.2018.00016', '10.1109/ICSA.2018.00016', '10.1109/ICSA.2018.00016', '10.1109/ICSA.2017.42', '10.1109/ICSA.2017.42', '10.1109/ICSA.2017.42']",,"['(R872668:Paper Class 2, personal experience paper, L1528957:True)', '(R872673:Evaluation Method Entity, Name, L1528964:Technical Experiment)', '(R872636:Data-Centric Communication and Containerization for Future Automotive Software Architectures, publication year, L1528895:2018)', '(R872566:Paper Class 2, personal experience paper, L1528770:True)', '(R872571:Evaluation Method Entity, Name, L1528777:Technical Experiment)', '(R872527:Towards a Reference Architecture for Cloud-Based Plant Genotyping and Phenotyping Analysis Frameworks, publication year, L1528701:2017)']",clustering_strategy,R659055,Software Architecture and Design,6,"Which publications, ranked in descending order of their publication year, have [Metadata: paper class name] as their paper class and include the evaluation method [Content Data: evaluation method name]?"
152,800d5973d1783ef79636e6d3632d4b8a,b0d856cf-7352-47ed-ad29-f0afdedad32e,"

**Publications that satisfy **both** criteria – “validation research” and evaluation with **Grounded Theory** –**

| # | Publication (title) | Why it meets the criteria | Source(s) |
|---|----------------------|---------------------------|-----------|
| 1 | **Supporting Architectural Decision Making on Data Management in Microservice Architectures** | • Classified as *evaluation‑research* (which corresponds to “validation‑research”)  <br>• Evaluated using **Grounded Theory** | [[1]] |
| 2 | **On Service‑Orientation for Automotive Software** | • Associated with *Paper Class 2* (evaluation‑research methodology) → meets the “validation‑research” requirement  <br>• Evaluation‑method list includes **Grounded Theory** | [[4]] |
| 3 | **How Developers Discuss Architecture Smells? An Exploratory Study on Stack Overflow** | • Described as “employs validation‑research methodology” (text 9)  <br>• First Research Object 2 was evaluated with **Grounded Theory** | [[5]] |

> **Note on chronological ordering** – None of the provided sources give a publication year, month, or any other date for the titles listed above. Consequently, the set cannot be sorted from newest to oldest; the list is presented in the order in which the qualifying evidence appears in the source material.

[1] Source: Supporting Architectural Decision Making on Data Management in Microservice Architectures, 10.1007/978-3-030-29983-5_2
[4] Source: On Service-Orientation for Automotive Software, 10.1109/ICSA.2017.20
[5] Source: How Developers Discuss Architecture Smells? An Exploratory Study on Stack Overflow, 10.1109/ICSA.2019.00018
",[],0.167,0.167,0.167,0.125,1.0,1.0,0.1,0.17,0.12,0.15,0.29,0.33,0.31,0.32,0.09,0.17,0.12,0.14,0.25,0.33,0.29,0.31,0.1,0.286,0.091,0.25,0.02,0.3,0.19,0.83,0.2,0.12,0.56,0.21,0.13,0.57,0.0,367.61272740364075,0.0,24272,0,0.0,,0,0.0,,,0.0,0.0,,0.0,0.0,https://wandb.ai/kastel-sdq-meta-research/experiment_baseline/r/call/01a0609e-d448-7d54-a3c2-5d17fbad3796,retrieval_config,False,KitToolbox,kit.qwen3-embedding-8b,10,10,True,cosine,True,False,10,-1,8,False,False,1,False,-1,-1,False,,['R659055'],['Paper'],False,False,False,kg_retrieval,hublink,kittoolbox_kit.minimax-m2.7-229b_tmpNone_maxt-1_reasoningNone,KitToolbox,kit.minimax-m2.7-229b,,-1,,kittoolbox_kit.minimax-m2.7-229b_tmpNone_maxt-1_reasoningNone,KitToolbox,kit.minimax-m2.7-229b,,-1,,orkg_merged_ecsa_icsa.json_jsonpublicationloader_limit-1,['paper_class'],['research_level'],['first_research_object'],['second_research_object'],['validity'],['evidence'],False,False,R659055,https://sandbox.orkg.org,-1,orkg,merged_ecsa_icsa.json_jsonpublicationloader_limit-1,merged_ecsa_icsa.json,JsonPublicationLoader,-1,,4000,2,generation_kittoolbox_kit.minimax-m2.7-229b_tmpNone_maxt-1_reasoningNone,generation,kittoolbox_kit.minimax-m2.7-229b_tmpNone_maxt-1_reasoningNone,KitToolbox,kit.minimax-m2.7-229b,,-1,,"['(R869035:Evaluation Method Entity, Name, L1521380:Grounded Theory)', '(R872980:Supporting Architectural Decision Making on Data Management in Microservice Architectures, contribution, R873002:First Research Object 2)', '(R873002:First Research Object 2, evaluation, R873003:Evaluation)', '(R873003:Evaluation, Evaluation method, R873004:Evaluation Method List)', '(R873004:Evaluation Method List, Entity, R873005:Evaluation Method Entity)', '(R873005:Evaluation Method Entity, Name, L1529647:Grounded Theory)', '(R868312:Evaluation Method Entity, Name, L1519814:Grounded Theory)', '(R869010:On Service-Orientation for Automotive Software, contribution, R869030:Paper Class 2)', '(R872980:Supporting Architectural Decision Making on Data Management in Microservice Architectures, contribution, R873000:Paper Class 2)', '(R873000:Paper Class 2, evaluation research, L1529644:True)', '(R868307:Paper Class 2, validation research, L1519806:False)']","Which publications, sorted from newest to oldest, are classified as validation research and evaluated with grounded theory?","The publications that are classified as validation research and evaluated with grounded theory, sorted from newest to oldest, are: 1. Architectural Technical Debt: A Grounded Theory (2020), 2. On Service-Orientation for Automotive Software (2017).","['10.1007/978-3-030-58923-3_14', '10.1007/978-3-030-58923-3_14', '10.1007/978-3-030-58923-3_14', '10.1109/ICSA.2017.20', '10.1109/ICSA.2017.20', '10.1109/ICSA.2017.20']",,"['(R872622:Paper Class 2, validation research, L1528868:True)', '(R869035:Evaluation Method Entity, Name, L1521380:Grounded Theory)', '(R872607:Architectural Technical Debt: A Grounded Theory, publication year, L1528844:2020)', '(R869030:Paper Class 2, validation research, L1521372:True)', '(R872627:Evaluation Method Entity, Name, L1528876:Grounded Theory)', '(R869010:On Service-Orientation for Automotive Software, publication year, L1521329:2017)']",clustering_strategy,R659055,Software Architecture and Design,6,"Which publications, ranked in descending order of their publication year, have [Metadata: paper class name] as their paper class and include the evaluation method [Content Data: evaluation method name]?"
153,800d5973d1783ef79636e6d3632d4b8a,887fd851-2249-44df-b32e-904befa42b80,"

**Number of papers that investigate the research object “Architecture Evolution”**

| Publication year | Identified papers (as reported in the source texts) |
|------------------|------------------------------------------------------|
| **2020** | • “From Monolithic Architecture Style to Microservice one Based on a Semi‑Automatic Approach” [1]  <br>• “Architectural Concerns for Digital Twin of the Organization” [3]  <br>• “Incremental Calibration of Architectural Performance Models with Parametric Dependencies” [5] |
| **2021** | • “Continuous API Evolution in Heterogenous Enterprise Software Systems” [2]  <br>• “Enabling Consistency between Software Artefacts for Software Adaption and Evolution” [4]  <br>• “Architectural Decay as Predictor of Issue‑ and Change‑Proneness” [6] |

**Summary**

- **2020:** At least **three** papers investigate “Architecture Evolution” (see [1], [3], [5]).
- **2021:** At least **three** papers investigate “Architecture Evolution” (see [2], [4], [6]).

The information provided in the supplied texts does not indicate any additional papers for either year, so the counts above reflect what can be derived from the available sources.

[1] Source: From Monolithic Architecture Style to Microservice one Based on a Semi-Automatic Approach, 10.1109/ICSA47634.2020.00023
[2] Source: Continuous API Evolution in Heterogenous Enterprise Software Systems, 10.1109/ICSA51549.2021.00014
[3] Source: Architectural Concerns for Digital Twin of the Organization, 10.1007/978-3-030-58923-3_18
[4] Source: Enabling Consistency between Software Artefacts for Software Adaption and Evolution, 10.1109/ICSA51549.2021.00009
[5] Source: Incremental Calibration of Architectural Performance Models with Parametric Dependencies, 10.1109/ICSA47634.2020.00011
[6] Source: Architectural Decay as Predictor of Issue- and Change-Proneness, 10.1109/ICSA51549.2021.00017
","['2020', '2021']",0.5,0.312,0.444,0.498,1.0,1.0,0.4,0.5,0.44,0.48,0.53,0.5,0.52,0.51,0.32,0.88,0.47,0.65,0.52,0.88,0.65,0.77,0.4,0.533,0.318,0.519,0.01,0.23,0.14,0.71,0.14,0.08,0.44,0.19,0.11,0.57,1.0,250.54786252975464,0.0,82129,0,0.0,,0,0.0,,,0.0,0.0,,0.0,0.0,https://wandb.ai/kastel-sdq-meta-research/experiment_baseline/r/call/01a060a2-7dd6-7a27-b2c9-18a6aeb16924,retrieval_config,False,KitToolbox,kit.qwen3-embedding-8b,10,10,True,cosine,True,False,10,-1,8,False,False,1,False,-1,-1,False,,['R659055'],['Paper'],False,False,False,kg_retrieval,hublink,kittoolbox_kit.minimax-m2.7-229b_tmpNone_maxt-1_reasoningNone,KitToolbox,kit.minimax-m2.7-229b,,-1,,kittoolbox_kit.minimax-m2.7-229b_tmpNone_maxt-1_reasoningNone,KitToolbox,kit.minimax-m2.7-229b,,-1,,orkg_merged_ecsa_icsa.json_jsonpublicationloader_limit-1,['paper_class'],['research_level'],['first_research_object'],['second_research_object'],['validity'],['evidence'],False,False,R659055,https://sandbox.orkg.org,-1,orkg,merged_ecsa_icsa.json_jsonpublicationloader_limit-1,merged_ecsa_icsa.json,JsonPublicationLoader,-1,,4000,2,generation_kittoolbox_kit.minimax-m2.7-229b_tmpNone_maxt-1_reasoningNone,generation,kittoolbox_kit.minimax-m2.7-229b_tmpNone_maxt-1_reasoningNone,KitToolbox,kit.minimax-m2.7-229b,,-1,,"['(R874338:Continuous API Evolution in Heterogenous Enterprise Software Systems, publication year, L1532404:2021)', '(R868698:Enabling Consistency between Software Artefacts for Software Adaption and Evolution, publication year, L1520654:2021)', '(R870521:From Monolithic Architecture Style to Microservice one Based on a Semi-Automatic Approach, publication year, L1524530:2020)', '(R869730:Architectural Concerns for Digital Twin of the Organization, publication year, L1522884:2020)', '(R870059:Incremental Calibration of Architectural Performance Models with Parametric Dependencies, publication year, L1523564:2020)', '(R870059:Incremental Calibration of Architectural Performance Models with Parametric Dependencies, contribution, R2156282:First Research Object 2)', '(R2156282:First Research Object 2, Object, R2156285:Research Object List)', '(R2156285:Research Object List, Entity, R2156290:Research Object Entity)', '(R2156290:Research Object Entity, Name, L2809656:Architecture Evolution)', '(R868698:Enabling Consistency between Software Artefacts for Software Adaption and Evolution, contribution, R868723:First Research Object 2)', '(R868723:First Research Object 2, Object, R868733:Research Object List)', '(R868733:Research Object List, Entity, R868734:Research Object Entity)', '(R868734:Research Object Entity, Name, L1520720:Architecture Evolution)', '(R874338:Continuous API Evolution in Heterogenous Enterprise Software Systems, contribution, R874367:First Research Object 2)', '(R874367:First Research Object 2, Object, R874381:Research Object List)', '(R874381:Research Object List, Entity, R874382:Research Object Entity)', '(R874382:Research Object Entity, Name, L1532476:Architecture Evolution)', '(R869730:Architectural Concerns for Digital Twin of the Organization, contribution, R869753:First Research Object 2)', '(R869753:First Research Object 2, Object, R869761:Research Object List)', '(R869761:Research Object List, Entity, R869762:Research Object Entity)', '(R869762:Research Object Entity, Name, L1522941:Architecture Evolution)', '(R870521:From Monolithic Architecture Style to Microservice one Based on a Semi-Automatic Approach, contribution, R870542:First Research Object 2)']",What is the number of papers investigating the research object Architecture Evolution in the publication year 2020 versus the publication year 2021?,"The number of papers investigating the research object Architecture Evolution in the publication year 2020 is two, whereas the number in the publication year 2021 is also two.","['10.1109/ICSA51549.2021.00009', '10.1109/ICSA51549.2021.00009', '10.1109/ICSA51549.2021.00014', '10.1109/ICSA51549.2021.00014', '10.1109/ICSA47634.2020.00011', '10.1109/ICSA47634.2020.00011', '10.1007/978-3-030-58923-3_18', '10.1007/978-3-030-58923-3_18']",,"['(R868734:Research Object Entity, Name, L1520720:Architecture Evolution)', '(R868698:Enabling Consistency between Software Artefacts for Software Adaption and Evolution, publication year, L1520654:2021)', '(R874382:Research Object Entity, Name, L1532476:Architecture Evolution)', '(R874338:Continuous API Evolution in Heterogenous Enterprise Software Systems, publication year, L1532404:2021)', '(R870091:Research Object Entity, Name, L1523621:Architecture Evolution)', '(R870059:Incremental Calibration of Architectural Performance Models with Parametric Dependencies, publication year, L1523564:2020)', '(R869762:Research Object Entity, Name, L1522941:Architecture Evolution)', '(R869730:Architectural Concerns for Digital Twin of the Organization, publication year, L1522884:2020)']",clustering_strategy,R659055,Software Architecture and Design,5,What is the number of studies investigating the research object with the name [Content Data: research object name] in [year 1] versus [year 2]?
154,800d5973d1783ef79636e6d3632d4b8a,35732a64-099c-4ebc-ba5a-dbd904d28a7d,"

The source material shows that **one** paper published in 2020 explicitly investigates architecture‑related decision‑making – the study “Assessing Architecture Conformance to Coupling‑Related Patterns and Practices in Microservices” [3].  

For 2021, the only paper mentioned is “A Runtime Safety Enforcement Approach by Monitoring and Adaptation,” which is dated 2021 but does **not** investigate architecture decision‑making [1]. No other sources provide information about any 2021 papers that focus on architecture decision‑making.

**Therefore, according to the provided texts:**

- **2020:** At least one paper investigates architecture decision making.  
- **2021:** No papers are identified that investigate architecture decision making.  

The available evidence suggests a comparison of **one paper in 2020 versus zero such papers in 2021**.

[1] Source: A Runtime Safety Enforcement Approach by Monitoring and Adaptation, 10.1007/978-3-030-86044-8_2
[3] Source: Assessing Architecture Conformance to Coupling-Related Patterns and Practices in Microservices, 10.1007/978-3-030-58923-3_1
","['2020', '2021']",0.0,0.0,0.0,0.0,0.0,0.0,0.0,0.0,0.0,0.0,0.0,0.0,0.0,0.0,0.0,0.0,0.0,0.0,0.0,0.0,0.0,0.0,0.0,0.0,0.0,0.0,0.04,0.32,0.2,0.74,0.15,0.1,0.37,0.22,0.14,0.52,1.0,220.9733066558838,0.0,29347,0,0.0,,0,0.0,,,0.0,0.0,,0.0,0.0,https://wandb.ai/kastel-sdq-meta-research/experiment_baseline/r/call/01a060a3-c7d6-712a-b1da-0df992814aae,retrieval_config,False,KitToolbox,kit.qwen3-embedding-8b,10,10,True,cosine,True,False,10,-1,8,False,False,1,False,-1,-1,False,,['R659055'],['Paper'],False,False,False,kg_retrieval,hublink,kittoolbox_kit.minimax-m2.7-229b_tmpNone_maxt-1_reasoningNone,KitToolbox,kit.minimax-m2.7-229b,,-1,,kittoolbox_kit.minimax-m2.7-229b_tmpNone_maxt-1_reasoningNone,KitToolbox,kit.minimax-m2.7-229b,,-1,,orkg_merged_ecsa_icsa.json_jsonpublicationloader_limit-1,['paper_class'],['research_level'],['first_research_object'],['second_research_object'],['validity'],['evidence'],False,False,R659055,https://sandbox.orkg.org,-1,orkg,merged_ecsa_icsa.json_jsonpublicationloader_limit-1,merged_ecsa_icsa.json,JsonPublicationLoader,-1,,4000,2,generation_kittoolbox_kit.minimax-m2.7-229b_tmpNone_maxt-1_reasoningNone,generation,kittoolbox_kit.minimax-m2.7-229b_tmpNone_maxt-1_reasoningNone,KitToolbox,kit.minimax-m2.7-229b,,-1,,"['(R874565:A Runtime Safety Enforcement Approach by Monitoring and Adaptation, publication year, L1532878:2021)', '(R869566:Assessing Architecture Conformance to Coupling-Related Patterns and Practices in Microservices, publication year, L1522519:2020)']",How many papers investigate architecture decision making in 2020 in comparison to 2021?,"The number of papers that investigate architecture decision making in 2020 in comparison to 2021 is as follows: there are no papers in 2020, while there are four papers in 2021.","['10.1007/978-3-030-86044-8_21', '10.1007/978-3-030-86044-8_21', '10.1109/ICSA51549.2021.00010', '10.1109/ICSA51549.2021.00010', '10.1109/ICSA51549.2021.00013', '10.1109/ICSA51549.2021.00013', '10.1007/978-3-030-86044-8_14', '10.1007/978-3-030-86044-8_14']",,"['(R868513:Research Object Entity, Name, L1520253:Architecture Decision Making)', '(R868485:How Software Architects Focus Their Attention, publication year, L1520199:2021)', '(R874249:Research Object Entity, Name, L1532197:Architecture Decision Making)', '(R874205:System- and Software-level Architecting Harmonization Practices for Systems-of-Systems : An exploratory case study on a long-running large-scale scientific instrument, publication year, L1532127:2021)', '(R869342:Research Object Entity, Name, L1522034:Architecture Decision Making)', '(R869312:A Decision Model for Choosing Patterns in Blockchain-Based Applications, publication year, L1521979:2021)', '(R873522:Research Object Entity, Name, L1530672:Architecture Decision Making)', '(R873486:State of the Practice in Application Programming Interfaces (APIs): A Case Study, publication year, L1530611:2021)']",clustering_strategy,R659055,Software Architecture and Design,5,How many papers have the research object [Content Data: research object name] in the year [Metadata: year] in comparison to [Metadata: year]?
155,800d5973d1783ef79636e6d3632d4b8a,f9475f8a-f43e-494c-9643-51fe82786c35,"

The texts show that **two** papers evaluated the property **Maintainability** in 2017 and **two** papers did so in 2020.

- **2017:**  
  - “The Evolution of Technical Debt in the Apache Ecosystem” evaluates Maintainability【1】.  
  - “Towards a Reference Architecture for Cloud‑Based Plant Genotyping and Phenotyping Analysis Frameworks” also evaluates Maintainability【3】.  

- **2020:**  
  - “A Comparison of MQTT Brokers for Distributed IoT Edge Computing” evaluates Maintainability【2】.  
  - “Architectural Technical Debt: A Grounded Theory” evaluates Maintainability【4】.  

Thus, the number of papers that evaluate **Maintainability** is **2** in 2017 and **2** in 2020.

","['2017', '2020']",0.25,0.125,0.062,0.316,0.25,1.0,0.2,0.25,0.22,0.24,0.47,0.44,0.45,0.44,0.27,1.0,0.42,0.65,0.37,1.0,0.54,0.75,0.2,0.467,0.267,0.372,0.02,0.34,0.23,0.69,0.12,0.08,0.25,0.24,0.16,0.48,1.0,327.38183069229126,0.0,75928,0,0.0,,0,0.0,,,0.0,0.0,,0.0,0.0,https://wandb.ai/kastel-sdq-meta-research/experiment_baseline/r/call/01a060a4-a341-7061-b038-7ab7bcccd1be,retrieval_config,False,KitToolbox,kit.qwen3-embedding-8b,10,10,True,cosine,True,False,10,-1,8,False,False,1,False,-1,-1,False,,['R659055'],['Paper'],False,False,False,kg_retrieval,hublink,kittoolbox_kit.minimax-m2.7-229b_tmpNone_maxt-1_reasoningNone,KitToolbox,kit.minimax-m2.7-229b,,-1,,kittoolbox_kit.minimax-m2.7-229b_tmpNone_maxt-1_reasoningNone,KitToolbox,kit.minimax-m2.7-229b,,-1,,orkg_merged_ecsa_icsa.json_jsonpublicationloader_limit-1,['paper_class'],['research_level'],['first_research_object'],['second_research_object'],['validity'],['evidence'],False,False,R659055,https://sandbox.orkg.org,-1,orkg,merged_ecsa_icsa.json_jsonpublicationloader_limit-1,merged_ecsa_icsa.json,JsonPublicationLoader,-1,,4000,2,generation_kittoolbox_kit.minimax-m2.7-229b_tmpNone_maxt-1_reasoningNone,generation,kittoolbox_kit.minimax-m2.7-229b_tmpNone_maxt-1_reasoningNone,KitToolbox,kit.minimax-m2.7-229b,,-1,,"['(R872607:Architectural Technical Debt: A Grounded Theory, contribution, R872624:First Research Object 2)', '(R872624:First Research Object 2, evaluation, R872625:Evaluation)', '(R872625:Evaluation, properties, R872628:Property)', '(R872630:Property, Name, L1528879:Maintainability)', '(R869104:The Evolution of Technical Debt in the Apache Ecosystem, contribution, R869125:First Research Object 2)', '(R869125:First Research Object 2, evaluation, R869126:Evaluation)', '(R869126:Evaluation, properties, R869129:Property)', '(R869130:Property, Name, L1521576:Maintainability)', '(R873728:A Comparison of MQTT Brokers for Distributed IoT Edge Computing, contribution, R873753:First Research Object 2)', '(R873753:First Research Object 2, evaluation, R873754:Evaluation)', '(R873754:Evaluation, properties, R873757:Property)', '(R873761:Property, Name, L1531165:Maintainability)', '(R873993:Reducing Development Overheads with a Generic and Model-Centric Architecture for Online Games, contribution, R874017:First Research Object 2)', '(R874017:First Research Object 2, evaluation, R874018:Evaluation)', '(R874018:Evaluation, properties, R874021:Property)', '(R874024:Property, Name, L1531720:Maintainability)', '(R869143:PARAD Repository: On the Capitalization of the Performance Analysis Process for AADL Designs, publication year, L1521612:2017)', '(R873728:A Comparison of MQTT Brokers for Distributed IoT Edge Computing, publication year, L1531105:2020)', '(R872607:Architectural Technical Debt: A Grounded Theory, publication year, L1528844:2020)', '(R872527:Towards a Reference Architecture for Cloud-Based Plant Genotyping and Phenotyping Analysis Frameworks, contribution, R872568:First Research Object 2)', '(R872568:First Research Object 2, evaluation, R872569:Evaluation)', '(R872569:Evaluation, properties, R872572:Property)', '(R872575:Property, Name, L1528781:Maintainability)', '(R869104:The Evolution of Technical Debt in the Apache Ecosystem, publication year, L1521523:2017)', '(R872527:Towards a Reference Architecture for Cloud-Based Plant Genotyping and Phenotyping Analysis Frameworks, publication year, L1528701:2017)', '(R869164:First Research Object 2, evaluation, R869165:Evaluation)', '(R869165:Evaluation, properties, R869168:Property)', '(R869169:Property, Name, L1521661:Functional Suitability)', '(R873993:Reducing Development Overheads with a Generic and Model-Centric Architecture for Online Games, publication year, L1531662:2018)', '(R869168:Property, Name, L1521662:Product Quality)']",How many papers evaluate the property Maintainability in the publication year 2017 in comparison to the publication year 2020?,"In the year 2017, there were three papers that evaluated the property Maintainability. In comparison, in the year 2020, there were also three papers that evaluated the property Maintainability.","['10.1007/978-3-030-58923-3_23', '10.1007/978-3-030-58923-3_23', '10.1007/978-3-319-65831-5_4', '10.1007/978-3-319-65831-5_4', '10.1007/978-3-030-58923-3_14', '10.1007/978-3-030-58923-3_14', '10.1109/ICSA.2017.42', '10.1109/ICSA.2017.42']",,"['(R873761:Property, Name, L1531165:Maintainability)', '(R873728:A Comparison of MQTT Brokers for Distributed IoT Edge Computing, publication year, L1531105:2020)', '(R869130:Property, Name, L1521576:Maintainability)', '(R869104:The Evolution of Technical Debt in the Apache Ecosystem, publication year, L1521523:2017)', '(R872575:Property, Name, L1528781:Maintainability)', '(R872607:Architectural Technical Debt: A Grounded Theory, publication year, L1528844:2020)', '(R872630:Property, Name, L1528879:Maintainability)', '(R872527:Towards a Reference Architecture for Cloud-Based Plant Genotyping and Phenotyping Analysis Frameworks, publication year, L1528701:2017)']",clustering_strategy,R659055,Software Architecture and Design,6,How many papers have the sub-property [sub property name] in the year [Metadata: year] in comparison to [Metadata: year]?
156,800d5973d1783ef79636e6d3632d4b8a,b5cabd4d-446b-4422-9c66-8c704ac2485d,"

The supplied texts list the following security‑evaluation papers:

* **2017** – two papers are mentioned  
  * “Understanding Software Vulnerabilities Related to Architectural Security Tactics: An Empirical Investigation of Chromium, PHP and Thunderbird”【1】  
  * “Towards a Reference Architecture for Cloud‑Based Plant Genotyping and Phenotyping Analysis Frameworks”【2】  

* **2020** – one paper is mentioned  
  * “A Comparison of MQTT Brokers for Distributed IoT Edge Computing” evaluated the property security【4】  

All other sources either do not specify a year for their security evaluation【3】【5】 or provide no information about papers in those particular years.  

**Therefore, the available evidence shows that two papers evaluated the property “security” in 2017, while one paper evaluated it in 2020.**

","['2017', '2020']",0.167,0.167,0.024,0.039,0.143,0.143,0.1,0.17,0.12,0.15,0.2,0.25,0.22,0.24,0.21,0.83,0.33,0.52,0.29,0.83,0.43,0.6,0.1,0.2,0.208,0.286,0.03,0.33,0.21,0.82,0.13,0.08,0.33,0.22,0.14,0.54,1.0,263.45451259613037,0.0,54392,0,0.0,,0,0.0,,,0.0,0.0,,0.0,0.0,https://wandb.ai/kastel-sdq-meta-research/experiment_baseline/r/call/01a060a6-801d-75c4-b39b-858be43b0975,retrieval_config,False,KitToolbox,kit.qwen3-embedding-8b,10,10,True,cosine,True,False,10,-1,8,False,False,1,False,-1,-1,False,,['R659055'],['Paper'],False,False,False,kg_retrieval,hublink,kittoolbox_kit.minimax-m2.7-229b_tmpNone_maxt-1_reasoningNone,KitToolbox,kit.minimax-m2.7-229b,,-1,,kittoolbox_kit.minimax-m2.7-229b_tmpNone_maxt-1_reasoningNone,KitToolbox,kit.minimax-m2.7-229b,,-1,,orkg_merged_ecsa_icsa.json_jsonpublicationloader_limit-1,['paper_class'],['research_level'],['first_research_object'],['second_research_object'],['validity'],['evidence'],False,False,R659055,https://sandbox.orkg.org,-1,orkg,merged_ecsa_icsa.json_jsonpublicationloader_limit-1,merged_ecsa_icsa.json,JsonPublicationLoader,-1,,4000,2,generation_kittoolbox_kit.minimax-m2.7-229b_tmpNone_maxt-1_reasoningNone,generation,kittoolbox_kit.minimax-m2.7-229b_tmpNone_maxt-1_reasoningNone,KitToolbox,kit.minimax-m2.7-229b,,-1,,"['(R874684:A Blockchain-Based Micro Economy Platform for Distributed Infrastructure Initiatives, contribution, R874707:First Research Object 2)', '(R874707:First Research Object 2, evaluation, R874708:Evaluation)', '(R874708:Evaluation, properties, R874711:Property)', '(R874713:Property, Name, L1533184:Security)', '(R873753:First Research Object 2, evaluation, R873754:Evaluation)', '(R873754:Evaluation, properties, R873757:Property)', '(R873760:Property, Name, L1531164:Security)', '(R872527:Towards a Reference Architecture for Cloud-Based Plant Genotyping and Phenotyping Analysis Frameworks, contribution, R872580:Second Research Object 2)', '(R872580:Second Research Object 2, evaluation, R872587:Evaluation)', '(R872587:Evaluation, properties, R872590:Property)', '(R872592:Property, Name, L1528794:Security)', '(R872233:Understanding Software Vulnerabilities Related to Architectural Security Tactics: An Empirical Investigation of Chromium, PHP and Thunderbird, contribution, R872254:First Research Object 2)', '(R872254:First Research Object 2, evaluation, R872255:Evaluation)', '(R872255:Evaluation, properties, R872258:Property)', '(R872259:Property, Name, L1528119:Security)', '(R871726:A Platform Architecture for Multi-Tenant Blockchain-Based Systems, contribution, R871757:First Research Object 2)', '(R871757:First Research Object 2, evaluation, R871758:Evaluation)', '(R871758:Evaluation, properties, R871761:Property)', '(R871764:Property, Name, L1527090:Security)', '(R873728:A Comparison of MQTT Brokers for Distributed IoT Edge Computing, publication year, L1531105:2020)', '(R872233:Understanding Software Vulnerabilities Related to Architectural Security Tactics: An Empirical Investigation of Chromium, PHP and Thunderbird, publication year, L1528068:2017)', '(R872527:Towards a Reference Architecture for Cloud-Based Plant Genotyping and Phenotyping Analysis Frameworks, publication year, L1528701:2017)', '(R871757:First Research Object 2, evaluation, R871768:Evaluation)', '(R871768:Evaluation, properties, R871771:Property)']",How many papers evaluated the property security in 2017 in comparison to 2020?,"In the year 2017, there were two papers that evaluated the property Security. In comparison, in the year 2020, there was one paper that evaluated the property Security.","['10.1109/ICSA.2017.39', '10.1109/ICSA.2017.39', '10.1109/ICSA.2017.42', '10.1109/ICSA.2017.42', '10.1007/978-3-030-58923-3_23', '10.1007/978-3-030-58923-3_23']",,"['(R872259:Property, Name, L1528119:Security)', '(R872233:Understanding Software Vulnerabilities Related to Architectural Security Tactics: An Empirical Investigation of Chromium, PHP and Thunderbird, publication year, L1528068:2017)', '(R872574:Property, Name, L1528780:Security)', '(R872527:Towards a Reference Architecture for Cloud-Based Plant Genotyping and Phenotyping Analysis Frameworks, publication year, L1528701:2017)', '(R873760:Property, Name, L1531164:Security)', '(R873728:A Comparison of MQTT Brokers for Distributed IoT Edge Computing, publication year, L1531105:2020)']",clustering_strategy,R659055,Software Architecture and Design,6,How many papers have the sub-property [sub property name] in the year [Metadata: year] in comparison to [Metadata: year]?
157,800d5973d1783ef79636e6d3632d4b8a,39427c97-424f-42a1-b8ee-5726c77283c7,"

**Papers that satisfy all three conditions (published 2017, investigate the research object **Architecture Design Method**, and have **not used input data**) – according to the information provided in the source texts**

| Publication (Year) | Title | Research Object | Input‑data usage |
|--------------------|-------|------------------|-------------------|
| 2017 | **Design Criteria to Architect Continuous Experimentation for Self‑Driving Vehicles** | Architecture Design Method | **Has not used input data** (the record notes that “tool‑support usage is marked as false/not provided,” which is taken as an indication that no input data were employed) – see [1] |

The other papers identified in the source material also

* were published in 2017, and  
* investigate the **Architecture Design Method** (e.g., “An Architecture Framework for Modelling and Simulation of Situational‑Aware Cyber‑Physical Systems,” “Mapping Features to Source Code through Product Line Architecture,” “Continuous Analysis of Collaborative Design,” “Designing Robust Software Systems through Parametric Markov Chain Synthesis,” “Synthesis and Quantitative Verification of Tradeoff Spaces for Families of Software Systems,” “Microservice Ambients: An Architectural Meta‑Modelling Approach for Microservice Granularity”),  

but the supplied texts do **not explicitly state** whether those studies used or avoided input data. Consequently, based on the available information they cannot be confirmed as having “not used input data.”  

Thus, the only paper that unequivocally meets the three required criteria is **“Design Criteria to Architect Continuous Experimentation for Self‑Driving Vehicles”** [1].

[1] Source: Design Criteria to Architect Continuous Experimentation for Self-Driving Vehicles, 10.1109/ICSA.2017.36
",['2017'],0.111,0.111,0.022,0.14,0.2,1.0,0.11,0.11,0.11,0.11,0.2,0.11,0.14,0.12,0.11,0.11,0.11,0.11,0.2,0.11,0.14,0.12,0.111,0.2,0.111,0.2,0.06,0.41,0.26,0.98,0.32,0.2,0.77,0.37,0.23,0.89,1.0,284.48139119148254,0.0,10711,0,0.0,,0,0.0,,,0.0,0.0,,0.0,0.0,https://wandb.ai/kastel-sdq-meta-research/experiment_baseline/r/call/01a060a7-5cf9-76d3-98e4-935574c22a58,retrieval_config,False,KitToolbox,kit.qwen3-embedding-8b,10,10,True,cosine,True,False,10,-1,8,False,False,1,False,-1,-1,False,,['R659055'],['Paper'],False,False,False,kg_retrieval,hublink,kittoolbox_kit.minimax-m2.7-229b_tmpNone_maxt-1_reasoningNone,KitToolbox,kit.minimax-m2.7-229b,,-1,,kittoolbox_kit.minimax-m2.7-229b_tmpNone_maxt-1_reasoningNone,KitToolbox,kit.minimax-m2.7-229b,,-1,,orkg_merged_ecsa_icsa.json_jsonpublicationloader_limit-1,['paper_class'],['research_level'],['first_research_object'],['second_research_object'],['validity'],['evidence'],False,False,R659055,https://sandbox.orkg.org,-1,orkg,merged_ecsa_icsa.json_jsonpublicationloader_limit-1,merged_ecsa_icsa.json,JsonPublicationLoader,-1,,4000,2,generation_kittoolbox_kit.minimax-m2.7-229b_tmpNone_maxt-1_reasoningNone,generation,kittoolbox_kit.minimax-m2.7-229b_tmpNone_maxt-1_reasoningNone,KitToolbox,kit.minimax-m2.7-229b,,-1,,"['(R870270:Design Criteria to Architect Continuous Experimentation for Self-Driving Vehicles, contribution, R2156131:First Research Object 2)', '(R2156131:First Research Object 2, Object, R2156136:Research Object List)', '(R2156136:Research Object List, Entity, R2156138:Research Object Entity)', '(R2156138:Research Object Entity, Name, L2809492:Architecture Design Method)', '(R870270:Design Criteria to Architect Continuous Experimentation for Self-Driving Vehicles, publication year, L1524035:2017)', '(R870270:Design Criteria to Architect Continuous Experimentation for Self-Driving Vehicles, contribution, R870299:Evidence 2)', '(R870299:Evidence 2, Uses Tool Support, R870301:Tool Support)', '(R870301:Tool Support, None, L1524093:False)', '(R870301:Tool Support, used, L1524092:False)']",Which papers published in the publication year 2017 investigate the research object Architecture Design Method and have not used input data?,"The papers that investigate the research object Architecture Design Method and do not have input data available in the publication year 2017 are 'An Architecture Framework for Modelling and Simulation of Situational-Aware Cyber-Physical Systems', 'Microservice Ambients: An Architectural Meta-Modelling Approach for Microservice Granularity', and 'Design Criteria to Architect Continuous Experimentation for Self-Driving Vehicles'.","['10.1007/978-3-319-65831-5_7', '10.1007/978-3-319-65831-5_7', '10.1007/978-3-319-65831-5_7', '10.1109/ICSA.2017.32', '10.1109/ICSA.2017.32', '10.1109/ICSA.2017.32', '10.1109/ICSA.2017.36', '10.1109/ICSA.2017.36', '10.1109/ICSA.2017.36']",,"['(R868917:Research Object Entity, Name, L1521119:Architecture Design Method)', '(R868889:An Architecture Framework for Modelling and Simulation of Situational-Aware Cyber-Physical Systems, publication year, L1521067:2017)', '(R868919:Input Data, None, L1521123:True)', '(R870298:Research Object Entity, Name, L1524086:Architecture Design Method)', '(R871785:Microservice Ambients: An Architectural Meta-Modelling Approach for Microservice Granularity, publication year, L1527135:2017)', '(R870300:Input Data, None, L1524090:True)', '(R871810:Research Object Entity, Name, L1527171:Architecture Design Method)', '(R870270:Design Criteria to Architect Continuous Experimentation for Self-Driving Vehicles, publication year, L1524035:2017)', '(R874792:Input Data, None, L1533368:True)']",clustering_strategy,R659055,Software Architecture and Design,5,Which papers that have been published in the year [Metadata: year] investigate the research object with the name [Content Data: research object name] and have not used input data in their work?
158,800d5973d1783ef79636e6d3632d4b8a,2708b852-ea55-4c37-8278-b18f533bc2cf,"

**Papers that investigate architecture‑decision making and have no input data available in 2018**

| # | Paper (as identified in the sources) | Evidence of meeting the criteria | Source |
|---|--------------------------------------|-----------------------------------|--------|
| 1 | **“Understanding Architecture Decisions in Context.”** | • Research object includes *Architecture Decision Making*.<br>• Published in **2018**.<br>• Evidence 2 uses an *Input Data* resource whose “available” attribute is **False** (i.e., the input data are not available). | [1] |
| 2 | **“Architectural Design Decisions for Systems Supporting Model‑Based Analysis of Runtime Events: A Qualitative Multi‑method Study.”** | • Research object list contains the entity *Architecture Decision Making*.<br>• Publication year is **2018**.<br>• Evidence 2’s *Input Data* has the “available” flag set to **False**. | [3] |
| 3 | **“An Expert Recommendation System for Design Decision Making: Who Should be Involved in Making a Design Decision?”** | • The paper’s contribution is tied to a research‑object that belongs to the list containing *Architecture Decision Making*.<br>• Published in **2018**.<br>• The associated *Input Data* attribute is **False**, indicating that no input data are provided. | [6] |
| 4 | **“Empirical Insights into the Evolving Role of Architects in Decision‑Making in an Agile Context.”** | • Classified under the *Architecture Decision Making* research entity.<br>• Publication year is **2018**.<br>• Evidence 2 reports an *Input Data* resource with “available” set to **False**. | [8] |

These four papers are the only entries in the provided texts that simultaneously satisfy **both** of the required conditions:

1. **Investigate architecture decision making** (their research objects explicitly include the “Architecture Decision Making” entity).  
2. **Have no input data available** (the input‑data resources linked to their evidence are marked as unavailable).  
3. **Were published in 2018**.  

All other partial answers either lack a confirmed architecture‑decision‑making focus, do not specify the year 2018, or indicate that input data are available.

[1] Source: Understanding Architecture Decisions in Context, 10.1007/978-3-030-00761-4_19
[3] Source: Architectural Design Decisions for Systems Supporting Model-Based Analysis of Runtime Events: A Qualitative Multi-method Study, 10.1109/ICSA.2018.00021
[6] Source: An Expert Recommendation System for Design Decision Making: Who Should be Involved in Making a Design Decision?, 10.1109/ICSA.2018.00018
[8] Source: Empirical Insights into the Evolving Role of Architects in Decision-Making in an Agile Context, 10.1007/978-3-030-00761-4_17
",['2018'],0.167,0.083,0.042,0.242,0.25,1.0,0.1,0.17,0.12,0.15,0.23,0.25,0.24,0.25,0.17,0.83,0.28,0.46,0.31,0.92,0.46,0.65,0.1,0.231,0.167,0.306,0.03,0.23,0.13,0.97,0.18,0.1,0.79,0.19,0.11,0.82,1.0,332.48923349380493,0.0,34600,0,0.0,,0,0.0,,,0.0,0.0,,0.0,0.0,https://wandb.ai/kastel-sdq-meta-research/experiment_baseline/r/call/01a060a7-96ac-79be-bbc6-d257d9568626,retrieval_config,False,KitToolbox,kit.qwen3-embedding-8b,10,10,True,cosine,True,False,10,-1,8,False,False,1,False,-1,-1,False,,['R659055'],['Paper'],False,False,False,kg_retrieval,hublink,kittoolbox_kit.minimax-m2.7-229b_tmpNone_maxt-1_reasoningNone,KitToolbox,kit.minimax-m2.7-229b,,-1,,kittoolbox_kit.minimax-m2.7-229b_tmpNone_maxt-1_reasoningNone,KitToolbox,kit.minimax-m2.7-229b,,-1,,orkg_merged_ecsa_icsa.json_jsonpublicationloader_limit-1,['paper_class'],['research_level'],['first_research_object'],['second_research_object'],['validity'],['evidence'],False,False,R659055,https://sandbox.orkg.org,-1,orkg,merged_ecsa_icsa.json_jsonpublicationloader_limit-1,merged_ecsa_icsa.json,JsonPublicationLoader,-1,,4000,2,generation_kittoolbox_kit.minimax-m2.7-229b_tmpNone_maxt-1_reasoningNone,generation,kittoolbox_kit.minimax-m2.7-229b_tmpNone_maxt-1_reasoningNone,KitToolbox,kit.minimax-m2.7-229b,,-1,,"['(R873301:Empirical Insights into the Evolving Role of Architects in Decision-Making in an Agile Context, contribution, R873322:First Research Object 2)', '(R873322:First Research Object 2, Object, R873328:Research Object List)', '(R873328:Research Object List, Entity, R873329:Research Object Entity)', '(R873329:Research Object Entity, Name, L1530276:Architecture Decision Making)', '(R873077:Architectural Design Decisions for Systems Supporting Model-Based Analysis of Runtime Events: A Qualitative Multi-method Study, contribution, R873098:First Research Object 2)', '(R873098:First Research Object 2, Object, R873104:Research Object List)', '(R873104:Research Object List, Entity, R873105:Research Object Entity)', '(R873105:Research Object Entity, Name, L1529835:Architecture Decision Making)', '(R873898:An Expert Recommendation System for Design Decision Making: Who Should be Involved in Making a Design Decision?, contribution, R873919:First Research Object 2)', '(R873919:First Research Object 2, Object, R873925:Research Object List)', '(R873925:Research Object List, Entity, R873926:Research Object Entity)', '(R873926:Research Object Entity, Name, L1531525:Architecture Decision Making)', '(R868608:Understanding Architecture Decisions in Context, contribution, R868631:First Research Object 2)', '(R868631:First Research Object 2, Object, R868639:Research Object List)', '(R868639:Research Object List, Entity, R868640:Research Object Entity)', '(R868640:Research Object Entity, Name, L1520524:Architecture Decision Making)', '(R873301:Empirical Insights into the Evolving Role of Architects in Decision-Making in an Agile Context, publication year, L1530222:2018)', '(R868608:Understanding Architecture Decisions in Context, publication year, L1520464:2018)', '(R873077:Architectural Design Decisions for Systems Supporting Model-Based Analysis of Runtime Events: A Qualitative Multi-method Study, publication year, L1529784:2018)', '(R873898:An Expert Recommendation System for Design Decision Making: Who Should be Involved in Making a Design Decision?, publication year, L1531473:2018)', '(R873928:Input Data, None, L1531529:False)', '(R873077:Architectural Design Decisions for Systems Supporting Model-Based Analysis of Runtime Events: A Qualitative Multi-method Study, contribution, R873106:Evidence 2)', '(R873106:Evidence 2, Uses Input Data, R873107:Input Data)', '(R873107:Input Data, None, L1529839:False)', '(R868608:Understanding Architecture Decisions in Context, contribution, R868641:Evidence 2)', '(R868641:Evidence 2, Uses Input Data, R868642:Input Data)', '(R868642:Input Data, None, L1520528:True)', '(R873107:Input Data, available, L1529837:False)', '(R868642:Input Data, available, L1520526:False)', '(R873331:Input Data, available, L1530278:False)']",Which papers investigate architecture decision making and do not have input data available in 2018?,The papers that investigate architecture decision and do not have input data available in the year 2018 are 'Understanding Architecture Decisions in Context' and 'Empirical Insights into the Evolving Role of Architects in Decision-Making in an Agile Context'.,"['10.1007/978-3-030-00761-4_19', '10.1007/978-3-030-00761-4_19', '10.1007/978-3-030-00761-4_19', '10.1007/978-3-030-00761-4_17', '10.1007/978-3-030-00761-4_17', '10.1007/978-3-030-00761-4_17']",,"['(R868640:Research Object Entity, Name, L1520524:Architecture Decision Making)', '(R868608:Understanding Architecture Decisions in Context, publication year, L1520464:2018)', '(R868642:Input Data, None, L1520528:True)', '(R873329:Research Object Entity, Name, L1530276:Architecture Decision Making)', '(R873301:Empirical Insights into the Evolving Role of Architects in Decision-Making in an Agile Context, publication year, L1530222:2018)', '(R873331:Input Data, None, L1530280:True)']",clustering_strategy,R659055,Software Architecture and Design,5,Which papers with the research object [research object name do not have input data available in the year [Metadata: year]?
159,800d5973d1783ef79636e6d3632d4b8a,3ba8a537-4a5c-4e4f-85e5-ca580c68e6b7,"

The only paper that meets **all three** of the specified criteria – evaluation method **Focus Group**, no use of input data, and publication year **2017** – is:

**“On Cognitive Biases in Architecture Decision Making”** (DOI 10.1007/978-3-319-65831‑5_9)  
- **Evaluation method:** Focus Group [6]  
- **Publication year:** 2017 [6]  
- **Input‑data usage:** No input data was used (the contribution’s Evidence 2 shows “uses Input Data; the Input Data is None”) [6]

All other partial answers either lack a “Focus Group” evaluation method, report the use of input data, or do not confirm a 2017 publication year. Consequently, the above paper is the sole source that satisfies the query.

[6] Source: On Cognitive Biases in Architecture Decision Making, 10.1007/978-3-319-65831-5_9
",['2017'],0.5,0.5,0.5,0.3,1.0,1.0,1.0,0.5,0.67,0.56,1.0,0.5,0.67,0.56,1.0,0.5,0.67,0.56,1.0,0.5,0.67,0.56,1.0,1.0,1.0,1.0,0.03,0.31,0.21,0.62,0.18,0.12,0.36,0.22,0.15,0.43,0.0,441.71643710136414,0.0005785499999999999,8842,0,0.0,,0,0.0,,,0.0,0.0,,0.0,0.0,https://wandb.ai/kastel-sdq-meta-research/experiment_baseline/r/call/01a060a9-daf5-7544-84f1-45c0cad3b686,retrieval_config,False,KitToolbox,kit.qwen3-embedding-8b,10,10,True,cosine,True,False,10,-1,8,False,False,1,False,-1,-1,False,,['R659055'],['Paper'],False,False,False,kg_retrieval,hublink,kittoolbox_kit.minimax-m2.7-229b_tmpNone_maxt-1_reasoningNone,KitToolbox,kit.minimax-m2.7-229b,,-1,,kittoolbox_kit.minimax-m2.7-229b_tmpNone_maxt-1_reasoningNone,KitToolbox,kit.minimax-m2.7-229b,,-1,,orkg_merged_ecsa_icsa.json_jsonpublicationloader_limit-1,['paper_class'],['research_level'],['first_research_object'],['second_research_object'],['validity'],['evidence'],False,False,R659055,https://sandbox.orkg.org,-1,orkg,merged_ecsa_icsa.json_jsonpublicationloader_limit-1,merged_ecsa_icsa.json,JsonPublicationLoader,-1,,4000,2,generation_kittoolbox_kit.minimax-m2.7-229b_tmpNone_maxt-1_reasoningNone,generation,kittoolbox_kit.minimax-m2.7-229b_tmpNone_maxt-1_reasoningNone,KitToolbox,kit.minimax-m2.7-229b,,-1,,"['(R871508:Evaluation Method Entity, Name, L1526567:Focus Group)', '(R871484:On Cognitive Biases in Architecture Decision Making, publication year, L1526519:2017)', '(R871514:Input Data, None, L1526575:True)']",Which papers with the evaluation method Focus Group have not used input data in the publication year 2017?,The papers that did not use input data in the year 2017 with the evaluation method Focus Group are 'Architectural Assumptions and Their Management in Industry – An Exploratory Study' and 'On Cognitive Biases in Architecture Decision Making'.,"['10.1007/978-3-319-65831-5_14', '10.1007/978-3-319-65831-5_14', '10.1007/978-3-319-65831-5_14', '10.1007/978-3-319-65831-5_9', '10.1007/978-3-319-65831-5_9', '10.1007/978-3-319-65831-5_9']",,"['(R868683:Evaluation Method Entity, Name, L1520616:Focus Group)', '(R868651:Architectural Assumptions and Their Management in Industry – An Exploratory Study, publication year, L1520562:2017)', '(R868689:Input Data, None, L1520624:True)', '(R871508:Evaluation Method Entity, Name, L1526567:Focus Group)', '(R871484:On Cognitive Biases in Architecture Decision Making, publication year, L1526519:2017)', '(R871514:Input Data, None, L1526575:True)']",clustering_strategy,R659055,Software Architecture and Design,6,Which papers with the evaluation method with the name [Content Data: evaluation method name] have not used input data in the year [Metadata: year]?
160,800d5973d1783ef79636e6d3632d4b8a,7847b4a1-c9c7-4958-a718-7b94d0457429,"

The papers that satisfy **all three** conditions – they (a) employ a motivating‑example evaluation, (b) do not use input data, and (c) appeared in 2018 – are:

| Paper (2018) | Evaluation method | Input‑data usage | Source |
|--------------|-------------------|------------------|--------|
| **Enabling Continuous Software Engineering for Embedded Systems Architectures with Virtual Prototypes** | Motivating example | “Input Data” attribute is “None” (i.e., not used) | [1] |
| **Data‑Centric Communication and Containerization for Future Automotive Software Architectures** | Motivating example | Input data marked “not applicable” / not used | [2] |
| **ECo‑IoT: An Architectural Approach for Realizing Emergent Configurations in the Internet of Things** | Motivating example (the “Has Guideline = False” entry indicates evaluation by a motivating example rather than a formal guideline) | “Input Data” field is **False** (no input data) | [9] |

All other papers discussed either employed input data, did not use a motivating‑example evaluation, or were not published in 2018, and therefore do not meet the specified criteria.

[1] Source: Enabling Continuous Software Engineering for Embedded Systems Architectures with Virtual Prototypes, 10.1007/978-3-030-00761-4_8
[2] Source: Data-Centric Communication and Containerization for Future Automotive Software Architectures, 10.1109/ICSA.2018.00016
[9] Source: ECo-IoT: An Architectural Approach for Realizing Emergent Configurations in the Internet of Things, 10.1007/978-3-030-00761-4_6
",['2018'],0.333,0.25,0.122,0.073,0.333,0.333,0.2,0.33,0.25,0.29,0.22,0.33,0.27,0.3,0.18,0.33,0.24,0.29,0.21,0.33,0.26,0.3,0.2,0.222,0.182,0.211,0.05,0.35,0.22,0.77,0.19,0.12,0.43,0.27,0.18,0.6,1.0,286.11840987205505,0.0,65902,0,0.0,,0,0.0,,,0.0,0.0,,0.0,0.0,https://wandb.ai/kastel-sdq-meta-research/experiment_baseline/r/call/01a060aa-aea6-77b0-9a08-fd43ba02b3d8,retrieval_config,False,KitToolbox,kit.qwen3-embedding-8b,10,10,True,cosine,True,False,10,-1,8,False,False,1,False,-1,-1,False,,['R659055'],['Paper'],False,False,False,kg_retrieval,hublink,kittoolbox_kit.minimax-m2.7-229b_tmpNone_maxt-1_reasoningNone,KitToolbox,kit.minimax-m2.7-229b,,-1,,kittoolbox_kit.minimax-m2.7-229b_tmpNone_maxt-1_reasoningNone,KitToolbox,kit.minimax-m2.7-229b,,-1,,orkg_merged_ecsa_icsa.json_jsonpublicationloader_limit-1,['paper_class'],['research_level'],['first_research_object'],['second_research_object'],['validity'],['evidence'],False,False,R659055,https://sandbox.orkg.org,-1,orkg,merged_ecsa_icsa.json_jsonpublicationloader_limit-1,merged_ecsa_icsa.json,JsonPublicationLoader,-1,,4000,2,generation_kittoolbox_kit.minimax-m2.7-229b_tmpNone_maxt-1_reasoningNone,generation,kittoolbox_kit.minimax-m2.7-229b_tmpNone_maxt-1_reasoningNone,KitToolbox,kit.minimax-m2.7-229b,,-1,,"['(R872685:Evaluation Method Entity, Name, L1528973:Motivating Example)', '(R2156213:Evaluation Method Entity, Name, L2809574:Motivating Example)', '(R874771:Input Data, None, L1533314:True)', '(R872692:Input Data, None, L1528982:False)', '(R870603:Enabling Continuous Software Engineering for Embedded Systems Architectures with Virtual Prototypes, publication year, L1524714:2018)', '(R872636:Data-Centric Communication and Containerization for Future Automotive Software Architectures, publication year, L1528895:2018)', '(R870712:ECo-IoT: An Architectural Approach for Realizing Emergent Configurations in the Internet of Things, publication year, L1524943:2018)', '(R870744:Input Data, None, L1525002:False)', '(R870712:ECo-IoT: An Architectural Approach for Realizing Emergent Configurations in the Internet of Things, contribution, R870734:First Research Object 2)', '(R870734:First Research Object 2, evaluation, R870735:Evaluation)', '(R870735:Evaluation, Has Guideline, L1524994:False)']",Which papers used a motivating example for their evaluation but did not use input data in the year 2018?,The papers that used the evaluation method Motivating Example and do not have input data available in the year 2018 are 'Enabling Continuous Software Engineering for Embedded Systems Architectures with Virtual Prototypes' and 'A DSL for MAPE Patterns Representation in Self-adapting Systems'. ,"['10.1007/978-3-030-00761-4_8', '10.1007/978-3-030-00761-4_8', '10.1007/978-3-030-00761-4_8', '10.1007/978-3-030-00761-4_1', '10.1007/978-3-030-00761-4_1', '10.1007/978-3-030-00761-4_1']",,"['(R871053:Evaluation Method Entity, Name, L1525635:Motivating Example)', '(R870603:Enabling Continuous Software Engineering for Embedded Systems Architectures with Virtual Prototypes, publication year, L1524714:2018)', '(R874778:Input Data, None, L1533332:True)', '(R870622:Evaluation Method Entity, Name, L1524743:Motivating Example)', '(R871034:A DSL for MAPE Patterns Representation in Self-adapting Systems, publication year, L1525606:2018)', '(R874771:Input Data, None, L1533314:True)']",clustering_strategy,R659055,Software Architecture and Design,6,Which papers used a [Content Data: evaluation method name] for their evaluation but did not use input data in the year [Metadata: year]?
161,800d5973d1783ef79636e6d3632d4b8a,fcb2ce85-a751-4a0d-a330-27d5ccc86dbf,"

The only paper that applies the Benchmark evaluation method and was published in 2020 is classified as **Architecture Optimization Method** [2]; therefore, this is the most frequent (and only) paper class for the specified criteria.

[2] Source: Employment of Optimal Approximations on Apache Hadoop Checkpoint Technique for Performance Improvements, 10.1109/ICSA47634.2020.00009
",['2020'],0.286,0.308,0.076,0.277,0.2,1.0,0.22,0.29,0.25,0.27,0.4,0.31,0.35,0.32,0.22,0.29,0.25,0.27,0.4,0.31,0.35,0.32,0.222,0.4,0.222,0.4,0.04,0.54,0.46,0.67,0.21,0.18,0.26,0.37,0.31,0.46,1.0,297.6955225467682,0.0,6199,0,0.0,,0,0.0,,,0.0,0.0,,0.0,0.0,https://wandb.ai/kastel-sdq-meta-research/experiment_baseline/r/call/01a060ab-f24d-7cab-8604-1a985af83066,retrieval_config,False,KitToolbox,kit.qwen3-embedding-8b,10,10,True,cosine,True,False,10,-1,8,False,False,1,False,-1,-1,False,,['R659055'],['Paper'],False,False,False,kg_retrieval,hublink,kittoolbox_kit.minimax-m2.7-229b_tmpNone_maxt-1_reasoningNone,KitToolbox,kit.minimax-m2.7-229b,,-1,,kittoolbox_kit.minimax-m2.7-229b_tmpNone_maxt-1_reasoningNone,KitToolbox,kit.minimax-m2.7-229b,,-1,,orkg_merged_ecsa_icsa.json_jsonpublicationloader_limit-1,['paper_class'],['research_level'],['first_research_object'],['second_research_object'],['validity'],['evidence'],False,False,R659055,https://sandbox.orkg.org,-1,orkg,merged_ecsa_icsa.json_jsonpublicationloader_limit-1,merged_ecsa_icsa.json,JsonPublicationLoader,-1,,4000,2,generation_kittoolbox_kit.minimax-m2.7-229b_tmpNone_maxt-1_reasoningNone,generation,kittoolbox_kit.minimax-m2.7-229b_tmpNone_maxt-1_reasoningNone,KitToolbox,kit.minimax-m2.7-229b,,-1,,"['(R874260:Employment of Optimal Approximations on Apache Hadoop Checkpoint Technique for Performance Improvements, contribution, R874281:First Research Object 2)', '(R874281:First Research Object 2, evaluation, R874282:Evaluation)', '(R874282:Evaluation, Evaluation method, R874283:Evaluation Method List)', '(R874283:Evaluation Method List, Entity, R874284:Evaluation Method Entity)', '(R874284:Evaluation Method Entity, Name, L1532280:Benchmark)', '(R874260:Employment of Optimal Approximations on Apache Hadoop Checkpoint Technique for Performance Improvements, publication year, L1532232:2020)', '(R874281:First Research Object 2, Object, R874287:Research Object List)', '(R874287:Research Object List, Entity, R874288:Research Object Entity)', '(R874288:Research Object Entity, Name, L1532284:Architecture Optimization Method)']","Among papers that apply the evaluation method Benchmark, what is the most frequent paper class of papers published in the publication year 2020?",The paper class that has the most papers applying the evaluation method Benchmark in the publication year 2020 is the proposal of a solution.,"['10.1007/978-3-030-58923-3_2', '10.1007/978-3-030-58923-3_2', '10.1007/978-3-030-58923-3_2', '10.1109/ICSA47634.2020.00009', '10.1109/ICSA47634.2020.00009', '10.1109/ICSA47634.2020.00009', '10.1109/ICSA47634.2020.00009']",,"['(R871169:Evaluation Method Entity, Name, L1525874:Benchmark)', '(R871143:Formal Software Architectural Migration Towards Emerging Architectural Styles, publication year, L1525821:2020)', '(R871164:Paper Class 2, proposal of solution, L1525868:True)', '(R874284:Evaluation Method Entity, Name, L1532280:Benchmark)', '(R874260:Employment of Optimal Approximations on Apache Hadoop Checkpoint Technique for Performance Improvements, publication year, L1532232:2020)', '(R874279:Paper Class 2, validation research, L1532272:True)', '(R874279:Paper Class 2, proposal of solution, L1532274:True)']",clustering_strategy,R659055,Software Architecture and Design,6,What is the paper class which has the most papers that are published in the year [Metadata: year] that apply the evaluation method with the name [Content Data: evaluation method name]?
162,800d5973d1783ef79636e6d3632d4b8a,ebd0eb33-3a2c-4aa3-baf3-0478a96b6099,"

Based on the provided source [1], there is only **one publication** that applied grounded theory for evaluation in 2019: ""Guiding Architectural Decision Making on Service Mesh Based Microservice Architectures."" Since there is only a single publication that meets the criteria, it is not possible to determine the ""most frequent"" paper class—there is no comparison group. Furthermore, the source materials do not include information about the paper class (such as conference paper, journal article, etc.) for this publication. Therefore, the question cannot be fully answered with the given context.

[1] Source: Guiding Architectural Decision Making on Service Mesh Based Microservice Architectures, 10.1007/978-3-030-29983-5_1
",['2019'],0.0,0.0,0.0,0.0,0.0,0.0,0.0,0.0,0.0,0.0,0.0,0.0,0.0,0.0,0.0,0.0,0.0,0.0,0.0,0.0,0.0,0.0,0.0,0.0,0.0,0.0,0.01,0.31,0.19,0.77,0.09,0.06,0.24,0.14,0.09,0.36,0.0,209.46776175498962,0.0,32023,0,0.0,,0,0.0,,,0.0,0.0,,0.0,0.0,https://wandb.ai/kastel-sdq-meta-research/experiment_baseline/r/call/01a060ac-f371-72f5-88f4-71904e176b12,retrieval_config,False,KitToolbox,kit.qwen3-embedding-8b,10,10,True,cosine,True,False,10,-1,8,False,False,1,False,-1,-1,False,,['R659055'],['Paper'],False,False,False,kg_retrieval,hublink,kittoolbox_kit.minimax-m2.7-229b_tmpNone_maxt-1_reasoningNone,KitToolbox,kit.minimax-m2.7-229b,,-1,,kittoolbox_kit.minimax-m2.7-229b_tmpNone_maxt-1_reasoningNone,KitToolbox,kit.minimax-m2.7-229b,,-1,,orkg_merged_ecsa_icsa.json_jsonpublicationloader_limit-1,['paper_class'],['research_level'],['first_research_object'],['second_research_object'],['validity'],['evidence'],False,False,R659055,https://sandbox.orkg.org,-1,orkg,merged_ecsa_icsa.json_jsonpublicationloader_limit-1,merged_ecsa_icsa.json,JsonPublicationLoader,-1,,4000,2,generation_kittoolbox_kit.minimax-m2.7-229b_tmpNone_maxt-1_reasoningNone,generation,kittoolbox_kit.minimax-m2.7-229b_tmpNone_maxt-1_reasoningNone,KitToolbox,kit.minimax-m2.7-229b,,-1,,,Which is the most frequent paper class of publications that applied grounded theory for evaluation in 2019?,The paper class that has the most papers with the evaluation method Grounded Theory in the publication year 2019 is evaluation research.,"['10.1007/978-3-030-29983-5_1', '10.1007/978-3-030-29983-5_1', '10.1007/978-3-030-29983-5_1', '10.1007/978-3-030-29983-5_2', '10.1007/978-3-030-29983-5_2', '10.1007/978-3-030-29983-5_2', '10.1109/ICSA.2019.00018', '10.1109/ICSA.2019.00018', '10.1109/ICSA.2019.00018']",,"['(R873364:Evaluation Method Entity, Name, L1530356:Grounded Theory)', '(R873340:Guiding Architectural Decision Making on Service Mesh Based Microservice Architectures, publication year, L1530308:2019)', '(R873359:Paper Class 2, evaluation research, L1530353:True)', '(R873005:Evaluation Method Entity, Name, L1529647:Grounded Theory)', '(R872980:Supporting Architectural Decision Making on Data Management in Microservice Architectures, publication year, L1529596:2019)', '(R873000:Paper Class 2, evaluation research, L1529644:True)', '(R868312:Evaluation Method Entity, Name, L1519814:Grounded Theory)', '(R868290:How Developers Discuss Architecture Smells? An Exploratory Study on Stack Overflow, publication year, L1519766:2019)', '(R868307:Paper Class 2, evaluation research, L1519811:True)']",clustering_strategy,R659055,Software Architecture and Design,6,Which paper class has the most papers with the evaluation method [method name] in the publication year [Metadata: year]?
163,800d5973d1783ef79636e6d3632d4b8a,56884f4f-6a07-48cc-9b25-1b6a34445daa,"

The only 2021 paper that is identified with the research object **Architecture Evolution** is **“Continuous API Evolution in Heterogeneous Enterprise Software Systems.”** This study is classified as **Paper Class 2** (evaluation research)【2】. Because no other 2021 papers with that research object are reported in the provided texts, Paper Class 2 is the most frequent—and indeed the only—paper class for Architecture‑Evolution papers in 2021【2】【1】. The other sources either discuss papers from other years or note the absence of additional 2021 Architecture‑Evolution papers, confirming that the reported classification is the sole example【3】【4】【5】【6】.

",['2021'],0.429,0.231,0.329,0.337,1.0,1.0,0.3,0.43,0.35,0.39,0.46,0.46,0.46,0.46,0.19,0.71,0.29,0.45,0.35,0.85,0.5,0.66,0.3,0.462,0.185,0.355,0.04,0.33,0.2,0.91,0.18,0.11,0.52,0.24,0.15,0.68,1.0,220.7085690498352,0.0,51587,0,0.0,,0,0.0,,,0.0,0.0,,0.0,0.0,https://wandb.ai/kastel-sdq-meta-research/experiment_baseline/r/call/01a060af-45b5-7938-b7d6-a4e9bc63ac2f,retrieval_config,False,KitToolbox,kit.qwen3-embedding-8b,10,10,True,cosine,True,False,10,-1,8,False,False,1,False,-1,-1,False,,['R659055'],['Paper'],False,False,False,kg_retrieval,hublink,kittoolbox_kit.minimax-m2.7-229b_tmpNone_maxt-1_reasoningNone,KitToolbox,kit.minimax-m2.7-229b,,-1,,kittoolbox_kit.minimax-m2.7-229b_tmpNone_maxt-1_reasoningNone,KitToolbox,kit.minimax-m2.7-229b,,-1,,orkg_merged_ecsa_icsa.json_jsonpublicationloader_limit-1,['paper_class'],['research_level'],['first_research_object'],['second_research_object'],['validity'],['evidence'],False,False,R659055,https://sandbox.orkg.org,-1,orkg,merged_ecsa_icsa.json_jsonpublicationloader_limit-1,merged_ecsa_icsa.json,JsonPublicationLoader,-1,,4000,2,generation_kittoolbox_kit.minimax-m2.7-229b_tmpNone_maxt-1_reasoningNone,generation,kittoolbox_kit.minimax-m2.7-229b_tmpNone_maxt-1_reasoningNone,KitToolbox,kit.minimax-m2.7-229b,,-1,,"['(R868698:Enabling Consistency between Software Artefacts for Software Adaption and Evolution, publication year, L1520654:2021)', '(R874338:Continuous API Evolution in Heterogenous Enterprise Software Systems, publication year, L1532404:2021)', '(R870059:Incremental Calibration of Architectural Performance Models with Parametric Dependencies, contribution, R2156282:First Research Object 2)', '(R2156282:First Research Object 2, Object, R2156285:Research Object List)', '(R2156285:Research Object List, Entity, R2156290:Research Object Entity)', '(R2156290:Research Object Entity, Name, L2809656:Architecture Evolution)', '(R868698:Enabling Consistency between Software Artefacts for Software Adaption and Evolution, contribution, R868723:First Research Object 2)', '(R868723:First Research Object 2, Object, R868733:Research Object List)', '(R868733:Research Object List, Entity, R868734:Research Object Entity)', '(R868734:Research Object Entity, Name, L1520720:Architecture Evolution)', '(R874338:Continuous API Evolution in Heterogenous Enterprise Software Systems, contribution, R874367:First Research Object 2)', '(R874367:First Research Object 2, Object, R874381:Research Object List)', '(R874381:Research Object List, Entity, R874382:Research Object Entity)', '(R874382:Research Object Entity, Name, L1532476:Architecture Evolution)', '(R869730:Architectural Concerns for Digital Twin of the Organization, contribution, R869753:First Research Object 2)', '(R869753:First Research Object 2, Object, R869761:Research Object List)', '(R869761:Research Object List, Entity, R869762:Research Object Entity)', '(R869762:Research Object Entity, Name, L1522941:Architecture Evolution)', '(R870059:Incremental Calibration of Architectural Performance Models with Parametric Dependencies, publication year, L1523564:2020)', '(R869730:Architectural Concerns for Digital Twin of the Organization, publication year, L1522884:2020)', '(R868698:Enabling Consistency between Software Artefacts for Software Adaption and Evolution, contribution, R868721:Paper Class 2)', '(R874338:Continuous API Evolution in Heterogenous Enterprise Software Systems, contribution, R874365:Paper Class 2)', '(R874365:Paper Class 2, evaluation research, L1532462:True)', '(R870059:Incremental Calibration of Architectural Performance Models with Parametric Dependencies, contribution, R2156208:Paper Class 2)', '(R869730:Architectural Concerns for Digital Twin of the Organization, contribution, R869751:Paper Class 2)', '(R869751:Paper Class 2, evaluation research, L1522932:True)', '(R870059:Incremental Calibration of Architectural Performance Models with Parametric Dependencies, contribution, R870082:First Research Object 2)']",Which is the most frequent paper class of papers with the research object Architecture Evolution in the publication year 2021?,The paper class that has the most papers with the research object Architecture Evolution in the publication year 2021 is evaluation research.,"['10.1109/ICSA51549.2021.00009', '10.1109/ICSA51549.2021.00009', '10.1109/ICSA51549.2021.00009', '10.1109/ICSA51549.2021.00014', '10.1109/ICSA51549.2021.00014', '10.1109/ICSA51549.2021.00014', '10.1109/ICSA51549.2021.00014']",,"['(R868734:Research Object Entity, Name, L1520720:Architecture Evolution)', '(R868698:Enabling Consistency between Software Artefacts for Software Adaption and Evolution, publication year, L1520654:2021)', '(R868721:Paper Class 2, evaluation research, L1520709:True)', '(R874382:Research Object Entity, Name, L1532476:Architecture Evolution)', '(R874338:Continuous API Evolution in Heterogenous Enterprise Software Systems, publication year, L1532404:2021)', '(R874365:Paper Class 2, proposal of solution, L1532459:True)', '(R874365:Paper Class 2, evaluation research, L1532462:True)']",clustering_strategy,R659055,Software Architecture and Design,5,Which paper class has the most papers with the research object [object name] in the publication year [Metadata: year]?
164,800d5973d1783ef79636e6d3632d4b8a,637feaff-e82b-420d-bec4-4aba3df5e52f,"

Based on the provided sources, the only paper class reported for publications that investigated architecture extractions in 2018 is **Paper Class 2** [1][2][3][4][5][6][7][8]. Consequently, it is the most frequent (and indeed the only) paper class identified, although a few sources note that the texts do not explicitly confirm the focus on architecture extractions [4][5].

[1] Source: An Architecture for Decentralized, Collaborative, and Autonomous Robots, 10.1109/ICSA.2018.00017
[2] Source: Empirical Insights into the Evolving Role of Architects in Decision-Making in an Agile Context, 10.1007/978-3-030-00761-4_17
[3] Source: Self-Commissioning Industrial IoT-Systems in Process Automation: A Reference Architecture, 10.1109/ICSA.2018.00029
[4] Source: An Expert Recommendation System for Design Decision Making: Who Should be Involved in Making a Design Decision?, 10.1109/ICSA.2018.00018
[5] Source: A Generic and Highly Scalable Framework for the Automation and Execution of Scientific Data Processing and Simulation Workflows, 10.1109/ICSA.2018.00024
[6] Source: Two Architectural Threat Analysis Techniques Compared, 10.1007/978-3-030-00761-4_23
[7] Source: Enabling Continuous Software Engineering for Embedded Systems Architectures with Virtual Prototypes, 10.1007/978-3-030-00761-4_8
[8] Source: A Platform for the Automated Provisioning of Architecture Information for Large-Scale Service-Oriented Software Systems, 10.1007/978-3-030-00761-4_14
",['2018'],0.143,0.154,0.024,0.017,0.167,0.167,0.1,0.14,0.12,0.13,0.11,0.15,0.13,0.14,0.07,0.14,0.09,0.12,0.13,0.23,0.17,0.2,0.1,0.111,0.067,0.13,0.02,0.36,0.24,0.68,0.12,0.08,0.24,0.24,0.16,0.45,1.0,271.2533612251282,0.0,52595,0,0.0,,0,0.0,,,0.0,0.0,,0.0,0.0,https://wandb.ai/kastel-sdq-meta-research/experiment_baseline/r/call/01a060b0-320f-7a91-96ff-9c3077c6b09f,retrieval_config,False,KitToolbox,kit.qwen3-embedding-8b,10,10,True,cosine,True,False,10,-1,8,False,False,1,False,-1,-1,False,,['R659055'],['Paper'],False,False,False,kg_retrieval,hublink,kittoolbox_kit.minimax-m2.7-229b_tmpNone_maxt-1_reasoningNone,KitToolbox,kit.minimax-m2.7-229b,,-1,,kittoolbox_kit.minimax-m2.7-229b_tmpNone_maxt-1_reasoningNone,KitToolbox,kit.minimax-m2.7-229b,,-1,,orkg_merged_ecsa_icsa.json_jsonpublicationloader_limit-1,['paper_class'],['research_level'],['first_research_object'],['second_research_object'],['validity'],['evidence'],False,False,R659055,https://sandbox.orkg.org,-1,orkg,merged_ecsa_icsa.json_jsonpublicationloader_limit-1,merged_ecsa_icsa.json,JsonPublicationLoader,-1,,4000,2,generation_kittoolbox_kit.minimax-m2.7-229b_tmpNone_maxt-1_reasoningNone,generation,kittoolbox_kit.minimax-m2.7-229b_tmpNone_maxt-1_reasoningNone,KitToolbox,kit.minimax-m2.7-229b,,-1,,"['(R869353:Two Architectural Threat Analysis Techniques Compared, publication year, L1522065:2018)', '(R873301:Empirical Insights into the Evolving Role of Architects in Decision-Making in an Agile Context, publication year, L1530222:2018)', '(R871523:An Architecture for Decentralized, Collaborative, and Autonomous Robots, publication year, L1526604:2018)', '(R872155:Self-Commissioning Industrial IoT-Systems in Process Automation: A Reference Architecture, publication year, L1527899:2018)', '(R873898:An Expert Recommendation System for Design Decision Making: Who Should be Involved in Making a Design Decision?, publication year, L1531473:2018)', '(R869648:A Platform for the Automated Provisioning of Architecture Information for Large-Scale Service-Oriented Software Systems, publication year, L1522702:2018)', '(R870603:Enabling Continuous Software Engineering for Embedded Systems Architectures with Virtual Prototypes, contribution, R2156140:Paper Class 2)', '(R871523:An Architecture for Decentralized, Collaborative, and Autonomous Robots, contribution, R871552:Paper Class 2)', '(R872155:Self-Commissioning Industrial IoT-Systems in Process Automation: A Reference Architecture, contribution, R872174:Paper Class 2)', '(R874038:A Generic and Highly Scalable Framework for the Automation and Execution of Scientific Data Processing and Simulation Workflows, contribution, R874057:Paper Class 2)', '(R874057:Paper Class 2, evaluation research, L1531807:False)', '(R869648:A Platform for the Automated Provisioning of Architecture Information for Large-Scale Service-Oriented Software Systems, contribution, R869669:Paper Class 2)', '(R873301:Empirical Insights into the Evolving Role of Architects in Decision-Making in an Agile Context, contribution, R873320:Paper Class 2)', '(R873898:An Expert Recommendation System for Design Decision Making: Who Should be Involved in Making a Design Decision?, contribution, R873917:Paper Class 2)', '(R869353:Two Architectural Threat Analysis Techniques Compared, contribution, R869372:Paper Class 2)']",Which is the most frequent paper class of publications that investigated architecture extractions in 2018?,The paper class that has the most papers with the research object Architecture Extraction in the publication year 2018 is validation research.,"['10.1007/978-3-030-00761-4_14', '10.1007/978-3-030-00761-4_14', '10.1007/978-3-030-00761-4_14', '10.1007/978-3-030-00761-4_14', '10.1109/ICSA.2018.00014', '10.1109/ICSA.2018.00014', '10.1109/ICSA.2018.00014']",,"['(R869680:Research Object Entity, Name, L1522761:Architecture Extraction)', '(R869648:A Platform for the Automated Provisioning of Architecture Information for Large-Scale Service-Oriented Software Systems, publication year, L1522702:2018)', '(R869669:Paper Class 2, validation research, L1522747:True)', '(R869669:Paper Class 2, proposal of solution, L1522749:True)', '(R873887:Research Object Entity, Name, L1531437:Architecture Extraction)', '(R873855:Towards Micro Service Architecture Recovery: An Empirical Study, publication year, L1531379:2018)', '(R873876:Paper Class 2, validation research, L1531423:True)']",clustering_strategy,R659055,Software Architecture and Design,5,Which paper class has the most papers with the research object [object name] in the publication year [Metadata: year]?
165,800d5973d1783ef79636e6d3632d4b8a,15173686-4e3a-434e-9c97-f787cec4b379,"

Based on the provided partial answers, papers investigating the research object ""Architecture Extraction"" are distributed across the 2018-2020 period as follows:

**2018:** One paper is mentioned as published in 2018. The paper is titled *""A Platform for the Automated Provisioning of Architecture Information for Large‑Scale Service‑Oriented Software Systems""* [6].

**2019:** One paper investigating this research object was published in 2019, though the specific title is not identified in the provided information [2].

**2020:** One paper investigating this research object was published in 2020. The paper is titled *""From Monolithic Architecture Style to Microservice one Based on a Semi‑Automatic Approach""* [4].

It should be noted that the partial answers also mention papers outside this range:
- One paper published in 2017 (""Determination and Enforcement of Least‑Privilege Architecture in Android"") [1]
- One paper published in 2021 (""Constructing a Shared Infrastructure for Software Architecture Analysis and Maintenance"") [3]

However, these fall outside the specific 2018-2020 window requested in the question.

[1] Source: Determination and Enforcement of Least-Privilege Architecture in Android, 10.1109/ICSA.2017.18
[2] Source: Evaluating the Effectiveness of Multi-level Greedy Modularity Clustering for Software Architecture Recovery, 10.1007/978-3-030-29983-5_5
[3] Source: Constructing a Shared Infrastructure for Software Architecture Analysis and Maintenance, 10.1109/ICSA51549.2021.00022
[4] Source: From Monolithic Architecture Style to Microservice one Based on a Semi-Automatic Approach, 10.1109/ICSA47634.2020.00023
[6] Source: A Platform for the Automated Provisioning of Architecture Information for Large-Scale Service-Oriented Software Systems, 10.1007/978-3-030-00761-4_14
","['2018', '2020']",0.2,0.1,0.045,0.136,0.167,0.2,0.2,0.2,0.2,0.2,0.43,0.3,0.35,0.32,0.25,0.6,0.35,0.47,0.4,0.6,0.48,0.55,0.2,0.429,0.25,0.4,0.06,0.34,0.21,0.87,0.2,0.12,0.53,0.31,0.19,0.79,1.0,341.5098669528961,0.0,42417,0,0.0,,0,0.0,,,0.0,0.0,,0.0,0.0,https://wandb.ai/kastel-sdq-meta-research/experiment_baseline/r/call/01a060b0-aab8-765a-867a-735ee11e1272,retrieval_config,False,KitToolbox,kit.qwen3-embedding-8b,10,10,True,cosine,True,False,10,-1,8,False,False,1,False,-1,-1,False,,['R659055'],['Paper'],False,False,False,kg_retrieval,hublink,kittoolbox_kit.minimax-m2.7-229b_tmpNone_maxt-1_reasoningNone,KitToolbox,kit.minimax-m2.7-229b,,-1,,kittoolbox_kit.minimax-m2.7-229b_tmpNone_maxt-1_reasoningNone,KitToolbox,kit.minimax-m2.7-229b,,-1,,orkg_merged_ecsa_icsa.json_jsonpublicationloader_limit-1,['paper_class'],['research_level'],['first_research_object'],['second_research_object'],['validity'],['evidence'],False,False,R659055,https://sandbox.orkg.org,-1,orkg,merged_ecsa_icsa.json_jsonpublicationloader_limit-1,merged_ecsa_icsa.json,JsonPublicationLoader,-1,,4000,2,generation_kittoolbox_kit.minimax-m2.7-229b_tmpNone_maxt-1_reasoningNone,generation,kittoolbox_kit.minimax-m2.7-229b_tmpNone_maxt-1_reasoningNone,KitToolbox,kit.minimax-m2.7-229b,,-1,,"['(R871674:Constructing a Shared Infrastructure for Software Architecture Analysis and Maintenance, contribution, R871711:Second Research Object 2)', '(R871711:Second Research Object 2, Object, R871713:Research Object List)', '(R871713:Research Object List, Entity, R871714:Research Object Entity)', '(R871714:Research Object Entity, Name, L1526984:Architecture Extraction)', '(R869648:A Platform for the Automated Provisioning of Architecture Information for Large-Scale Service-Oriented Software Systems, contribution, R869671:First Research Object 2)', '(R869680:Research Object Entity, Name, L1522761:Architecture Extraction)', '(R870521:From Monolithic Architecture Style to Microservice one Based on a Semi-Automatic Approach, publication year, L1524530:2020)', '(R870521:From Monolithic Architecture Style to Microservice one Based on a Semi-Automatic Approach, contribution, R870542:First Research Object 2)', '(R870542:First Research Object 2, Object, R870548:Research Object List)', '(R870548:Research Object List, Entity, R870549:Research Object Entity)', '(R870549:Research Object Entity, Name, L1524582:Architecture Extraction)', '(R874518:Evaluating the Effectiveness of Multi-level Greedy Modularity Clustering for Software Architecture Recovery, contribution, R874543:First Research Object 2)', '(R874543:First Research Object 2, Object, R874553:Research Object List)', '(R874553:Research Object List, Entity, R874554:Research Object Entity)', '(R874554:Research Object Entity, Name, L1532843:Architecture Extraction)', '(R869648:A Platform for the Automated Provisioning of Architecture Information for Large-Scale Service-Oriented Software Systems, publication year, L1522702:2018)', '(R871264:Determination and Enforcement of Least-Privilege Architecture in Android, contribution, R871286:First Research Object 2)', '(R871286:First Research Object 2, Object, R871293:Research Object List)', '(R871293:Research Object List, Entity, R871294:Research Object Entity)', '(R871294:Research Object Entity, Name, L1526138:Architecture Extraction)', '(R871674:Constructing a Shared Infrastructure for Software Architecture Analysis and Maintenance, publication year, L1526914:2021)', '(R870521:From Monolithic Architecture Style to Microservice one Based on a Semi-Automatic Approach, venue, R820814:International Conference on Software Architecture (ICSA))', '(R874518:Evaluating the Effectiveness of Multi-level Greedy Modularity Clustering for Software Architecture Recovery, publication year, L1532779:2019)', '(R871264:Determination and Enforcement of Least-Privilege Architecture in Android, publication year, L1526084:2017)']",How are the papers that investigate the research object Architecture Extraction distributed between the publication years 2018 and 2020?,"The papers that investigate the research object Architecture Extraction are distributed between the publication years 2018 and 2020 as follows: two papers were published in 2018, one paper was published in 2019, and one paper was published in 2020.","['10.1007/978-3-030-00761-4_14', '10.1007/978-3-030-00761-4_14', '10.1109/ICSA.2018.00014', '10.1109/ICSA.2018.00014', '10.1007/978-3-030-29983-5_17', '10.1007/978-3-030-29983-5_17', '10.1109/ICSA47634.2020.00023', '10.1109/ICSA47634.2020.00023', '10.1007/978-3-030-29983-5_5', '10.1007/978-3-030-29983-5_5']",,"['(R869680:Research Object Entity, Name, L1522761:Architecture Extraction)', '(R869648:A Platform for the Automated Provisioning of Architecture Information for Large-Scale Service-Oriented Software Systems, publication year, L1522702:2018)', '(R873887:Research Object Entity, Name, L1531437:Architecture Extraction)', '(R873855:Towards Micro Service Architecture Recovery: An Empirical Study, publication year, L1531379:2018)', '(R872464:Research Object Entity, Name, L1528569:Architecture Extraction)', '(R872428:Tool Support for the Migration to Microservice Architecture: An Industrial Case Study, publication year, L1528508:2019)', '(R870549:Research Object Entity, Name, L1524582:Architecture Extraction)', '(R870521:From Monolithic Architecture Style to Microservice one Based on a Semi-Automatic Approach, publication year, L1524530:2020)', '(R874554:Research Object Entity, Name, L1532843:Architecture Extraction)', '(R874518:Evaluating the Effectiveness of Multi-level Greedy Modularity Clustering for Software Architecture Recovery, publication year, L1532779:2019)']",clustering_strategy,R659055,Software Architecture and Design,5,How are the papers that investigate the research object with the name [Content Data: research object name] distributed between the publication year [year 1] and [year 2]?
166,800d5973d1783ef79636e6d3632d4b8a,eec63565-e95c-453b-be91-6f22476b9d3c,"

The eight provided source fragments each identify **one** paper that investigates the “object architecture description” within the 2018‑2020 interval.  When the individual reports are taken together, the yearly distribution is:

| Year | Number of papers (source IDs) | Paper(s) (as cited) |
|------|------------------------------|----------------------|
| **2018** | **2** | • “A Generic and Highly Scalable Framework for the Automation and Execution of Scientific Data Processing and Simulation Workflows” [4]  <br>• “Applying Architecture‑Based Adaptation to Automate the Management of Internet‑of‑Things” [6] |
| **2019** | **4** | • “Assessing Adaptability of Software Architectures for Cyber Physical Production Systems” [2]  <br>• “QoS‑Based Formation of Software Architectures in the Internet of Things” [3]  <br>• “Architecture‑Driven Adaptation Approach for Big Data Cyber Security Analytics” [5]  <br>• “From a Monolith to a Microservices Architecture: An Approach Based on Transactional Contexts” [7] |
| **2020** | **2** | • “Continuous Experimentation for Automotive Software on the Example of a Heavy Commercial Vehicle in Daily Operation” [1]  <br>• “From Monolithic Architecture Style to Microservice one Based on a Semi‑Automatic Approach” [8] |

**Summary of the distribution**

- **2018:** 2 papers  
- **2019:** 4 papers  
- **2020:** 2 papers  

Thus, across the 2018‑2020 window, the sources together report a total of **8** distinct papers that investigate the object architecture description, with the highest concentration in 2019.

[1] Source: Continuous Experimentation for Automotive Software on the Example of a Heavy Commercial Vehicle in Daily Operation, 10.1007/978-3-030-58923-3_5
[2] Source: Assessing Adaptability of Software Architectures for Cyber Physical Production Systems, 10.1007/978-3-030-29983-5_10
[3] Source: QoS-Based Formation of Software Architectures in the Internet of Things, 10.1007/978-3-030-29983-5_12
[4] Source: A Generic and Highly Scalable Framework for the Automation and Execution of Scientific Data Processing and Simulation Workflows, 10.1109/ICSA.2018.00024
[5] Source: An Architecture-Driven Adaptation Approach for Big Data Cyber Security Analytics, 10.1109/ICSA.2019.00013
[6] Source: Applying Architecture-Based Adaptation to Automate the Management of Internet-of-Things, 10.1007/978-3-030-00761-4_4
[7] Source: From a Monolith to a Microservices Architecture: An Approach Based on Transactional Contexts, 10.1007/978-3-030-29983-5_3
[8] Source: From Monolithic Architecture Style to Microservice one Based on a Semi-Automatic Approach, 10.1109/ICSA47634.2020.00023
","['2018', '2019', '2020']",0.0,0.25,0.0,0.0,0.0,0.0,0.0,0.0,0.0,0.0,0.0,0.0,0.0,0.0,0.12,1.0,0.22,0.42,0.17,1.0,0.29,0.5,0.0,0.0,0.125,0.167,0.0,0.19,0.11,0.68,0.05,0.03,0.18,0.13,0.08,0.47,1.0,400.2613410949707,0.0044355,55909,0,0.0,,0,0.0,,,0.0,0.0,,0.0,0.0,https://wandb.ai/kastel-sdq-meta-research/experiment_baseline/r/call/01a060b0-d841-7791-a77b-6ac70f3330bc,retrieval_config,False,KitToolbox,kit.qwen3-embedding-8b,10,10,True,cosine,True,False,10,-1,8,False,False,1,False,-1,-1,False,,['R659055'],['Paper'],False,False,False,kg_retrieval,hublink,kittoolbox_kit.minimax-m2.7-229b_tmpNone_maxt-1_reasoningNone,KitToolbox,kit.minimax-m2.7-229b,,-1,,kittoolbox_kit.minimax-m2.7-229b_tmpNone_maxt-1_reasoningNone,KitToolbox,kit.minimax-m2.7-229b,,-1,,orkg_merged_ecsa_icsa.json_jsonpublicationloader_limit-1,['paper_class'],['research_level'],['first_research_object'],['second_research_object'],['validity'],['evidence'],False,False,R659055,https://sandbox.orkg.org,-1,orkg,merged_ecsa_icsa.json_jsonpublicationloader_limit-1,merged_ecsa_icsa.json,JsonPublicationLoader,-1,,4000,2,generation_kittoolbox_kit.minimax-m2.7-229b_tmpNone_maxt-1_reasoningNone,generation,kittoolbox_kit.minimax-m2.7-229b_tmpNone_maxt-1_reasoningNone,KitToolbox,kit.minimax-m2.7-229b,,-1,,"['(R871346:Assessing Adaptability of Software Architectures for Cyber Physical Production Systems, publication year, L1526260:2019)', '(R869525:QoS-Based Formation of Software Architectures in the Internet of Things, publication year, L1522430:2019)', '(R870014:An Architecture-Driven Adaptation Approach for Big Data Cyber Security Analytics, publication year, L1523470:2019)', '(R871186:From a Monolith to a Microservices Architecture: An Approach Based on Transactional Contexts, publication year, L1525914:2019)', '(R873021:Continuous Experimentation for Automotive Software on the Example of a Heavy Commercial Vehicle in Daily Operation, publication year, L1529684:2020)', '(R870521:From Monolithic Architecture Style to Microservice one Based on a Semi-Automatic Approach, publication year, L1524530:2020)', '(R873021:Continuous Experimentation for Automotive Software on the Example of a Heavy Commercial Vehicle in Daily Operation, contribution, R873050:First Research Object 2)', '(R873050:First Research Object 2, Object, R873056:Research Object List)', '(R873056:Research Object List, Entity, R873057:Research Object Entity)', '(R873057:Research Object Entity, Name, L1529745:Architecture Description)', '(R874038:A Generic and Highly Scalable Framework for the Automation and Execution of Scientific Data Processing and Simulation Workflows, publication year, L1531762:2018)', '(R871631:Applying Architecture-Based Adaptation to Automate the Management of Internet-of-Things, publication year, L1526817:2018)', '(R874038:A Generic and Highly Scalable Framework for the Automation and Execution of Scientific Data Processing and Simulation Workflows, contribution, R874059:First Research Object 2)', '(R874059:First Research Object 2, Object, R874065:Research Object List)', '(R874065:Research Object List, Entity, R874066:Research Object Entity)', '(R874066:Research Object Entity, Name, L1531814:Architecture Description)']",What is the distribution of papers that investigate the object architecture description between 2018 and 2020?,The distribution of papers with the research object 'Architecture Description' between 2018 and 2020 is as follows: One paper was published in 2018 and no paper with this research object was published in 2020.,"['10.1109/ICSA.2018.00024', '10.1109/ICSA.2018.00024']",,"['(R874066:Research Object Entity, Name, L1531814:Architecture Description)', '(R874038:A Generic and Highly Scalable Framework for the Automation and Execution of Scientific Data Processing and Simulation Workflows, publication year, L1531762:2018)']",clustering_strategy,R659055,Software Architecture and Design,5,What is the proportion of papers with the research object [Content Data: research object name] between [Metadata: year] and [Metadata: year]?
167,800d5973d1783ef79636e6d3632d4b8a,3d4feb74-da6c-4516-a936-7556305c7ef1,"

**Distribution of papers that use the evaluation method “Argumentation” (2019 – 2021)**  

| Publication year | Number of papers with “Argumentation” (as reported in the sources) | Source(s) that mention the paper(s) |
|------------------|---------------------------------------------------------------------|--------------------------------------|
| **2019**         | **2**                                                               | • “A Platform Architecture for Multi‑Tenant Blockchain‑Based Systems” – [2]  <br>• “Assessing Adaptability of Software Architectures for Cyber Physical Production Systems” – [3] |
| **2020**         | **1**                                                               | • “Architectural Patterns for Cross‑Domain Personalised Automotive Functions” – [1] |
| **2021**         | **0** (no information about Argumentation in any source for this year) | – (no source cites a paper with Argumentation in 2021) – [4], [5], [6] |

### Summary
- **2019:** Two distinct papers are identified that use the “Argumentation” evaluation method.
- **2020:** One paper is identified that uses the “Argumentation” evaluation method.
- **2021:** No papers with the “Argumentation” evaluation method are reported in the provided texts.

Thus, the available textual evidence indicates a total of **three** papers employing the “Argumentation” method within the 2019‑2021 interval, with the distribution shown in the table above.

[1] Source: Architectural Patterns for Cross-Domain Personalised Automotive Functions, 10.1109/ICSA47634.2020.00026
[2] Source: A Platform Architecture for Multi-Tenant Blockchain-Based Systems, 10.1109/ICSA.2019.00019
[3] Source: Assessing Adaptability of Software Architectures for Cyber Physical Production Systems, 10.1007/978-3-030-29983-5_10
[4] Source: Data-Driven Software Architecture for Analyzing Confidentiality, 10.1109/ICSA.2019.00009
[5] Source: Supporting Architectural Decision Making on Data Management in Microservice Architectures, 10.1007/978-3-030-29983-5_2
[6] Source: Architectural Decay as Predictor of Issue- and Change-Proneness, 10.1109/ICSA51549.2021.00017
","['2019', '2021']",0.4,0.15,0.217,0.271,0.5,0.5,0.4,0.4,0.4,0.4,0.53,0.4,0.46,0.42,0.35,0.6,0.44,0.53,0.46,0.6,0.52,0.57,0.4,0.533,0.353,0.462,0.02,0.31,0.19,0.73,0.15,0.1,0.38,0.24,0.15,0.59,1.0,397.6061646938324,0.003900749999999999,64969,0,0.0,,0,0.0,,,0.0,0.0,,0.0,0.0,https://wandb.ai/kastel-sdq-meta-research/experiment_baseline/r/call/01a060b2-cf42-7b07-8329-479fc17beb6b,retrieval_config,False,KitToolbox,kit.qwen3-embedding-8b,10,10,True,cosine,True,False,10,-1,8,False,False,1,False,-1,-1,False,,['R659055'],['Paper'],False,False,False,kg_retrieval,hublink,kittoolbox_kit.minimax-m2.7-229b_tmpNone_maxt-1_reasoningNone,KitToolbox,kit.minimax-m2.7-229b,,-1,,kittoolbox_kit.minimax-m2.7-229b_tmpNone_maxt-1_reasoningNone,KitToolbox,kit.minimax-m2.7-229b,,-1,,orkg_merged_ecsa_icsa.json_jsonpublicationloader_limit-1,['paper_class'],['research_level'],['first_research_object'],['second_research_object'],['validity'],['evidence'],False,False,R659055,https://sandbox.orkg.org,-1,orkg,merged_ecsa_icsa.json_jsonpublicationloader_limit-1,merged_ecsa_icsa.json,JsonPublicationLoader,-1,,4000,2,generation_kittoolbox_kit.minimax-m2.7-229b_tmpNone_maxt-1_reasoningNone,generation,kittoolbox_kit.minimax-m2.7-229b_tmpNone_maxt-1_reasoningNone,KitToolbox,kit.minimax-m2.7-229b,,-1,,"['(R872780:Architectural Decay as Predictor of Issue- and Change-Proneness, publication year, L1529184:2021)', '(R871726:A Platform Architecture for Multi-Tenant Blockchain-Based Systems, publication year, L1527024:2019)', '(R871346:Assessing Adaptability of Software Architectures for Cyber Physical Production Systems, publication year, L1526260:2019)', '(R872980:Supporting Architectural Decision Making on Data Management in Microservice Architectures, publication year, L1529596:2019)', '(R870821:Evaluation Method Entity, Name, L1525169:Argumentation)', '(R871726:A Platform Architecture for Multi-Tenant Blockchain-Based Systems, contribution, R871757:First Research Object 2)', '(R871757:First Research Object 2, evaluation, R871758:Evaluation)', '(R871758:Evaluation, Evaluation method, R871759:Evaluation Method List)', '(R871759:Evaluation Method List, Entity, R871760:Evaluation Method Entity)', '(R871760:Evaluation Method Entity, Name, L1527086:Argumentation)', '(R871375:Evaluation Method Entity, Name, L1526299:Argumentation)', '(R872801:First Research Object 2, evaluation, R872802:Evaluation)', '(R872802:Evaluation, properties, R872805:Property)', '(R872805:Property, Name, L1529237:Quality of Method)', '(R873002:First Research Object 2, evaluation, R873003:Evaluation)', '(R870792:Architectural Patterns for Cross-Domain Personalised Automotive Functions, publication year, L1525115:2020)', '(R873003:Evaluation, Has Guideline, L1529648:False)']",What is the distribution of papers with the evaluation method Argumentation between the publication years 2019 and 2021?,"The distribution of papers with the evaluation method Argumentation between 2019 and 2021 is as follows: In 2019 two papers were published and in 2020 three papers were published. However, in 2021 no paper was published with the evaluation method Argumentation.","['10.1109/ICSA.2019.00019', '10.1109/ICSA.2019.00019', '10.1109/ICSA47634.2020.00026', '10.1109/ICSA47634.2020.00026', '10.1109/ICSA47634.2020.00014', '10.1109/ICSA47634.2020.00014', '10.1007/978-3-030-58923-3_5', '10.1007/978-3-030-58923-3_5', '10.1007/978-3-030-29983-5_10', '10.1007/978-3-030-29983-5_10']",,"['(R871760:Evaluation Method Entity, Name, L1527086:Argumentation)', '(R871726:A Platform Architecture for Multi-Tenant Blockchain-Based Systems, publication year, L1527024:2019)', '(R870821:Evaluation Method Entity, Name, L1525169:Argumentation)', '(R870792:Architectural Patterns for Cross-Domain Personalised Automotive Functions, publication year, L1525115:2020)', '(R869089:Evaluation Method Entity, Name, L1521482:Argumentation)', '(R869051:Unlimited Rulebook: a Reference Architecture for Economy Mechanics in Digital Games, publication year, L1521417:2020)', '(R873061:Evaluation Method Entity, Name, L1529746:Argumentation)', '(R873021:Continuous Experimentation for Automotive Software on the Example of a Heavy Commercial Vehicle in Daily Operation, publication year, L1529684:2020)', '(R871375:Evaluation Method Entity, Name, L1526299:Argumentation)', '(R871346:Assessing Adaptability of Software Architectures for Cyber Physical Production Systems, publication year, L1526260:2019)']",clustering_strategy,R659055,Software Architecture and Design,6,What is the proportion of papers with the evaluation method [Content Data: evaluation method name] between [Metadata: year] and [Metadata: year]?
168,800d5973d1783ef79636e6d3632d4b8a,e744f569-4d61-4ee0-add2-40263ea67ffd,"

Based on the provided partial answers, the distribution of papers that used Grounded Theory for their evaluation between 2019 and 2021 is as follows:

- **2019**: Three papers used Grounded Theory:
  - ""How Developers Discuss Architecture Smells? An Exploratory Study on Stack Overflow"" [2]
  - ""Guiding Architectural Decision Making on Service Mesh Based Microservice Architectures"" [3]
  - ""Supporting Architectural Decision Making on Data Management in Microservice Architectures"" [4]

- **2020**: One paper used Grounded Theory:
  - ""Assessing Architecture Conformance to Coupling‑Related Patterns and Practices in Microservices"" [1]

- **2021**: No papers using Grounded Theory are mentioned.

Thus, the distribution is:

| Year | Number of papers using Grounded Theory |
|------|----------------------------------------|
| 2019 | 3 |
| 2020 | 1 |
| 2021 | 0 |

[1] Source: Assessing Architecture Conformance to Coupling-Related Patterns and Practices in Microservices, 10.1007/978-3-030-58923-3_1
[2] Source: How Developers Discuss Architecture Smells? An Exploratory Study on Stack Overflow, 10.1109/ICSA.2019.00018
[3] Source: Guiding Architectural Decision Making on Service Mesh Based Microservice Architectures, 10.1007/978-3-030-29983-5_1
[4] Source: Supporting Architectural Decision Making on Data Management in Microservice Architectures, 10.1007/978-3-030-29983-5_2
","['2019', '2020', '2021']",0.6,0.45,0.6,0.67,1.0,1.0,0.6,0.6,0.6,0.6,0.81,0.65,0.72,0.68,0.67,0.8,0.73,0.77,0.84,0.8,0.82,0.81,0.6,0.812,0.667,0.842,0.08,0.36,0.22,0.86,0.21,0.13,0.52,0.33,0.21,0.79,1.0,383.10615515708923,0.0031685999999999997,31042,0,0.0,,0,0.0,,,0.0,0.0,,0.0,0.0,https://wandb.ai/kastel-sdq-meta-research/experiment_baseline/r/call/01a060b4-75a0-7447-b617-b3ab4f1532d1,retrieval_config,False,KitToolbox,kit.qwen3-embedding-8b,10,10,True,cosine,True,False,10,-1,8,False,False,1,False,-1,-1,False,,['R659055'],['Paper'],False,False,False,kg_retrieval,hublink,kittoolbox_kit.minimax-m2.7-229b_tmpNone_maxt-1_reasoningNone,KitToolbox,kit.minimax-m2.7-229b,,-1,,kittoolbox_kit.minimax-m2.7-229b_tmpNone_maxt-1_reasoningNone,KitToolbox,kit.minimax-m2.7-229b,,-1,,orkg_merged_ecsa_icsa.json_jsonpublicationloader_limit-1,['paper_class'],['research_level'],['first_research_object'],['second_research_object'],['validity'],['evidence'],False,False,R659055,https://sandbox.orkg.org,-1,orkg,merged_ecsa_icsa.json_jsonpublicationloader_limit-1,merged_ecsa_icsa.json,JsonPublicationLoader,-1,,4000,2,generation_kittoolbox_kit.minimax-m2.7-229b_tmpNone_maxt-1_reasoningNone,generation,kittoolbox_kit.minimax-m2.7-229b_tmpNone_maxt-1_reasoningNone,KitToolbox,kit.minimax-m2.7-229b,,-1,,"['(R873340:Guiding Architectural Decision Making on Service Mesh Based Microservice Architectures, publication year, L1530308:2019)', '(R872980:Supporting Architectural Decision Making on Data Management in Microservice Architectures, publication year, L1529596:2019)', '(R868290:How Developers Discuss Architecture Smells? An Exploratory Study on Stack Overflow, publication year, L1519766:2019)', '(R869590:Evaluation Method Entity, Name, L1522568:Grounded Theory)', '(R873364:Evaluation Method Entity, Name, L1530356:Grounded Theory)', '(R869566:Assessing Architecture Conformance to Coupling-Related Patterns and Practices in Microservices, publication year, L1522519:2020)', '(R872980:Supporting Architectural Decision Making on Data Management in Microservice Architectures, contribution, R873002:First Research Object 2)', '(R873002:First Research Object 2, evaluation, R873003:Evaluation)', '(R873003:Evaluation, Evaluation method, R873004:Evaluation Method List)', '(R873004:Evaluation Method List, Entity, R873005:Evaluation Method Entity)', '(R873005:Evaluation Method Entity, Name, L1529647:Grounded Theory)', '(R868312:Evaluation Method Entity, Name, L1519814:Grounded Theory)']",What is the distribution of the papers that used the method Grounded Theory for their evaluation between 2019 and 2021?,"The distribution of papers that used the method Grounded Theory for their evaluation between 2019 and 2021 is: three in 2019, two in 2020, and none in 2021.","['10.1109/ICSA.2019.00018', '10.1109/ICSA.2019.00018', '10.1007/978-3-030-29983-5_1', '10.1007/978-3-030-29983-5_1', '10.1007/978-3-030-58923-3_14', '10.1007/978-3-030-58923-3_14', '10.1007/978-3-030-58923-3_1', '10.1007/978-3-030-58923-3_1', '10.1007/978-3-030-29983-5_2', '10.1007/978-3-030-29983-5_2']",,"['(R868312:Evaluation Method Entity, Name, L1519814:Grounded Theory)', '(R868290:How Developers Discuss Architecture Smells? An Exploratory Study on Stack Overflow, publication year, L1519766:2019)', '(R873364:Evaluation Method Entity, Name, L1530356:Grounded Theory)', '(R873340:Guiding Architectural Decision Making on Service Mesh Based Microservice Architectures, publication year, L1530308:2019)', '(R873005:Evaluation Method Entity, Name, L1529647:Grounded Theory)', '(R872607:Architectural Technical Debt: A Grounded Theory, publication year, L1528844:2020)', '(R869590:Evaluation Method Entity, Name, L1522568:Grounded Theory)', '(R869566:Assessing Architecture Conformance to Coupling-Related Patterns and Practices in Microservices, publication year, L1522519:2020)', '(R872627:Evaluation Method Entity, Name, L1528876:Grounded Theory)', '(R872980:Supporting Architectural Decision Making on Data Management in Microservice Architectures, publication year, L1529596:2019)']",clustering_strategy,R659055,Software Architecture and Design,6,What is the proportion of papers with the evaluation method [Content Data: evaluation method name] between [Metadata: year] and [Metadata: year]?
